dataset,query_split,question_split,question,gold_sql,difficulty
geography,train,dev,what is the biggest city in arizona,"SELECT CITYalias0.CITY_NAME FROM CITY AS CITYalias0 WHERE CITYalias0.POPULATION = ( SELECT MAX( CITYalias1.POPULATION ) FROM CITY AS CITYalias1 WHERE CITYalias1.STATE_NAME = ""arizona"" ) AND CITYalias0.STATE_NAME = ""arizona"" ;",hard
geography,train,dev,what texas city has the largest population,"SELECT CITYalias0.CITY_NAME FROM CITY AS CITYalias0 WHERE CITYalias0.POPULATION = ( SELECT MAX( CITYalias1.POPULATION ) FROM CITY AS CITYalias1 WHERE CITYalias1.STATE_NAME = ""texas"" ) AND CITYalias0.STATE_NAME = ""texas"" ;",hard
geography,train,dev,what is the largest city in missouri,"SELECT CITYalias0.CITY_NAME FROM CITY AS CITYalias0 WHERE CITYalias0.POPULATION = ( SELECT MAX( CITYalias1.POPULATION ) FROM CITY AS CITYalias1 WHERE CITYalias1.STATE_NAME = ""missouri"" ) AND CITYalias0.STATE_NAME = ""missouri"" ;",hard
geography,train,test,what is the biggest city in kansas,"SELECT CITYalias0.CITY_NAME FROM CITY AS CITYalias0 WHERE CITYalias0.POPULATION = ( SELECT MAX( CITYalias1.POPULATION ) FROM CITY AS CITYalias1 WHERE CITYalias1.STATE_NAME = ""kansas"" ) AND CITYalias0.STATE_NAME = ""kansas"" ;",hard
geography,train,test,what is the biggest city in louisiana,"SELECT CITYalias0.CITY_NAME FROM CITY AS CITYalias0 WHERE CITYalias0.POPULATION = ( SELECT MAX( CITYalias1.POPULATION ) FROM CITY AS CITYalias1 WHERE CITYalias1.STATE_NAME = ""louisiana"" ) AND CITYalias0.STATE_NAME = ""louisiana"" ;",hard
geography,train,test,what is the largest city in california,"SELECT CITYalias0.CITY_NAME FROM CITY AS CITYalias0 WHERE CITYalias0.POPULATION = ( SELECT MAX( CITYalias1.POPULATION ) FROM CITY AS CITYalias1 WHERE CITYalias1.STATE_NAME = ""california"" ) AND CITYalias0.STATE_NAME = ""california"" ;",hard
geography,train,test,what is the largest city in rhode island,"SELECT CITYalias0.CITY_NAME FROM CITY AS CITYalias0 WHERE CITYalias0.POPULATION = ( SELECT MAX( CITYalias1.POPULATION ) FROM CITY AS CITYalias1 WHERE CITYalias1.STATE_NAME = ""rhode island"" ) AND CITYalias0.STATE_NAME = ""rhode island"" ;",hard
geography,train,test,where is the most populated area of new mexico,"SELECT CITYalias0.CITY_NAME FROM CITY AS CITYalias0 WHERE CITYalias0.POPULATION = ( SELECT MAX( CITYalias1.POPULATION ) FROM CITY AS CITYalias1 WHERE CITYalias1.STATE_NAME = ""new mexico"" ) AND CITYalias0.STATE_NAME = ""new mexico"" ;",hard
geography,train,test,which city in california has the largest population,"SELECT CITYalias0.CITY_NAME FROM CITY AS CITYalias0 WHERE CITYalias0.POPULATION = ( SELECT MAX( CITYalias1.POPULATION ) FROM CITY AS CITYalias1 WHERE CITYalias1.STATE_NAME = ""california"" ) AND CITYalias0.STATE_NAME = ""california"" ;",hard
geography,train,train,what is the biggest city in nebraska,"SELECT CITYalias0.CITY_NAME FROM CITY AS CITYalias0 WHERE CITYalias0.POPULATION = ( SELECT MAX( CITYalias1.POPULATION ) FROM CITY AS CITYalias1 WHERE CITYalias1.STATE_NAME = ""nebraska"" ) AND CITYalias0.STATE_NAME = ""nebraska"" ;",hard
geography,train,train,what is the biggest city in wyoming,"SELECT CITYalias0.CITY_NAME FROM CITY AS CITYalias0 WHERE CITYalias0.POPULATION = ( SELECT MAX( CITYalias1.POPULATION ) FROM CITY AS CITYalias1 WHERE CITYalias1.STATE_NAME = ""wyoming"" ) AND CITYalias0.STATE_NAME = ""wyoming"" ;",hard
geography,train,train,what is the largest city in michigan,"SELECT CITYalias0.CITY_NAME FROM CITY AS CITYalias0 WHERE CITYalias0.POPULATION = ( SELECT MAX( CITYalias1.POPULATION ) FROM CITY AS CITYalias1 WHERE CITYalias1.STATE_NAME = ""michigan"" ) AND CITYalias0.STATE_NAME = ""michigan"" ;",hard
geography,train,train,what is the largest city in texas,"SELECT CITYalias0.CITY_NAME FROM CITY AS CITYalias0 WHERE CITYalias0.POPULATION = ( SELECT MAX( CITYalias1.POPULATION ) FROM CITY AS CITYalias1 WHERE CITYalias1.STATE_NAME = ""texas"" ) AND CITYalias0.STATE_NAME = ""texas"" ;",hard
geography,train,train,what cities in texas have the highest number of citizens,"SELECT CITYalias0.CITY_NAME FROM CITY AS CITYalias0 WHERE CITYalias0.POPULATION = ( SELECT MAX( CITYalias1.POPULATION ) FROM CITY AS CITYalias1 WHERE CITYalias1.STATE_NAME = ""texas"" ) AND CITYalias0.STATE_NAME = ""texas"" ;",hard
geography,train,train,what cities in texas have the highest populations,"SELECT CITYalias0.CITY_NAME FROM CITY AS CITYalias0 WHERE CITYalias0.POPULATION = ( SELECT MAX( CITYalias1.POPULATION ) FROM CITY AS CITYalias1 WHERE CITYalias1.STATE_NAME = ""texas"" ) AND CITYalias0.STATE_NAME = ""texas"" ;",hard
geography,train,train,what is the most populous city in texas,"SELECT CITYalias0.CITY_NAME FROM CITY AS CITYalias0 WHERE CITYalias0.POPULATION = ( SELECT MAX( CITYalias1.POPULATION ) FROM CITY AS CITYalias1 WHERE CITYalias1.STATE_NAME = ""texas"" ) AND CITYalias0.STATE_NAME = ""texas"" ;",hard
geography,train,train,what is the largest city in minnesota by population,"SELECT CITYalias0.CITY_NAME FROM CITY AS CITYalias0 WHERE CITYalias0.POPULATION = ( SELECT MAX( CITYalias1.POPULATION ) FROM CITY AS CITYalias1 WHERE CITYalias1.STATE_NAME = ""minnesota"" ) AND CITYalias0.STATE_NAME = ""minnesota"" ;",hard
geography,train,train,what is the biggest city in texas,"SELECT CITYalias0.CITY_NAME FROM CITY AS CITYalias0 WHERE CITYalias0.POPULATION = ( SELECT MAX( CITYalias1.POPULATION ) FROM CITY AS CITYalias1 WHERE CITYalias1.STATE_NAME = ""texas"" ) AND CITYalias0.STATE_NAME = ""texas"" ;",hard
geography,train,train,what is the largest city in alabama,"SELECT CITYalias0.CITY_NAME FROM CITY AS CITYalias0 WHERE CITYalias0.POPULATION = ( SELECT MAX( CITYalias1.POPULATION ) FROM CITY AS CITYalias1 WHERE CITYalias1.STATE_NAME = ""alabama"" ) AND CITYalias0.STATE_NAME = ""alabama"" ;",hard
geography,train,train,what is the biggest city in oregon,"SELECT CITYalias0.CITY_NAME FROM CITY AS CITYalias0 WHERE CITYalias0.POPULATION = ( SELECT MAX( CITYalias1.POPULATION ) FROM CITY AS CITYalias1 WHERE CITYalias1.STATE_NAME = ""oregon"" ) AND CITYalias0.STATE_NAME = ""oregon"" ;",hard
geography,train,train,what is the biggest city in georgia,"SELECT CITYalias0.CITY_NAME FROM CITY AS CITYalias0 WHERE CITYalias0.POPULATION = ( SELECT MAX( CITYalias1.POPULATION ) FROM CITY AS CITYalias1 WHERE CITYalias1.STATE_NAME = ""georgia"" ) AND CITYalias0.STATE_NAME = ""georgia"" ;",hard
geography,train,train,what is the largest city in wisconsin,"SELECT CITYalias0.CITY_NAME FROM CITY AS CITYalias0 WHERE CITYalias0.POPULATION = ( SELECT MAX( CITYalias1.POPULATION ) FROM CITY AS CITYalias1 WHERE CITYalias1.STATE_NAME = ""wisconsin"" ) AND CITYalias0.STATE_NAME = ""wisconsin"" ;",hard
geography,train,train,what is the largest city of kansas,"SELECT CITYalias0.CITY_NAME FROM CITY AS CITYalias0 WHERE CITYalias0.POPULATION = ( SELECT MAX( CITYalias1.POPULATION ) FROM CITY AS CITYalias1 WHERE CITYalias1.STATE_NAME = ""kansas"" ) AND CITYalias0.STATE_NAME = ""kansas"" ;",hard
geography,train,train,what is the city in texas with the largest population,"SELECT CITYalias0.CITY_NAME FROM CITY AS CITYalias0 WHERE CITYalias0.POPULATION = ( SELECT MAX( CITYalias1.POPULATION ) FROM CITY AS CITYalias1 WHERE CITYalias1.STATE_NAME = ""texas"" ) AND CITYalias0.STATE_NAME = ""texas"" ;",hard
geography,train,train,what is the most populous city in wyoming,"SELECT CITYalias0.CITY_NAME FROM CITY AS CITYalias0 WHERE CITYalias0.POPULATION = ( SELECT MAX( CITYalias1.POPULATION ) FROM CITY AS CITYalias1 WHERE CITYalias1.STATE_NAME = ""wyoming"" ) AND CITYalias0.STATE_NAME = ""wyoming"" ;",hard
geography,test,dev,which rivers run through the state with the largest city in the us,SELECT RIVERalias0.RIVER_NAME FROM RIVER AS RIVERalias0 WHERE RIVERalias0.TRAVERSE IN ( SELECT CITYalias0.STATE_NAME FROM CITY AS CITYalias0 WHERE CITYalias0.POPULATION = ( SELECT MAX( CITYalias1.POPULATION ) FROM CITY AS CITYalias1 ) ) ;,hard
geography,dev,dev,how big is texas,"SELECT STATEalias0.AREA FROM STATE AS STATEalias0 WHERE STATEalias0.STATE_NAME = ""texas"" ;",easy
geography,dev,dev,what is the area of california,"SELECT STATEalias0.AREA FROM STATE AS STATEalias0 WHERE STATEalias0.STATE_NAME = ""california"" ;",easy
geography,dev,dev,how big is new mexico,"SELECT STATEalias0.AREA FROM STATE AS STATEalias0 WHERE STATEalias0.STATE_NAME = ""new mexico"" ;",easy
geography,dev,test,how large is alaska,"SELECT STATEalias0.AREA FROM STATE AS STATEalias0 WHERE STATEalias0.STATE_NAME = ""alaska"" ;",easy
geography,dev,test,how large is texas,"SELECT STATEalias0.AREA FROM STATE AS STATEalias0 WHERE STATEalias0.STATE_NAME = ""texas"" ;",easy
geography,dev,test,what is the area of florida,"SELECT STATEalias0.AREA FROM STATE AS STATEalias0 WHERE STATEalias0.STATE_NAME = ""florida"" ;",easy
geography,dev,test,what is the area of ohio,"SELECT STATEalias0.AREA FROM STATE AS STATEalias0 WHERE STATEalias0.STATE_NAME = ""ohio"" ;",easy
geography,dev,test,what is the area of the texas state,"SELECT STATEalias0.AREA FROM STATE AS STATEalias0 WHERE STATEalias0.STATE_NAME = ""texas"" ;",easy
geography,dev,test,what is the area of wisconsin,"SELECT STATEalias0.AREA FROM STATE AS STATEalias0 WHERE STATEalias0.STATE_NAME = ""wisconsin"" ;",easy
geography,dev,train,what is the size of texas,"SELECT STATEalias0.AREA FROM STATE AS STATEalias0 WHERE STATEalias0.STATE_NAME = ""texas"" ;",easy
geography,dev,train,what is the area of maryland in square kilometers,"SELECT STATEalias0.AREA FROM STATE AS STATEalias0 WHERE STATEalias0.STATE_NAME = ""maryland"" ;",easy
geography,dev,train,what is the area of maine,"SELECT STATEalias0.AREA FROM STATE AS STATEalias0 WHERE STATEalias0.STATE_NAME = ""maine"" ;",easy
geography,dev,train,what is the size of florida,"SELECT STATEalias0.AREA FROM STATE AS STATEalias0 WHERE STATEalias0.STATE_NAME = ""florida"" ;",easy
geography,dev,train,what is the area of south carolina,"SELECT STATEalias0.AREA FROM STATE AS STATEalias0 WHERE STATEalias0.STATE_NAME = ""south carolina"" ;",easy
geography,dev,train,what is the size of california,"SELECT STATEalias0.AREA FROM STATE AS STATEalias0 WHERE STATEalias0.STATE_NAME = ""california"" ;",easy
geography,dev,train,how big is alaska,"SELECT STATEalias0.AREA FROM STATE AS STATEalias0 WHERE STATEalias0.STATE_NAME = ""alaska"" ;",easy
geography,dev,train,what is the area of idaho,"SELECT STATEalias0.AREA FROM STATE AS STATEalias0 WHERE STATEalias0.STATE_NAME = ""idaho"" ;",easy
geography,dev,train,what is the area of alaska,"SELECT STATEalias0.AREA FROM STATE AS STATEalias0 WHERE STATEalias0.STATE_NAME = ""alaska"" ;",easy
geography,dev,train,what is the area of texas,"SELECT STATEalias0.AREA FROM STATE AS STATEalias0 WHERE STATEalias0.STATE_NAME = ""texas"" ;",easy
geography,dev,train,what is the area of washington,"SELECT STATEalias0.AREA FROM STATE AS STATEalias0 WHERE STATEalias0.STATE_NAME = ""washington"" ;",easy
geography,dev,train,how big is north dakota,"SELECT STATEalias0.AREA FROM STATE AS STATEalias0 WHERE STATEalias0.STATE_NAME = ""north dakota"" ;",easy
geography,dev,train,how big is massachusetts,"SELECT STATEalias0.AREA FROM STATE AS STATEalias0 WHERE STATEalias0.STATE_NAME = ""massachusetts"" ;",easy
geography,dev,train,what is the area of new mexico,"SELECT STATEalias0.AREA FROM STATE AS STATEalias0 WHERE STATEalias0.STATE_NAME = ""new mexico"" ;",easy
geography,test,dev,how many people live in washington,"SELECT STATEalias0.POPULATION FROM STATE AS STATEalias0 WHERE STATEalias0.STATE_NAME = ""washington"" ;",easy
geography,test,test,how many people live in mississippi,"SELECT STATEalias0.POPULATION FROM STATE AS STATEalias0 WHERE STATEalias0.STATE_NAME = ""mississippi"" ;",easy
geography,test,test,how many people live in rhode island,"SELECT STATEalias0.POPULATION FROM STATE AS STATEalias0 WHERE STATEalias0.STATE_NAME = ""rhode island"" ;",easy
geography,test,test,how many people reside in utah,"SELECT STATEalias0.POPULATION FROM STATE AS STATEalias0 WHERE STATEalias0.STATE_NAME = ""utah"" ;",easy
geography,test,test,how many residents live in texas,"SELECT STATEalias0.POPULATION FROM STATE AS STATEalias0 WHERE STATEalias0.STATE_NAME = ""texas"" ;",easy
geography,test,test,how much population does texas have,"SELECT STATEalias0.POPULATION FROM STATE AS STATEalias0 WHERE STATEalias0.STATE_NAME = ""texas"" ;",easy
geography,test,test,what are the population of mississippi,"SELECT STATEalias0.POPULATION FROM STATE AS STATEalias0 WHERE STATEalias0.STATE_NAME = ""mississippi"" ;",easy
geography,test,test,what is the population of alaska,"SELECT STATEalias0.POPULATION FROM STATE AS STATEalias0 WHERE STATEalias0.STATE_NAME = ""alaska"" ;",easy
geography,test,test,what is the population of hawaii,"SELECT STATEalias0.POPULATION FROM STATE AS STATEalias0 WHERE STATEalias0.STATE_NAME = ""hawaii"" ;",easy
geography,test,test,what is the population of maryland,"SELECT STATEalias0.POPULATION FROM STATE AS STATEalias0 WHERE STATEalias0.STATE_NAME = ""maryland"" ;",easy
geography,test,test,what is the population of new mexico,"SELECT STATEalias0.POPULATION FROM STATE AS STATEalias0 WHERE STATEalias0.STATE_NAME = ""new mexico"" ;",easy
geography,test,test,what is the population of utah,"SELECT STATEalias0.POPULATION FROM STATE AS STATEalias0 WHERE STATEalias0.STATE_NAME = ""utah"" ;",easy
geography,test,test,what is the population of washington,"SELECT STATEalias0.POPULATION FROM STATE AS STATEalias0 WHERE STATEalias0.STATE_NAME = ""washington"" ;",easy
geography,test,train,how many people live in new mexico,"SELECT STATEalias0.POPULATION FROM STATE AS STATEalias0 WHERE STATEalias0.STATE_NAME = ""new mexico"" ;",easy
geography,test,train,what is the population of new york,"SELECT STATEalias0.POPULATION FROM STATE AS STATEalias0 WHERE STATEalias0.STATE_NAME = ""new york"" ;",easy
geography,test,train,what is the population of california,"SELECT STATEalias0.POPULATION FROM STATE AS STATEalias0 WHERE STATEalias0.STATE_NAME = ""california"" ;",easy
geography,test,train,what is the population of maine,"SELECT STATEalias0.POPULATION FROM STATE AS STATEalias0 WHERE STATEalias0.STATE_NAME = ""maine"" ;",easy
geography,test,train,how many people are in the state of nevada,"SELECT STATEalias0.POPULATION FROM STATE AS STATEalias0 WHERE STATEalias0.STATE_NAME = ""nevada"" ;",easy
geography,test,train,what can you tell me about the population of missouri,"SELECT STATEalias0.POPULATION FROM STATE AS STATEalias0 WHERE STATEalias0.STATE_NAME = ""missouri"" ;",easy
geography,test,train,what is the population of rhode island,"SELECT STATEalias0.POPULATION FROM STATE AS STATEalias0 WHERE STATEalias0.STATE_NAME = ""rhode island"" ;",easy
geography,test,train,how many people are there in new york,"SELECT STATEalias0.POPULATION FROM STATE AS STATEalias0 WHERE STATEalias0.STATE_NAME = ""new york"" ;",easy
geography,test,train,what is the population of oregon,"SELECT STATEalias0.POPULATION FROM STATE AS STATEalias0 WHERE STATEalias0.STATE_NAME = ""oregon"" ;",easy
geography,test,train,what is the population of illinois,"SELECT STATEalias0.POPULATION FROM STATE AS STATEalias0 WHERE STATEalias0.STATE_NAME = ""illinois"" ;",easy
geography,test,train,how many people live in south dakota,"SELECT STATEalias0.POPULATION FROM STATE AS STATEalias0 WHERE STATEalias0.STATE_NAME = ""south dakota"" ;",easy
geography,test,train,how many people live in hawaii,"SELECT STATEalias0.POPULATION FROM STATE AS STATEalias0 WHERE STATEalias0.STATE_NAME = ""hawaii"" ;",easy
geography,test,train,what is the population of idaho,"SELECT STATEalias0.POPULATION FROM STATE AS STATEalias0 WHERE STATEalias0.STATE_NAME = ""idaho"" ;",easy
geography,test,train,how many people live in montana,"SELECT STATEalias0.POPULATION FROM STATE AS STATEalias0 WHERE STATEalias0.STATE_NAME = ""montana"" ;",easy
geography,test,train,how many people are there in iowa,"SELECT STATEalias0.POPULATION FROM STATE AS STATEalias0 WHERE STATEalias0.STATE_NAME = ""iowa"" ;",easy
geography,test,train,how many people live in kansas,"SELECT STATEalias0.POPULATION FROM STATE AS STATEalias0 WHERE STATEalias0.STATE_NAME = ""kansas"" ;",easy
geography,test,train,how many people live in california,"SELECT STATEalias0.POPULATION FROM STATE AS STATEalias0 WHERE STATEalias0.STATE_NAME = ""california"" ;",easy
geography,test,train,what is the population of montana,"SELECT STATEalias0.POPULATION FROM STATE AS STATEalias0 WHERE STATEalias0.STATE_NAME = ""montana"" ;",easy
geography,test,train,how many people live in new hampshire,"SELECT STATEalias0.POPULATION FROM STATE AS STATEalias0 WHERE STATEalias0.STATE_NAME = ""new hampshire"" ;",easy
geography,test,train,how many people live in new york,"SELECT STATEalias0.POPULATION FROM STATE AS STATEalias0 WHERE STATEalias0.STATE_NAME = ""new york"" ;",easy
geography,test,train,how many citizens in alabama,"SELECT STATEalias0.POPULATION FROM STATE AS STATEalias0 WHERE STATEalias0.STATE_NAME = ""alabama"" ;",easy
geography,test,train,what is the population of arizona,"SELECT STATEalias0.POPULATION FROM STATE AS STATEalias0 WHERE STATEalias0.STATE_NAME = ""arizona"" ;",easy
geography,test,train,what is the population of south dakota,"SELECT STATEalias0.POPULATION FROM STATE AS STATEalias0 WHERE STATEalias0.STATE_NAME = ""south dakota"" ;",easy
geography,test,train,what is the population of minnesota,"SELECT STATEalias0.POPULATION FROM STATE AS STATEalias0 WHERE STATEalias0.STATE_NAME = ""minnesota"" ;",easy
geography,test,train,what is the population of texas,"SELECT STATEalias0.POPULATION FROM STATE AS STATEalias0 WHERE STATEalias0.STATE_NAME = ""texas"" ;",easy
geography,test,train,how many people stay in utah,"SELECT STATEalias0.POPULATION FROM STATE AS STATEalias0 WHERE STATEalias0.STATE_NAME = ""utah"" ;",easy
geography,test,train,how many people live in texas,"SELECT STATEalias0.POPULATION FROM STATE AS STATEalias0 WHERE STATEalias0.STATE_NAME = ""texas"" ;",easy
geography,test,train,how many citizens live in california,"SELECT STATEalias0.POPULATION FROM STATE AS STATEalias0 WHERE STATEalias0.STATE_NAME = ""california"" ;",easy
geography,train,dev,what state has the smallest population,SELECT STATEalias0.STATE_NAME FROM STATE AS STATEalias0 WHERE STATEalias0.POPULATION = ( SELECT MIN( STATEalias1.POPULATION ) FROM STATE AS STATEalias1 ) ;,hard
geography,train,test,what is the least populous state,SELECT STATEalias0.STATE_NAME FROM STATE AS STATEalias0 WHERE STATEalias0.POPULATION = ( SELECT MIN( STATEalias1.POPULATION ) FROM STATE AS STATEalias1 ) ;,hard
geography,train,train,what is the state with the lowest population,SELECT STATEalias0.STATE_NAME FROM STATE AS STATEalias0 WHERE STATEalias0.POPULATION = ( SELECT MIN( STATEalias1.POPULATION ) FROM STATE AS STATEalias1 ) ;,hard
geography,train,train,give me the cities in virginia,"SELECT CITYalias0.CITY_NAME FROM CITY AS CITYalias0 WHERE CITYalias0.STATE_NAME = ""virginia"" ;",easy
geography,train,test,tell me what cities are in texas,"SELECT CITYalias0.CITY_NAME FROM CITY AS CITYalias0 WHERE CITYalias0.STATE_NAME = ""texas"" ;",easy
geography,train,train,what cities are located in pennsylvania,"SELECT CITYalias0.CITY_NAME FROM CITY AS CITYalias0 WHERE CITYalias0.STATE_NAME = ""pennsylvania"" ;",easy
geography,train,train,what are the cities in california,"SELECT CITYalias0.CITY_NAME FROM CITY AS CITYalias0 WHERE CITYalias0.STATE_NAME = ""california"" ;",easy
geography,train,train,give me the cities in texas,"SELECT CITYalias0.CITY_NAME FROM CITY AS CITYalias0 WHERE CITYalias0.STATE_NAME = ""texas"" ;",easy
geography,train,train,what cities in california,"SELECT CITYalias0.CITY_NAME FROM CITY AS CITYalias0 WHERE CITYalias0.STATE_NAME = ""california"" ;",easy
geography,train,train,give me the cities which are in texas,"SELECT CITYalias0.CITY_NAME FROM CITY AS CITYalias0 WHERE CITYalias0.STATE_NAME = ""texas"" ;",easy
geography,train,dev,what is the area of the state with the capital albany,"SELECT STATEalias0.AREA FROM STATE AS STATEalias0 WHERE STATEalias0.CAPITAL = ""albany"" ;",easy
geography,test,dev,give me the lakes in california,"SELECT LAKEalias0.LAKE_NAME FROM LAKE AS LAKEalias0 WHERE LAKEalias0.STATE_NAME = ""california"" ;",easy
geography,test,train,name the major lakes in michigan,"SELECT LAKEalias0.LAKE_NAME FROM LAKE AS LAKEalias0 WHERE LAKEalias0.AREA > 750 AND LAKEalias0.STATE_NAME = ""michigan"" ;",easy
geography,train,dev,what are the states,SELECT STATEalias0.STATE_NAME FROM STATE AS STATEalias0 ;,easy
geography,train,train,list the states,SELECT STATEalias0.STATE_NAME FROM STATE AS STATEalias0 ;,easy
geography,train,train,give me all the states of usa,SELECT STATEalias0.STATE_NAME FROM STATE AS STATEalias0 ;,easy
geography,train,dev,which states do colorado river flow through,"SELECT RIVERalias0.TRAVERSE FROM RIVER AS RIVERalias0 WHERE RIVERalias0.RIVER_NAME = ""colorado"" ;",easy
geography,train,dev,what states does the colorado river run through,"SELECT RIVERalias0.TRAVERSE FROM RIVER AS RIVERalias0 WHERE RIVERalias0.RIVER_NAME = ""colorado"" ;",easy
geography,train,dev,what states border the mississippi river,"SELECT RIVERalias0.TRAVERSE FROM RIVER AS RIVERalias0 WHERE RIVERalias0.RIVER_NAME = ""mississippi"" ;",easy
geography,train,test,which states border the missouri river,"SELECT RIVERalias0.TRAVERSE FROM RIVER AS RIVERalias0 WHERE RIVERalias0.RIVER_NAME = ""missouri"" ;",easy
geography,train,test,what states does the delaware river run through,"SELECT RIVERalias0.TRAVERSE FROM RIVER AS RIVERalias0 WHERE RIVERalias0.RIVER_NAME = ""delaware"" ;",easy
geography,train,test,what states does the mississippi river run through,"SELECT RIVERalias0.TRAVERSE FROM RIVER AS RIVERalias0 WHERE RIVERalias0.RIVER_NAME = ""mississippi"" ;",easy
geography,train,test,what states does the missouri run through,"SELECT RIVERalias0.TRAVERSE FROM RIVER AS RIVERalias0 WHERE RIVERalias0.RIVER_NAME = ""missouri"" ;",easy
geography,train,test,what states does the ohio river run through,"SELECT RIVERalias0.TRAVERSE FROM RIVER AS RIVERalias0 WHERE RIVERalias0.RIVER_NAME = ""ohio"" ;",easy
geography,train,test,where is the chattahoochee river,"SELECT RIVERalias0.TRAVERSE FROM RIVER AS RIVERalias0 WHERE RIVERalias0.RIVER_NAME = ""chattahoochee"" ;",easy
geography,train,test,which states does the chattahoochee river run through,"SELECT RIVERalias0.TRAVERSE FROM RIVER AS RIVERalias0 WHERE RIVERalias0.RIVER_NAME = ""chattahoochee"" ;",easy
geography,train,test,which states does the mississippi run through,"SELECT RIVERalias0.TRAVERSE FROM RIVER AS RIVERalias0 WHERE RIVERalias0.RIVER_NAME = ""mississippi"" ;",easy
geography,train,train,what states does the missouri river run through,"SELECT RIVERalias0.TRAVERSE FROM RIVER AS RIVERalias0 WHERE RIVERalias0.RIVER_NAME = ""missouri"" ;",easy
geography,train,train,which states does the missouri river pass through,"SELECT RIVERalias0.TRAVERSE FROM RIVER AS RIVERalias0 WHERE RIVERalias0.RIVER_NAME = ""missouri"" ;",easy
geography,train,train,what states does the mississippi run through,"SELECT RIVERalias0.TRAVERSE FROM RIVER AS RIVERalias0 WHERE RIVERalias0.RIVER_NAME = ""mississippi"" ;",easy
geography,train,train,which states does the colorado river run through,"SELECT RIVERalias0.TRAVERSE FROM RIVER AS RIVERalias0 WHERE RIVERalias0.RIVER_NAME = ""colorado"" ;",easy
geography,train,train,what are the states that the potomac run through,"SELECT RIVERalias0.TRAVERSE FROM RIVER AS RIVERalias0 WHERE RIVERalias0.RIVER_NAME = ""potomac"" ;",easy
geography,train,train,which states does the missouri river run through,"SELECT RIVERalias0.TRAVERSE FROM RIVER AS RIVERalias0 WHERE RIVERalias0.RIVER_NAME = ""missouri"" ;",easy
geography,train,train,which state has the red river,"SELECT RIVERalias0.TRAVERSE FROM RIVER AS RIVERalias0 WHERE RIVERalias0.RIVER_NAME = ""red"" ;",easy
geography,train,train,what states have rivers named colorado,"SELECT RIVERalias0.TRAVERSE FROM RIVER AS RIVERalias0 WHERE RIVERalias0.RIVER_NAME = ""colorado"" ;",easy
geography,train,train,through which states does the mississippi flow,"SELECT RIVERalias0.TRAVERSE FROM RIVER AS RIVERalias0 WHERE RIVERalias0.RIVER_NAME = ""mississippi"" ;",easy
geography,train,train,which states does the mississippi river run through,"SELECT RIVERalias0.TRAVERSE FROM RIVER AS RIVERalias0 WHERE RIVERalias0.RIVER_NAME = ""mississippi"" ;",easy
geography,train,train,what states are next to the mississippi,"SELECT RIVERalias0.TRAVERSE FROM RIVER AS RIVERalias0 WHERE RIVERalias0.RIVER_NAME = ""mississippi"" ;",easy
geography,train,train,through which states does the mississippi run,"SELECT RIVERalias0.TRAVERSE FROM RIVER AS RIVERalias0 WHERE RIVERalias0.RIVER_NAME = ""mississippi"" ;",easy
geography,train,train,what states does the ohio river go through,"SELECT RIVERalias0.TRAVERSE FROM RIVER AS RIVERalias0 WHERE RIVERalias0.RIVER_NAME = ""ohio"" ;",easy
geography,test,dev,what state has the largest population,SELECT STATEalias0.STATE_NAME FROM STATE AS STATEalias0 WHERE STATEalias0.POPULATION = ( SELECT MAX( STATEalias1.POPULATION ) FROM STATE AS STATEalias1 ) ;,hard
geography,test,test,what is the most populous state,SELECT STATEalias0.STATE_NAME FROM STATE AS STATEalias0 WHERE STATEalias0.POPULATION = ( SELECT MAX( STATEalias1.POPULATION ) FROM STATE AS STATEalias1 ) ;,hard
geography,test,test,what state is the largest in population,SELECT STATEalias0.STATE_NAME FROM STATE AS STATEalias0 WHERE STATEalias0.POPULATION = ( SELECT MAX( STATEalias1.POPULATION ) FROM STATE AS STATEalias1 ) ;,hard
geography,test,test,which state has the biggest population,SELECT STATEalias0.STATE_NAME FROM STATE AS STATEalias0 WHERE STATEalias0.POPULATION = ( SELECT MAX( STATEalias1.POPULATION ) FROM STATE AS STATEalias1 ) ;,hard
geography,test,test,which state has the greatest population,SELECT STATEalias0.STATE_NAME FROM STATE AS STATEalias0 WHERE STATEalias0.POPULATION = ( SELECT MAX( STATEalias1.POPULATION ) FROM STATE AS STATEalias1 ) ;,hard
geography,test,test,which state has the most population,SELECT STATEalias0.STATE_NAME FROM STATE AS STATEalias0 WHERE STATEalias0.POPULATION = ( SELECT MAX( STATEalias1.POPULATION ) FROM STATE AS STATEalias1 ) ;,hard
geography,test,train,what state has the most people,SELECT STATEalias0.STATE_NAME FROM STATE AS STATEalias0 WHERE STATEalias0.POPULATION = ( SELECT MAX( STATEalias1.POPULATION ) FROM STATE AS STATEalias1 ) ;,hard
geography,test,train,which state has the most people,SELECT STATEalias0.STATE_NAME FROM STATE AS STATEalias0 WHERE STATEalias0.POPULATION = ( SELECT MAX( STATEalias1.POPULATION ) FROM STATE AS STATEalias1 ) ;,hard
geography,test,train,what is the most populous state in the us,SELECT STATEalias0.STATE_NAME FROM STATE AS STATEalias0 WHERE STATEalias0.POPULATION = ( SELECT MAX( STATEalias1.POPULATION ) FROM STATE AS STATEalias1 ) ;,hard
geography,test,train,what state has the highest population,SELECT STATEalias0.STATE_NAME FROM STATE AS STATEalias0 WHERE STATEalias0.POPULATION = ( SELECT MAX( STATEalias1.POPULATION ) FROM STATE AS STATEalias1 ) ;,hard
geography,train,dev,what is the lowest elevation in pennsylvania,"SELECT HIGHLOWalias0.LOWEST_ELEVATION FROM HIGHLOW AS HIGHLOWalias0 WHERE HIGHLOWalias0.STATE_NAME = ""pennsylvania"" ;",easy
geography,train,dev,what is the highest point in each state whose lowest point is sea level,"SELECT HIGHLOWalias0.HIGHEST_POINT , HIGHLOWalias0.STATE_NAME FROM HIGHLOW AS HIGHLOWalias0 WHERE HIGHLOWalias0.LOWEST_ELEVATION = 0 ;",easy
geography,train,dev,what is the length of the longest river in the usa,SELECT DISTINCT RIVERalias0.LENGTH FROM RIVER AS RIVERalias0 WHERE RIVERalias0.LENGTH = ( SELECT MAX( RIVERalias1.LENGTH ) FROM RIVER AS RIVERalias1 ) ;,hard
geography,train,test,how long is the longest river in the usa,SELECT DISTINCT RIVERalias0.LENGTH FROM RIVER AS RIVERalias0 WHERE RIVERalias0.LENGTH = ( SELECT MAX( RIVERalias1.LENGTH ) FROM RIVER AS RIVERalias1 ) ;,hard
geography,test,dev,what is the longest river flowing through new york,"SELECT RIVERalias0.RIVER_NAME FROM RIVER AS RIVERalias0 WHERE RIVERalias0.LENGTH = ( SELECT MAX( RIVERalias1.LENGTH ) FROM RIVER AS RIVERalias1 WHERE RIVERalias1.TRAVERSE = ""new york"" ) AND RIVERalias0.TRAVERSE = ""new york"" ;",hard
geography,test,test,what is the largest river in washington state,"SELECT RIVERalias0.RIVER_NAME FROM RIVER AS RIVERalias0 WHERE RIVERalias0.LENGTH = ( SELECT MAX( RIVERalias1.LENGTH ) FROM RIVER AS RIVERalias1 WHERE RIVERalias1.TRAVERSE = ""washington"" ) AND RIVERalias0.TRAVERSE = ""washington"" ;",hard
geography,test,test,what is the longest river in florida,"SELECT RIVERalias0.RIVER_NAME FROM RIVER AS RIVERalias0 WHERE RIVERalias0.LENGTH = ( SELECT MAX( RIVERalias1.LENGTH ) FROM RIVER AS RIVERalias1 WHERE RIVERalias1.TRAVERSE = ""florida"" ) AND RIVERalias0.TRAVERSE = ""florida"" ;",hard
geography,test,train,what is the biggest river in illinois,"SELECT RIVERalias0.RIVER_NAME FROM RIVER AS RIVERalias0 WHERE RIVERalias0.LENGTH = ( SELECT MAX( RIVERalias1.LENGTH ) FROM RIVER AS RIVERalias1 WHERE RIVERalias1.TRAVERSE = ""illinois"" ) AND RIVERalias0.TRAVERSE = ""illinois"" ;",hard
geography,test,train,what is the longest river in new york,"SELECT RIVERalias0.RIVER_NAME FROM RIVER AS RIVERalias0 WHERE RIVERalias0.LENGTH = ( SELECT MAX( RIVERalias1.LENGTH ) FROM RIVER AS RIVERalias1 WHERE RIVERalias1.TRAVERSE = ""new york"" ) AND RIVERalias0.TRAVERSE = ""new york"" ;",hard
geography,test,train,what is the longest river in mississippi,"SELECT RIVERalias0.RIVER_NAME FROM RIVER AS RIVERalias0 WHERE RIVERalias0.LENGTH = ( SELECT MAX( RIVERalias1.LENGTH ) FROM RIVER AS RIVERalias1 WHERE RIVERalias1.TRAVERSE = ""mississippi"" ) AND RIVERalias0.TRAVERSE = ""mississippi"" ;",hard
geography,test,train,what is the longest river that flows through colorado,"SELECT RIVERalias0.RIVER_NAME FROM RIVER AS RIVERalias0 WHERE RIVERalias0.LENGTH = ( SELECT MAX( RIVERalias1.LENGTH ) FROM RIVER AS RIVERalias1 WHERE RIVERalias1.TRAVERSE = ""colorado"" ) AND RIVERalias0.TRAVERSE = ""colorado"" ;",hard
geography,test,train,what are the biggest rivers in texas,"SELECT RIVERalias0.RIVER_NAME FROM RIVER AS RIVERalias0 WHERE RIVERalias0.LENGTH = ( SELECT MAX( RIVERalias1.LENGTH ) FROM RIVER AS RIVERalias1 WHERE RIVERalias1.TRAVERSE = ""texas"" ) AND RIVERalias0.TRAVERSE = ""texas"" ;",hard
geography,test,train,what is the longest river in california,"SELECT RIVERalias0.RIVER_NAME FROM RIVER AS RIVERalias0 WHERE RIVERalias0.LENGTH = ( SELECT MAX( RIVERalias1.LENGTH ) FROM RIVER AS RIVERalias1 WHERE RIVERalias1.TRAVERSE = ""california"" ) AND RIVERalias0.TRAVERSE = ""california"" ;",hard
geography,test,train,what is the longest river in pennsylvania,"SELECT RIVERalias0.RIVER_NAME FROM RIVER AS RIVERalias0 WHERE RIVERalias0.LENGTH = ( SELECT MAX( RIVERalias1.LENGTH ) FROM RIVER AS RIVERalias1 WHERE RIVERalias1.TRAVERSE = ""pennsylvania"" ) AND RIVERalias0.TRAVERSE = ""pennsylvania"" ;",hard
geography,test,train,what is the longest river in texas,"SELECT RIVERalias0.RIVER_NAME FROM RIVER AS RIVERalias0 WHERE RIVERalias0.LENGTH = ( SELECT MAX( RIVERalias1.LENGTH ) FROM RIVER AS RIVERalias1 WHERE RIVERalias1.TRAVERSE = ""texas"" ) AND RIVERalias0.TRAVERSE = ""texas"" ;",hard
geography,train,dev,how many rivers are in new york,"SELECT COUNT( RIVERalias0.RIVER_NAME ) FROM RIVER AS RIVERalias0 WHERE RIVERalias0.TRAVERSE = ""new york"" ;",easy
geography,train,test,give me the number of rivers in california,"SELECT COUNT( RIVERalias0.RIVER_NAME ) FROM RIVER AS RIVERalias0 WHERE RIVERalias0.TRAVERSE = ""california"" ;",easy
geography,train,test,how many rivers are in iowa,"SELECT COUNT( RIVERalias0.RIVER_NAME ) FROM RIVER AS RIVERalias0 WHERE RIVERalias0.TRAVERSE = ""iowa"" ;",easy
geography,train,test,how many rivers does colorado have,"SELECT COUNT( RIVERalias0.RIVER_NAME ) FROM RIVER AS RIVERalias0 WHERE RIVERalias0.TRAVERSE = ""colorado"" ;",easy
geography,train,train,how many rivers are in colorado,"SELECT COUNT( RIVERalias0.RIVER_NAME ) FROM RIVER AS RIVERalias0 WHERE RIVERalias0.TRAVERSE = ""colorado"" ;",easy
geography,train,train,how many rivers are there in texas,"SELECT COUNT( RIVERalias0.RIVER_NAME ) FROM RIVER AS RIVERalias0 WHERE RIVERalias0.TRAVERSE = ""texas"" ;",easy
geography,train,train,how many rivers run through texas,"SELECT COUNT( RIVERalias0.RIVER_NAME ) FROM RIVER AS RIVERalias0 WHERE RIVERalias0.TRAVERSE = ""texas"" ;",easy
geography,train,train,how many rivers are found in colorado,"SELECT COUNT( RIVERalias0.RIVER_NAME ) FROM RIVER AS RIVERalias0 WHERE RIVERalias0.TRAVERSE = ""colorado"" ;",easy
geography,train,train,how many rivers in washington,"SELECT COUNT( RIVERalias0.RIVER_NAME ) FROM RIVER AS RIVERalias0 WHERE RIVERalias0.TRAVERSE = ""washington"" ;",easy
geography,train,train,how many rivers does alaska have,"SELECT COUNT( RIVERalias0.RIVER_NAME ) FROM RIVER AS RIVERalias0 WHERE RIVERalias0.TRAVERSE = ""alaska"" ;",easy
geography,train,train,how many rivers are in missouri,"SELECT COUNT( RIVERalias0.RIVER_NAME ) FROM RIVER AS RIVERalias0 WHERE RIVERalias0.TRAVERSE = ""missouri"" ;",easy
geography,train,train,how many rivers are there in idaho,"SELECT COUNT( RIVERalias0.RIVER_NAME ) FROM RIVER AS RIVERalias0 WHERE RIVERalias0.TRAVERSE = ""idaho"" ;",easy
geography,train,dev,what states neighbor maine,"SELECT BORDER_INFOalias0.BORDER FROM BORDER_INFO AS BORDER_INFOalias0 WHERE BORDER_INFOalias0.STATE_NAME = ""maine"" ;",easy
geography,train,dev,which states border iowa,"SELECT BORDER_INFOalias0.BORDER FROM BORDER_INFO AS BORDER_INFOalias0 WHERE BORDER_INFOalias0.STATE_NAME = ""iowa"" ;",easy
geography,train,dev,what states border delaware,"SELECT BORDER_INFOalias0.BORDER FROM BORDER_INFO AS BORDER_INFOalias0 WHERE BORDER_INFOalias0.STATE_NAME = ""delaware"" ;",easy
geography,train,test,give me the states that border utah,"SELECT BORDER_INFOalias0.BORDER FROM BORDER_INFO AS BORDER_INFOalias0 WHERE BORDER_INFOalias0.STATE_NAME = ""utah"" ;",easy
geography,train,test,what state borders new york,"SELECT BORDER_INFOalias0.BORDER FROM BORDER_INFO AS BORDER_INFOalias0 WHERE BORDER_INFOalias0.STATE_NAME = ""new york"" ;",easy
geography,train,test,what states are next to arizona,"SELECT BORDER_INFOalias0.BORDER FROM BORDER_INFO AS BORDER_INFOalias0 WHERE BORDER_INFOalias0.STATE_NAME = ""arizona"" ;",easy
geography,train,test,what states border florida,"SELECT BORDER_INFOalias0.BORDER FROM BORDER_INFO AS BORDER_INFOalias0 WHERE BORDER_INFOalias0.STATE_NAME = ""florida"" ;",easy
geography,train,test,what states border indiana,"SELECT BORDER_INFOalias0.BORDER FROM BORDER_INFO AS BORDER_INFOalias0 WHERE BORDER_INFOalias0.STATE_NAME = ""indiana"" ;",easy
geography,train,test,what states border michigan,"SELECT BORDER_INFOalias0.BORDER FROM BORDER_INFO AS BORDER_INFOalias0 WHERE BORDER_INFOalias0.STATE_NAME = ""michigan"" ;",easy
geography,train,test,what states border montana,"SELECT BORDER_INFOalias0.BORDER FROM BORDER_INFO AS BORDER_INFOalias0 WHERE BORDER_INFOalias0.STATE_NAME = ""montana"" ;",easy
geography,train,test,what states border new jersey,"SELECT BORDER_INFOalias0.BORDER FROM BORDER_INFO AS BORDER_INFOalias0 WHERE BORDER_INFOalias0.STATE_NAME = ""new jersey"" ;",easy
geography,train,test,what states surround kentucky,"SELECT BORDER_INFOalias0.BORDER FROM BORDER_INFO AS BORDER_INFOalias0 WHERE BORDER_INFOalias0.STATE_NAME = ""kentucky"" ;",easy
geography,train,test,which state borders hawaii,"SELECT BORDER_INFOalias0.BORDER FROM BORDER_INFO AS BORDER_INFOalias0 WHERE BORDER_INFOalias0.STATE_NAME = ""hawaii"" ;",easy
geography,train,test,which states border illinois,"SELECT BORDER_INFOalias0.BORDER FROM BORDER_INFO AS BORDER_INFOalias0 WHERE BORDER_INFOalias0.STATE_NAME = ""illinois"" ;",easy
geography,train,test,which states border kentucky,"SELECT BORDER_INFOalias0.BORDER FROM BORDER_INFO AS BORDER_INFOalias0 WHERE BORDER_INFOalias0.STATE_NAME = ""kentucky"" ;",easy
geography,train,train,what states border missouri,"SELECT BORDER_INFOalias0.BORDER FROM BORDER_INFO AS BORDER_INFOalias0 WHERE BORDER_INFOalias0.STATE_NAME = ""missouri"" ;",easy
geography,train,train,what states border ohio,"SELECT BORDER_INFOalias0.BORDER FROM BORDER_INFO AS BORDER_INFOalias0 WHERE BORDER_INFOalias0.STATE_NAME = ""ohio"" ;",easy
geography,train,train,what states are next to texas,"SELECT BORDER_INFOalias0.BORDER FROM BORDER_INFO AS BORDER_INFOalias0 WHERE BORDER_INFOalias0.STATE_NAME = ""texas"" ;",easy
geography,train,train,what states border alaska,"SELECT BORDER_INFOalias0.BORDER FROM BORDER_INFO AS BORDER_INFOalias0 WHERE BORDER_INFOalias0.STATE_NAME = ""alaska"" ;",easy
geography,train,train,which states border new york,"SELECT BORDER_INFOalias0.BORDER FROM BORDER_INFO AS BORDER_INFOalias0 WHERE BORDER_INFOalias0.STATE_NAME = ""new york"" ;",easy
geography,train,train,what states border hawaii,"SELECT BORDER_INFOalias0.BORDER FROM BORDER_INFO AS BORDER_INFOalias0 WHERE BORDER_INFOalias0.STATE_NAME = ""hawaii"" ;",easy
geography,train,train,what are the neighboring states for michigan,"SELECT BORDER_INFOalias0.BORDER FROM BORDER_INFO AS BORDER_INFOalias0 WHERE BORDER_INFOalias0.STATE_NAME = ""michigan"" ;",easy
geography,train,train,which state borders florida,"SELECT BORDER_INFOalias0.BORDER FROM BORDER_INFO AS BORDER_INFOalias0 WHERE BORDER_INFOalias0.STATE_NAME = ""florida"" ;",easy
geography,train,train,what states border georgia,"SELECT BORDER_INFOalias0.BORDER FROM BORDER_INFO AS BORDER_INFOalias0 WHERE BORDER_INFOalias0.STATE_NAME = ""georgia"" ;",easy
geography,train,train,what states border new hampshire,"SELECT BORDER_INFOalias0.BORDER FROM BORDER_INFO AS BORDER_INFOalias0 WHERE BORDER_INFOalias0.STATE_NAME = ""new hampshire"" ;",easy
geography,train,train,what states border rhode island,"SELECT BORDER_INFOalias0.BORDER FROM BORDER_INFO AS BORDER_INFOalias0 WHERE BORDER_INFOalias0.STATE_NAME = ""rhode island"" ;",easy
geography,train,train,which states border texas,"SELECT BORDER_INFOalias0.BORDER FROM BORDER_INFO AS BORDER_INFOalias0 WHERE BORDER_INFOalias0.STATE_NAME = ""texas"" ;",easy
geography,train,train,which states border michigan,"SELECT BORDER_INFOalias0.BORDER FROM BORDER_INFO AS BORDER_INFOalias0 WHERE BORDER_INFOalias0.STATE_NAME = ""michigan"" ;",easy
geography,train,train,which states border alaska,"SELECT BORDER_INFOalias0.BORDER FROM BORDER_INFO AS BORDER_INFOalias0 WHERE BORDER_INFOalias0.STATE_NAME = ""alaska"" ;",easy
geography,train,train,which states border south dakota,"SELECT BORDER_INFOalias0.BORDER FROM BORDER_INFO AS BORDER_INFOalias0 WHERE BORDER_INFOalias0.STATE_NAME = ""south dakota"" ;",easy
geography,train,train,what states border arkansas,"SELECT BORDER_INFOalias0.BORDER FROM BORDER_INFO AS BORDER_INFOalias0 WHERE BORDER_INFOalias0.STATE_NAME = ""arkansas"" ;",easy
geography,train,train,which states adjoin alabama,"SELECT BORDER_INFOalias0.BORDER FROM BORDER_INFO AS BORDER_INFOalias0 WHERE BORDER_INFOalias0.STATE_NAME = ""alabama"" ;",easy
geography,train,train,what states border texas,"SELECT BORDER_INFOalias0.BORDER FROM BORDER_INFO AS BORDER_INFOalias0 WHERE BORDER_INFOalias0.STATE_NAME = ""texas"" ;",easy
geography,train,train,what state borders michigan,"SELECT BORDER_INFOalias0.BORDER FROM BORDER_INFO AS BORDER_INFOalias0 WHERE BORDER_INFOalias0.STATE_NAME = ""michigan"" ;",easy
geography,train,train,which states border colorado,"SELECT BORDER_INFOalias0.BORDER FROM BORDER_INFO AS BORDER_INFOalias0 WHERE BORDER_INFOalias0.STATE_NAME = ""colorado"" ;",easy
geography,train,train,states bordering iowa,"SELECT BORDER_INFOalias0.BORDER FROM BORDER_INFO AS BORDER_INFOalias0 WHERE BORDER_INFOalias0.STATE_NAME = ""iowa"" ;",easy
geography,train,train,which states border alabama,"SELECT BORDER_INFOalias0.BORDER FROM BORDER_INFO AS BORDER_INFOalias0 WHERE BORDER_INFOalias0.STATE_NAME = ""alabama"" ;",easy
geography,train,train,which state border kentucky,"SELECT BORDER_INFOalias0.BORDER FROM BORDER_INFO AS BORDER_INFOalias0 WHERE BORDER_INFOalias0.STATE_NAME = ""kentucky"" ;",easy
geography,train,train,what is the adjacent state of california,"SELECT BORDER_INFOalias0.BORDER FROM BORDER_INFO AS BORDER_INFOalias0 WHERE BORDER_INFOalias0.STATE_NAME = ""california"" ;",easy
geography,train,train,which states border hawaii,"SELECT BORDER_INFOalias0.BORDER FROM BORDER_INFO AS BORDER_INFOalias0 WHERE BORDER_INFOalias0.STATE_NAME = ""hawaii"" ;",easy
geography,train,train,what states border wisconsin,"SELECT BORDER_INFOalias0.BORDER FROM BORDER_INFO AS BORDER_INFOalias0 WHERE BORDER_INFOalias0.STATE_NAME = ""wisconsin"" ;",easy
geography,train,train,which states border arizona,"SELECT BORDER_INFOalias0.BORDER FROM BORDER_INFO AS BORDER_INFOalias0 WHERE BORDER_INFOalias0.STATE_NAME = ""arizona"" ;",easy
geography,train,train,what states border kentucky,"SELECT BORDER_INFOalias0.BORDER FROM BORDER_INFO AS BORDER_INFOalias0 WHERE BORDER_INFOalias0.STATE_NAME = ""kentucky"" ;",easy
geography,dev,train,name all the rivers in colorado,"SELECT RIVERalias0.RIVER_NAME FROM RIVER AS RIVERalias0 WHERE RIVERalias0.TRAVERSE = ""colorado"" ;",easy
geography,dev,test,rivers in new york,"SELECT RIVERalias0.RIVER_NAME FROM RIVER AS RIVERalias0 WHERE RIVERalias0.TRAVERSE = ""new york"" ;",easy
geography,dev,test,what are all the rivers in texas,"SELECT RIVERalias0.RIVER_NAME FROM RIVER AS RIVERalias0 WHERE RIVERalias0.TRAVERSE = ""texas"" ;",easy
geography,dev,test,what are the rivers in alaska,"SELECT RIVERalias0.RIVER_NAME FROM RIVER AS RIVERalias0 WHERE RIVERalias0.TRAVERSE = ""alaska"" ;",easy
geography,dev,test,what rivers are in texas,"SELECT RIVERalias0.RIVER_NAME FROM RIVER AS RIVERalias0 WHERE RIVERalias0.TRAVERSE = ""texas"" ;",easy
geography,dev,test,what rivers are there in texas,"SELECT RIVERalias0.RIVER_NAME FROM RIVER AS RIVERalias0 WHERE RIVERalias0.TRAVERSE = ""texas"" ;",easy
geography,dev,test,what rivers run through new york,"SELECT RIVERalias0.RIVER_NAME FROM RIVER AS RIVERalias0 WHERE RIVERalias0.TRAVERSE = ""new york"" ;",easy
geography,dev,train,what rivers flow through colorado,"SELECT RIVERalias0.RIVER_NAME FROM RIVER AS RIVERalias0 WHERE RIVERalias0.TRAVERSE = ""colorado"" ;",easy
geography,dev,train,what rivers run through arizona,"SELECT RIVERalias0.RIVER_NAME FROM RIVER AS RIVERalias0 WHERE RIVERalias0.TRAVERSE = ""arizona"" ;",easy
geography,dev,train,what river flows through kansas,"SELECT RIVERalias0.RIVER_NAME FROM RIVER AS RIVERalias0 WHERE RIVERalias0.TRAVERSE = ""kansas"" ;",easy
geography,dev,train,what are the rivers in the state of texas,"SELECT RIVERalias0.RIVER_NAME FROM RIVER AS RIVERalias0 WHERE RIVERalias0.TRAVERSE = ""texas"" ;",easy
geography,dev,train,what rivers are in new mexico,"SELECT RIVERalias0.RIVER_NAME FROM RIVER AS RIVERalias0 WHERE RIVERalias0.TRAVERSE = ""new mexico"" ;",easy
geography,dev,train,name the rivers in arkansas,"SELECT RIVERalias0.RIVER_NAME FROM RIVER AS RIVERalias0 WHERE RIVERalias0.TRAVERSE = ""arkansas"" ;",easy
geography,dev,train,what rivers run through louisiana,"SELECT RIVERalias0.RIVER_NAME FROM RIVER AS RIVERalias0 WHERE RIVERalias0.TRAVERSE = ""louisiana"" ;",easy
geography,dev,train,what rivers run through west virginia,"SELECT RIVERalias0.RIVER_NAME FROM RIVER AS RIVERalias0 WHERE RIVERalias0.TRAVERSE = ""west virginia"" ;",easy
geography,dev,train,what rivers are in nevada,"SELECT RIVERalias0.RIVER_NAME FROM RIVER AS RIVERalias0 WHERE RIVERalias0.TRAVERSE = ""nevada"" ;",easy
geography,dev,train,what rivers run through texas,"SELECT RIVERalias0.RIVER_NAME FROM RIVER AS RIVERalias0 WHERE RIVERalias0.TRAVERSE = ""texas"" ;",easy
geography,dev,train,what rivers are in utah,"SELECT RIVERalias0.RIVER_NAME FROM RIVER AS RIVERalias0 WHERE RIVERalias0.TRAVERSE = ""utah"" ;",easy
geography,dev,train,what are the rivers in the state of indiana,"SELECT RIVERalias0.RIVER_NAME FROM RIVER AS RIVERalias0 WHERE RIVERalias0.TRAVERSE = ""indiana"" ;",easy
geography,dev,train,what rivers flow through missouri,"SELECT RIVERalias0.RIVER_NAME FROM RIVER AS RIVERalias0 WHERE RIVERalias0.TRAVERSE = ""missouri"" ;",easy
geography,dev,train,what are the rivers of montana,"SELECT RIVERalias0.RIVER_NAME FROM RIVER AS RIVERalias0 WHERE RIVERalias0.TRAVERSE = ""montana"" ;",easy
geography,dev,train,what rivers run through colorado,"SELECT RIVERalias0.RIVER_NAME FROM RIVER AS RIVERalias0 WHERE RIVERalias0.TRAVERSE = ""colorado"" ;",easy
geography,dev,train,which rivers are in alaska,"SELECT RIVERalias0.RIVER_NAME FROM RIVER AS RIVERalias0 WHERE RIVERalias0.TRAVERSE = ""alaska"" ;",easy
geography,dev,train,which rivers flow through alaska,"SELECT RIVERalias0.RIVER_NAME FROM RIVER AS RIVERalias0 WHERE RIVERalias0.TRAVERSE = ""alaska"" ;",easy
geography,dev,train,what is the river that cross over ohio,"SELECT RIVERalias0.RIVER_NAME FROM RIVER AS RIVERalias0 WHERE RIVERalias0.TRAVERSE = ""ohio"" ;",easy
geography,dev,train,what rivers run through maine,"SELECT RIVERalias0.RIVER_NAME FROM RIVER AS RIVERalias0 WHERE RIVERalias0.TRAVERSE = ""maine"" ;",easy
geography,dev,train,what river flows through texas,"SELECT RIVERalias0.RIVER_NAME FROM RIVER AS RIVERalias0 WHERE RIVERalias0.TRAVERSE = ""texas"" ;",easy
geography,dev,train,what river runs through virginia,"SELECT RIVERalias0.RIVER_NAME FROM RIVER AS RIVERalias0 WHERE RIVERalias0.TRAVERSE = ""virginia"" ;",easy
geography,dev,train,what rivers are in oregon,"SELECT RIVERalias0.RIVER_NAME FROM RIVER AS RIVERalias0 WHERE RIVERalias0.TRAVERSE = ""oregon"" ;",easy
geography,dev,train,what river runs through illinois,"SELECT RIVERalias0.RIVER_NAME FROM RIVER AS RIVERalias0 WHERE RIVERalias0.TRAVERSE = ""illinois"" ;",easy
geography,train,dev,how many states border the state that borders the most states,"SELECT MAX( DERIVED_TABLEalias0.DERIVED_FIELDalias0 ) FROM ( SELECT BORDER_INFOalias0.STATE_NAME , COUNT( DISTINCT BORDER_INFOalias0.BORDER ) AS DERIVED_FIELDalias0 FROM BORDER_INFO AS BORDER_INFOalias0 GROUP BY BORDER_INFOalias0.STATE_NAME ) AS DERIVED_TABLEalias0 ;",hard
geography,train,dev,what state is dallas in,"SELECT CITYalias0.STATE_NAME FROM CITY AS CITYalias0 WHERE CITYalias0.CITY_NAME = ""dallas"" ;",easy
geography,train,dev,where is san diego,"SELECT CITYalias0.STATE_NAME FROM CITY AS CITYalias0 WHERE CITYalias0.CITY_NAME = ""san diego"" ;",easy
geography,train,test,san antonio is in what state,"SELECT CITYalias0.STATE_NAME FROM CITY AS CITYalias0 WHERE CITYalias0.CITY_NAME = ""san antonio"" ;",easy
geography,train,test,what state is austin in,"SELECT CITYalias0.STATE_NAME FROM CITY AS CITYalias0 WHERE CITYalias0.CITY_NAME = ""austin"" ;",easy
geography,train,test,what state is miami in,"SELECT CITYalias0.STATE_NAME FROM CITY AS CITYalias0 WHERE CITYalias0.CITY_NAME = ""miami"" ;",easy
geography,train,test,what states have cities named dallas,"SELECT CITYalias0.STATE_NAME FROM CITY AS CITYalias0 WHERE CITYalias0.CITY_NAME = ""dallas"" ;",easy
geography,train,test,what states have cities named plano,"SELECT CITYalias0.STATE_NAME FROM CITY AS CITYalias0 WHERE CITYalias0.CITY_NAME = ""plano"" ;",easy
geography,train,test,what states have cities named portland,"SELECT CITYalias0.STATE_NAME FROM CITY AS CITYalias0 WHERE CITYalias0.CITY_NAME = ""portland"" ;",easy
geography,train,test,what states have cities named rochester,"SELECT CITYalias0.STATE_NAME FROM CITY AS CITYalias0 WHERE CITYalias0.CITY_NAME = ""rochester"" ;",easy
geography,train,test,what states have cities named salt lake city,"SELECT CITYalias0.STATE_NAME FROM CITY AS CITYalias0 WHERE CITYalias0.CITY_NAME = ""salt lake city"" ;",easy
geography,train,test,where is dallas,"SELECT CITYalias0.STATE_NAME FROM CITY AS CITYalias0 WHERE CITYalias0.CITY_NAME = ""dallas"" ;",easy
geography,train,test,where is portland,"SELECT CITYalias0.STATE_NAME FROM CITY AS CITYalias0 WHERE CITYalias0.CITY_NAME = ""portland"" ;",easy
geography,train,test,which states have cities named austin,"SELECT CITYalias0.STATE_NAME FROM CITY AS CITYalias0 WHERE CITYalias0.CITY_NAME = ""austin"" ;",easy
geography,train,train,which state is kalamazoo in,"SELECT CITYalias0.STATE_NAME FROM CITY AS CITYalias0 WHERE CITYalias0.CITY_NAME = ""kalamazoo"" ;",easy
geography,train,train,where is austin,"SELECT CITYalias0.STATE_NAME FROM CITY AS CITYalias0 WHERE CITYalias0.CITY_NAME = ""austin"" ;",easy
geography,train,train,what states have a city named austin,"SELECT CITYalias0.STATE_NAME FROM CITY AS CITYalias0 WHERE CITYalias0.CITY_NAME = ""austin"" ;",easy
geography,train,train,what state is pittsburgh in,"SELECT CITYalias0.STATE_NAME FROM CITY AS CITYalias0 WHERE CITYalias0.CITY_NAME = ""pittsburgh"" ;",easy
geography,train,train,what state has the city flint,"SELECT CITYalias0.STATE_NAME FROM CITY AS CITYalias0 WHERE CITYalias0.CITY_NAME = ""flint"" ;",easy
geography,train,train,what states have towns named springfield,"SELECT CITYalias0.STATE_NAME FROM CITY AS CITYalias0 WHERE CITYalias0.CITY_NAME = ""springfield"" ;",easy
geography,train,train,where is san jose,"SELECT CITYalias0.STATE_NAME FROM CITY AS CITYalias0 WHERE CITYalias0.CITY_NAME = ""san jose"" ;",easy
geography,train,train,where is scotts valley,"SELECT CITYalias0.STATE_NAME FROM CITY AS CITYalias0 WHERE CITYalias0.CITY_NAME = ""scotts valley"" ;",easy
geography,train,train,where is new orleans,"SELECT CITYalias0.STATE_NAME FROM CITY AS CITYalias0 WHERE CITYalias0.CITY_NAME = ""new orleans"" ;",easy
geography,train,train,where is indianapolis,"SELECT CITYalias0.STATE_NAME FROM CITY AS CITYalias0 WHERE CITYalias0.CITY_NAME = ""indianapolis"" ;",easy
geography,train,train,what state is des moines located in,"SELECT CITYalias0.STATE_NAME FROM CITY AS CITYalias0 WHERE CITYalias0.CITY_NAME = ""des moines"" ;",easy
geography,train,train,what states have cities named austin,"SELECT CITYalias0.STATE_NAME FROM CITY AS CITYalias0 WHERE CITYalias0.CITY_NAME = ""austin"" ;",easy
geography,train,train,what state is boston in,"SELECT CITYalias0.STATE_NAME FROM CITY AS CITYalias0 WHERE CITYalias0.CITY_NAME = ""boston"" ;",easy
geography,train,train,where is fort wayne,"SELECT CITYalias0.STATE_NAME FROM CITY AS CITYalias0 WHERE CITYalias0.CITY_NAME = ""fort wayne"" ;",easy
geography,train,train,where is houston,"SELECT CITYalias0.STATE_NAME FROM CITY AS CITYalias0 WHERE CITYalias0.CITY_NAME = ""houston"" ;",easy
geography,train,train,where is springfield,"SELECT CITYalias0.STATE_NAME FROM CITY AS CITYalias0 WHERE CITYalias0.CITY_NAME = ""springfield"" ;",easy
geography,train,train,where is baton rouge,"SELECT CITYalias0.STATE_NAME FROM CITY AS CITYalias0 WHERE CITYalias0.CITY_NAME = ""baton rouge"" ;",easy
geography,train,train,in which state is rochester,"SELECT CITYalias0.STATE_NAME FROM CITY AS CITYalias0 WHERE CITYalias0.CITY_NAME = ""rochester"" ;",easy
geography,train,train,which state is the city denver located in,"SELECT CITYalias0.STATE_NAME FROM CITY AS CITYalias0 WHERE CITYalias0.CITY_NAME = ""denver"" ;",easy
geography,train,train,what states in the united states have a city of springfield,"SELECT CITYalias0.STATE_NAME FROM CITY AS CITYalias0 WHERE CITYalias0.CITY_NAME = ""springfield"" ;",easy
geography,train,dev,what is the population of the state with the largest area,SELECT STATEalias0.POPULATION FROM STATE AS STATEalias0 WHERE STATEalias0.AREA = ( SELECT MAX( STATEalias1.AREA ) FROM STATE AS STATEalias1 ) ;,hard
geography,train,train,what is the population of the largest state,SELECT STATEalias0.POPULATION FROM STATE AS STATEalias0 WHERE STATEalias0.AREA = ( SELECT MAX( STATEalias1.AREA ) FROM STATE AS STATEalias1 ) ;,hard
geography,train,dev,how many people live in chicago,"SELECT CITYalias0.POPULATION FROM CITY AS CITYalias0 WHERE CITYalias0.CITY_NAME = ""chicago"" ;",easy
geography,train,dev,what is the population of dallas,"SELECT CITYalias0.POPULATION FROM CITY AS CITYalias0 WHERE CITYalias0.CITY_NAME = ""dallas"" ;",easy
geography,train,test,how many people lived in austin,"SELECT CITYalias0.POPULATION FROM CITY AS CITYalias0 WHERE CITYalias0.CITY_NAME = ""austin"" ;",easy
geography,train,test,how many people live in detroit,"SELECT CITYalias0.POPULATION FROM CITY AS CITYalias0 WHERE CITYalias0.CITY_NAME = ""detroit"" ;",easy
geography,train,test,how many people live in houston,"SELECT CITYalias0.POPULATION FROM CITY AS CITYalias0 WHERE CITYalias0.CITY_NAME = ""houston"" ;",easy
geography,train,test,number of people in boulder,"SELECT CITYalias0.POPULATION FROM CITY AS CITYalias0 WHERE CITYalias0.CITY_NAME = ""boulder"" ;",easy
geography,train,test,what is the population of boulder,"SELECT CITYalias0.POPULATION FROM CITY AS CITYalias0 WHERE CITYalias0.CITY_NAME = ""boulder"" ;",easy
geography,train,test,what is the population of houston,"SELECT CITYalias0.POPULATION FROM CITY AS CITYalias0 WHERE CITYalias0.CITY_NAME = ""houston"" ;",easy
geography,train,test,what is the population of new york city,"SELECT CITYalias0.POPULATION FROM CITY AS CITYalias0 WHERE CITYalias0.CITY_NAME = ""new york"" ;",easy
geography,train,test,what is the population of san antonio,"SELECT CITYalias0.POPULATION FROM CITY AS CITYalias0 WHERE CITYalias0.CITY_NAME = ""san antonio"" ;",easy
geography,train,test,what is the population of tucson,"SELECT CITYalias0.POPULATION FROM CITY AS CITYalias0 WHERE CITYalias0.CITY_NAME = ""tucson"" ;",easy
geography,train,train,what is the population of austin,"SELECT CITYalias0.POPULATION FROM CITY AS CITYalias0 WHERE CITYalias0.CITY_NAME = ""austin"" ;",easy
geography,train,train,how big is the city of new york,"SELECT CITYalias0.POPULATION FROM CITY AS CITYalias0 WHERE CITYalias0.CITY_NAME = ""new york"" ;",easy
geography,train,train,how many people live in san francisco,"SELECT CITYalias0.POPULATION FROM CITY AS CITYalias0 WHERE CITYalias0.CITY_NAME = ""san francisco"" ;",easy
geography,train,train,what is the population of sacramento,"SELECT CITYalias0.POPULATION FROM CITY AS CITYalias0 WHERE CITYalias0.CITY_NAME = ""sacramento"" ;",easy
geography,train,train,what is the population of denver,"SELECT CITYalias0.POPULATION FROM CITY AS CITYalias0 WHERE CITYalias0.CITY_NAME = ""denver"" ;",easy
geography,train,train,what is the population of seattle,"SELECT CITYalias0.POPULATION FROM CITY AS CITYalias0 WHERE CITYalias0.CITY_NAME = ""seattle"" ;",easy
geography,train,train,population of boulder,"SELECT CITYalias0.POPULATION FROM CITY AS CITYalias0 WHERE CITYalias0.CITY_NAME = ""boulder"" ;",easy
geography,train,train,what is the population in boston,"SELECT CITYalias0.POPULATION FROM CITY AS CITYalias0 WHERE CITYalias0.CITY_NAME = ""boston"" ;",easy
geography,train,train,how many people live in kalamazoo,"SELECT CITYalias0.POPULATION FROM CITY AS CITYalias0 WHERE CITYalias0.CITY_NAME = ""kalamazoo"" ;",easy
geography,train,train,people in boulder,"SELECT CITYalias0.POPULATION FROM CITY AS CITYalias0 WHERE CITYalias0.CITY_NAME = ""boulder"" ;",easy
geography,train,train,how many people in boulder,"SELECT CITYalias0.POPULATION FROM CITY AS CITYalias0 WHERE CITYalias0.CITY_NAME = ""boulder"" ;",easy
geography,train,train,how many inhabitants does montgomery have,"SELECT CITYalias0.POPULATION FROM CITY AS CITYalias0 WHERE CITYalias0.CITY_NAME = ""montgomery"" ;",easy
geography,train,train,how many people live in riverside,"SELECT CITYalias0.POPULATION FROM CITY AS CITYalias0 WHERE CITYalias0.CITY_NAME = ""riverside"" ;",easy
geography,train,train,what is the population of atlanta,"SELECT CITYalias0.POPULATION FROM CITY AS CITYalias0 WHERE CITYalias0.CITY_NAME = ""atlanta"" ;",easy
geography,train,train,how many people live in austin,"SELECT CITYalias0.POPULATION FROM CITY AS CITYalias0 WHERE CITYalias0.CITY_NAME = ""austin"" ;",easy
geography,train,train,number of citizens in boulder,"SELECT CITYalias0.POPULATION FROM CITY AS CITYalias0 WHERE CITYalias0.CITY_NAME = ""boulder"" ;",easy
geography,train,train,how many citizens in boulder,"SELECT CITYalias0.POPULATION FROM CITY AS CITYalias0 WHERE CITYalias0.CITY_NAME = ""boulder"" ;",easy
geography,dev,dev,what is the smallest city in arkansas,"SELECT CITYalias0.CITY_NAME FROM CITY AS CITYalias0 WHERE CITYalias0.POPULATION = ( SELECT MIN( CITYalias1.POPULATION ) FROM CITY AS CITYalias1 WHERE CITYalias1.STATE_NAME = ""arkansas"" ) AND CITYalias0.STATE_NAME = ""arkansas"" ;",hard
geography,dev,train,what is the smallest city in hawaii,"SELECT CITYalias0.CITY_NAME FROM CITY AS CITYalias0 WHERE CITYalias0.POPULATION = ( SELECT MIN( CITYalias1.POPULATION ) FROM CITY AS CITYalias1 WHERE CITYalias1.STATE_NAME = ""hawaii"" ) AND CITYalias0.STATE_NAME = ""hawaii"" ;",hard
geography,dev,train,what is the smallest city in washington,"SELECT CITYalias0.CITY_NAME FROM CITY AS CITYalias0 WHERE CITYalias0.POPULATION = ( SELECT MIN( CITYalias1.POPULATION ) FROM CITY AS CITYalias1 WHERE CITYalias1.STATE_NAME = ""washington"" ) AND CITYalias0.STATE_NAME = ""washington"" ;",hard
geography,dev,train,what is the smallest city in alaska,"SELECT CITYalias0.CITY_NAME FROM CITY AS CITYalias0 WHERE CITYalias0.POPULATION = ( SELECT MIN( CITYalias1.POPULATION ) FROM CITY AS CITYalias1 WHERE CITYalias1.STATE_NAME = ""alaska"" ) AND CITYalias0.STATE_NAME = ""alaska"" ;",hard
geography,train,dev,which states lie on the largest river in the united states,SELECT RIVERalias0.TRAVERSE FROM RIVER AS RIVERalias0 WHERE RIVERalias0.LENGTH = ( SELECT MAX( RIVERalias1.LENGTH ) FROM RIVER AS RIVERalias1 ) ;,hard
geography,train,test,which states does the longest river run through,SELECT RIVERalias0.TRAVERSE FROM RIVER AS RIVERalias0 WHERE RIVERalias0.LENGTH = ( SELECT MAX( RIVERalias1.LENGTH ) FROM RIVER AS RIVERalias1 ) ;,hard
geography,train,train,which state has the longest river,SELECT RIVERalias0.TRAVERSE FROM RIVER AS RIVERalias0 WHERE RIVERalias0.LENGTH = ( SELECT MAX( RIVERalias1.LENGTH ) FROM RIVER AS RIVERalias1 ) ;,hard
geography,train,train,what are the states through which the longest river runs,SELECT RIVERalias0.TRAVERSE FROM RIVER AS RIVERalias0 WHERE RIVERalias0.LENGTH = ( SELECT MAX( RIVERalias1.LENGTH ) FROM RIVER AS RIVERalias1 ) ;,hard
geography,train,train,which states does the longest river cross,SELECT RIVERalias0.TRAVERSE FROM RIVER AS RIVERalias0 WHERE RIVERalias0.LENGTH = ( SELECT MAX( RIVERalias1.LENGTH ) FROM RIVER AS RIVERalias1 ) ;,hard
geography,train,dev,what is the population density of the state with the smallest area,SELECT STATEalias0.DENSITY FROM STATE AS STATEalias0 WHERE STATEalias0.AREA = ( SELECT MIN( STATEalias1.AREA ) FROM STATE AS STATEalias1 ) ;,hard
geography,train,train,what is the population density of the smallest state,SELECT STATEalias0.DENSITY FROM STATE AS STATEalias0 WHERE STATEalias0.AREA = ( SELECT MIN( STATEalias1.AREA ) FROM STATE AS STATEalias1 ) ;,hard
geography,train,dev,which states have points higher than the highest point in colorado,"SELECT HIGHLOWalias0.STATE_NAME FROM HIGHLOW AS HIGHLOWalias0 WHERE HIGHLOWalias0.HIGHEST_ELEVATION > ( SELECT HIGHLOWalias1.HIGHEST_ELEVATION FROM HIGHLOW AS HIGHLOWalias1 WHERE HIGHLOWalias1.STATE_NAME = ""colorado"" ) ;",medium
geography,train,train,which states have points that are higher than the highest point in texas,"SELECT HIGHLOWalias0.STATE_NAME FROM HIGHLOW AS HIGHLOWalias0 WHERE HIGHLOWalias0.HIGHEST_ELEVATION > ( SELECT HIGHLOWalias1.HIGHEST_ELEVATION FROM HIGHLOW AS HIGHLOWalias1 WHERE HIGHLOWalias1.STATE_NAME = ""texas"" ) ;",medium
geography,train,train,what states high point are higher than that of colorado,"SELECT HIGHLOWalias0.STATE_NAME FROM HIGHLOW AS HIGHLOWalias0 WHERE HIGHLOWalias0.HIGHEST_ELEVATION > ( SELECT HIGHLOWalias1.HIGHEST_ELEVATION FROM HIGHLOW AS HIGHLOWalias1 WHERE HIGHLOWalias1.STATE_NAME = ""colorado"" ) ;",medium
geography,dev,dev,what is the highest elevation in new mexico,"SELECT HIGHLOWalias0.HIGHEST_ELEVATION FROM HIGHLOW AS HIGHLOWalias0 WHERE HIGHLOWalias0.STATE_NAME = ""new mexico"" ;",easy
geography,dev,dev,how high is the highest point of florida,"SELECT HIGHLOWalias0.HIGHEST_ELEVATION FROM HIGHLOW AS HIGHLOWalias0 WHERE HIGHLOWalias0.STATE_NAME = ""florida"" ;",easy
geography,dev,test,how high is the highest point of alabama,"SELECT HIGHLOWalias0.HIGHEST_ELEVATION FROM HIGHLOW AS HIGHLOWalias0 WHERE HIGHLOWalias0.STATE_NAME = ""alabama"" ;",easy
geography,dev,test,how tall is the highest point in montana,"SELECT HIGHLOWalias0.HIGHEST_ELEVATION FROM HIGHLOW AS HIGHLOWalias0 WHERE HIGHLOWalias0.STATE_NAME = ""montana"" ;",easy
geography,dev,test,what is the highest elevation in texas,"SELECT HIGHLOWalias0.HIGHEST_ELEVATION FROM HIGHLOW AS HIGHLOWalias0 WHERE HIGHLOWalias0.STATE_NAME = ""texas"" ;",easy
geography,dev,test,what is the highest point in nevada in meters,"SELECT HIGHLOWalias0.HIGHEST_ELEVATION FROM HIGHLOW AS HIGHLOWalias0 WHERE HIGHLOWalias0.STATE_NAME = ""nevada"" ;",easy
geography,dev,train,how high is the highest point in montana,"SELECT HIGHLOWalias0.HIGHEST_ELEVATION FROM HIGHLOW AS HIGHLOWalias0 WHERE HIGHLOWalias0.STATE_NAME = ""montana"" ;",easy
geography,dev,train,what is the highest elevation in south carolina,"SELECT HIGHLOWalias0.HIGHEST_ELEVATION FROM HIGHLOW AS HIGHLOWalias0 WHERE HIGHLOWalias0.STATE_NAME = ""south carolina"" ;",easy
geography,dev,train,how high is the highest point of louisiana,"SELECT HIGHLOWalias0.HIGHEST_ELEVATION FROM HIGHLOW AS HIGHLOWalias0 WHERE HIGHLOWalias0.STATE_NAME = ""louisiana"" ;",easy
geography,dev,train,how high is the highest point of delaware,"SELECT HIGHLOWalias0.HIGHEST_ELEVATION FROM HIGHLOW AS HIGHLOWalias0 WHERE HIGHLOWalias0.STATE_NAME = ""delaware"" ;",easy
geography,train,dev,give me the longest river that passes through the us,SELECT RIVERalias0.RIVER_NAME FROM RIVER AS RIVERalias0 WHERE RIVERalias0.LENGTH = ( SELECT MAX( RIVERalias1.LENGTH ) FROM RIVER AS RIVERalias1 ) ;,hard
geography,train,test,which is the longest river in usa,SELECT RIVERalias0.RIVER_NAME FROM RIVER AS RIVERalias0 WHERE RIVERalias0.LENGTH = ( SELECT MAX( RIVERalias1.LENGTH ) FROM RIVER AS RIVERalias1 ) ;,hard
geography,train,train,what is the longest river in america,SELECT RIVERalias0.RIVER_NAME FROM RIVER AS RIVERalias0 WHERE RIVERalias0.LENGTH = ( SELECT MAX( RIVERalias1.LENGTH ) FROM RIVER AS RIVERalias1 ) ;,hard
geography,train,train,name the longest river in us,SELECT RIVERalias0.RIVER_NAME FROM RIVER AS RIVERalias0 WHERE RIVERalias0.LENGTH = ( SELECT MAX( RIVERalias1.LENGTH ) FROM RIVER AS RIVERalias1 ) ;,hard
geography,train,train,what river is the longest one in the united states,SELECT RIVERalias0.RIVER_NAME FROM RIVER AS RIVERalias0 WHERE RIVERalias0.LENGTH = ( SELECT MAX( RIVERalias1.LENGTH ) FROM RIVER AS RIVERalias1 ) ;,hard
geography,train,train,what is the longest river in the us,SELECT RIVERalias0.RIVER_NAME FROM RIVER AS RIVERalias0 WHERE RIVERalias0.LENGTH = ( SELECT MAX( RIVERalias1.LENGTH ) FROM RIVER AS RIVERalias1 ) ;,hard
geography,train,train,what is the longest river,SELECT RIVERalias0.RIVER_NAME FROM RIVER AS RIVERalias0 WHERE RIVERalias0.LENGTH = ( SELECT MAX( RIVERalias1.LENGTH ) FROM RIVER AS RIVERalias1 ) ;,hard
geography,train,train,what is the longest river in the united states,SELECT RIVERalias0.RIVER_NAME FROM RIVER AS RIVERalias0 WHERE RIVERalias0.LENGTH = ( SELECT MAX( RIVERalias1.LENGTH ) FROM RIVER AS RIVERalias1 ) ;,hard
geography,train,dev,what state has the city with the largest population,SELECT CITYalias0.STATE_NAME FROM CITY AS CITYalias0 WHERE CITYalias0.POPULATION = ( SELECT MAX( CITYalias1.POPULATION ) FROM CITY AS CITYalias1 ) ;,hard
geography,train,train,what state has the largest city,SELECT CITYalias0.STATE_NAME FROM CITY AS CITYalias0 WHERE CITYalias0.POPULATION = ( SELECT MAX( CITYalias1.POPULATION ) FROM CITY AS CITYalias1 ) ;,hard
geography,train,train,which state has the largest city,SELECT CITYalias0.STATE_NAME FROM CITY AS CITYalias0 WHERE CITYalias0.POPULATION = ( SELECT MAX( CITYalias1.POPULATION ) FROM CITY AS CITYalias1 ) ;,hard
geography,train,train,what state has the city with the most population,SELECT CITYalias0.STATE_NAME FROM CITY AS CITYalias0 WHERE CITYalias0.POPULATION = ( SELECT MAX( CITYalias1.POPULATION ) FROM CITY AS CITYalias1 ) ;,hard
geography,train,dev,what is the smallest city in the largest state,SELECT CITYalias0.CITY_NAME FROM CITY AS CITYalias0 WHERE CITYalias0.POPULATION = ( SELECT MIN( CITYalias1.POPULATION ) FROM CITY AS CITYalias1 WHERE CITYalias1.STATE_NAME IN ( SELECT STATEalias0.STATE_NAME FROM STATE AS STATEalias0 WHERE STATEalias0.AREA = ( SELECT MAX( STATEalias1.AREA ) FROM STATE AS STATEalias1 ) ) ) AND CITYalias0.STATE_NAME IN ( SELECT STATEalias2.STATE_NAME FROM STATE AS STATEalias2 WHERE STATEalias2.AREA = ( SELECT MAX( STATEalias3.AREA ) FROM STATE AS STATEalias3 ) ) ;,hard
geography,train,dev,what state is the biggest,SELECT STATEalias0.STATE_NAME FROM STATE AS STATEalias0 WHERE STATEalias0.AREA = ( SELECT MAX( STATEalias1.AREA ) FROM STATE AS STATEalias1 ) ;,hard
geography,train,test,what is the state with the largest area,SELECT STATEalias0.STATE_NAME FROM STATE AS STATEalias0 WHERE STATEalias0.AREA = ( SELECT MAX( STATEalias1.AREA ) FROM STATE AS STATEalias1 ) ;,hard
geography,train,test,what state has the largest area,SELECT STATEalias0.STATE_NAME FROM STATE AS STATEalias0 WHERE STATEalias0.AREA = ( SELECT MAX( STATEalias1.AREA ) FROM STATE AS STATEalias1 ) ;,hard
geography,train,train,what is the biggest state in continental us,SELECT STATEalias0.STATE_NAME FROM STATE AS STATEalias0 WHERE STATEalias0.AREA = ( SELECT MAX( STATEalias1.AREA ) FROM STATE AS STATEalias1 ) ;,hard
geography,train,train,state the state with the largest area,SELECT STATEalias0.STATE_NAME FROM STATE AS STATEalias0 WHERE STATEalias0.AREA = ( SELECT MAX( STATEalias1.AREA ) FROM STATE AS STATEalias1 ) ;,hard
geography,train,train,what is the largest state in usa,SELECT STATEalias0.STATE_NAME FROM STATE AS STATEalias0 WHERE STATEalias0.AREA = ( SELECT MAX( STATEalias1.AREA ) FROM STATE AS STATEalias1 ) ;,hard
geography,train,train,what is the biggest state,SELECT STATEalias0.STATE_NAME FROM STATE AS STATEalias0 WHERE STATEalias0.AREA = ( SELECT MAX( STATEalias1.AREA ) FROM STATE AS STATEalias1 ) ;,hard
geography,train,train,what is the biggest state in the usa,SELECT STATEalias0.STATE_NAME FROM STATE AS STATEalias0 WHERE STATEalias0.AREA = ( SELECT MAX( STATEalias1.AREA ) FROM STATE AS STATEalias1 ) ;,hard
geography,train,train,give me the largest state,SELECT STATEalias0.STATE_NAME FROM STATE AS STATEalias0 WHERE STATEalias0.AREA = ( SELECT MAX( STATEalias1.AREA ) FROM STATE AS STATEalias1 ) ;,hard
geography,train,train,what is the largest state in the us,SELECT STATEalias0.STATE_NAME FROM STATE AS STATEalias0 WHERE STATEalias0.AREA = ( SELECT MAX( STATEalias1.AREA ) FROM STATE AS STATEalias1 ) ;,hard
geography,train,train,what is the largest state,SELECT STATEalias0.STATE_NAME FROM STATE AS STATEalias0 WHERE STATEalias0.AREA = ( SELECT MAX( STATEalias1.AREA ) FROM STATE AS STATEalias1 ) ;,hard
geography,train,dev,what are the highest points of states surrounding mississippi,"SELECT HIGHLOWalias0.HIGHEST_POINT FROM HIGHLOW AS HIGHLOWalias0 WHERE HIGHLOWalias0.STATE_NAME IN ( SELECT BORDER_INFOalias0.BORDER FROM BORDER_INFO AS BORDER_INFOalias0 WHERE BORDER_INFOalias0.STATE_NAME = ""mississippi"" ) ;",medium
geography,train,train,what are the high points of states surrounding mississippi,"SELECT HIGHLOWalias0.HIGHEST_POINT FROM HIGHLOW AS HIGHLOWalias0 WHERE HIGHLOWalias0.STATE_NAME IN ( SELECT BORDER_INFOalias0.BORDER FROM BORDER_INFO AS BORDER_INFOalias0 WHERE BORDER_INFOalias0.STATE_NAME = ""mississippi"" ) ;",medium
geography,train,test,what is the highest point in states bordering georgia,"SELECT HIGHLOWalias0.HIGHEST_POINT FROM HIGHLOW AS HIGHLOWalias0 WHERE HIGHLOWalias0.STATE_NAME IN ( SELECT BORDER_INFOalias0.BORDER FROM BORDER_INFO AS BORDER_INFOalias0 WHERE BORDER_INFOalias0.STATE_NAME = ""georgia"" ) ORDER BY HIGHLOWalias0.HIGHEST_ELEVATION DESC LIMIT 1 ;",hard
geography,train,test,what is the highest point in the states bordering colorado,"SELECT HIGHLOWalias0.HIGHEST_POINT FROM HIGHLOW AS HIGHLOWalias0 WHERE HIGHLOWalias0.STATE_NAME IN ( SELECT BORDER_INFOalias0.BORDER FROM BORDER_INFO AS BORDER_INFOalias0 WHERE BORDER_INFOalias0.STATE_NAME = ""colorado"" ) ORDER BY HIGHLOWalias0.HIGHEST_ELEVATION DESC LIMIT 1 ;",hard
geography,train,dev,what is the state with the lowest population density,SELECT STATEalias0.STATE_NAME FROM STATE AS STATEalias0 WHERE STATEalias0.DENSITY = ( SELECT MIN( STATEalias1.DENSITY ) FROM STATE AS STATEalias1 ) ;,hard
geography,train,test,what state has the lowest population density,SELECT STATEalias0.STATE_NAME FROM STATE AS STATEalias0 WHERE STATEalias0.DENSITY = ( SELECT MIN( STATEalias1.DENSITY ) FROM STATE AS STATEalias1 ) ;,hard
geography,train,test,which state has the lowest population density,SELECT STATEalias0.STATE_NAME FROM STATE AS STATEalias0 WHERE STATEalias0.DENSITY = ( SELECT MIN( STATEalias1.DENSITY ) FROM STATE AS STATEalias1 ) ;,hard
geography,train,test,which state has the smallest population density,SELECT STATEalias0.STATE_NAME FROM STATE AS STATEalias0 WHERE STATEalias0.DENSITY = ( SELECT MIN( STATEalias1.DENSITY ) FROM STATE AS STATEalias1 ) ;,hard
geography,train,train,what state has the sparsest population density,SELECT STATEalias0.STATE_NAME FROM STATE AS STATEalias0 WHERE STATEalias0.DENSITY = ( SELECT MIN( STATEalias1.DENSITY ) FROM STATE AS STATEalias1 ) ;,hard
geography,train,train,which state has the sparsest population density,SELECT STATEalias0.STATE_NAME FROM STATE AS STATEalias0 WHERE STATEalias0.DENSITY = ( SELECT MIN( STATEalias1.DENSITY ) FROM STATE AS STATEalias1 ) ;,hard
geography,train,train,what state has the least population density,SELECT STATEalias0.STATE_NAME FROM STATE AS STATEalias0 WHERE STATEalias0.DENSITY = ( SELECT MIN( STATEalias1.DENSITY ) FROM STATE AS STATEalias1 ) ;,hard
geography,train,train,which state has the least population density,SELECT STATEalias0.STATE_NAME FROM STATE AS STATEalias0 WHERE STATEalias0.DENSITY = ( SELECT MIN( STATEalias1.DENSITY ) FROM STATE AS STATEalias1 ) ;,hard
geography,train,train,what state has the smallest population density,SELECT STATEalias0.STATE_NAME FROM STATE AS STATEalias0 WHERE STATEalias0.DENSITY = ( SELECT MIN( STATEalias1.DENSITY ) FROM STATE AS STATEalias1 ) ;,hard
geography,dev,dev,what is the longest river that passes the states that border the state that borders the most states,"SELECT DISTINCT RIVERalias0.RIVER_NAME FROM RIVER AS RIVERalias0 WHERE RIVERalias0.LENGTH IN ( SELECT MAX( DERIVED_TABLEalias1.DERIVED_FIELDalias0 ) FROM ( SELECT MAX( RIVERalias1.LENGTH ) AS DERIVED_FIELDalias0 , RIVERalias1.TRAVERSE FROM RIVER AS RIVERalias1 WHERE RIVERalias1.TRAVERSE IN ( SELECT BORDER_INFOalias0.STATE_NAME FROM BORDER_INFO AS BORDER_INFOalias0 WHERE BORDER_INFOalias0.BORDER IN ( SELECT BORDER_INFOalias1.BORDER FROM BORDER_INFO AS BORDER_INFOalias1 GROUP BY BORDER_INFOalias1.BORDER HAVING COUNT( 1 ) = ( SELECT MAX( DERIVED_TABLEalias0.DERIVED_FIELDalias1 ) FROM ( SELECT BORDER_INFOalias2.BORDER , COUNT( 1 ) AS DERIVED_FIELDalias1 FROM BORDER_INFO AS BORDER_INFOalias2 GROUP BY BORDER_INFOalias2.BORDER ) AS DERIVED_TABLEalias0 ) ) ) GROUP BY RIVERalias1.TRAVERSE ) AS DERIVED_TABLEalias1 ) ;",hard
geography,train,dev,where is the highest point in montana,"SELECT HIGHLOWalias0.HIGHEST_POINT FROM HIGHLOW AS HIGHLOWalias0 WHERE HIGHLOWalias0.STATE_NAME = ""montana"" ;",easy
geography,train,test,what is the highest point in iowa,"SELECT HIGHLOWalias0.HIGHEST_POINT FROM HIGHLOW AS HIGHLOWalias0 WHERE HIGHLOWalias0.STATE_NAME = ""iowa"" ;",easy
geography,train,test,what is the highest point in maine,"SELECT HIGHLOWalias0.HIGHEST_POINT FROM HIGHLOW AS HIGHLOWalias0 WHERE HIGHLOWalias0.STATE_NAME = ""maine"" ;",easy
geography,train,test,what is the highest point in montana,"SELECT HIGHLOWalias0.HIGHEST_POINT FROM HIGHLOW AS HIGHLOWalias0 WHERE HIGHLOWalias0.STATE_NAME = ""montana"" ;",easy
geography,train,test,what is the highest point in virginia,"SELECT HIGHLOWalias0.HIGHEST_POINT FROM HIGHLOW AS HIGHLOWalias0 WHERE HIGHLOWalias0.STATE_NAME = ""virginia"" ;",easy
geography,train,test,what is the high point of wyoming,"SELECT HIGHLOWalias0.HIGHEST_POINT FROM HIGHLOW AS HIGHLOWalias0 WHERE HIGHLOWalias0.STATE_NAME = ""wyoming"" ;",easy
geography,train,test,where is the highest point in hawaii,"SELECT HIGHLOWalias0.HIGHEST_POINT FROM HIGHLOW AS HIGHLOWalias0 WHERE HIGHLOWalias0.STATE_NAME = ""hawaii"" ;",easy
geography,train,train,what is the highest mountain in alaska,"SELECT HIGHLOWalias0.HIGHEST_POINT FROM HIGHLOW AS HIGHLOWalias0 WHERE HIGHLOWalias0.STATE_NAME = ""alaska"" ;",easy
geography,train,train,what is the highest point in wyoming,"SELECT HIGHLOWalias0.HIGHEST_POINT FROM HIGHLOW AS HIGHLOWalias0 WHERE HIGHLOWalias0.STATE_NAME = ""wyoming"" ;",easy
geography,train,train,what is the highest point in colorado,"SELECT HIGHLOWalias0.HIGHEST_POINT FROM HIGHLOW AS HIGHLOWalias0 WHERE HIGHLOWalias0.STATE_NAME = ""colorado"" ;",easy
geography,train,train,could you tell me what is the highest point in the state of oregon,"SELECT HIGHLOWalias0.HIGHEST_POINT FROM HIGHLOW AS HIGHLOWalias0 WHERE HIGHLOWalias0.STATE_NAME = ""oregon"" ;",easy
geography,train,train,what is the highest point in ohio,"SELECT HIGHLOWalias0.HIGHEST_POINT FROM HIGHLOW AS HIGHLOWalias0 WHERE HIGHLOWalias0.STATE_NAME = ""ohio"" ;",easy
geography,train,train,what is the highest point in florida,"SELECT HIGHLOWalias0.HIGHEST_POINT FROM HIGHLOW AS HIGHLOWalias0 WHERE HIGHLOWalias0.STATE_NAME = ""florida"" ;",easy
geography,train,train,what is the highest point in rhode island,"SELECT HIGHLOWalias0.HIGHEST_POINT FROM HIGHLOW AS HIGHLOWalias0 WHERE HIGHLOWalias0.STATE_NAME = ""rhode island"" ;",easy
geography,train,train,what is the highest mountain in texas,"SELECT HIGHLOWalias0.HIGHEST_POINT FROM HIGHLOW AS HIGHLOWalias0 WHERE HIGHLOWalias0.STATE_NAME = ""texas"" ;",easy
geography,train,train,what is the highest point in new mexico,"SELECT HIGHLOWalias0.HIGHEST_POINT FROM HIGHLOW AS HIGHLOWalias0 WHERE HIGHLOWalias0.STATE_NAME = ""new mexico"" ;",easy
geography,train,train,what is the highest point in kansas,"SELECT HIGHLOWalias0.HIGHEST_POINT FROM HIGHLOW AS HIGHLOWalias0 WHERE HIGHLOWalias0.STATE_NAME = ""kansas"" ;",easy
geography,train,test,what is the highest point in delaware,"SELECT HIGHLOWalias0.HIGHEST_POINT FROM HIGHLOW AS HIGHLOWalias0 WHERE HIGHLOWalias0.STATE_NAME = ""delaware"" ;",easy
geography,train,train,what is the highest point in texas,"SELECT HIGHLOWalias0.HIGHEST_POINT FROM HIGHLOW AS HIGHLOWalias0 WHERE HIGHLOWalias0.STATE_NAME = ""texas"" ;",easy
geography,train,dev,what states have no bordering state,SELECT STATEalias0.STATE_NAME FROM STATE AS STATEalias0 WHERE STATEalias0.STATE_NAME NOT IN ( SELECT BORDER_INFOalias0.STATE_NAME FROM BORDER_INFO AS BORDER_INFOalias0 ) ;,medium
geography,train,train,name the states which have no surrounding states,SELECT STATEalias0.STATE_NAME FROM STATE AS STATEalias0 WHERE STATEalias0.STATE_NAME NOT IN ( SELECT BORDER_INFOalias0.STATE_NAME FROM BORDER_INFO AS BORDER_INFOalias0 ) ;,medium
geography,train,train,which states border no other states,SELECT STATEalias0.STATE_NAME FROM STATE AS STATEalias0 WHERE STATEalias0.STATE_NAME NOT IN ( SELECT BORDER_INFOalias0.STATE_NAME FROM BORDER_INFO AS BORDER_INFOalias0 ) ;,medium
geography,dev,dev,which state borders most states,"SELECT DERIVED_TABLEalias1.STATE_NAME FROM ( SELECT BORDER_INFOalias0.STATE_NAME , COUNT( DISTINCT BORDER_INFOalias0.BORDER ) AS DERIVED_FIELDalias0 FROM BORDER_INFO AS BORDER_INFOalias0 GROUP BY BORDER_INFOalias0.STATE_NAME ) AS DERIVED_TABLEalias0 WHERE DERIVED_TABLEalias0.DERIVED_FIELDalias0 = ( SELECT MAX( DERIVED_TABLEalias1.DERIVED_FIELDalias1 ) FROM ( SELECT BORDER_INFOalias1.STATE_NAME , COUNT( DISTINCT BORDER_INFOalias1.BORDER ) AS DERIVED_FIELDalias1 FROM BORDER_INFO AS BORDER_INFOalias1 GROUP BY BORDER_INFOalias1.STATE_NAME ) AS DERIVED_TABLEalias1 ) ;",hard
geography,dev,test,what state borders the most states,"SELECT DERIVED_TABLEalias1.STATE_NAME FROM ( SELECT BORDER_INFOalias0.STATE_NAME , COUNT( DISTINCT BORDER_INFOalias0.BORDER ) AS DERIVED_FIELDalias0 FROM BORDER_INFO AS BORDER_INFOalias0 GROUP BY BORDER_INFOalias0.STATE_NAME ) AS DERIVED_TABLEalias0 WHERE DERIVED_TABLEalias0.DERIVED_FIELDalias0 = ( SELECT MAX( DERIVED_TABLEalias1.DERIVED_FIELDalias1 ) FROM ( SELECT BORDER_INFOalias1.STATE_NAME , COUNT( DISTINCT BORDER_INFOalias1.BORDER ) AS DERIVED_FIELDalias1 FROM BORDER_INFO AS BORDER_INFOalias1 GROUP BY BORDER_INFOalias1.STATE_NAME ) AS DERIVED_TABLEalias1 ) ;",hard
geography,dev,test,which state borders the most states,"SELECT DERIVED_TABLEalias1.STATE_NAME FROM ( SELECT BORDER_INFOalias0.STATE_NAME , COUNT( DISTINCT BORDER_INFOalias0.BORDER ) AS DERIVED_FIELDalias0 FROM BORDER_INFO AS BORDER_INFOalias0 GROUP BY BORDER_INFOalias0.STATE_NAME ) AS DERIVED_TABLEalias0 WHERE DERIVED_TABLEalias0.DERIVED_FIELDalias0 = ( SELECT MAX( DERIVED_TABLEalias1.DERIVED_FIELDalias1 ) FROM ( SELECT BORDER_INFOalias1.STATE_NAME , COUNT( DISTINCT BORDER_INFOalias1.BORDER ) AS DERIVED_FIELDalias1 FROM BORDER_INFO AS BORDER_INFOalias1 GROUP BY BORDER_INFOalias1.STATE_NAME ) AS DERIVED_TABLEalias1 ) ;",hard
geography,dev,train,what state borders most other states,"SELECT DERIVED_TABLEalias1.STATE_NAME FROM ( SELECT BORDER_INFOalias0.STATE_NAME , COUNT( DISTINCT BORDER_INFOalias0.BORDER ) AS DERIVED_FIELDalias0 FROM BORDER_INFO AS BORDER_INFOalias0 GROUP BY BORDER_INFOalias0.STATE_NAME ) AS DERIVED_TABLEalias0 WHERE DERIVED_TABLEalias0.DERIVED_FIELDalias0 = ( SELECT MAX( DERIVED_TABLEalias1.DERIVED_FIELDalias1 ) FROM ( SELECT BORDER_INFOalias1.STATE_NAME , COUNT( DISTINCT BORDER_INFOalias1.BORDER ) AS DERIVED_FIELDalias1 FROM BORDER_INFO AS BORDER_INFOalias1 GROUP BY BORDER_INFOalias1.STATE_NAME ) AS DERIVED_TABLEalias1 ) ;",hard
geography,train,dev,what is the area of the state with the smallest population density,SELECT STATEalias0.AREA FROM STATE AS STATEalias0 WHERE STATEalias0.DENSITY = ( SELECT MIN( STATEalias1.DENSITY ) FROM STATE AS STATEalias1 ) ;,hard
geography,test,test,count the states which have elevations lower than what alabama has,"SELECT COUNT( HIGHLOWalias0.STATE_NAME ) FROM HIGHLOW AS HIGHLOWalias0 WHERE HIGHLOWalias0.LOWEST_ELEVATION < ( SELECT HIGHLOWalias1.LOWEST_ELEVATION FROM HIGHLOW AS HIGHLOWalias1 WHERE HIGHLOWalias1.STATE_NAME = ""alabama"" ) ;",hard
geography,train,test,how high is mount mckinley,"SELECT HIGHLOWalias0.HIGHEST_ELEVATION FROM HIGHLOW AS HIGHLOWalias0 WHERE HIGHLOWalias0.HIGHEST_POINT = ""mount mckinley"" ;",easy
geography,train,test,how tall is mount mckinley,"SELECT HIGHLOWalias0.HIGHEST_ELEVATION FROM HIGHLOW AS HIGHLOWalias0 WHERE HIGHLOWalias0.HIGHEST_POINT = ""mount mckinley"" ;",easy
geography,train,test,what is the maximum elevation of san francisco,"SELECT HIGHLOWalias0.HIGHEST_ELEVATION FROM HIGHLOW AS HIGHLOWalias0 WHERE HIGHLOWalias0.HIGHEST_POINT = ""san francisco"" ;",easy
geography,train,train,how high is guadalupe peak,"SELECT HIGHLOWalias0.HIGHEST_ELEVATION FROM HIGHLOW AS HIGHLOWalias0 WHERE HIGHLOWalias0.HIGHEST_POINT = ""guadalupe peak"" ;",easy
geography,train,test,how high is the highest point in america,SELECT MAX( HIGHLOWalias0.HIGHEST_ELEVATION ) FROM HIGHLOW AS HIGHLOWalias0 ;,easy
geography,train,test,what is the highest elevation in the united states,SELECT MAX( HIGHLOWalias0.HIGHEST_ELEVATION ) FROM HIGHLOW AS HIGHLOWalias0 ;,easy
geography,train,train,what is the elevation of the highest point in the usa,SELECT MAX( HIGHLOWalias0.HIGHEST_ELEVATION ) FROM HIGHLOW AS HIGHLOWalias0 ;,easy
geography,train,train,what is the height of the highest point in the usa,SELECT MAX( HIGHLOWalias0.HIGHEST_ELEVATION ) FROM HIGHLOW AS HIGHLOWalias0 ;,easy
geography,dev,test,how long is the colorado river,"SELECT DISTINCT RIVERalias0.LENGTH FROM RIVER AS RIVERalias0 WHERE RIVERalias0.RIVER_NAME = ""colorado"" ;",easy
geography,dev,test,how long is the delaware river,"SELECT DISTINCT RIVERalias0.LENGTH FROM RIVER AS RIVERalias0 WHERE RIVERalias0.RIVER_NAME = ""delaware"" ;",easy
geography,dev,test,how long is the north platte river,"SELECT DISTINCT RIVERalias0.LENGTH FROM RIVER AS RIVERalias0 WHERE RIVERalias0.RIVER_NAME = ""north platte"" ;",easy
geography,dev,test,how long is the ohio river,"SELECT DISTINCT RIVERalias0.LENGTH FROM RIVER AS RIVERalias0 WHERE RIVERalias0.RIVER_NAME = ""ohio"" ;",easy
geography,dev,test,what is the length of the colorado river,"SELECT DISTINCT RIVERalias0.LENGTH FROM RIVER AS RIVERalias0 WHERE RIVERalias0.RIVER_NAME = ""colorado"" ;",easy
geography,dev,test,what is the length of the mississippi river,"SELECT DISTINCT RIVERalias0.LENGTH FROM RIVER AS RIVERalias0 WHERE RIVERalias0.RIVER_NAME = ""mississippi"" ;",easy
geography,dev,test,what length is the mississippi,"SELECT DISTINCT RIVERalias0.LENGTH FROM RIVER AS RIVERalias0 WHERE RIVERalias0.RIVER_NAME = ""mississippi"" ;",easy
geography,dev,train,how long is the mississippi,"SELECT DISTINCT RIVERalias0.LENGTH FROM RIVER AS RIVERalias0 WHERE RIVERalias0.RIVER_NAME = ""mississippi"" ;",easy
geography,dev,train,how long is the mississippi river in miles,"SELECT DISTINCT RIVERalias0.LENGTH FROM RIVER AS RIVERalias0 WHERE RIVERalias0.RIVER_NAME = ""mississippi"" ;",easy
geography,dev,train,how long is the mississippi river,"SELECT DISTINCT RIVERalias0.LENGTH FROM RIVER AS RIVERalias0 WHERE RIVERalias0.RIVER_NAME = ""mississippi"" ;",easy
geography,dev,train,how long is the rio grande river,"SELECT DISTINCT RIVERalias0.LENGTH FROM RIVER AS RIVERalias0 WHERE RIVERalias0.RIVER_NAME = ""rio grande"" ;",easy
geography,dev,train,how long is the missouri river,"SELECT DISTINCT RIVERalias0.LENGTH FROM RIVER AS RIVERalias0 WHERE RIVERalias0.RIVER_NAME = ""missouri"" ;",easy
geography,dev,train,how long is rio grande,"SELECT DISTINCT RIVERalias0.LENGTH FROM RIVER AS RIVERalias0 WHERE RIVERalias0.RIVER_NAME = ""rio grande"" ;",easy
geography,train,test,how long is the longest river in california,"SELECT RIVERalias0.LENGTH FROM RIVER AS RIVERalias0 WHERE RIVERalias0.LENGTH = ( SELECT MAX( RIVERalias1.LENGTH ) FROM RIVER AS RIVERalias1 WHERE RIVERalias1.TRAVERSE = ""california"" ) AND RIVERalias0.TRAVERSE = ""california"" ;",hard
geography,train,test,what is the length of the longest river that runs through texas,"SELECT RIVERalias0.LENGTH FROM RIVER AS RIVERalias0 WHERE RIVERalias0.LENGTH = ( SELECT MAX( RIVERalias1.LENGTH ) FROM RIVER AS RIVERalias1 WHERE RIVERalias1.TRAVERSE = ""texas"" ) AND RIVERalias0.TRAVERSE = ""texas"" ;",hard
geography,train,test,how many capitals does rhode island have,"SELECT COUNT( STATEalias0.CAPITAL ) FROM STATE AS STATEalias0 WHERE STATEalias0.STATE_NAME = ""rhode island"" ;",easy
geography,dev,test,how many cities are there in the united states,SELECT COUNT( CITYalias0.CITY_NAME ) FROM CITY AS CITYalias0 ;,easy
geography,dev,train,how many cities does the usa have,SELECT COUNT( CITYalias0.CITY_NAME ) FROM CITY AS CITYalias0 ;,easy
geography,dev,train,how many cities are there in the us,SELECT COUNT( CITYalias0.CITY_NAME ) FROM CITY AS CITYalias0 ;,easy
geography,dev,train,how many cities are there in usa,SELECT COUNT( CITYalias0.CITY_NAME ) FROM CITY AS CITYalias0 ;,easy
geography,dev,train,how many cities are there in us,SELECT COUNT( CITYalias0.CITY_NAME ) FROM CITY AS CITYalias0 ;,easy
geography,dev,train,how many major cities are there,SELECT COUNT( CITYalias0.CITY_NAME ) FROM CITY AS CITYalias0 WHERE CITYalias0.POPULATION > 150000 ;,easy
geography,train,test,how many citizens does the biggest city have in the usa,SELECT CITYalias0.POPULATION FROM CITY AS CITYalias0 WHERE CITYalias0.POPULATION = ( SELECT MAX( CITYalias1.POPULATION ) FROM CITY AS CITYalias1 ) ;,hard
geography,dev,test,how many colorado rivers are there,"SELECT COUNT( RIVERalias0.RIVER_NAME ) FROM RIVER AS RIVERalias0 WHERE RIVERalias0.RIVER_NAME = ""colorado"" ;",easy
geography,dev,train,how many rivers are called colorado,"SELECT COUNT( RIVERalias0.RIVER_NAME ) FROM RIVER AS RIVERalias0 WHERE RIVERalias0.RIVER_NAME = ""colorado"" ;",easy
geography,train,train,what is the population of washington dc,"SELECT CITYalias0.POPULATION FROM CITY AS CITYalias0 WHERE CITYalias0.CITY_NAME = ""washington"" AND CITYalias0.STATE_NAME = ""dc"" ;",easy
geography,train,train,how many people live in washington dc,"SELECT CITYalias0.POPULATION FROM CITY AS CITYalias0 WHERE CITYalias0.CITY_NAME = ""washington"" AND CITYalias0.STATE_NAME = ""dc"" ;",easy
geography,train,test,how many people live in minneapolis minnesota,"SELECT CITYalias0.POPULATION FROM CITY AS CITYalias0 WHERE CITYalias0.CITY_NAME = ""minneapolis"" AND CITYalias0.STATE_NAME = ""minnesota"" ;",easy
geography,train,dev,what is the population of atlanta georgia,"SELECT CITYalias0.POPULATION FROM CITY AS CITYalias0 WHERE CITYalias0.CITY_NAME = ""atlanta"" AND CITYalias0.STATE_NAME = ""georgia"" ;",easy
geography,train,test,what is the population of erie pennsylvania,"SELECT CITYalias0.POPULATION FROM CITY AS CITYalias0 WHERE CITYalias0.CITY_NAME = ""erie"" AND CITYalias0.STATE_NAME = ""pennsylvania"" ;",easy
geography,train,test,what is the population of tempe arizona,"SELECT CITYalias0.POPULATION FROM CITY AS CITYalias0 WHERE CITYalias0.CITY_NAME = ""tempe"" AND CITYalias0.STATE_NAME = ""arizona"" ;",easy
geography,train,train,what is the population of boston massachusetts,"SELECT CITYalias0.POPULATION FROM CITY AS CITYalias0 WHERE CITYalias0.CITY_NAME = ""boston"" AND CITYalias0.STATE_NAME = ""massachusetts"" ;",easy
geography,train,train,what is the population of springfield missouri,"SELECT CITYalias0.POPULATION FROM CITY AS CITYalias0 WHERE CITYalias0.CITY_NAME = ""springfield"" AND CITYalias0.STATE_NAME = ""missouri"" ;",easy
geography,train,train,what is the population of springfield south dakota,"SELECT CITYalias0.POPULATION FROM CITY AS CITYalias0 WHERE CITYalias0.CITY_NAME = ""springfield"" AND CITYalias0.STATE_NAME = ""south dakota"" ;",easy
geography,train,train,how many people live in austin texas,"SELECT CITYalias0.POPULATION FROM CITY AS CITYalias0 WHERE CITYalias0.CITY_NAME = ""austin"" AND CITYalias0.STATE_NAME = ""texas"" ;",easy
geography,train,train,what is the population of portland maine,"SELECT CITYalias0.POPULATION FROM CITY AS CITYalias0 WHERE CITYalias0.CITY_NAME = ""portland"" AND CITYalias0.STATE_NAME = ""maine"" ;",easy
geography,train,train,how many people live in spokane washington,"SELECT CITYalias0.POPULATION FROM CITY AS CITYalias0 WHERE CITYalias0.CITY_NAME = ""spokane"" AND CITYalias0.STATE_NAME = ""washington"" ;",easy
geography,train,train,what is the population of austin texas,"SELECT CITYalias0.POPULATION FROM CITY AS CITYalias0 WHERE CITYalias0.CITY_NAME = ""austin"" AND CITYalias0.STATE_NAME = ""texas"" ;",easy
geography,train,train,what is the population of seattle washington,"SELECT CITYalias0.POPULATION FROM CITY AS CITYalias0 WHERE CITYalias0.CITY_NAME = ""seattle"" AND CITYalias0.STATE_NAME = ""washington"" ;",easy
geography,train,test,how many people live in the biggest city in new york state,"SELECT CITYalias0.POPULATION FROM CITY AS CITYalias0 WHERE CITYalias0.POPULATION = ( SELECT MAX( CITYalias1.POPULATION ) FROM CITY AS CITYalias1 WHERE CITYalias1.STATE_NAME = ""new york"" ) AND CITYalias0.STATE_NAME = ""new york"" ;",hard
geography,train,train,how large is the largest city in alaska,"SELECT CITYalias0.POPULATION FROM CITY AS CITYalias0 WHERE CITYalias0.POPULATION = ( SELECT MAX( CITYalias1.POPULATION ) FROM CITY AS CITYalias1 WHERE CITYalias1.STATE_NAME = ""alaska"" ) AND CITYalias0.STATE_NAME = ""alaska"" ;",hard
geography,train,test,how many people live in the capital of texas,"SELECT CITYalias0.POPULATION FROM CITY AS CITYalias0 WHERE CITYalias0.CITY_NAME = ( SELECT STATEalias0.CAPITAL FROM STATE AS STATEalias0 WHERE STATEalias0.STATE_NAME = ""texas"" ) ;",medium
geography,train,train,how many people live in the capital of georgia,"SELECT CITYalias0.POPULATION FROM CITY AS CITYalias0 WHERE CITYalias0.CITY_NAME = ( SELECT STATEalias0.CAPITAL FROM STATE AS STATEalias0 WHERE STATEalias0.STATE_NAME = ""georgia"" ) ;",medium
geography,train,train,what is the size of the capital of texas,"SELECT CITYalias0.POPULATION FROM CITY AS CITYalias0 WHERE CITYalias0.CITY_NAME = ( SELECT STATEalias0.CAPITAL FROM STATE AS STATEalias0 WHERE STATEalias0.STATE_NAME = ""texas"" ) ;",medium
geography,test,test,how many people live in the united states,SELECT SUM( STATEalias0.POPULATION ) FROM STATE AS STATEalias0 ;,easy
geography,test,train,what is the combined population of all 50 states,SELECT SUM( STATEalias0.POPULATION ) FROM STATE AS STATEalias0 ;,easy
geography,train,test,how many rivers are in the state that has the most rivers,SELECT COUNT( RIVERalias0.RIVER_NAME ) FROM RIVER AS RIVERalias0 GROUP BY RIVERalias0.TRAVERSE ORDER BY COUNT( RIVERalias0.RIVER_NAME ) DESC LIMIT 1 ;,medium
geography,train,test,how many states are in the usa,SELECT COUNT( STATEalias0.STATE_NAME ) FROM STATE AS STATEalias0 ;,easy
geography,train,test,how many states are there,SELECT COUNT( STATEalias0.STATE_NAME ) FROM STATE AS STATEalias0 ;,easy
geography,train,test,how many states are there in the usa,SELECT COUNT( STATEalias0.STATE_NAME ) FROM STATE AS STATEalias0 ;,easy
geography,train,test,how many states does usa have,SELECT COUNT( STATEalias0.STATE_NAME ) FROM STATE AS STATEalias0 ;,easy
geography,train,train,how many states are in the united states,SELECT COUNT( STATEalias0.STATE_NAME ) FROM STATE AS STATEalias0 ;,easy
geography,train,train,how many states are there in united states,SELECT COUNT( STATEalias0.STATE_NAME ) FROM STATE AS STATEalias0 ;,easy
geography,test,test,how many states border iowa,"SELECT COUNT( BORDER_INFOalias0.BORDER ) FROM BORDER_INFO AS BORDER_INFOalias0 WHERE BORDER_INFOalias0.STATE_NAME = ""iowa"" ;",easy
geography,test,test,how many states does tennessee border,"SELECT COUNT( BORDER_INFOalias0.BORDER ) FROM BORDER_INFO AS BORDER_INFOalias0 WHERE BORDER_INFOalias0.STATE_NAME = ""tennessee"" ;",easy
geography,test,test,iowa borders how many states,"SELECT COUNT( BORDER_INFOalias0.BORDER ) FROM BORDER_INFO AS BORDER_INFOalias0 WHERE BORDER_INFOalias0.STATE_NAME = ""iowa"" ;",easy
geography,test,test,number of states bordering iowa,"SELECT COUNT( BORDER_INFOalias0.BORDER ) FROM BORDER_INFO AS BORDER_INFOalias0 WHERE BORDER_INFOalias0.STATE_NAME = ""iowa"" ;",easy
geography,test,train,how many states border hawaii,"SELECT COUNT( BORDER_INFOalias0.BORDER ) FROM BORDER_INFO AS BORDER_INFOalias0 WHERE BORDER_INFOalias0.STATE_NAME = ""hawaii"" ;",easy
geography,test,train,how many states border tennessee,"SELECT COUNT( BORDER_INFOalias0.BORDER ) FROM BORDER_INFO AS BORDER_INFOalias0 WHERE BORDER_INFOalias0.STATE_NAME = ""tennessee"" ;",easy
geography,test,train,how many states does iowa border,"SELECT COUNT( BORDER_INFOalias0.BORDER ) FROM BORDER_INFO AS BORDER_INFOalias0 WHERE BORDER_INFOalias0.STATE_NAME = ""iowa"" ;",easy
geography,test,train,how many states border alaska,"SELECT COUNT( BORDER_INFOalias0.BORDER ) FROM BORDER_INFO AS BORDER_INFOalias0 WHERE BORDER_INFOalias0.STATE_NAME = ""alaska"" ;",easy
geography,test,train,how many states does missouri border,"SELECT COUNT( BORDER_INFOalias0.BORDER ) FROM BORDER_INFO AS BORDER_INFOalias0 WHERE BORDER_INFOalias0.STATE_NAME = ""missouri"" ;",easy
geography,test,train,how many states border texas,"SELECT COUNT( BORDER_INFOalias0.BORDER ) FROM BORDER_INFO AS BORDER_INFOalias0 WHERE BORDER_INFOalias0.STATE_NAME = ""texas"" ;",easy
geography,test,train,what is the number of neighboring states for kentucky,"SELECT COUNT( BORDER_INFOalias0.BORDER ) FROM BORDER_INFO AS BORDER_INFOalias0 WHERE BORDER_INFOalias0.STATE_NAME = ""kentucky"" ;",easy
geography,train,test,how many states border the state with the largest population,SELECT COUNT( BORDER_INFOalias0.BORDER ) FROM BORDER_INFO AS BORDER_INFOalias0 WHERE BORDER_INFOalias0.STATE_NAME IN ( SELECT STATEalias0.STATE_NAME FROM STATE AS STATEalias0 WHERE STATEalias0.POPULATION = ( SELECT MAX( STATEalias1.POPULATION ) FROM STATE AS STATEalias1 ) ) ;,hard
geography,train,test,how many states do not have rivers,SELECT COUNT( DISTINCT STATEalias0.STATE_NAME ) FROM STATE AS STATEalias0 WHERE STATEalias0.STATE_NAME NOT IN ( SELECT RIVERalias0.TRAVERSE FROM RIVER AS RIVERalias0 ) ;,hard
geography,train,test,how many states have a higher point than the highest point of the state with the largest capital city in the us,SELECT COUNT( HIGHLOWalias0.STATE_NAME ) FROM HIGHLOW AS HIGHLOWalias0 WHERE HIGHLOWalias0.HIGHEST_ELEVATION > ( SELECT HIGHLOWalias1.HIGHEST_ELEVATION FROM HIGHLOW AS HIGHLOWalias1 WHERE HIGHLOWalias1.STATE_NAME = ( SELECT STATEalias0.STATE_NAME FROM STATE AS STATEalias0 WHERE STATEalias0.CAPITAL = ( SELECT CITYalias0.CITY_NAME FROM CITY AS CITYalias0 WHERE CITYalias0.POPULATION = ( SELECT MAX( CITYalias1.POPULATION ) FROM CITY AS CITYalias1 ) ) ) ) ;,hard
geography,test,test,name the major rivers in florida,"SELECT RIVERalias0.RIVER_NAME FROM RIVER AS RIVERalias0 WHERE RIVERalias0.LENGTH > 750 AND RIVERalias0.TRAVERSE = ""florida"" ;",easy
geography,test,test,what are the major rivers in ohio,"SELECT RIVERalias0.RIVER_NAME FROM RIVER AS RIVERalias0 WHERE RIVERalias0.LENGTH > 750 AND RIVERalias0.TRAVERSE = ""ohio"" ;",easy
geography,test,dev,what are major rivers in texas,"SELECT RIVERalias0.RIVER_NAME FROM RIVER AS RIVERalias0 WHERE RIVERalias0.LENGTH > 750 AND RIVERalias0.TRAVERSE = ""texas"" ;",easy
geography,test,train,what major rivers run through illinois,"SELECT RIVERalias0.RIVER_NAME FROM RIVER AS RIVERalias0 WHERE RIVERalias0.LENGTH > 750 AND RIVERalias0.TRAVERSE = ""illinois"" ;",easy
geography,test,test,through which states does the longest river in texas run,"SELECT RIVERalias0.TRAVERSE FROM RIVER AS RIVERalias0 WHERE RIVERalias0.LENGTH = ( SELECT MAX( RIVERalias1.LENGTH ) FROM RIVER AS RIVERalias1 WHERE RIVERalias1.TRAVERSE = ""texas"" ) ;",hard
geography,test,test,what are the capital city in texas,"SELECT STATEalias0.CAPITAL FROM STATE AS STATEalias0 WHERE STATEalias0.STATE_NAME = ""texas"" ;",easy
geography,test,test,what is the capital of california,"SELECT STATEalias0.CAPITAL FROM STATE AS STATEalias0 WHERE STATEalias0.STATE_NAME = ""california"" ;",easy
geography,test,test,what is the capital of colorado,"SELECT STATEalias0.CAPITAL FROM STATE AS STATEalias0 WHERE STATEalias0.STATE_NAME = ""colorado"" ;",easy
geography,test,test,what is the capital of illinois,"SELECT STATEalias0.CAPITAL FROM STATE AS STATEalias0 WHERE STATEalias0.STATE_NAME = ""illinois"" ;",easy
geography,test,test,what is the capital of iowa,"SELECT STATEalias0.CAPITAL FROM STATE AS STATEalias0 WHERE STATEalias0.STATE_NAME = ""iowa"" ;",easy
geography,test,test,what is the capital of massachusetts,"SELECT STATEalias0.CAPITAL FROM STATE AS STATEalias0 WHERE STATEalias0.STATE_NAME = ""massachusetts"" ;",easy
geography,test,test,what is the capital of new jersey,"SELECT STATEalias0.CAPITAL FROM STATE AS STATEalias0 WHERE STATEalias0.STATE_NAME = ""new jersey"" ;",easy
geography,test,test,what is the capital of new york,"SELECT STATEalias0.CAPITAL FROM STATE AS STATEalias0 WHERE STATEalias0.STATE_NAME = ""new york"" ;",easy
geography,test,test,what is the capital of north dakota,"SELECT STATEalias0.CAPITAL FROM STATE AS STATEalias0 WHERE STATEalias0.STATE_NAME = ""north dakota"" ;",easy
geography,test,test,what is the capital of ohio,"SELECT STATEalias0.CAPITAL FROM STATE AS STATEalias0 WHERE STATEalias0.STATE_NAME = ""ohio"" ;",easy
geography,test,test,what is the capital of the florida state,"SELECT STATEalias0.CAPITAL FROM STATE AS STATEalias0 WHERE STATEalias0.STATE_NAME = ""florida"" ;",easy
geography,test,train,what is the capital of pennsylvania,"SELECT STATEalias0.CAPITAL FROM STATE AS STATEalias0 WHERE STATEalias0.STATE_NAME = ""pennsylvania"" ;",easy
geography,test,train,what is the capital of texas,"SELECT STATEalias0.CAPITAL FROM STATE AS STATEalias0 WHERE STATEalias0.STATE_NAME = ""texas"" ;",easy
geography,test,train,what is the capital of maryland,"SELECT STATEalias0.CAPITAL FROM STATE AS STATEalias0 WHERE STATEalias0.STATE_NAME = ""maryland"" ;",easy
geography,test,train,what is capital of iowa,"SELECT STATEalias0.CAPITAL FROM STATE AS STATEalias0 WHERE STATEalias0.STATE_NAME = ""iowa"" ;",easy
geography,test,train,what is the capital of vermont,"SELECT STATEalias0.CAPITAL FROM STATE AS STATEalias0 WHERE STATEalias0.STATE_NAME = ""vermont"" ;",easy
geography,test,train,what is the capital of georgia,"SELECT STATEalias0.CAPITAL FROM STATE AS STATEalias0 WHERE STATEalias0.STATE_NAME = ""georgia"" ;",easy
geography,test,train,what is the capital of utah,"SELECT STATEalias0.CAPITAL FROM STATE AS STATEalias0 WHERE STATEalias0.STATE_NAME = ""utah"" ;",easy
geography,test,train,what is the capital of maine,"SELECT STATEalias0.CAPITAL FROM STATE AS STATEalias0 WHERE STATEalias0.STATE_NAME = ""maine"" ;",easy
geography,test,train,what is the capital of the state texas,"SELECT STATEalias0.CAPITAL FROM STATE AS STATEalias0 WHERE STATEalias0.STATE_NAME = ""texas"" ;",easy
geography,test,train,what is the capital of washington,"SELECT STATEalias0.CAPITAL FROM STATE AS STATEalias0 WHERE STATEalias0.STATE_NAME = ""washington"" ;",easy
geography,test,train,what is the capital of indiana,"SELECT STATEalias0.CAPITAL FROM STATE AS STATEalias0 WHERE STATEalias0.STATE_NAME = ""indiana"" ;",easy
geography,test,train,what is the capital of the alabama state,"SELECT STATEalias0.CAPITAL FROM STATE AS STATEalias0 WHERE STATEalias0.STATE_NAME = ""alabama"" ;",easy
geography,test,train,what is the capital of michigan,"SELECT STATEalias0.CAPITAL FROM STATE AS STATEalias0 WHERE STATEalias0.STATE_NAME = ""michigan"" ;",easy
geography,test,train,what is the capital of hawaii,"SELECT STATEalias0.CAPITAL FROM STATE AS STATEalias0 WHERE STATEalias0.STATE_NAME = ""hawaii"" ;",easy
geography,test,train,what is the capital of new hampshire,"SELECT STATEalias0.CAPITAL FROM STATE AS STATEalias0 WHERE STATEalias0.STATE_NAME = ""new hampshire"" ;",easy
geography,test,train,can you tell me the capital of texas,"SELECT STATEalias0.CAPITAL FROM STATE AS STATEalias0 WHERE STATEalias0.STATE_NAME = ""texas"" ;",easy
geography,train,test,what are the capitals of states that border missouri,"SELECT STATEalias0.CAPITAL FROM BORDER_INFO AS BORDER_INFOalias0 , STATE AS STATEalias0 WHERE BORDER_INFOalias0.STATE_NAME = ""missouri"" AND STATEalias0.STATE_NAME = BORDER_INFOalias0.BORDER ;",easy
geography,train,train,what are the capital cities of the states which border texas,"SELECT STATEalias0.CAPITAL FROM BORDER_INFO AS BORDER_INFOalias0 , STATE AS STATEalias0 WHERE BORDER_INFOalias0.STATE_NAME = ""texas"" AND STATEalias0.STATE_NAME = BORDER_INFOalias0.BORDER ;",easy
geography,train,train,what are the capitals of the states that border texas,"SELECT STATEalias0.CAPITAL FROM BORDER_INFO AS BORDER_INFOalias0 , STATE AS STATEalias0 WHERE BORDER_INFOalias0.STATE_NAME = ""texas"" AND STATEalias0.STATE_NAME = BORDER_INFOalias0.BORDER ;",easy
geography,train,train,which capitals are in the states that border texas,"SELECT STATEalias0.CAPITAL FROM BORDER_INFO AS BORDER_INFOalias0 , STATE AS STATEalias0 WHERE BORDER_INFOalias0.STATE_NAME = ""texas"" AND STATEalias0.STATE_NAME = BORDER_INFOalias0.BORDER ;",easy
geography,train,test,what are the cities in states through which the mississippi runs,"SELECT CITYalias0.CITY_NAME FROM CITY AS CITYalias0 WHERE CITYalias0.STATE_NAME IN ( SELECT RIVERalias0.TRAVERSE FROM RIVER AS RIVERalias0 WHERE RIVERalias0.RIVER_NAME = ""mississippi"" ) ;",medium
geography,train,test,what are the cities of the state with the highest point,SELECT CITYalias0.CITY_NAME FROM CITY AS CITYalias0 WHERE CITYalias0.STATE_NAME IN ( SELECT HIGHLOWalias0.STATE_NAME FROM HIGHLOW AS HIGHLOWalias0 WHERE HIGHLOWalias0.HIGHEST_ELEVATION = ( SELECT MAX( HIGHLOWalias1.HIGHEST_ELEVATION ) FROM HIGHLOW AS HIGHLOWalias1 ) ) ;,hard
geography,dev,test,what are the highest points of all the states,SELECT HIGHLOWalias0.HIGHEST_POINT FROM HIGHLOW AS HIGHLOWalias0 ;,easy
geography,train,test,what are the major cities in alabama,"SELECT CITYalias0.CITY_NAME FROM CITY AS CITYalias0 WHERE CITYalias0.POPULATION > 150000 AND CITYalias0.STATE_NAME = ""alabama"" ;",easy
geography,train,test,what are the major cities in alaska,"SELECT CITYalias0.CITY_NAME FROM CITY AS CITYalias0 WHERE CITYalias0.POPULATION > 150000 AND CITYalias0.STATE_NAME = ""alaska"" ;",easy
geography,train,test,what are the major cities in new york,"SELECT CITYalias0.CITY_NAME FROM CITY AS CITYalias0 WHERE CITYalias0.POPULATION > 150000 AND CITYalias0.STATE_NAME = ""new york"" ;",easy
geography,train,test,what are the major cities in the state of california,"SELECT CITYalias0.CITY_NAME FROM CITY AS CITYalias0 WHERE CITYalias0.POPULATION > 150000 AND CITYalias0.STATE_NAME = ""california"" ;",easy
geography,train,test,what are the major cities in vermont,"SELECT CITYalias0.CITY_NAME FROM CITY AS CITYalias0 WHERE CITYalias0.POPULATION > 150000 AND CITYalias0.STATE_NAME = ""vermont"" ;",easy
geography,train,test,what major cities are located in pennsylvania,"SELECT CITYalias0.CITY_NAME FROM CITY AS CITYalias0 WHERE CITYalias0.POPULATION > 150000 AND CITYalias0.STATE_NAME = ""pennsylvania"" ;",easy
geography,train,train,what are the major cities in texas,"SELECT CITYalias0.CITY_NAME FROM CITY AS CITYalias0 WHERE CITYalias0.POPULATION > 150000 AND CITYalias0.STATE_NAME = ""texas"" ;",easy
geography,train,train,what are the major cities in oklahoma,"SELECT CITYalias0.CITY_NAME FROM CITY AS CITYalias0 WHERE CITYalias0.POPULATION > 150000 AND CITYalias0.STATE_NAME = ""oklahoma"" ;",easy
geography,train,train,show major cities in colorado,"SELECT CITYalias0.CITY_NAME FROM CITY AS CITYalias0 WHERE CITYalias0.POPULATION > 150000 AND CITYalias0.STATE_NAME = ""colorado"" ;",easy
geography,train,train,what are the major cities in new mexico,"SELECT CITYalias0.CITY_NAME FROM CITY AS CITYalias0 WHERE CITYalias0.POPULATION > 150000 AND CITYalias0.STATE_NAME = ""new mexico"" ;",easy
geography,train,train,what are the names of the major cities in illinois,"SELECT CITYalias0.CITY_NAME FROM CITY AS CITYalias0 WHERE CITYalias0.POPULATION > 150000 AND CITYalias0.STATE_NAME = ""illinois"" ;",easy
geography,train,train,what are the major cities in north carolina,"SELECT CITYalias0.CITY_NAME FROM CITY AS CITYalias0 WHERE CITYalias0.POPULATION > 150000 AND CITYalias0.STATE_NAME = ""north carolina"" ;",easy
geography,train,train,what are the major cities in ohio,"SELECT CITYalias0.CITY_NAME FROM CITY AS CITYalias0 WHERE CITYalias0.POPULATION > 150000 AND CITYalias0.STATE_NAME = ""ohio"" ;",easy
geography,train,train,what are the major cities of texas,"SELECT CITYalias0.CITY_NAME FROM CITY AS CITYalias0 WHERE CITYalias0.POPULATION > 150000 AND CITYalias0.STATE_NAME = ""texas"" ;",easy
geography,train,train,what are the major cities in wyoming,"SELECT CITYalias0.CITY_NAME FROM CITY AS CITYalias0 WHERE CITYalias0.POPULATION > 150000 AND CITYalias0.STATE_NAME = ""wyoming"" ;",easy
geography,train,train,what are the major cities in california,"SELECT CITYalias0.CITY_NAME FROM CITY AS CITYalias0 WHERE CITYalias0.POPULATION > 150000 AND CITYalias0.STATE_NAME = ""california"" ;",easy
geography,train,train,what are the major cities in delaware,"SELECT CITYalias0.CITY_NAME FROM CITY AS CITYalias0 WHERE CITYalias0.POPULATION > 150000 AND CITYalias0.STATE_NAME = ""delaware"" ;",easy
geography,train,train,what is the major cities in montana,"SELECT CITYalias0.CITY_NAME FROM CITY AS CITYalias0 WHERE CITYalias0.POPULATION > 150000 AND CITYalias0.STATE_NAME = ""montana"" ;",easy
geography,train,train,what are the major cities in rhode island,"SELECT CITYalias0.CITY_NAME FROM CITY AS CITYalias0 WHERE CITYalias0.POPULATION > 150000 AND CITYalias0.STATE_NAME = ""rhode island"" ;",easy
geography,train,train,what are the major cities in missouri,"SELECT CITYalias0.CITY_NAME FROM CITY AS CITYalias0 WHERE CITYalias0.POPULATION > 150000 AND CITYalias0.STATE_NAME = ""missouri"" ;",easy
geography,train,train,what are the major cities in kansas,"SELECT CITYalias0.CITY_NAME FROM CITY AS CITYalias0 WHERE CITYalias0.POPULATION > 150000 AND CITYalias0.STATE_NAME = ""kansas"" ;",easy
geography,train,test,what are the major cities in states through which the mississippi runs,"SELECT CITYalias0.CITY_NAME FROM CITY AS CITYalias0 WHERE CITYalias0.POPULATION > 150000 AND CITYalias0.STATE_NAME IN ( SELECT RIVERalias0.TRAVERSE FROM RIVER AS RIVERalias0 WHERE RIVERalias0.LENGTH > 750 AND RIVERalias0.RIVER_NAME = ""mississippi"" ) ;",hard
geography,test,test,what are the major cities in the usa,SELECT CITYalias0.CITY_NAME FROM CITY AS CITYalias0 WHERE CITYalias0.POPULATION > 150000 ;,easy
geography,test,train,what are the major cities of the united states,SELECT CITYalias0.CITY_NAME FROM CITY AS CITYalias0 WHERE CITYalias0.POPULATION > 150000 ;,easy
geography,test,train,what are the major cities of the us,SELECT CITYalias0.CITY_NAME FROM CITY AS CITYalias0 WHERE CITYalias0.POPULATION > 150000 ;,easy
geography,train,test,what are the population densities of each us state,SELECT STATEalias0.DENSITY FROM STATE AS STATEalias0 ;,easy
geography,train,test,what are the populations of states through which the mississippi river run,"SELECT STATEalias0.POPULATION FROM STATE AS STATEalias0 WHERE STATEalias0.STATE_NAME IN ( SELECT RIVERalias0.TRAVERSE FROM RIVER AS RIVERalias0 WHERE RIVERalias0.RIVER_NAME = ""mississippi"" ) ;",medium
geography,train,test,what are the populations of states through which the mississippi runs,"SELECT STATEalias0.POPULATION FROM STATE AS STATEalias0 WHERE STATEalias0.STATE_NAME IN ( SELECT RIVERalias0.TRAVERSE FROM RIVER AS RIVERalias0 WHERE RIVERalias0.RIVER_NAME = ""mississippi"" ) ;",medium
geography,train,train,what are the populations of the states through which the mississippi runs,"SELECT STATEalias0.POPULATION FROM STATE AS STATEalias0 WHERE STATEalias0.STATE_NAME IN ( SELECT RIVERalias0.TRAVERSE FROM RIVER AS RIVERalias0 WHERE RIVERalias0.RIVER_NAME = ""mississippi"" ) ;",medium
geography,train,train,what are the populations of states through which the mississippi river runs,"SELECT STATEalias0.POPULATION FROM STATE AS STATEalias0 WHERE STATEalias0.STATE_NAME IN ( SELECT RIVERalias0.TRAVERSE FROM RIVER AS RIVERalias0 WHERE RIVERalias0.RIVER_NAME = ""mississippi"" ) ;",medium
geography,train,train,what are the populations of the states through which the mississippi run,"SELECT STATEalias0.POPULATION FROM STATE AS STATEalias0 WHERE STATEalias0.STATE_NAME IN ( SELECT RIVERalias0.TRAVERSE FROM RIVER AS RIVERalias0 WHERE RIVERalias0.RIVER_NAME = ""mississippi"" ) ;",medium
geography,train,train,what are the populations of the states through which the mississippi river run,"SELECT STATEalias0.POPULATION FROM STATE AS STATEalias0 WHERE STATEalias0.STATE_NAME IN ( SELECT RIVERalias0.TRAVERSE FROM RIVER AS RIVERalias0 WHERE RIVERalias0.RIVER_NAME = ""mississippi"" ) ;",medium
geography,train,train,what are the populations of states through which the mississippi run,"SELECT STATEalias0.POPULATION FROM STATE AS STATEalias0 WHERE STATEalias0.STATE_NAME IN ( SELECT RIVERalias0.TRAVERSE FROM RIVER AS RIVERalias0 WHERE RIVERalias0.RIVER_NAME = ""mississippi"" ) ;",medium
geography,train,train,what are the populations of the states through which the mississippi river runs,"SELECT STATEalias0.POPULATION FROM STATE AS STATEalias0 WHERE STATEalias0.STATE_NAME IN ( SELECT RIVERalias0.TRAVERSE FROM RIVER AS RIVERalias0 WHERE RIVERalias0.RIVER_NAME = ""mississippi"" ) ;",medium
geography,train,test,what are the populations of states which border texas,"SELECT STATEalias0.POPULATION FROM BORDER_INFO AS BORDER_INFOalias0 , STATE AS STATEalias0 WHERE BORDER_INFOalias0.STATE_NAME = ""texas"" AND STATEalias0.STATE_NAME = BORDER_INFOalias0.BORDER ;",easy
geography,train,test,what are the populations of the major cities of texas,"SELECT CITYalias0.POPULATION FROM CITY AS CITYalias0 WHERE CITYalias0.POPULATION > 150000 AND CITYalias0.STATE_NAME = ""texas"" ;",easy
geography,train,train,what are the populations of all the major cities in montana,"SELECT CITYalias0.POPULATION FROM CITY AS CITYalias0 WHERE CITYalias0.POPULATION > 150000 AND CITYalias0.STATE_NAME = ""montana"" ;",easy
geography,train,train,what is the population of the major cities in wisconsin,"SELECT CITYalias0.POPULATION FROM CITY AS CITYalias0 WHERE CITYalias0.POPULATION > 150000 AND CITYalias0.STATE_NAME = ""wisconsin"" ;",easy
geography,train,test,what city has the most people,SELECT CITYalias0.CITY_NAME FROM CITY AS CITYalias0 WHERE CITYalias0.POPULATION = ( SELECT MAX( CITYalias1.POPULATION ) FROM CITY AS CITYalias1 ) ;,hard
geography,train,test,what city in the united states has the highest population,SELECT CITYalias0.CITY_NAME FROM CITY AS CITYalias0 WHERE CITYalias0.POPULATION = ( SELECT MAX( CITYalias1.POPULATION ) FROM CITY AS CITYalias1 ) ;,hard
geography,train,test,what is the most populous city,SELECT CITYalias0.CITY_NAME FROM CITY AS CITYalias0 WHERE CITYalias0.POPULATION = ( SELECT MAX( CITYalias1.POPULATION ) FROM CITY AS CITYalias1 ) ;,hard
geography,train,test,which us city has the highest population,SELECT CITYalias0.CITY_NAME FROM CITY AS CITYalias0 WHERE CITYalias0.POPULATION = ( SELECT MAX( CITYalias1.POPULATION ) FROM CITY AS CITYalias1 ) ;,hard
geography,train,train,what is the biggest city in the usa,SELECT CITYalias0.CITY_NAME FROM CITY AS CITYalias0 WHERE CITYalias0.POPULATION = ( SELECT MAX( CITYalias1.POPULATION ) FROM CITY AS CITYalias1 ) ;,hard
geography,train,train,whats the largest city,SELECT CITYalias0.CITY_NAME FROM CITY AS CITYalias0 WHERE CITYalias0.POPULATION = ( SELECT MAX( CITYalias1.POPULATION ) FROM CITY AS CITYalias1 ) ;,hard
geography,train,train,what city has the largest population,SELECT CITYalias0.CITY_NAME FROM CITY AS CITYalias0 WHERE CITYalias0.POPULATION = ( SELECT MAX( CITYalias1.POPULATION ) FROM CITY AS CITYalias1 ) ;,hard
geography,train,train,what is the biggest city in the us,SELECT CITYalias0.CITY_NAME FROM CITY AS CITYalias0 WHERE CITYalias0.POPULATION = ( SELECT MAX( CITYalias1.POPULATION ) FROM CITY AS CITYalias1 ) ;,hard
geography,train,train,what is the biggest city in usa,SELECT CITYalias0.CITY_NAME FROM CITY AS CITYalias0 WHERE CITYalias0.POPULATION = ( SELECT MAX( CITYalias1.POPULATION ) FROM CITY AS CITYalias1 ) ;,hard
geography,train,test,what is capital of the state with the lowest point,"SELECT STATEalias0.CAPITAL FROM HIGHLOW AS HIGHLOWalias0 , STATE AS STATEalias0 WHERE HIGHLOWalias0.LOWEST_ELEVATION = ( SELECT MIN( HIGHLOWalias1.LOWEST_ELEVATION ) FROM HIGHLOW AS HIGHLOWalias1 ) AND STATEalias0.STATE_NAME = HIGHLOWalias0.STATE_NAME ;",hard
geography,dev,test,what is the biggest american city in a state with a river,"SELECT DISTINCT CITYalias0.CITY_NAME FROM CITY AS CITYalias0 , RIVER AS RIVERalias0 WHERE CITYalias0.POPULATION = ( SELECT MAX( CITYalias1.POPULATION ) FROM CITY AS CITYalias1 , RIVER AS RIVERalias1 WHERE RIVERalias1.TRAVERSE = CITYalias1.STATE_NAME ) AND RIVERalias0.TRAVERSE = CITYalias0.STATE_NAME ;",hard
geography,train,test,what is the biggest capital city in the us,"SELECT CITYalias0.CITY_NAME FROM CITY AS CITYalias0 WHERE CITYalias0.POPULATION = ( SELECT MAX( CITYalias1.POPULATION ) FROM CITY AS CITYalias1 , STATE AS STATEalias0 WHERE STATEalias0.CAPITAL = CITYalias1.CITY_NAME ) ;",hard
geography,train,test,what is the largest capital city in the usa,"SELECT CITYalias0.CITY_NAME FROM CITY AS CITYalias0 WHERE CITYalias0.POPULATION = ( SELECT MAX( CITYalias1.POPULATION ) FROM CITY AS CITYalias1 , STATE AS STATEalias0 WHERE STATEalias0.CAPITAL = CITYalias1.CITY_NAME ) ;",hard
geography,train,train,what is the largest state capital in population,"SELECT CITYalias0.CITY_NAME FROM CITY AS CITYalias0 WHERE CITYalias0.POPULATION = ( SELECT MAX( CITYalias1.POPULATION ) FROM CITY AS CITYalias1 , STATE AS STATEalias0 WHERE STATEalias0.CAPITAL = CITYalias1.CITY_NAME ) ;",hard
geography,train,train,what is the largest capital,"SELECT CITYalias0.CITY_NAME FROM CITY AS CITYalias0 WHERE CITYalias0.POPULATION = ( SELECT MAX( CITYalias1.POPULATION ) FROM CITY AS CITYalias1 , STATE AS STATEalias0 WHERE STATEalias0.CAPITAL = CITYalias1.CITY_NAME ) ;",hard
geography,train,train,what is the most populated capital in the usa,"SELECT CITYalias0.CITY_NAME FROM CITY AS CITYalias0 WHERE CITYalias0.POPULATION = ( SELECT MAX( CITYalias1.POPULATION ) FROM CITY AS CITYalias1 , STATE AS STATEalias0 WHERE STATEalias0.CAPITAL = CITYalias1.CITY_NAME ) ;",hard
geography,train,train,what capital is the largest in the us,"SELECT CITYalias0.CITY_NAME FROM CITY AS CITYalias0 WHERE CITYalias0.POPULATION = ( SELECT MAX( CITYalias1.POPULATION ) FROM CITY AS CITYalias1 , STATE AS STATEalias0 WHERE STATEalias0.CAPITAL = CITYalias1.CITY_NAME ) ;",hard
geography,train,train,what capital has the largest population,"SELECT CITYalias0.CITY_NAME FROM CITY AS CITYalias0 WHERE CITYalias0.POPULATION = ( SELECT MAX( CITYalias1.POPULATION ) FROM CITY AS CITYalias1 , STATE AS STATEalias0 WHERE STATEalias0.CAPITAL = CITYalias1.CITY_NAME ) ;",hard
geography,train,train,what is largest capital,"SELECT CITYalias0.CITY_NAME FROM CITY AS CITYalias0 WHERE CITYalias0.POPULATION = ( SELECT MAX( CITYalias1.POPULATION ) FROM CITY AS CITYalias1 , STATE AS STATEalias0 WHERE STATEalias0.CAPITAL = CITYalias1.CITY_NAME ) ;",hard
geography,train,test,what is the capital of states that have cities named durham,"SELECT STATEalias0.CAPITAL FROM CITY AS CITYalias0 , STATE AS STATEalias0 WHERE CITYalias0.CITY_NAME = ""durham"" AND STATEalias0.STATE_NAME = CITYalias0.STATE_NAME ;",easy
geography,train,test,what is the capital of the smallest state,SELECT STATEalias0.CAPITAL FROM STATE AS STATEalias0 WHERE STATEalias0.AREA = ( SELECT MIN( STATEalias1.AREA ) FROM STATE AS STATEalias1 ) ;,hard
geography,test,test,what is the capital of the state with the largest population density,SELECT DISTINCT STATEalias0.CAPITAL FROM STATE AS STATEalias0 WHERE STATEalias0.DENSITY = ( SELECT MAX( STATEalias1.DENSITY ) FROM STATE AS STATEalias1 ) ;,hard
geography,test,test,what is the capital of the state with the largest population,SELECT STATEalias0.CAPITAL FROM STATE AS STATEalias0 WHERE STATEalias0.POPULATION = ( SELECT MAX( STATEalias1.POPULATION ) FROM STATE AS STATEalias1 ) ;,hard
geography,test,test,what is the capital of the state with the most inhabitants,SELECT STATEalias0.CAPITAL FROM STATE AS STATEalias0 WHERE STATEalias0.POPULATION = ( SELECT MAX( STATEalias1.POPULATION ) FROM STATE AS STATEalias1 ) ;,hard
geography,train,test,what is the capital of the state with the longest river,SELECT STATEalias0.CAPITAL FROM STATE AS STATEalias0 WHERE STATEalias0.STATE_NAME IN ( SELECT RIVERalias0.TRAVERSE FROM RIVER AS RIVERalias0 WHERE RIVERalias0.LENGTH = ( SELECT MAX( RIVERalias1.LENGTH ) FROM RIVER AS RIVERalias1 ) ) ;,hard
geography,train,test,what is the combined area of all 50 states,SELECT SUM( STATEalias0.AREA ) FROM STATE AS STATEalias0 ;,easy
geography,train,train,what is the area of all the states combined,SELECT SUM( STATEalias0.AREA ) FROM STATE AS STATEalias0 ;,easy
geography,train,train,how many square kilometers in the us,SELECT SUM( STATEalias0.AREA ) FROM STATE AS STATEalias0 ;,easy
geography,train,train,what is the total area of the usa,SELECT SUM( STATEalias0.AREA ) FROM STATE AS STATEalias0 ;,easy
geography,train,test,what is the density of the new york,"SELECT STATEalias0.DENSITY FROM STATE AS STATEalias0 WHERE STATEalias0.STATE_NAME = ""new york"" ;",easy
geography,train,test,what is the population density of maine,"SELECT STATEalias0.DENSITY FROM STATE AS STATEalias0 WHERE STATEalias0.STATE_NAME = ""maine"" ;",easy
geography,train,train,what is the population density of south dakota,"SELECT STATEalias0.DENSITY FROM STATE AS STATEalias0 WHERE STATEalias0.STATE_NAME = ""south dakota"" ;",easy
geography,train,train,what is the population density of texas,"SELECT STATEalias0.DENSITY FROM STATE AS STATEalias0 WHERE STATEalias0.STATE_NAME = ""texas"" ;",easy
geography,train,train,what is the density of texas,"SELECT STATEalias0.DENSITY FROM STATE AS STATEalias0 WHERE STATEalias0.STATE_NAME = ""texas"" ;",easy
geography,train,train,what is the population density of wyoming,"SELECT STATEalias0.DENSITY FROM STATE AS STATEalias0 WHERE STATEalias0.STATE_NAME = ""wyoming"" ;",easy
geography,dev,test,what is the highest mountain in the us,SELECT MOUNTAINalias0.MOUNTAIN_NAME FROM MOUNTAIN AS MOUNTAINalias0 WHERE MOUNTAINalias0.MOUNTAIN_ALTITUDE = ( SELECT MAX( MOUNTAINalias1.MOUNTAIN_ALTITUDE ) FROM MOUNTAIN AS MOUNTAINalias1 ) ;,hard
geography,dev,test,what is the highest mountain in us,SELECT MOUNTAINalias0.MOUNTAIN_NAME FROM MOUNTAIN AS MOUNTAINalias0 WHERE MOUNTAINalias0.MOUNTAIN_ALTITUDE = ( SELECT MAX( MOUNTAINalias1.MOUNTAIN_ALTITUDE ) FROM MOUNTAIN AS MOUNTAINalias1 ) ;,hard
geography,dev,train,what is the tallest mountain in america,SELECT MOUNTAINalias0.MOUNTAIN_NAME FROM MOUNTAIN AS MOUNTAINalias0 WHERE MOUNTAINalias0.MOUNTAIN_ALTITUDE = ( SELECT MAX( MOUNTAINalias1.MOUNTAIN_ALTITUDE ) FROM MOUNTAIN AS MOUNTAINalias1 ) ;,hard
geography,dev,train,what is the tallest mountain in the united states,SELECT MOUNTAINalias0.MOUNTAIN_NAME FROM MOUNTAIN AS MOUNTAINalias0 WHERE MOUNTAINalias0.MOUNTAIN_ALTITUDE = ( SELECT MAX( MOUNTAINalias1.MOUNTAIN_ALTITUDE ) FROM MOUNTAIN AS MOUNTAINalias1 ) ;,hard
geography,train,test,what is the highest point in the state with capital austin,"SELECT HIGHLOWalias0.HIGHEST_POINT FROM HIGHLOW AS HIGHLOWalias0 WHERE HIGHLOWalias0.STATE_NAME IN ( SELECT STATEalias0.STATE_NAME FROM STATE AS STATEalias0 WHERE STATEalias0.CAPITAL = ""austin"" ) ;",medium
geography,train,train,what is the highest point in the state with capital des moines,"SELECT HIGHLOWalias0.HIGHEST_POINT FROM HIGHLOW AS HIGHLOWalias0 WHERE HIGHLOWalias0.STATE_NAME IN ( SELECT STATEalias0.STATE_NAME FROM STATE AS STATEalias0 WHERE STATEalias0.CAPITAL = ""des moines"" ) ;",medium
geography,train,train,what is the highest point in the state with the capital des moines,"SELECT HIGHLOWalias0.HIGHEST_POINT FROM HIGHLOW AS HIGHLOWalias0 WHERE HIGHLOWalias0.STATE_NAME IN ( SELECT STATEalias0.STATE_NAME FROM STATE AS STATEalias0 WHERE STATEalias0.CAPITAL = ""des moines"" ) ;",medium
geography,train,test,what is the highest point in the usa,SELECT HIGHLOWalias0.HIGHEST_POINT FROM HIGHLOW AS HIGHLOWalias0 WHERE HIGHLOWalias0.HIGHEST_ELEVATION = ( SELECT MAX( HIGHLOWalias1.HIGHEST_ELEVATION ) FROM HIGHLOW AS HIGHLOWalias1 ) ;,hard
geography,train,test,what is the highest point of the usa,SELECT HIGHLOWalias0.HIGHEST_POINT FROM HIGHLOW AS HIGHLOWalias0 WHERE HIGHLOWalias0.HIGHEST_ELEVATION = ( SELECT MAX( HIGHLOWalias1.HIGHEST_ELEVATION ) FROM HIGHLOW AS HIGHLOWalias1 ) ;,hard
geography,train,train,what is the highest point in the country,SELECT HIGHLOWalias0.HIGHEST_POINT FROM HIGHLOW AS HIGHLOWalias0 WHERE HIGHLOWalias0.HIGHEST_ELEVATION = ( SELECT MAX( HIGHLOWalias1.HIGHEST_ELEVATION ) FROM HIGHLOW AS HIGHLOWalias1 ) ;,hard
geography,train,train,what is the highest point in the us,SELECT HIGHLOWalias0.HIGHEST_POINT FROM HIGHLOW AS HIGHLOWalias0 WHERE HIGHLOWalias0.HIGHEST_ELEVATION = ( SELECT MAX( HIGHLOWalias1.HIGHEST_ELEVATION ) FROM HIGHLOW AS HIGHLOWalias1 ) ;,hard
geography,train,train,what is the highest point in the united states,SELECT HIGHLOWalias0.HIGHEST_POINT FROM HIGHLOW AS HIGHLOWalias0 WHERE HIGHLOWalias0.HIGHEST_ELEVATION = ( SELECT MAX( HIGHLOWalias1.HIGHEST_ELEVATION ) FROM HIGHLOW AS HIGHLOWalias1 ) ;,hard
geography,test,test,what is the highest point of the state with the smallest population density,SELECT HIGHLOWalias0.HIGHEST_POINT FROM HIGHLOW AS HIGHLOWalias0 WHERE HIGHLOWalias0.STATE_NAME IN ( SELECT STATEalias0.STATE_NAME FROM STATE AS STATEalias0 WHERE STATEalias0.DENSITY = ( SELECT MIN( STATEalias1.DENSITY ) FROM STATE AS STATEalias1 ) ) ;,hard
geography,train,test,what is the largest city in smallest state through which the mississippi runs,"SELECT CITYalias0.CITY_NAME FROM CITY AS CITYalias0 WHERE CITYalias0.STATE_NAME IN ( SELECT STATEalias0.STATE_NAME FROM STATE AS STATEalias0 WHERE STATEalias0.STATE_NAME IN ( SELECT RIVERalias1.TRAVERSE FROM RIVER AS RIVERalias1 WHERE RIVERalias1.RIVER_NAME = ""mississippi"" ) AND STATEalias0.AREA = ( SELECT MIN( STATEalias1.AREA ) FROM STATE AS STATEalias1 WHERE STATEalias1.STATE_NAME IN ( SELECT RIVERalias0.TRAVERSE FROM RIVER AS RIVERalias0 WHERE RIVERalias0.RIVER_NAME = ""mississippi"" ) ) ) ORDER BY CITYalias0.POPULATION DESC LIMIT 1 ;",hard
geography,train,test,what is the largest city in the smallest state in the usa,SELECT CITYalias0.CITY_NAME FROM CITY AS CITYalias0 WHERE CITYalias0.POPULATION = ( SELECT MAX( CITYalias1.POPULATION ) FROM CITY AS CITYalias1 WHERE CITYalias1.STATE_NAME IN ( SELECT STATEalias0.STATE_NAME FROM STATE AS STATEalias0 WHERE STATEalias0.AREA = ( SELECT MIN( STATEalias1.AREA ) FROM STATE AS STATEalias1 ) ) ) AND CITYalias0.STATE_NAME IN ( SELECT STATEalias2.STATE_NAME FROM STATE AS STATEalias2 WHERE STATEalias2.AREA = ( SELECT MIN( STATEalias3.AREA ) FROM STATE AS STATEalias3 ) ) ;,hard
geography,train,train,what is the biggest city in the smallest state,SELECT CITYalias0.CITY_NAME FROM CITY AS CITYalias0 WHERE CITYalias0.POPULATION = ( SELECT MAX( CITYalias1.POPULATION ) FROM CITY AS CITYalias1 WHERE CITYalias1.STATE_NAME IN ( SELECT STATEalias0.STATE_NAME FROM STATE AS STATEalias0 WHERE STATEalias0.AREA = ( SELECT MIN( STATEalias1.AREA ) FROM STATE AS STATEalias1 ) ) ) AND CITYalias0.STATE_NAME IN ( SELECT STATEalias2.STATE_NAME FROM STATE AS STATEalias2 WHERE STATEalias2.AREA = ( SELECT MIN( STATEalias3.AREA ) FROM STATE AS STATEalias3 ) ) ;,hard
geography,train,test,what is the largest state bordering arkansas,"SELECT STATEalias0.STATE_NAME FROM STATE AS STATEalias0 WHERE STATEalias0.AREA = ( SELECT MAX( STATEalias1.AREA ) FROM STATE AS STATEalias1 WHERE STATEalias1.STATE_NAME IN ( SELECT BORDER_INFOalias0.BORDER FROM BORDER_INFO AS BORDER_INFOalias0 WHERE BORDER_INFOalias0.STATE_NAME = ""arkansas"" ) ) AND STATEalias0.STATE_NAME IN ( SELECT BORDER_INFOalias1.BORDER FROM BORDER_INFO AS BORDER_INFOalias1 WHERE BORDER_INFOalias1.STATE_NAME = ""arkansas"" ) ;",hard
geography,train,test,what is the largest state that borders texas,"SELECT STATEalias0.STATE_NAME FROM STATE AS STATEalias0 WHERE STATEalias0.AREA = ( SELECT MAX( STATEalias1.AREA ) FROM STATE AS STATEalias1 WHERE STATEalias1.STATE_NAME IN ( SELECT BORDER_INFOalias0.BORDER FROM BORDER_INFO AS BORDER_INFOalias0 WHERE BORDER_INFOalias0.STATE_NAME = ""texas"" ) ) AND STATEalias0.STATE_NAME IN ( SELECT BORDER_INFOalias1.BORDER FROM BORDER_INFO AS BORDER_INFOalias1 WHERE BORDER_INFOalias1.STATE_NAME = ""texas"" ) ;",hard
geography,train,train,what is the largest state bordering texas,"SELECT STATEalias0.STATE_NAME FROM STATE AS STATEalias0 WHERE STATEalias0.AREA = ( SELECT MAX( STATEalias1.AREA ) FROM STATE AS STATEalias1 WHERE STATEalias1.STATE_NAME IN ( SELECT BORDER_INFOalias0.BORDER FROM BORDER_INFO AS BORDER_INFOalias0 WHERE BORDER_INFOalias0.STATE_NAME = ""texas"" ) ) AND STATEalias0.STATE_NAME IN ( SELECT BORDER_INFOalias1.BORDER FROM BORDER_INFO AS BORDER_INFOalias1 WHERE BORDER_INFOalias1.STATE_NAME = ""texas"" ) ;",hard
geography,train,train,what state that borders texas is the largest,"SELECT STATEalias0.STATE_NAME FROM STATE AS STATEalias0 WHERE STATEalias0.AREA = ( SELECT MAX( STATEalias1.AREA ) FROM STATE AS STATEalias1 WHERE STATEalias1.STATE_NAME IN ( SELECT BORDER_INFOalias0.BORDER FROM BORDER_INFO AS BORDER_INFOalias0 WHERE BORDER_INFOalias0.STATE_NAME = ""texas"" ) ) AND STATEalias0.STATE_NAME IN ( SELECT BORDER_INFOalias1.BORDER FROM BORDER_INFO AS BORDER_INFOalias1 WHERE BORDER_INFOalias1.STATE_NAME = ""texas"" ) ;",hard
geography,train,train,what is the largest state that borders california,"SELECT STATEalias0.STATE_NAME FROM STATE AS STATEalias0 WHERE STATEalias0.AREA = ( SELECT MAX( STATEalias1.AREA ) FROM STATE AS STATEalias1 WHERE STATEalias1.STATE_NAME IN ( SELECT BORDER_INFOalias0.BORDER FROM BORDER_INFO AS BORDER_INFOalias0 WHERE BORDER_INFOalias0.STATE_NAME = ""california"" ) ) AND STATEalias0.STATE_NAME IN ( SELECT BORDER_INFOalias1.BORDER FROM BORDER_INFO AS BORDER_INFOalias1 WHERE BORDER_INFOalias1.STATE_NAME = ""california"" ) ;",hard
geography,test,test,what is the length of the river that flows through the most states,"SELECT DISTINCT RIVERalias0.LENGTH FROM RIVER AS RIVERalias0 WHERE RIVERalias0.RIVER_NAME = ( SELECT RIVER_NAME FROM ( SELECT COUNT( 1 ) AS DERIVED_FIELDalias0 , RIVERalias1.RIVER_NAME FROM RIVER AS RIVERalias1 GROUP BY RIVERalias1.RIVER_NAME ) AS DERIVED_TABLEalias0 WHERE DERIVED_TABLEalias0.DERIVED_FIELDalias0 = ( SELECT MAX( DERIVED_TABLEalias1.DERIVED_FIELDalias1 ) FROM ( SELECT COUNT( 1 ) AS DERIVED_FIELDalias1 , RIVERalias2.RIVER_NAME FROM RIVER AS RIVERalias2 GROUP BY RIVERalias2.RIVER_NAME ) AS DERIVED_TABLEalias1 ) ) ;",hard
geography,test,test,what is the length of the river that runs through the most states,"SELECT DISTINCT RIVERalias0.LENGTH FROM RIVER AS RIVERalias0 WHERE RIVERalias0.RIVER_NAME = ( SELECT RIVER_NAME FROM ( SELECT COUNT( 1 ) AS DERIVED_FIELDalias0 , RIVERalias1.RIVER_NAME FROM RIVER AS RIVERalias1 GROUP BY RIVERalias1.RIVER_NAME ) AS DERIVED_TABLEalias0 WHERE DERIVED_TABLEalias0.DERIVED_FIELDalias0 = ( SELECT MAX( DERIVED_TABLEalias1.DERIVED_FIELDalias1 ) FROM ( SELECT COUNT( 1 ) AS DERIVED_FIELDalias1 , RIVERalias2.RIVER_NAME FROM RIVER AS RIVERalias2 GROUP BY RIVERalias2.RIVER_NAME ) AS DERIVED_TABLEalias1 ) ) ;",hard
geography,test,train,what is the length of the river that traverses the most states,"SELECT DISTINCT RIVERalias0.LENGTH FROM RIVER AS RIVERalias0 WHERE RIVERalias0.RIVER_NAME = ( SELECT RIVER_NAME FROM ( SELECT COUNT( 1 ) AS DERIVED_FIELDalias0 , RIVERalias1.RIVER_NAME FROM RIVER AS RIVERalias1 GROUP BY RIVERalias1.RIVER_NAME ) AS DERIVED_TABLEalias0 WHERE DERIVED_TABLEalias0.DERIVED_FIELDalias0 = ( SELECT MAX( DERIVED_TABLEalias1.DERIVED_FIELDalias1 ) FROM ( SELECT COUNT( 1 ) AS DERIVED_FIELDalias1 , RIVERalias2.RIVER_NAME FROM RIVER AS RIVERalias2 GROUP BY RIVERalias2.RIVER_NAME ) AS DERIVED_TABLEalias1 ) ) ;",hard
geography,test,train,what is the length of the river that runs through the most number of states,"SELECT DISTINCT RIVERalias0.LENGTH FROM RIVER AS RIVERalias0 WHERE RIVERalias0.RIVER_NAME = ( SELECT RIVER_NAME FROM ( SELECT COUNT( 1 ) AS DERIVED_FIELDalias0 , RIVERalias1.RIVER_NAME FROM RIVER AS RIVERalias1 GROUP BY RIVERalias1.RIVER_NAME ) AS DERIVED_TABLEalias0 WHERE DERIVED_TABLEalias0.DERIVED_FIELDalias0 = ( SELECT MAX( DERIVED_TABLEalias1.DERIVED_FIELDalias1 ) FROM ( SELECT COUNT( 1 ) AS DERIVED_FIELDalias1 , RIVERalias2.RIVER_NAME FROM RIVER AS RIVERalias2 GROUP BY RIVERalias2.RIVER_NAME ) AS DERIVED_TABLEalias1 ) ) ;",hard
geography,train,test,what is the longest river in the largest state,SELECT RIVERalias0.RIVER_NAME FROM RIVER AS RIVERalias0 WHERE RIVERalias0.LENGTH = ( SELECT MAX( RIVERalias1.LENGTH ) FROM RIVER AS RIVERalias1 WHERE RIVERalias1.TRAVERSE IN ( SELECT STATEalias0.STATE_NAME FROM STATE AS STATEalias0 WHERE STATEalias0.AREA = ( SELECT MAX( STATEalias1.AREA ) FROM STATE AS STATEalias1 ) ) ) AND RIVERalias0.TRAVERSE IN ( SELECT STATEalias2.STATE_NAME FROM STATE AS STATEalias2 WHERE STATEalias2.AREA = ( SELECT MAX( STATEalias3.AREA ) FROM STATE AS STATEalias3 ) ) ;,hard
geography,train,test,what is the longest river in the states that border nebraska,"SELECT RIVERalias0.RIVER_NAME FROM RIVER AS RIVERalias0 WHERE RIVERalias0.LENGTH = ( SELECT MAX( RIVERalias1.LENGTH ) FROM RIVER AS RIVERalias1 WHERE RIVERalias1.TRAVERSE IN ( SELECT BORDER_INFOalias0.BORDER FROM BORDER_INFO AS BORDER_INFOalias0 WHERE BORDER_INFOalias0.STATE_NAME = ""nebraska"" ) ) AND RIVERalias0.TRAVERSE IN ( SELECT BORDER_INFOalias1.BORDER FROM BORDER_INFO AS BORDER_INFOalias1 WHERE BORDER_INFOalias1.STATE_NAME = ""nebraska"" ) ;",hard
geography,train,test,what is the longest river that flows through a state that borders indiana,"SELECT RIVERalias0.RIVER_NAME FROM RIVER AS RIVERalias0 WHERE RIVERalias0.LENGTH = ( SELECT MAX( RIVERalias1.LENGTH ) FROM RIVER AS RIVERalias1 WHERE RIVERalias1.TRAVERSE IN ( SELECT BORDER_INFOalias0.BORDER FROM BORDER_INFO AS BORDER_INFOalias0 WHERE BORDER_INFOalias0.STATE_NAME = ""indiana"" ) ) AND RIVERalias0.TRAVERSE IN ( SELECT BORDER_INFOalias1.BORDER FROM BORDER_INFO AS BORDER_INFOalias1 WHERE BORDER_INFOalias1.STATE_NAME = ""indiana"" ) ;",hard
geography,train,train,what is the longest river that runs through a state that borders tennessee,"SELECT RIVERalias0.RIVER_NAME FROM RIVER AS RIVERalias0 WHERE RIVERalias0.LENGTH = ( SELECT MAX( RIVERalias1.LENGTH ) FROM RIVER AS RIVERalias1 WHERE RIVERalias1.TRAVERSE IN ( SELECT BORDER_INFOalias0.BORDER FROM BORDER_INFO AS BORDER_INFOalias0 WHERE BORDER_INFOalias0.STATE_NAME = ""tennessee"" ) ) AND RIVERalias0.TRAVERSE IN ( SELECT BORDER_INFOalias1.BORDER FROM BORDER_INFO AS BORDER_INFOalias1 WHERE BORDER_INFOalias1.STATE_NAME = ""tennessee"" ) ;",hard
geography,train,test,what is the longest river in the state with the most major cities,SELECT RIVERalias0.RIVER_NAME FROM RIVER AS RIVERalias0 WHERE RIVERalias0.TRAVERSE = ( SELECT CITYalias0.STATE_NAME FROM CITY AS CITYalias0 WHERE CITYalias0.POPULATION > 150000 GROUP BY CITYalias0.STATE_NAME ORDER BY COUNT( CITYalias0.CITY_NAME ) DESC LIMIT 1 ) ORDER BY RIVERalias0.LENGTH DESC LIMIT 1 ;,hard
geography,dev,test,what is the lowest point in arkansas,"SELECT HIGHLOWalias0.LOWEST_POINT FROM HIGHLOW AS HIGHLOWalias0 WHERE HIGHLOWalias0.STATE_NAME = ""arkansas"" ;",easy
geography,dev,test,what is the lowest point in massachusetts,"SELECT HIGHLOWalias0.LOWEST_POINT FROM HIGHLOW AS HIGHLOWalias0 WHERE HIGHLOWalias0.STATE_NAME = ""massachusetts"" ;",easy
geography,dev,test,what is the lowest point in mississippi,"SELECT HIGHLOWalias0.LOWEST_POINT FROM HIGHLOW AS HIGHLOWalias0 WHERE HIGHLOWalias0.STATE_NAME = ""mississippi"" ;",easy
geography,dev,test,what is the lowest point in nebraska in meters,"SELECT HIGHLOWalias0.LOWEST_POINT FROM HIGHLOW AS HIGHLOWalias0 WHERE HIGHLOWalias0.STATE_NAME = ""nebraska"" ;",easy
geography,dev,test,what is the lowest point in the state of california,"SELECT HIGHLOWalias0.LOWEST_POINT FROM HIGHLOW AS HIGHLOWalias0 WHERE HIGHLOWalias0.STATE_NAME = ""california"" ;",easy
geography,dev,test,where is the lowest point in maryland,"SELECT HIGHLOWalias0.LOWEST_POINT FROM HIGHLOW AS HIGHLOWalias0 WHERE HIGHLOWalias0.STATE_NAME = ""maryland"" ;",easy
geography,dev,train,what is the lowest point in wisconsin,"SELECT HIGHLOWalias0.LOWEST_POINT FROM HIGHLOW AS HIGHLOWalias0 WHERE HIGHLOWalias0.STATE_NAME = ""wisconsin"" ;",easy
geography,dev,train,what is the lowest point in oregon,"SELECT HIGHLOWalias0.LOWEST_POINT FROM HIGHLOW AS HIGHLOWalias0 WHERE HIGHLOWalias0.STATE_NAME = ""oregon"" ;",easy
geography,dev,train,what is the lowest point in louisiana,"SELECT HIGHLOWalias0.LOWEST_POINT FROM HIGHLOW AS HIGHLOWalias0 WHERE HIGHLOWalias0.STATE_NAME = ""louisiana"" ;",easy
geography,dev,train,what is the lowest point in california,"SELECT HIGHLOWalias0.LOWEST_POINT FROM HIGHLOW AS HIGHLOWalias0 WHERE HIGHLOWalias0.STATE_NAME = ""california"" ;",easy
geography,dev,train,what is the lowest point in the state of texas,"SELECT HIGHLOWalias0.LOWEST_POINT FROM HIGHLOW AS HIGHLOWalias0 WHERE HIGHLOWalias0.STATE_NAME = ""texas"" ;",easy
geography,dev,train,what is the lowest point in texas,"SELECT HIGHLOWalias0.LOWEST_POINT FROM HIGHLOW AS HIGHLOWalias0 WHERE HIGHLOWalias0.STATE_NAME = ""texas"" ;",easy
geography,dev,train,what is the lowest point of colorado,"SELECT HIGHLOWalias0.LOWEST_POINT FROM HIGHLOW AS HIGHLOWalias0 WHERE HIGHLOWalias0.STATE_NAME = ""colorado"" ;",easy
geography,dev,train,where is the lowest spot in iowa,"SELECT HIGHLOWalias0.LOWEST_POINT FROM HIGHLOW AS HIGHLOWalias0 WHERE HIGHLOWalias0.STATE_NAME = ""iowa"" ;",easy
geography,test,test,what is the lowest point in usa,SELECT HIGHLOWalias0.LOWEST_POINT FROM HIGHLOW AS HIGHLOWalias0 WHERE HIGHLOWalias0.LOWEST_ELEVATION = ( SELECT MIN( HIGHLOWalias1.LOWEST_ELEVATION ) FROM HIGHLOW AS HIGHLOWalias1 ) ;,hard
geography,test,train,what is the lowest point in the united states,SELECT HIGHLOWalias0.LOWEST_POINT FROM HIGHLOW AS HIGHLOWalias0 WHERE HIGHLOWalias0.LOWEST_ELEVATION = ( SELECT MIN( HIGHLOWalias1.LOWEST_ELEVATION ) FROM HIGHLOW AS HIGHLOWalias1 ) ;,hard
geography,test,train,where is the lowest point in the us,SELECT HIGHLOWalias0.LOWEST_POINT FROM HIGHLOW AS HIGHLOWalias0 WHERE HIGHLOWalias0.LOWEST_ELEVATION = ( SELECT MIN( HIGHLOWalias1.LOWEST_ELEVATION ) FROM HIGHLOW AS HIGHLOWalias1 ) ;,hard
geography,test,train,what is the lowest point of the us,SELECT HIGHLOWalias0.LOWEST_POINT FROM HIGHLOW AS HIGHLOWalias0 WHERE HIGHLOWalias0.LOWEST_ELEVATION = ( SELECT MIN( HIGHLOWalias1.LOWEST_ELEVATION ) FROM HIGHLOW AS HIGHLOWalias1 ) ;,hard
geography,train,test,what is the lowest point of all states through which the colorado river runs through,"SELECT HIGHLOWalias0.LOWEST_POINT FROM HIGHLOW AS HIGHLOWalias0 WHERE HIGHLOWalias0.STATE_NAME IN ( SELECT RIVERalias0.TRAVERSE FROM RIVER AS RIVERalias0 WHERE RIVERalias0.RIVER_NAME = ""colorado"" ) ORDER BY HIGHLOWalias0.LOWEST_ELEVATION LIMIT 1 ;",hard
geography,train,train,which is the lowest point of the states that the mississippi runs through,"SELECT HIGHLOWalias0.LOWEST_POINT FROM HIGHLOW AS HIGHLOWalias0 WHERE HIGHLOWalias0.STATE_NAME IN ( SELECT RIVERalias0.TRAVERSE FROM RIVER AS RIVERalias0 WHERE RIVERalias0.RIVER_NAME = ""mississippi"" ) ORDER BY HIGHLOWalias0.LOWEST_ELEVATION LIMIT 1 ;",hard
geography,dev,test,what is the most dense state in the usa,SELECT STATEalias0.STATE_NAME FROM STATE AS STATEalias0 WHERE STATEalias0.DENSITY = ( SELECT MAX( STATEalias1.DENSITY ) FROM STATE AS STATEalias1 ) ;,hard
geography,dev,test,which state has the highest population density,SELECT STATEalias0.STATE_NAME FROM STATE AS STATEalias0 WHERE STATEalias0.DENSITY = ( SELECT MAX( STATEalias1.DENSITY ) FROM STATE AS STATEalias1 ) ;,hard
geography,dev,train,which state has the greatest density,SELECT STATEalias0.STATE_NAME FROM STATE AS STATEalias0 WHERE STATEalias0.DENSITY = ( SELECT MAX( STATEalias1.DENSITY ) FROM STATE AS STATEalias1 ) ;,hard
geography,dev,train,what state has the highest population density,SELECT STATEalias0.STATE_NAME FROM STATE AS STATEalias0 WHERE STATEalias0.DENSITY = ( SELECT MAX( STATEalias1.DENSITY ) FROM STATE AS STATEalias1 ) ;,hard
geography,dev,train,what state has the greatest population density,SELECT STATEalias0.STATE_NAME FROM STATE AS STATEalias0 WHERE STATEalias0.DENSITY = ( SELECT MAX( STATEalias1.DENSITY ) FROM STATE AS STATEalias1 ) ;,hard
geography,dev,train,what state has the largest population density,SELECT STATEalias0.STATE_NAME FROM STATE AS STATEalias0 WHERE STATEalias0.DENSITY = ( SELECT MAX( STATEalias1.DENSITY ) FROM STATE AS STATEalias1 ) ;,hard
geography,dev,train,what is the state with the largest density in usa,SELECT STATEalias0.STATE_NAME FROM STATE AS STATEalias0 WHERE STATEalias0.DENSITY = ( SELECT MAX( STATEalias1.DENSITY ) FROM STATE AS STATEalias1 ) ;,hard
geography,dev,train,what is the state with the largest population density,SELECT STATEalias0.STATE_NAME FROM STATE AS STATEalias0 WHERE STATEalias0.DENSITY = ( SELECT MAX( STATEalias1.DENSITY ) FROM STATE AS STATEalias1 ) ;,hard
geography,dev,train,which state has the largest density,SELECT STATEalias0.STATE_NAME FROM STATE AS STATEalias0 WHERE STATEalias0.DENSITY = ( SELECT MAX( STATEalias1.DENSITY ) FROM STATE AS STATEalias1 ) ;,hard
geography,train,test,what is the most populous state through which the mississippi runs,"SELECT STATEalias0.STATE_NAME FROM STATE AS STATEalias0 WHERE STATEalias0.POPULATION = ( SELECT MAX( STATEalias1.POPULATION ) FROM STATE AS STATEalias1 WHERE STATEalias1.STATE_NAME IN ( SELECT RIVERalias0.TRAVERSE FROM RIVER AS RIVERalias0 WHERE RIVERalias0.RIVER_NAME = ""mississippi"" ) ) AND STATEalias0.STATE_NAME IN ( SELECT RIVERalias1.TRAVERSE FROM RIVER AS RIVERalias1 WHERE RIVERalias1.RIVER_NAME = ""mississippi"" ) ;",hard
geography,train,train,what state which the mississippi runs through has the largest population,"SELECT STATEalias0.STATE_NAME FROM STATE AS STATEalias0 WHERE STATEalias0.POPULATION = ( SELECT MAX( STATEalias1.POPULATION ) FROM STATE AS STATEalias1 WHERE STATEalias1.STATE_NAME IN ( SELECT RIVERalias0.TRAVERSE FROM RIVER AS RIVERalias0 WHERE RIVERalias0.RIVER_NAME = ""mississippi"" ) ) AND STATEalias0.STATE_NAME IN ( SELECT RIVERalias1.TRAVERSE FROM RIVER AS RIVERalias1 WHERE RIVERalias1.RIVER_NAME = ""mississippi"" ) ;",hard
geography,train,test,what is the population density of the largest state,SELECT STATEalias0.DENSITY FROM STATE AS STATEalias0 WHERE STATEalias0.AREA = ( SELECT MAX( STATEalias1.AREA ) FROM STATE AS STATEalias1 ) ;,hard
geography,test,test,what is the population of the largest city in the state with the largest area,SELECT CITYalias0.POPULATION FROM CITY AS CITYalias0 WHERE CITYalias0.POPULATION = ( SELECT MAX( CITYalias1.POPULATION ) FROM CITY AS CITYalias1 WHERE CITYalias1.STATE_NAME IN ( SELECT STATEalias0.STATE_NAME FROM STATE AS STATEalias0 WHERE STATEalias0.AREA = ( SELECT MAX( STATEalias1.AREA ) FROM STATE AS STATEalias1 ) ) ) AND CITYalias0.STATE_NAME IN ( SELECT STATEalias2.STATE_NAME FROM STATE AS STATEalias2 WHERE STATEalias2.AREA = ( SELECT MAX( STATEalias3.AREA ) FROM STATE AS STATEalias3 ) ) ;,hard
geography,train,test,what is the population of the smallest state,SELECT STATEalias0.POPULATION FROM STATE AS STATEalias0 WHERE STATEalias0.AREA = ( SELECT MIN( STATEalias1.AREA ) FROM STATE AS STATEalias1 ) ;,hard
geography,train,test,what is the population of the state that borders the most states,"SELECT STATEalias0.POPULATION FROM STATE AS STATEalias0 WHERE STATEalias0.STATE_NAME IN ( SELECT BORDER_INFOalias0.BORDER FROM BORDER_INFO AS BORDER_INFOalias0 GROUP BY BORDER_INFOalias0.BORDER HAVING COUNT( 1 ) = ( SELECT MAX( DERIVED_TABLEalias0.DERIVED_FIELDalias0 ) FROM ( SELECT BORDER_INFOalias1.BORDER , COUNT( 1 ) AS DERIVED_FIELDalias0 FROM BORDER_INFO AS BORDER_INFOalias1 GROUP BY BORDER_INFOalias1.BORDER ) AS DERIVED_TABLEalias0 ) ) ;",hard
geography,train,test,what is the population of the state with the highest population density,SELECT STATEalias0.POPULATION FROM STATE AS STATEalias0 WHERE STATEalias0.DENSITY = ( SELECT MAX( STATEalias1.DENSITY ) FROM STATE AS STATEalias1 ) ;,hard
geography,train,train,how many people live in the state with the largest population density,SELECT STATEalias0.POPULATION FROM STATE AS STATEalias0 WHERE STATEalias0.DENSITY = ( SELECT MAX( STATEalias1.DENSITY ) FROM STATE AS STATEalias1 ) ;,hard
geography,test,test,what is the smallest city in the usa,SELECT CITYalias0.CITY_NAME FROM CITY AS CITYalias0 WHERE CITYalias0.POPULATION = ( SELECT MIN( CITYalias1.POPULATION ) FROM CITY AS CITYalias1 ) ;,hard
geography,test,test,what is the smallest city in the us,SELECT CITYalias0.CITY_NAME FROM CITY AS CITYalias0 WHERE CITYalias0.POPULATION = ( SELECT MIN( CITYalias1.POPULATION ) FROM CITY AS CITYalias1 ) ;,hard
geography,test,train,what city has the least population,SELECT CITYalias0.CITY_NAME FROM CITY AS CITYalias0 WHERE CITYalias0.POPULATION = ( SELECT MIN( CITYalias1.POPULATION ) FROM CITY AS CITYalias1 ) ;,hard
geography,test,train,what is the city with the smallest population,SELECT CITYalias0.CITY_NAME FROM CITY AS CITYalias0 WHERE CITYalias0.POPULATION = ( SELECT MIN( CITYalias1.POPULATION ) FROM CITY AS CITYalias1 ) ;,hard
geography,test,test,what is the smallest state that borders the most states,"SELECT STATEalias0.STATE_NAME FROM STATE AS STATEalias0 WHERE STATEalias0.AREA = ( SELECT MIN( STATEalias1.AREA ) FROM STATE AS STATEalias1 WHERE STATEalias1.STATE_NAME IN ( SELECT DERIVED_TABLEalias0.STATE_NAME FROM ( SELECT BORDER_INFOalias0.STATE_NAME , COUNT( DISTINCT BORDER_INFOalias0.BORDER ) AS DERIVED_FIELDalias0 FROM BORDER_INFO AS BORDER_INFOalias0 GROUP BY BORDER_INFOalias0.STATE_NAME ) AS DERIVED_TABLEalias0 WHERE DERIVED_TABLEalias0.DERIVED_FIELDalias0 = ( SELECT MAX( DERIVED_TABLEalias1.DERIVED_FIELDalias1 ) FROM ( SELECT BORDER_INFOalias1.STATE_NAME , COUNT( DISTINCT BORDER_INFOalias1.BORDER ) AS DERIVED_FIELDalias1 FROM BORDER_INFO AS BORDER_INFOalias1 GROUP BY BORDER_INFOalias1.STATE_NAME ) AS DERIVED_TABLEalias1 ) ) ) ;",hard
geography,test,test,what is the smallest state bordering wyoming,"SELECT STATEalias0.STATE_NAME FROM STATE AS STATEalias0 WHERE STATEalias0.AREA = ( SELECT MIN( STATEalias1.AREA ) FROM STATE AS STATEalias1 WHERE STATEalias1.STATE_NAME IN ( SELECT BORDER_INFOalias0.BORDER FROM BORDER_INFO AS BORDER_INFOalias0 WHERE BORDER_INFOalias0.STATE_NAME = ""wyoming"" ) ) AND STATEalias0.STATE_NAME IN ( SELECT BORDER_INFOalias1.BORDER FROM BORDER_INFO AS BORDER_INFOalias1 WHERE BORDER_INFOalias1.STATE_NAME = ""wyoming"" ) ;",hard
geography,test,train,what is the smallest state that borders texas,"SELECT STATEalias0.STATE_NAME FROM STATE AS STATEalias0 WHERE STATEalias0.AREA = ( SELECT MIN( STATEalias1.AREA ) FROM STATE AS STATEalias1 WHERE STATEalias1.STATE_NAME IN ( SELECT BORDER_INFOalias0.BORDER FROM BORDER_INFO AS BORDER_INFOalias0 WHERE BORDER_INFOalias0.STATE_NAME = ""texas"" ) ) AND STATEalias0.STATE_NAME IN ( SELECT BORDER_INFOalias1.BORDER FROM BORDER_INFO AS BORDER_INFOalias1 WHERE BORDER_INFOalias1.STATE_NAME = ""texas"" ) ;",hard
geography,test,train,what is the smallest state bordering ohio,"SELECT STATEalias0.STATE_NAME FROM STATE AS STATEalias0 WHERE STATEalias0.AREA = ( SELECT MIN( STATEalias1.AREA ) FROM STATE AS STATEalias1 WHERE STATEalias1.STATE_NAME IN ( SELECT BORDER_INFOalias0.BORDER FROM BORDER_INFO AS BORDER_INFOalias0 WHERE BORDER_INFOalias0.STATE_NAME = ""ohio"" ) ) AND STATEalias0.STATE_NAME IN ( SELECT BORDER_INFOalias1.BORDER FROM BORDER_INFO AS BORDER_INFOalias1 WHERE BORDER_INFOalias1.STATE_NAME = ""ohio"" ) ;",hard
geography,test,train,which state has the smallest area that borders texas,"SELECT STATEalias0.STATE_NAME FROM STATE AS STATEalias0 WHERE STATEalias0.AREA = ( SELECT MIN( STATEalias1.AREA ) FROM STATE AS STATEalias1 WHERE STATEalias1.STATE_NAME IN ( SELECT BORDER_INFOalias0.BORDER FROM BORDER_INFO AS BORDER_INFOalias0 WHERE BORDER_INFOalias0.STATE_NAME = ""texas"" ) ) AND STATEalias0.STATE_NAME IN ( SELECT BORDER_INFOalias1.BORDER FROM BORDER_INFO AS BORDER_INFOalias1 WHERE BORDER_INFOalias1.STATE_NAME = ""texas"" ) ;",hard
geography,test,test,what is the smallest state that the mississippi river runs through,"SELECT STATEalias0.STATE_NAME FROM STATE AS STATEalias0 WHERE STATEalias0.AREA = ( SELECT MIN( STATEalias1.AREA ) FROM STATE AS STATEalias1 WHERE STATEalias1.STATE_NAME IN ( SELECT RIVERalias0.TRAVERSE FROM RIVER AS RIVERalias0 WHERE RIVERalias0.RIVER_NAME = ""mississippi"" ) ) AND STATEalias0.STATE_NAME IN ( SELECT RIVERalias1.TRAVERSE FROM RIVER AS RIVERalias1 WHERE RIVERalias1.RIVER_NAME = ""mississippi"" ) ;",hard
geography,train,test,what is the state with the smallest area,SELECT STATEalias0.STATE_NAME FROM STATE AS STATEalias0 WHERE STATEalias0.AREA = ( SELECT MIN( STATEalias1.AREA ) FROM STATE AS STATEalias1 ) ;,hard
geography,train,test,which is the smallest state,SELECT STATEalias0.STATE_NAME FROM STATE AS STATEalias0 WHERE STATEalias0.AREA = ( SELECT MIN( STATEalias1.AREA ) FROM STATE AS STATEalias1 ) ;,hard
geography,train,test,which state is the smallest,SELECT STATEalias0.STATE_NAME FROM STATE AS STATEalias0 WHERE STATEalias0.AREA = ( SELECT MIN( STATEalias1.AREA ) FROM STATE AS STATEalias1 ) ;,hard
geography,train,train,what is the smallest state in the usa,SELECT STATEalias0.STATE_NAME FROM STATE AS STATEalias0 WHERE STATEalias0.AREA = ( SELECT MIN( STATEalias1.AREA ) FROM STATE AS STATEalias1 ) ;,hard
geography,train,train,what is the smallest state by area,SELECT STATEalias0.STATE_NAME FROM STATE AS STATEalias0 WHERE STATEalias0.AREA = ( SELECT MIN( STATEalias1.AREA ) FROM STATE AS STATEalias1 ) ;,hard
geography,train,train,what state has the smallest area,SELECT STATEalias0.STATE_NAME FROM STATE AS STATEalias0 WHERE STATEalias0.AREA = ( SELECT MIN( STATEalias1.AREA ) FROM STATE AS STATEalias1 ) ;,hard
geography,dev,test,what is the total length of all rivers in the usa,"SELECT SUM( DERIVED_TABLEalias0.LENGTH ) FROM ( SELECT DISTINCT RIVERalias0.RIVER_NAME , RIVERalias0.LENGTH FROM RIVER AS RIVERalias0 ) AS DERIVED_TABLEalias0 ;",hard
geography,train,test,what river flows through the most states,SELECT RIVERalias0.RIVER_NAME FROM RIVER AS RIVERalias0 GROUP BY ( RIVERalias0.RIVER_NAME ) ORDER BY COUNT( DISTINCT RIVERalias0.TRAVERSE ) DESC LIMIT 1 ;,medium
geography,train,test,which river goes through the most states,SELECT RIVERalias0.RIVER_NAME FROM RIVER AS RIVERalias0 GROUP BY ( RIVERalias0.RIVER_NAME ) ORDER BY COUNT( DISTINCT RIVERalias0.TRAVERSE ) DESC LIMIT 1 ;,medium
geography,train,test,which river runs through most states,SELECT RIVERalias0.RIVER_NAME FROM RIVER AS RIVERalias0 GROUP BY ( RIVERalias0.RIVER_NAME ) ORDER BY COUNT( DISTINCT RIVERalias0.TRAVERSE ) DESC LIMIT 1 ;,medium
geography,train,test,which river traverses most states,SELECT RIVERalias0.RIVER_NAME FROM RIVER AS RIVERalias0 GROUP BY ( RIVERalias0.RIVER_NAME ) ORDER BY COUNT( DISTINCT RIVERalias0.TRAVERSE ) DESC LIMIT 1 ;,medium
geography,train,train,what river traverses the most states,SELECT RIVERalias0.RIVER_NAME FROM RIVER AS RIVERalias0 GROUP BY ( RIVERalias0.RIVER_NAME ) ORDER BY COUNT( DISTINCT RIVERalias0.TRAVERSE ) DESC LIMIT 1 ;,medium
geography,train,train,which river runs through the most states,SELECT RIVERalias0.RIVER_NAME FROM RIVER AS RIVERalias0 GROUP BY ( RIVERalias0.RIVER_NAME ) ORDER BY COUNT( DISTINCT RIVERalias0.TRAVERSE ) DESC LIMIT 1 ;,medium
geography,train,train,what river runs through the most states,SELECT RIVERalias0.RIVER_NAME FROM RIVER AS RIVERalias0 GROUP BY ( RIVERalias0.RIVER_NAME ) ORDER BY COUNT( DISTINCT RIVERalias0.TRAVERSE ) DESC LIMIT 1 ;,medium
geography,test,test,what river runs through the state with the most cities,"SELECT RIVERalias0.RIVER_NAME FROM RIVER AS RIVERalias0 WHERE RIVERalias0.TRAVERSE IN ( SELECT DERIVED_TABLEalias0.STATE_NAME FROM ( SELECT CITYalias0.STATE_NAME , COUNT( 1 ) AS DERIVED_FIELDalias0 FROM CITY AS CITYalias0 GROUP BY CITYalias0.STATE_NAME ) AS DERIVED_TABLEalias0 WHERE DERIVED_TABLEalias0.DERIVED_FIELDalias0 = ( SELECT MAX( DERIVED_TABLEalias1.DERIVED_FIELDalias1 ) FROM ( SELECT COUNT( 1 ) AS DERIVED_FIELDalias1 FROM CITY AS CITYalias1 GROUP BY CITYalias1.STATE_NAME ) AS DERIVED_TABLEalias1 ) ) ;",hard
geography,test,test,what rivers are in states that border texas,"SELECT RIVERalias0.RIVER_NAME FROM RIVER AS RIVERalias0 WHERE RIVERalias0.TRAVERSE IN ( SELECT BORDER_INFOalias0.BORDER FROM BORDER_INFO AS BORDER_INFOalias0 WHERE BORDER_INFOalias0.STATE_NAME = ""texas"" ) ;",medium
geography,test,train,which rivers run through states bordering new mexico,"SELECT RIVERalias0.RIVER_NAME FROM RIVER AS RIVERalias0 WHERE RIVERalias0.TRAVERSE IN ( SELECT BORDER_INFOalias0.BORDER FROM BORDER_INFO AS BORDER_INFOalias0 WHERE BORDER_INFOalias0.STATE_NAME = ""new mexico"" ) ;",medium
geography,test,train,what rivers flow through states that alabama borders,"SELECT RIVERalias0.RIVER_NAME FROM RIVER AS RIVERalias0 WHERE RIVERalias0.TRAVERSE IN ( SELECT BORDER_INFOalias0.BORDER FROM BORDER_INFO AS BORDER_INFOalias0 WHERE BORDER_INFOalias0.STATE_NAME = ""alabama"" ) ;",medium
geography,dev,test,what rivers traverses the state which borders the most states,"SELECT RIVERalias0.RIVER_NAME FROM RIVER AS RIVERalias0 WHERE RIVERalias0.TRAVERSE IN ( SELECT BORDER_INFOalias0.BORDER FROM BORDER_INFO AS BORDER_INFOalias0 GROUP BY BORDER_INFOalias0.BORDER HAVING COUNT( 1 ) = ( SELECT MAX( DERIVED_TABLEalias0.DERIVED_FIELDalias0 ) FROM ( SELECT BORDER_INFOalias1.BORDER , COUNT( 1 ) AS DERIVED_FIELDalias0 FROM BORDER_INFO AS BORDER_INFOalias1 GROUP BY BORDER_INFOalias1.BORDER ) AS DERIVED_TABLEalias0 ) ) ;",hard
geography,dev,test,what river traverses the state which borders the most states,"SELECT RIVERalias0.RIVER_NAME FROM RIVER AS RIVERalias0 WHERE RIVERalias0.TRAVERSE IN ( SELECT BORDER_INFOalias0.BORDER FROM BORDER_INFO AS BORDER_INFOalias0 GROUP BY BORDER_INFOalias0.BORDER HAVING COUNT( 1 ) = ( SELECT MAX( DERIVED_TABLEalias0.DERIVED_FIELDalias0 ) FROM ( SELECT BORDER_INFOalias1.BORDER , COUNT( 1 ) AS DERIVED_FIELDalias0 FROM BORDER_INFO AS BORDER_INFOalias1 GROUP BY BORDER_INFOalias1.BORDER ) AS DERIVED_TABLEalias0 ) ) ;",hard
geography,train,test,what state bordering nevada has the largest population,"SELECT STATEalias0.STATE_NAME FROM STATE AS STATEalias0 WHERE STATEalias0.STATE_NAME IN ( SELECT BORDER_INFOalias0.BORDER FROM BORDER_INFO AS BORDER_INFOalias0 WHERE BORDER_INFOalias0.STATE_NAME = ""nevada"" ) ORDER BY STATEalias0.POPULATION DESC LIMIT 1 ;",hard
geography,train,test,which of the states bordering pennsylvania has the largest population,"SELECT STATEalias0.STATE_NAME FROM STATE AS STATEalias0 WHERE STATEalias0.STATE_NAME IN ( SELECT BORDER_INFOalias0.BORDER FROM BORDER_INFO AS BORDER_INFOalias0 WHERE BORDER_INFOalias0.STATE_NAME = ""pennsylvania"" ) ORDER BY STATEalias0.POPULATION DESC LIMIT 1 ;",hard
geography,train,train,what state that borders texas has the highest population,"SELECT STATEalias0.STATE_NAME FROM STATE AS STATEalias0 WHERE STATEalias0.STATE_NAME IN ( SELECT BORDER_INFOalias0.BORDER FROM BORDER_INFO AS BORDER_INFOalias0 WHERE BORDER_INFOalias0.STATE_NAME = ""texas"" ) ORDER BY STATEalias0.POPULATION DESC LIMIT 1 ;",hard
geography,train,train,what is the most populated state bordering oklahoma,"SELECT STATEalias0.STATE_NAME FROM STATE AS STATEalias0 WHERE STATEalias0.STATE_NAME IN ( SELECT BORDER_INFOalias0.BORDER FROM BORDER_INFO AS BORDER_INFOalias0 WHERE BORDER_INFOalias0.STATE_NAME = ""oklahoma"" ) ORDER BY STATEalias0.POPULATION DESC LIMIT 1 ;",hard
geography,train,test,what state contains the highest point of those the colorado river traverses,"SELECT HIGHLOWalias0.STATE_NAME FROM HIGHLOW AS HIGHLOWalias0 WHERE HIGHLOWalias0.HIGHEST_ELEVATION = ( SELECT MAX( HIGHLOWalias1.HIGHEST_ELEVATION ) FROM HIGHLOW AS HIGHLOWalias1 WHERE HIGHLOWalias1.STATE_NAME IN ( SELECT RIVERalias0.TRAVERSE FROM RIVER AS RIVERalias0 WHERE RIVERalias0.RIVER_NAME = ""colorado"" ) ) ;",hard
geography,train,test,what state has the largest capital,"SELECT CITYalias0.STATE_NAME FROM CITY AS CITYalias0 WHERE CITYalias0.POPULATION = ( SELECT MAX( CITYalias1.POPULATION ) FROM CITY AS CITYalias1 , STATE AS STATEalias0 WHERE STATEalias0.CAPITAL = CITYalias1.CITY_NAME ) ;",hard
geography,train,test,which state 's capital city is the largest,"SELECT CITYalias0.STATE_NAME FROM CITY AS CITYalias0 WHERE CITYalias0.POPULATION = ( SELECT MAX( CITYalias1.POPULATION ) FROM CITY AS CITYalias1 , STATE AS STATEalias0 WHERE STATEalias0.CAPITAL = CITYalias1.CITY_NAME ) ;",hard
geography,test,test,what state has the longest river,SELECT RIVERalias0.TRAVERSE FROM RIVER AS RIVERalias0 WHERE RIVERalias0.LENGTH = ( SELECT MAX( DISTINCT RIVERalias1.LENGTH ) FROM RIVER AS RIVERalias1 ) ;,hard
geography,train,test,what state has the most major cities,SELECT CITYalias0.STATE_NAME FROM CITY AS CITYalias0 WHERE CITYalias0.POPULATION > 150000 GROUP BY CITYalias0.STATE_NAME ORDER BY COUNT( 1 ) DESC LIMIT 1 ;,medium
geography,train,test,which state has the most major cities,SELECT CITYalias0.STATE_NAME FROM CITY AS CITYalias0 WHERE CITYalias0.POPULATION > 150000 GROUP BY CITYalias0.STATE_NAME ORDER BY COUNT( 1 ) DESC LIMIT 1 ;,medium
geography,test,test,what state has the smallest urban population,SELECT CITYalias0.STATE_NAME FROM CITY AS CITYalias0 GROUP BY CITYalias0.STATE_NAME ORDER BY SUM( CITYalias0.POPULATION ) LIMIT 1 ;,medium
geography,test,test,what states border states that border mississippi,"SELECT BORDER_INFOalias0.BORDER FROM BORDER_INFO AS BORDER_INFOalias0 WHERE BORDER_INFOalias0.STATE_NAME IN ( SELECT BORDER_INFOalias1.BORDER FROM BORDER_INFO AS BORDER_INFOalias1 WHERE BORDER_INFOalias1.STATE_NAME = ""mississippi"" ) ;",medium
geography,test,train,what states border states that border colorado,"SELECT BORDER_INFOalias0.BORDER FROM BORDER_INFO AS BORDER_INFOalias0 WHERE BORDER_INFOalias0.STATE_NAME IN ( SELECT BORDER_INFOalias1.BORDER FROM BORDER_INFO AS BORDER_INFOalias1 WHERE BORDER_INFOalias1.STATE_NAME = ""colorado"" ) ;",medium
geography,train,test,what states border states that the ohio runs through,"SELECT BORDER_INFOalias0.BORDER FROM BORDER_INFO AS BORDER_INFOalias0 WHERE BORDER_INFOalias0.STATE_NAME IN ( SELECT RIVERalias0.TRAVERSE FROM RIVER AS RIVERalias0 WHERE RIVERalias0.RIVER_NAME = ""ohio"" ) ;",medium
geography,train,train,what states border states that the mississippi runs through,"SELECT BORDER_INFOalias0.BORDER FROM BORDER_INFO AS BORDER_INFOalias0 WHERE BORDER_INFOalias0.STATE_NAME IN ( SELECT RIVERalias0.TRAVERSE FROM RIVER AS RIVERalias0 WHERE RIVERalias0.RIVER_NAME = ""mississippi"" ) ;",medium
geography,train,train,which states border states through which the mississippi traverses,"SELECT BORDER_INFOalias0.BORDER FROM BORDER_INFO AS BORDER_INFOalias0 WHERE BORDER_INFOalias0.STATE_NAME IN ( SELECT RIVERalias0.TRAVERSE FROM RIVER AS RIVERalias0 WHERE RIVERalias0.RIVER_NAME = ""mississippi"" ) ;",medium
geography,train,train,what states border states which the mississippi runs through,"SELECT BORDER_INFOalias0.BORDER FROM BORDER_INFO AS BORDER_INFOalias0 WHERE BORDER_INFOalias0.STATE_NAME IN ( SELECT RIVERalias0.TRAVERSE FROM RIVER AS RIVERalias0 WHERE RIVERalias0.RIVER_NAME = ""mississippi"" ) ;",medium
geography,train,test,what states border texas and have a major river,"SELECT BORDER_INFOalias0.STATE_NAME FROM BORDER_INFO AS BORDER_INFOalias0 WHERE BORDER_INFOalias0.BORDER = ""texas"" AND BORDER_INFOalias0.STATE_NAME IN ( SELECT RIVERalias0.TRAVERSE FROM RIVER AS RIVERalias0 WHERE RIVERalias0.LENGTH > 750 ) ;",medium
geography,train,test,what states border the most populous state,SELECT BORDER_INFOalias0.BORDER FROM BORDER_INFO AS BORDER_INFOalias0 WHERE BORDER_INFOalias0.STATE_NAME = ( SELECT STATEalias0.STATE_NAME FROM STATE AS STATEalias0 WHERE STATEalias0.POPULATION = ( SELECT MAX( STATEalias1.POPULATION ) FROM STATE AS STATEalias1 ) ) ;,hard
geography,train,train,what are the states that border the state with the greatest population,SELECT BORDER_INFOalias0.BORDER FROM BORDER_INFO AS BORDER_INFOalias0 WHERE BORDER_INFOalias0.STATE_NAME = ( SELECT STATEalias0.STATE_NAME FROM STATE AS STATEalias0 WHERE STATEalias0.POPULATION = ( SELECT MAX( STATEalias1.POPULATION ) FROM STATE AS STATEalias1 ) ) ;,hard
geography,test,test,what states border the state that borders the most states,"SELECT BORDER_INFOalias0.BORDER FROM BORDER_INFO AS BORDER_INFOalias0 WHERE BORDER_INFOalias0.STATE_NAME IN ( SELECT BORDER_INFOalias1.BORDER FROM BORDER_INFO AS BORDER_INFOalias1 GROUP BY BORDER_INFOalias1.BORDER HAVING COUNT( 1 ) = ( SELECT MAX( DERIVED_TABLEalias0.DERIVED_FIELDalias0 ) FROM ( SELECT BORDER_INFOalias2.BORDER , COUNT( 1 ) AS DERIVED_FIELDalias0 FROM BORDER_INFO AS BORDER_INFOalias2 GROUP BY BORDER_INFOalias2.BORDER ) AS DERIVED_TABLEalias0 ) ) ;",hard
geography,train,test,what states border the state with the most cities,"SELECT BORDER_INFOalias0.BORDER FROM BORDER_INFO AS BORDER_INFOalias0 WHERE BORDER_INFOalias0.STATE_NAME IN ( SELECT DERIVED_TABLEalias0.STATE_NAME FROM ( SELECT CITYalias0.STATE_NAME , COUNT( 1 ) AS DERIVED_FIELDalias0 FROM CITY AS CITYalias0 GROUP BY CITYalias0.STATE_NAME ) AS DERIVED_TABLEalias0 WHERE DERIVED_TABLEalias0.DERIVED_FIELDalias0 = ( SELECT MAX( DERIVED_TABLEalias1.DERIVED_FIELDalias1 ) FROM ( SELECT COUNT( 1 ) AS DERIVED_FIELDalias1 FROM CITY AS CITYalias1 GROUP BY CITYalias1.STATE_NAME ) AS DERIVED_TABLEalias1 ) ) ;",hard
geography,train,train,what states border the states with the most cities,"SELECT BORDER_INFOalias0.BORDER FROM BORDER_INFO AS BORDER_INFOalias0 WHERE BORDER_INFOalias0.STATE_NAME IN ( SELECT DERIVED_TABLEalias0.STATE_NAME FROM ( SELECT CITYalias0.STATE_NAME , COUNT( 1 ) AS DERIVED_FIELDalias0 FROM CITY AS CITYalias0 GROUP BY CITYalias0.STATE_NAME ) AS DERIVED_TABLEalias0 WHERE DERIVED_TABLEalias0.DERIVED_FIELDalias0 = ( SELECT MAX( DERIVED_TABLEalias1.DERIVED_FIELDalias1 ) FROM ( SELECT COUNT( 1 ) AS DERIVED_FIELDalias1 FROM CITY AS CITYalias1 GROUP BY CITYalias1.STATE_NAME ) AS DERIVED_TABLEalias1 ) ) ;",hard
geography,train,test,what states border the state with the most major cities,"SELECT BORDER_INFOalias0.BORDER FROM BORDER_INFO AS BORDER_INFOalias0 WHERE BORDER_INFOalias0.STATE_NAME IN ( SELECT DERIVED_TABLEalias0.STATE_NAME FROM ( SELECT CITYalias0.STATE_NAME , COUNT( 1 ) AS DERIVED_FIELDalias0 FROM CITY AS CITYalias0 WHERE CITYalias0.POPULATION > 150000 GROUP BY CITYalias0.STATE_NAME ) AS DERIVED_TABLEalias0 WHERE DERIVED_TABLEalias0.DERIVED_FIELDalias0 = ( SELECT MAX( DERIVED_TABLEalias1.DERIVED_FIELDalias1 ) FROM ( SELECT COUNT( 1 ) AS DERIVED_FIELDalias1 FROM CITY AS CITYalias1 WHERE CITYalias1.POPULATION > 150000 GROUP BY CITYalias1.STATE_NAME ) AS DERIVED_TABLEalias1 ) ) ;",hard
geography,train,test,what states border the state with the smallest area,SELECT BORDER_INFOalias0.BORDER FROM BORDER_INFO AS BORDER_INFOalias0 WHERE BORDER_INFOalias0.STATE_NAME = ( SELECT STATEalias0.STATE_NAME FROM STATE AS STATEalias0 WHERE STATEalias0.AREA = ( SELECT MIN( STATEalias1.AREA ) FROM STATE AS STATEalias1 ) ) ;,hard
geography,train,test,which states border the state with the smallest area,SELECT BORDER_INFOalias0.BORDER FROM BORDER_INFO AS BORDER_INFOalias0 WHERE BORDER_INFOalias0.STATE_NAME = ( SELECT STATEalias0.STATE_NAME FROM STATE AS STATEalias0 WHERE STATEalias0.AREA = ( SELECT MIN( STATEalias1.AREA ) FROM STATE AS STATEalias1 ) ) ;,hard
geography,train,test,what states contain at least one major rivers,SELECT DISTINCT RIVERalias0.TRAVERSE FROM RIVER AS RIVERalias0 WHERE RIVERalias0.LENGTH > 750 ;,easy
geography,train,test,where are mountains,SELECT MOUNTAINalias0.STATE_NAME FROM MOUNTAIN AS MOUNTAINalias0 ;,easy
geography,test,test,where is the highest mountain of the united states,SELECT MOUNTAINalias0.STATE_NAME FROM MOUNTAIN AS MOUNTAINalias0 WHERE MOUNTAINalias0.MOUNTAIN_ALTITUDE = ( SELECT MAX( MOUNTAINalias1.MOUNTAIN_ALTITUDE ) FROM MOUNTAIN AS MOUNTAINalias1 ) ;,hard
geography,test,train,which state has the highest peak in the country,SELECT MOUNTAINalias0.STATE_NAME FROM MOUNTAIN AS MOUNTAINalias0 WHERE MOUNTAINalias0.MOUNTAIN_ALTITUDE = ( SELECT MAX( MOUNTAINalias1.MOUNTAIN_ALTITUDE ) FROM MOUNTAIN AS MOUNTAINalias1 ) ;,hard
geography,dev,test,where is the smallest city,SELECT CITYalias0.STATE_NAME FROM CITY AS CITYalias0 WHERE CITYalias0.POPULATION = ( SELECT MIN( CITYalias1.POPULATION ) FROM CITY AS CITYalias1 ) ;,hard
geography,dev,test,which is the density of the state that the largest river in the united states runs through,SELECT STATEalias0.DENSITY FROM STATE AS STATEalias0 WHERE STATEalias0.STATE_NAME IN ( SELECT RIVERalias0.TRAVERSE FROM RIVER AS RIVERalias0 WHERE RIVERalias0.LENGTH = ( SELECT MAX( RIVERalias1.LENGTH ) FROM RIVER AS RIVERalias1 ) ) ;,hard
geography,train,test,which is the highest peak not in alaska,"SELECT MOUNTAINalias0.MOUNTAIN_NAME FROM MOUNTAIN AS MOUNTAINalias0 WHERE MOUNTAINalias0.MOUNTAIN_ALTITUDE = ( SELECT MAX( MOUNTAINalias1.MOUNTAIN_ALTITUDE ) FROM MOUNTAIN AS MOUNTAINalias1 WHERE MOUNTAINalias1.STATE_NAME <> ""alaska"" ) ;",hard
geography,train,test,which rivers do not run through texas,"SELECT DISTINCT RIVERalias0.RIVER_NAME FROM RIVER AS RIVERalias0 WHERE RIVERalias0.RIVER_NAME NOT IN ( SELECT RIVERalias1.RIVER_NAME FROM RIVER AS RIVERalias1 WHERE RIVERalias1.TRAVERSE = ""texas"" ) ;",medium
geography,train,train,what rivers do not run through tennessee,"SELECT DISTINCT RIVERalias0.RIVER_NAME FROM RIVER AS RIVERalias0 WHERE RIVERalias0.RIVER_NAME NOT IN ( SELECT RIVERalias1.RIVER_NAME FROM RIVER AS RIVERalias1 WHERE RIVERalias1.TRAVERSE = ""tennessee"" ) ;",medium
geography,train,test,which rivers do not run through usa,"SELECT DISTINCT RIVERalias0.RIVER_NAME FROM RIVER AS RIVERalias0 WHERE RIVERalias0.COUNTRY_NAME <> ""usa"" ;",easy
geography,test,test,which rivers run through states that border the state with the capital austin,"SELECT RIVERalias0.RIVER_NAME FROM RIVER AS RIVERalias0 WHERE RIVERalias0.TRAVERSE IN ( SELECT BORDER_INFOalias0.BORDER FROM BORDER_INFO AS BORDER_INFOalias0 WHERE BORDER_INFOalias0.STATE_NAME IN ( SELECT STATEalias0.STATE_NAME FROM STATE AS STATEalias0 WHERE STATEalias0.CAPITAL = ""austin"" ) ) ;",medium
geography,test,train,what rivers run through the states that border the state with the capital atlanta,"SELECT RIVERalias0.RIVER_NAME FROM RIVER AS RIVERalias0 WHERE RIVERalias0.TRAVERSE IN ( SELECT BORDER_INFOalias0.BORDER FROM BORDER_INFO AS BORDER_INFOalias0 WHERE BORDER_INFOalias0.STATE_NAME IN ( SELECT STATEalias0.STATE_NAME FROM STATE AS STATEalias0 WHERE STATEalias0.CAPITAL = ""atlanta"" ) ) ;",medium
geography,train,test,which rivers run through states with fewest cities,"SELECT RIVERalias0.RIVER_NAME FROM RIVER AS RIVERalias0 WHERE RIVERalias0.TRAVERSE IN ( SELECT DERIVED_TABLEalias0.STATE_NAME FROM ( SELECT CITYalias0.STATE_NAME , COUNT( 1 ) AS DERIVED_FIELDalias0 FROM CITY AS CITYalias0 GROUP BY CITYalias0.STATE_NAME ) AS DERIVED_TABLEalias0 WHERE DERIVED_TABLEalias0.DERIVED_FIELDalias0 = ( SELECT MIN( DERIVED_TABLEalias1.DERIVED_FIELDalias1 ) FROM ( SELECT COUNT( 1 ) AS DERIVED_FIELDalias1 FROM CITY AS CITYalias1 GROUP BY CITYalias1.STATE_NAME ) AS DERIVED_TABLEalias1 ) ) ;",hard
geography,train,test,which state capital has the smallest population,"SELECT CITYalias0.CITY_NAME FROM CITY AS CITYalias0 WHERE CITYalias0.POPULATION = ( SELECT MIN( CITYalias1.POPULATION ) FROM CITY AS CITYalias1 , STATE AS STATEalias0 WHERE STATEalias0.CAPITAL = CITYalias1.CITY_NAME ) ;",hard
geography,train,test,which state has the highest elevation,SELECT HIGHLOWalias0.STATE_NAME FROM HIGHLOW AS HIGHLOWalias0 WHERE HIGHLOWalias0.HIGHEST_ELEVATION = ( SELECT MAX( HIGHLOWalias1.HIGHEST_ELEVATION ) FROM HIGHLOW AS HIGHLOWalias1 ) ;,hard
geography,train,test,which state has the highest point,SELECT HIGHLOWalias0.STATE_NAME FROM HIGHLOW AS HIGHLOWalias0 WHERE HIGHLOWalias0.HIGHEST_ELEVATION = ( SELECT MAX( HIGHLOWalias1.HIGHEST_ELEVATION ) FROM HIGHLOW AS HIGHLOWalias1 ) ;,hard
geography,train,train,what state has the highest elevation,SELECT HIGHLOWalias0.STATE_NAME FROM HIGHLOW AS HIGHLOWalias0 WHERE HIGHLOWalias0.HIGHEST_ELEVATION = ( SELECT MAX( HIGHLOWalias1.HIGHEST_ELEVATION ) FROM HIGHLOW AS HIGHLOWalias1 ) ;,hard
geography,train,train,in which state does the highest point in usa exist,SELECT HIGHLOWalias0.STATE_NAME FROM HIGHLOW AS HIGHLOWalias0 WHERE HIGHLOWalias0.HIGHEST_ELEVATION = ( SELECT MAX( HIGHLOWalias1.HIGHEST_ELEVATION ) FROM HIGHLOW AS HIGHLOWalias1 ) ;,hard
geography,train,train,what state has highest elevation,SELECT HIGHLOWalias0.STATE_NAME FROM HIGHLOW AS HIGHLOWalias0 WHERE HIGHLOWalias0.HIGHEST_ELEVATION = ( SELECT MAX( HIGHLOWalias1.HIGHEST_ELEVATION ) FROM HIGHLOW AS HIGHLOWalias1 ) ;,hard
geography,train,train,what is the state with the highest elevation in the united states,SELECT HIGHLOWalias0.STATE_NAME FROM HIGHLOW AS HIGHLOWalias0 WHERE HIGHLOWalias0.HIGHEST_ELEVATION = ( SELECT MAX( HIGHLOWalias1.HIGHEST_ELEVATION ) FROM HIGHLOW AS HIGHLOWalias1 ) ;,hard
geography,train,train,what is the state that contains the highest point,SELECT HIGHLOWalias0.STATE_NAME FROM HIGHLOW AS HIGHLOWalias0 WHERE HIGHLOWalias0.HIGHEST_ELEVATION = ( SELECT MAX( HIGHLOWalias1.HIGHEST_ELEVATION ) FROM HIGHLOW AS HIGHLOWalias1 ) ;,hard
geography,train,train,what state contains the highest point in the us,SELECT HIGHLOWalias0.STATE_NAME FROM HIGHLOW AS HIGHLOWalias0 WHERE HIGHLOWalias0.HIGHEST_ELEVATION = ( SELECT MAX( HIGHLOWalias1.HIGHEST_ELEVATION ) FROM HIGHLOW AS HIGHLOWalias1 ) ;,hard
geography,test,test,which state has the lowest elevation,SELECT HIGHLOWalias0.STATE_NAME FROM HIGHLOW AS HIGHLOWalias0 WHERE HIGHLOWalias0.LOWEST_ELEVATION = ( SELECT MIN( HIGHLOWalias1.LOWEST_ELEVATION ) FROM HIGHLOW AS HIGHLOWalias1 ) ;,hard
geography,test,train,what is the name of the state with the lowest point,SELECT HIGHLOWalias0.STATE_NAME FROM HIGHLOW AS HIGHLOWalias0 WHERE HIGHLOWalias0.LOWEST_ELEVATION = ( SELECT MIN( HIGHLOWalias1.LOWEST_ELEVATION ) FROM HIGHLOW AS HIGHLOWalias1 ) ;,hard
geography,test,train,what is the state with the lowest point,SELECT HIGHLOWalias0.STATE_NAME FROM HIGHLOW AS HIGHLOWalias0 WHERE HIGHLOWalias0.LOWEST_ELEVATION = ( SELECT MIN( HIGHLOWalias1.LOWEST_ELEVATION ) FROM HIGHLOW AS HIGHLOWalias1 ) ;,hard
geography,train,test,which state has the lowest point that borders idaho,"SELECT HIGHLOWalias0.STATE_NAME FROM HIGHLOW AS HIGHLOWalias0 WHERE HIGHLOWalias0.LOWEST_ELEVATION = ( SELECT MIN( HIGHLOWalias1.LOWEST_ELEVATION ) FROM HIGHLOW AS HIGHLOWalias1 WHERE HIGHLOWalias1.STATE_NAME IN ( SELECT BORDER_INFOalias0.BORDER FROM BORDER_INFO AS BORDER_INFOalias0 WHERE BORDER_INFOalias0.STATE_NAME = ""idaho"" ) ) AND HIGHLOWalias0.STATE_NAME IN ( SELECT BORDER_INFOalias1.BORDER FROM BORDER_INFO AS BORDER_INFOalias1 WHERE BORDER_INFOalias1.STATE_NAME = ""idaho"" ) ;",hard
geography,dev,test,which state has the most major rivers,SELECT RIVERalias0.TRAVERSE FROM RIVER AS RIVERalias0 WHERE RIVERalias0.LENGTH > 750 GROUP BY RIVERalias0.TRAVERSE ORDER BY COUNT( RIVERalias0.RIVER_NAME ) DESC LIMIT 1 ;,medium
geography,dev,test,which state has the most major rivers running through it,SELECT RIVERalias0.TRAVERSE FROM RIVER AS RIVERalias0 WHERE RIVERalias0.LENGTH > 750 GROUP BY RIVERalias0.TRAVERSE ORDER BY COUNT( RIVERalias0.RIVER_NAME ) DESC LIMIT 1 ;,medium
geography,dev,train,what state has the most major rivers running through it,SELECT RIVERalias0.TRAVERSE FROM RIVER AS RIVERalias0 WHERE RIVERalias0.LENGTH > 750 GROUP BY RIVERalias0.TRAVERSE ORDER BY COUNT( RIVERalias0.RIVER_NAME ) DESC LIMIT 1 ;,medium
geography,train,test,which state has the smallest average urban population,SELECT CITYalias0.STATE_NAME FROM CITY AS CITYalias0 GROUP BY CITYalias0.STATE_NAME ORDER BY AVG ( CITYalias0.POPULATION ) LIMIT 1 ;,medium
geography,dev,test,which state is mount mckinley in,"SELECT MOUNTAINalias0.STATE_NAME FROM MOUNTAIN AS MOUNTAINalias0 WHERE MOUNTAINalias0.MOUNTAIN_NAME = ""mckinley"" ;",easy
geography,dev,train,in what state is mount mckinley,"SELECT MOUNTAINalias0.STATE_NAME FROM MOUNTAIN AS MOUNTAINalias0 WHERE MOUNTAINalias0.MOUNTAIN_NAME = ""mckinley"" ;",easy
geography,dev,train,where is mount whitney,"SELECT MOUNTAINalias0.STATE_NAME FROM MOUNTAIN AS MOUNTAINalias0 WHERE MOUNTAINalias0.MOUNTAIN_NAME = ""whitney"" ;",easy
geography,dev,train,where is mount whitney located,"SELECT MOUNTAINalias0.STATE_NAME FROM MOUNTAIN AS MOUNTAINalias0 WHERE MOUNTAINalias0.MOUNTAIN_NAME = ""whitney"" ;",easy
geography,train,test,which states have a river,SELECT DISTINCT RIVERalias0.TRAVERSE FROM RIVER AS RIVERalias0 ;,easy
geography,train,train,what states have rivers running through them,SELECT DISTINCT RIVERalias0.TRAVERSE FROM RIVER AS RIVERalias0 ;,easy
geography,train,train,which states have a major city named austin,"SELECT CITYalias0.STATE_NAME FROM CITY AS CITYalias0 WHERE CITYalias0.CITY_NAME = ""austin"" AND CITYalias0.POPULATION > 150000 ;",easy
geography,train,train,what is the largest city in a state that borders texas,"SELECT CITYalias0.CITY_NAME FROM CITY AS CITYalias0 WHERE CITYalias0.POPULATION = ( SELECT MAX( CITYalias1.POPULATION ) FROM CITY AS CITYalias1 WHERE CITYalias1.STATE_NAME IN ( SELECT BORDER_INFOalias0.BORDER FROM BORDER_INFO AS BORDER_INFOalias0 WHERE BORDER_INFOalias0.STATE_NAME = ""texas"" ) ) AND CITYalias0.STATE_NAME IN ( SELECT BORDER_INFOalias1.BORDER FROM BORDER_INFO AS BORDER_INFOalias1 WHERE BORDER_INFOalias1.STATE_NAME = ""texas"" ) ;",hard
geography,train,train,what is the largest city in states that border california,"SELECT CITYalias0.CITY_NAME FROM CITY AS CITYalias0 WHERE CITYalias0.POPULATION = ( SELECT MAX( CITYalias1.POPULATION ) FROM CITY AS CITYalias1 WHERE CITYalias1.STATE_NAME IN ( SELECT BORDER_INFOalias0.BORDER FROM BORDER_INFO AS BORDER_INFOalias0 WHERE BORDER_INFOalias0.STATE_NAME = ""california"" ) ) AND CITYalias0.STATE_NAME IN ( SELECT BORDER_INFOalias1.BORDER FROM BORDER_INFO AS BORDER_INFOalias1 WHERE BORDER_INFOalias1.STATE_NAME = ""california"" ) ;",hard
geography,train,train,how many rivers do not traverse the state with the capital albany,"SELECT COUNT( DISTINCT RIVERalias0.RIVER_NAME ) FROM RIVER AS RIVERalias0 WHERE RIVERalias0.RIVER_NAME NOT IN ( SELECT RIVERalias1.RIVER_NAME FROM RIVER AS RIVERalias1 WHERE RIVERalias1.TRAVERSE IN ( SELECT STATEalias0.STATE_NAME FROM STATE AS STATEalias0 WHERE STATEalias0.CAPITAL = ""albany"" ) ) ;",hard
geography,train,train,what is the shortest river in iowa,"SELECT RIVERalias0.RIVER_NAME FROM RIVER AS RIVERalias0 WHERE RIVERalias0.LENGTH = ( SELECT MIN( RIVERalias1.LENGTH ) FROM RIVER AS RIVERalias1 WHERE RIVERalias1.TRAVERSE = ""iowa"" ) AND RIVERalias0.TRAVERSE = ""iowa"" ;",hard
geography,train,train,what is the shortest river in nebraska,"SELECT RIVERalias0.RIVER_NAME FROM RIVER AS RIVERalias0 WHERE RIVERalias0.LENGTH = ( SELECT MIN( RIVERalias1.LENGTH ) FROM RIVER AS RIVERalias1 WHERE RIVERalias1.TRAVERSE = ""nebraska"" ) AND RIVERalias0.TRAVERSE = ""nebraska"" ;",hard
geography,train,train,what is the shortest river in alaska,"SELECT RIVERalias0.RIVER_NAME FROM RIVER AS RIVERalias0 WHERE RIVERalias0.LENGTH = ( SELECT MIN( RIVERalias1.LENGTH ) FROM RIVER AS RIVERalias1 WHERE RIVERalias1.TRAVERSE = ""alaska"" ) AND RIVERalias0.TRAVERSE = ""alaska"" ;",hard
geography,train,train,what is the shortest river in texas,"SELECT RIVERalias0.RIVER_NAME FROM RIVER AS RIVERalias0 WHERE RIVERalias0.LENGTH = ( SELECT MIN( RIVERalias1.LENGTH ) FROM RIVER AS RIVERalias1 WHERE RIVERalias1.TRAVERSE = ""texas"" ) AND RIVERalias0.TRAVERSE = ""texas"" ;",hard
geography,train,train,what are the major cities in the smallest state in the us,SELECT CITYalias0.CITY_NAME FROM CITY AS CITYalias0 WHERE CITYalias0.POPULATION > 150000 AND CITYalias0.STATE_NAME = ( SELECT STATEalias0.STATE_NAME FROM STATE AS STATEalias0 WHERE STATEalias0.AREA = ( SELECT MIN( STATEalias1.AREA ) FROM STATE AS STATEalias1 ) ) ;,hard
geography,train,train,what is the population of the capital of the largest state through which the mississippi runs,"SELECT CITYalias0.POPULATION FROM CITY AS CITYalias0 WHERE CITYalias0.CITY_NAME = ( SELECT STATEalias0.CAPITAL FROM STATE AS STATEalias0 WHERE STATEalias0.AREA = ( SELECT MAX( STATEalias1.AREA ) FROM RIVER AS RIVERalias0 , STATE AS STATEalias1 WHERE RIVERalias0.RIVER_NAME = ""mississippi"" AND STATEalias1.STATE_NAME = RIVERalias0.TRAVERSE ) ) ;",hard
geography,dev,train,what is the shortest river in the usa,SELECT DISTINCT RIVERalias0.RIVER_NAME FROM RIVER AS RIVERalias0 WHERE RIVERalias0.LENGTH = ( SELECT MIN( RIVERalias1.LENGTH ) FROM RIVER AS RIVERalias1 ) ;,hard
geography,dev,train,what is the shortest river,SELECT DISTINCT RIVERalias0.RIVER_NAME FROM RIVER AS RIVERalias0 WHERE RIVERalias0.LENGTH = ( SELECT MIN( RIVERalias1.LENGTH ) FROM RIVER AS RIVERalias1 ) ;,hard
geography,dev,train,what is the shortest river in the us,SELECT DISTINCT RIVERalias0.RIVER_NAME FROM RIVER AS RIVERalias0 WHERE RIVERalias0.LENGTH = ( SELECT MIN( RIVERalias1.LENGTH ) FROM RIVER AS RIVERalias1 ) ;,hard
geography,dev,train,what is the shortest river in the united states,SELECT DISTINCT RIVERalias0.RIVER_NAME FROM RIVER AS RIVERalias0 WHERE RIVERalias0.LENGTH = ( SELECT MIN( RIVERalias1.LENGTH ) FROM RIVER AS RIVERalias1 ) ;,hard
geography,dev,train,which is the shortest river,SELECT DISTINCT RIVERalias0.RIVER_NAME FROM RIVER AS RIVERalias0 WHERE RIVERalias0.LENGTH = ( SELECT MIN( RIVERalias1.LENGTH ) FROM RIVER AS RIVERalias1 ) ;,hard
geography,dev,train,what is the capital of the state that borders the state that borders texas,"SELECT STATEalias0.CAPITAL FROM STATE AS STATEalias0 WHERE STATEalias0.STATE_NAME IN ( SELECT BORDER_INFOalias0.BORDER FROM BORDER_INFO AS BORDER_INFOalias0 WHERE BORDER_INFOalias0.STATE_NAME IN ( SELECT BORDER_INFOalias1.BORDER FROM BORDER_INFO AS BORDER_INFOalias1 WHERE BORDER_INFOalias1.STATE_NAME = ""texas"" ) ) ;",medium
geography,train,train,what is the smallest city of the smallest state in the us,SELECT CITYalias0.CITY_NAME FROM CITY AS CITYalias0 WHERE CITYalias0.POPULATION = ( SELECT MIN( CITYalias1.POPULATION ) FROM CITY AS CITYalias1 WHERE CITYalias1.STATE_NAME IN ( SELECT STATEalias0.STATE_NAME FROM STATE AS STATEalias0 WHERE STATEalias0.AREA = ( SELECT MIN( STATEalias1.AREA ) FROM STATE AS STATEalias1 ) ) ) AND CITYalias0.STATE_NAME IN ( SELECT STATEalias2.STATE_NAME FROM STATE AS STATEalias2 WHERE STATEalias2.AREA = ( SELECT MIN( STATEalias3.AREA ) FROM STATE AS STATEalias3 ) ) ;,hard
geography,train,train,how many rivers are in the state with the largest population,"SELECT COUNT( RIVERalias0.RIVER_NAME ) FROM RIVER AS RIVERalias0 , STATE AS STATEalias0 WHERE STATEalias0.STATE_NAME = ( SELECT STATEalias1.STATE_NAME FROM STATE AS STATEalias1 WHERE STATEalias1.POPULATION = ( SELECT MAX( STATEalias2.POPULATION ) FROM STATE AS STATEalias2 ) ) AND STATEalias0.STATE_NAME = RIVERalias0.TRAVERSE ;",hard
geography,train,train,what is the largest state that borders the state with the lowest point in the usa,"SELECT BORDER_INFOalias0.STATE_NAME FROM BORDER_INFO AS BORDER_INFOalias0 , HIGHLOW AS HIGHLOWalias0 , STATE AS STATEalias0 WHERE ( HIGHLOWalias0.STATE_NAME = BORDER_INFOalias0.BORDER ) AND ( STATEalias0.STATE_NAME = BORDER_INFOalias0.BORDER ) AND HIGHLOWalias0.LOWEST_ELEVATION = ( SELECT MIN( HIGHLOWalias1.LOWEST_ELEVATION ) FROM HIGHLOW AS HIGHLOWalias1 ) ORDER BY STATEalias0.AREA DESC LIMIT 1 ;",hard
geography,test,train,what is the population of the largest state that borders texas,"SELECT STATEalias0.POPULATION FROM STATE AS STATEalias0 WHERE STATEalias0.AREA = ( SELECT MAX( STATEalias1.AREA ) FROM STATE AS STATEalias1 WHERE STATEalias1.STATE_NAME IN ( SELECT BORDER_INFOalias0.BORDER FROM BORDER_INFO AS BORDER_INFOalias0 WHERE BORDER_INFOalias0.STATE_NAME = ""texas"" ) ) AND STATEalias0.STATE_NAME IN ( SELECT BORDER_INFOalias1.BORDER FROM BORDER_INFO AS BORDER_INFOalias1 WHERE BORDER_INFOalias1.STATE_NAME = ""texas"" ) ;",hard
geography,test,train,what state is austin the capital of,"SELECT STATEalias0.STATE_NAME FROM STATE AS STATEalias0 WHERE STATEalias0.CAPITAL = ""austin"" ;",easy
geography,test,train,what states capital is dover,"SELECT STATEalias0.STATE_NAME FROM STATE AS STATEalias0 WHERE STATEalias0.CAPITAL = ""dover"" ;",easy
geography,test,train,sacramento is the capital of which state,"SELECT STATEalias0.STATE_NAME FROM STATE AS STATEalias0 WHERE STATEalias0.CAPITAL = ""sacramento"" ;",easy
geography,test,train,what state is columbus the capital of,"SELECT STATEalias0.STATE_NAME FROM STATE AS STATEalias0 WHERE STATEalias0.CAPITAL = ""columbus"" ;",easy
geography,test,train,what state has the capital salem,"SELECT STATEalias0.STATE_NAME FROM STATE AS STATEalias0 WHERE STATEalias0.CAPITAL = ""salem"" ;",easy
geography,test,train,what rivers flow through the state with the largest population,SELECT RIVERalias0.RIVER_NAME FROM RIVER AS RIVERalias0 WHERE RIVERalias0.TRAVERSE IN ( SELECT STATEalias0.STATE_NAME FROM STATE AS STATEalias0 WHERE STATEalias0.POPULATION = ( SELECT MAX( STATEalias1.POPULATION ) FROM STATE AS STATEalias1 ) ) ;,hard
geography,train,train,what is the largest state that borders the state with the highest population,SELECT STATEalias0.STATE_NAME FROM STATE AS STATEalias0 WHERE STATEalias0.AREA = ( SELECT MAX( STATEalias1.AREA ) FROM STATE AS STATEalias1 WHERE STATEalias1.STATE_NAME IN ( SELECT BORDER_INFOalias0.STATE_NAME FROM BORDER_INFO AS BORDER_INFOalias0 WHERE BORDER_INFOalias0.BORDER IN ( SELECT STATEalias2.STATE_NAME FROM STATE AS STATEalias2 WHERE STATEalias2.POPULATION = ( SELECT MAX( STATEalias3.POPULATION ) FROM STATE AS STATEalias3 ) ) ) ) AND STATEalias0.STATE_NAME IN ( SELECT BORDER_INFOalias1.STATE_NAME FROM BORDER_INFO AS BORDER_INFOalias1 WHERE BORDER_INFOalias1.BORDER IN ( SELECT STATEalias4.STATE_NAME FROM STATE AS STATEalias4 WHERE STATEalias4.POPULATION = ( SELECT MAX( STATEalias5.POPULATION ) FROM STATE AS STATEalias5 ) ) ) ;,hard
geography,train,train,what is the capital of the state with the highest point,"SELECT STATEalias0.CAPITAL FROM HIGHLOW AS HIGHLOWalias0 , STATE AS STATEalias0 WHERE HIGHLOWalias0.HIGHEST_ELEVATION = ( SELECT MAX( HIGHLOWalias1.HIGHEST_ELEVATION ) FROM HIGHLOW AS HIGHLOWalias1 ) AND STATEalias0.STATE_NAME = HIGHLOWalias0.STATE_NAME ;",hard
geography,train,train,what is the capital of the state with the highest elevation,"SELECT STATEalias0.CAPITAL FROM HIGHLOW AS HIGHLOWalias0 , STATE AS STATEalias0 WHERE HIGHLOWalias0.HIGHEST_ELEVATION = ( SELECT MAX( HIGHLOWalias1.HIGHEST_ELEVATION ) FROM HIGHLOW AS HIGHLOWalias1 ) AND STATEalias0.STATE_NAME = HIGHLOWalias0.STATE_NAME ;",hard
geography,test,train,how many rivers are there in us,SELECT COUNT( DISTINCT RIVERalias0.RIVER_NAME ) FROM RIVER AS RIVERalias0 ;,easy
geography,test,train,name the 50 capitals in the usa,SELECT DISTINCT STATEalias0.CAPITAL FROM STATE AS STATEalias0 ;,easy
geography,dev,train,how many states have a city named springfield,"SELECT COUNT( CITYalias0.STATE_NAME ) FROM CITY AS CITYalias0 WHERE CITYalias0.CITY_NAME = ""springfield"" ;",easy
geography,dev,train,how many states have a city called rochester,"SELECT COUNT( CITYalias0.STATE_NAME ) FROM CITY AS CITYalias0 WHERE CITYalias0.CITY_NAME = ""rochester"" ;",easy
geography,dev,train,how many states have cities named austin,"SELECT COUNT( CITYalias0.STATE_NAME ) FROM CITY AS CITYalias0 WHERE CITYalias0.CITY_NAME = ""austin"" ;",easy
geography,dev,train,how many states have cities or towns named springfield,"SELECT COUNT( CITYalias0.STATE_NAME ) FROM CITY AS CITYalias0 WHERE CITYalias0.CITY_NAME = ""springfield"" ;",easy
geography,train,train,what state borders the state with the smallest population,SELECT BORDER_INFOalias0.BORDER FROM BORDER_INFO AS BORDER_INFOalias0 WHERE BORDER_INFOalias0.STATE_NAME IN ( SELECT STATEalias0.STATE_NAME FROM STATE AS STATEalias0 WHERE STATEalias0.POPULATION = ( SELECT MIN( STATEalias1.POPULATION ) FROM STATE AS STATEalias1 ) ) ;,hard
geography,train,train,what state is the state with the most rivers,SELECT RIVERalias0.TRAVERSE FROM RIVER AS RIVERalias0 GROUP BY RIVERalias0.TRAVERSE ORDER BY COUNT( RIVERalias0.RIVER_NAME ) DESC LIMIT 1 ;,medium
geography,train,train,which state contains most rivers,SELECT RIVERalias0.TRAVERSE FROM RIVER AS RIVERalias0 GROUP BY RIVERalias0.TRAVERSE ORDER BY COUNT( RIVERalias0.RIVER_NAME ) DESC LIMIT 1 ;,medium
geography,train,test,what state has the most rivers,SELECT RIVERalias0.TRAVERSE FROM RIVER AS RIVERalias0 GROUP BY RIVERalias0.TRAVERSE ORDER BY COUNT( RIVERalias0.RIVER_NAME ) DESC LIMIT 1 ;,medium
geography,train,test,which state has the most rivers,SELECT RIVERalias0.TRAVERSE FROM RIVER AS RIVERalias0 GROUP BY RIVERalias0.TRAVERSE ORDER BY COUNT( RIVERalias0.RIVER_NAME ) DESC LIMIT 1 ;,medium
geography,train,train,which state has the most rivers running through it,SELECT RIVERalias0.TRAVERSE FROM RIVER AS RIVERalias0 GROUP BY RIVERalias0.TRAVERSE ORDER BY COUNT( RIVERalias0.RIVER_NAME ) DESC LIMIT 1 ;,medium
geography,train,train,what state has the most rivers running through it,SELECT RIVERalias0.TRAVERSE FROM RIVER AS RIVERalias0 GROUP BY RIVERalias0.TRAVERSE ORDER BY COUNT( RIVERalias0.RIVER_NAME ) DESC LIMIT 1 ;,medium
geography,train,train,what are the lakes in states bordering texas,"SELECT LAKEalias0.LAKE_NAME FROM LAKE AS LAKEalias0 WHERE LAKEalias0.STATE_NAME IN ( SELECT BORDER_INFOalias0.BORDER FROM BORDER_INFO AS BORDER_INFOalias0 WHERE BORDER_INFOalias0.STATE_NAME = ""texas"" ) ;",medium
geography,train,train,how many major cities are in florida,"SELECT COUNT( CITYalias0.CITY_NAME ) FROM CITY AS CITYalias0 WHERE CITYalias0.POPULATION > 150000 AND CITYalias0.STATE_NAME = ""florida"" ;",easy
geography,train,train,how many major cities are in arizona,"SELECT COUNT( CITYalias0.CITY_NAME ) FROM CITY AS CITYalias0 WHERE CITYalias0.POPULATION > 150000 AND CITYalias0.STATE_NAME = ""arizona"" ;",easy
geography,train,train,how many big cities are in pennsylvania,"SELECT COUNT( CITYalias0.CITY_NAME ) FROM CITY AS CITYalias0 WHERE CITYalias0.POPULATION > 150000 AND CITYalias0.STATE_NAME = ""pennsylvania"" ;",easy
geography,train,train,how many major cities are there in oregon,"SELECT COUNT( CITYalias0.CITY_NAME ) FROM CITY AS CITYalias0 WHERE CITYalias0.POPULATION > 150000 AND CITYalias0.STATE_NAME = ""oregon"" ;",easy
geography,train,train,how many major cities are in texas,"SELECT COUNT( CITYalias0.CITY_NAME ) FROM CITY AS CITYalias0 WHERE CITYalias0.POPULATION > 150000 AND CITYalias0.STATE_NAME = ""texas"" ;",easy
geography,train,train,how high are the highest points of all the states,SELECT HIGHLOWalias0.HIGHEST_ELEVATION FROM HIGHLOW AS HIGHLOWalias0 ;,easy
geography,test,train,how many states does the mississippi run through,"SELECT COUNT( RIVERalias0.TRAVERSE ) FROM RIVER AS RIVERalias0 WHERE RIVERalias0.RIVER_NAME = ""mississippi"" ;",easy
geography,test,train,how many states does the colorado river flow through,"SELECT COUNT( RIVERalias0.TRAVERSE ) FROM RIVER AS RIVERalias0 WHERE RIVERalias0.RIVER_NAME = ""colorado"" ;",easy
geography,test,train,how many states does the colorado river run through,"SELECT COUNT( RIVERalias0.TRAVERSE ) FROM RIVER AS RIVERalias0 WHERE RIVERalias0.RIVER_NAME = ""colorado"" ;",easy
geography,test,train,how many states does the mississippi river run through,"SELECT COUNT( RIVERalias0.TRAVERSE ) FROM RIVER AS RIVERalias0 WHERE RIVERalias0.RIVER_NAME = ""mississippi"" ;",easy
geography,test,train,how many states does the missouri river run through,"SELECT COUNT( RIVERalias0.TRAVERSE ) FROM RIVER AS RIVERalias0 WHERE RIVERalias0.RIVER_NAME = ""missouri"" ;",easy
geography,train,train,what is the longest river in the smallest state in the usa,SELECT RIVERalias0.RIVER_NAME FROM RIVER AS RIVERalias0 WHERE RIVERalias0.LENGTH = ( SELECT MAX( RIVERalias1.LENGTH ) FROM RIVER AS RIVERalias1 WHERE RIVERalias1.TRAVERSE IN ( SELECT STATEalias0.STATE_NAME FROM STATE AS STATEalias0 WHERE STATEalias0.AREA = ( SELECT MIN( STATEalias1.AREA ) FROM STATE AS STATEalias1 ) ) ) AND RIVERalias0.TRAVERSE IN ( SELECT STATEalias2.STATE_NAME FROM STATE AS STATEalias2 WHERE STATEalias2.AREA = ( SELECT MIN( STATEalias3.AREA ) FROM STATE AS STATEalias3 ) ) ;,hard
geography,test,train,what is the average population per square km in pennsylvania,"SELECT STATEalias0.POPULATION / STATEalias0.AREA FROM STATE AS STATEalias0 WHERE STATEalias0.STATE_NAME = ""pennsylvania"" ;",easy
geography,train,train,what states border states that border states that border florida,"SELECT BORDER_INFOalias0.BORDER FROM BORDER_INFO AS BORDER_INFOalias0 WHERE BORDER_INFOalias0.STATE_NAME IN ( SELECT BORDER_INFOalias1.BORDER FROM BORDER_INFO AS BORDER_INFOalias1 WHERE BORDER_INFOalias1.STATE_NAME IN ( SELECT BORDER_INFOalias2.BORDER FROM BORDER_INFO AS BORDER_INFOalias2 WHERE BORDER_INFOalias2.STATE_NAME = ""florida"" ) ) ;",medium
geography,train,train,how many states border at least one other state,SELECT COUNT( DISTINCT BORDER_INFOalias0.STATE_NAME ) FROM BORDER_INFO AS BORDER_INFOalias0 ;,easy
geography,train,train,what is the height of the highest mountain in texas,"SELECT MAX( DISTINCT HIGHLOWalias0.HIGHEST_ELEVATION ) FROM HIGHLOW AS HIGHLOWalias0 WHERE HIGHLOWalias0.STATE_NAME = ""texas"" ;",easy
geography,train,train,how many states border colorado and border new mexico,"SELECT COUNT( BORDER_INFOalias0.BORDER ) FROM BORDER_INFO AS BORDER_INFOalias0 WHERE BORDER_INFOalias0.BORDER IN ( SELECT BORDER_INFOalias1.BORDER FROM BORDER_INFO AS BORDER_INFOalias1 WHERE BORDER_INFOalias1.STATE_NAME = ""new mexico"" ) AND BORDER_INFOalias0.STATE_NAME = ""colorado"" ;",hard
geography,train,train,how many major cities are in states bordering utah,"SELECT COUNT( CITYalias0.CITY_NAME ) FROM CITY AS CITYalias0 WHERE CITYalias0.POPULATION > 150000 AND CITYalias0.STATE_NAME IN ( SELECT BORDER_INFOalias0.BORDER FROM BORDER_INFO AS BORDER_INFOalias0 WHERE BORDER_INFOalias0.STATE_NAME = ""utah"" ) ;",hard
geography,train,train,how many major cities are in states bordering nebraska,"SELECT COUNT( CITYalias0.CITY_NAME ) FROM CITY AS CITYalias0 WHERE CITYalias0.POPULATION > 150000 AND CITYalias0.STATE_NAME IN ( SELECT BORDER_INFOalias0.BORDER FROM BORDER_INFO AS BORDER_INFOalias0 WHERE BORDER_INFOalias0.STATE_NAME = ""nebraska"" ) ;",hard
geography,train,train,what is the total population of the states that border texas,"SELECT SUM( STATEalias0.POPULATION ) FROM BORDER_INFO AS BORDER_INFOalias0 , STATE AS STATEalias0 WHERE BORDER_INFOalias0.STATE_NAME = ""texas"" AND STATEalias0.STATE_NAME = BORDER_INFOalias0.BORDER ;",medium
geography,train,train,what are the major lakes in united states ,SELECT LAKEalias0.LAKE_NAME FROM LAKE AS LAKEalias0 WHERE LAKEalias0.AREA > 750 ;,easy
geography,train,train,show me all the major lakes in the us ,SELECT LAKEalias0.LAKE_NAME FROM LAKE AS LAKEalias0 WHERE LAKEalias0.AREA > 750 ;,easy
geography,train,train,name all the lakes of us,SELECT LAKEalias0.LAKE_NAME FROM LAKE AS LAKEalias0 ;,easy
geography,train,train,how many major rivers cross ohio,"SELECT COUNT( RIVERalias0.RIVER_NAME ) FROM RIVER AS RIVERalias0 WHERE RIVERalias0.LENGTH > 750 AND RIVERalias0.TRAVERSE = ""ohio"" ;",easy
geography,test,train,what state has the shortest river,SELECT DISTINCT RIVERalias0.TRAVERSE FROM RIVER AS RIVERalias0 WHERE RIVERalias0.LENGTH = ( SELECT MIN( RIVERalias1.LENGTH ) FROM RIVER AS RIVERalias1 ) ;,hard
geography,test,train,what states does the shortest river run through,SELECT DISTINCT RIVERalias0.TRAVERSE FROM RIVER AS RIVERalias0 WHERE RIVERalias0.LENGTH = ( SELECT MIN( RIVERalias1.LENGTH ) FROM RIVER AS RIVERalias1 ) ;,hard
geography,dev,train,how many states are next to major rivers,SELECT COUNT( DISTINCT RIVERalias0.TRAVERSE ) FROM RIVER AS RIVERalias0 WHERE RIVERalias0.LENGTH > 750 ;,easy
geography,train,train,what state borders the least states excluding alaska and excluding hawaii,"SELECT STATEalias0.STATE_NAME FROM STATE AS STATEalias0 LEFT OUTER JOIN BORDER_INFO AS BORDER_INFOalias0 ON STATEalias0.STATE_NAME = BORDER_INFOalias0.STATE_NAME WHERE STATEalias0.STATE_NAME <> ""alaska"" AND STATEalias0.STATE_NAME <> ""hawaii"" GROUP BY STATEalias0.STATE_NAME HAVING COUNT( BORDER_INFOalias0.BORDER ) = ( SELECT MIN( DERIVED_TABLEalias0.DERIVED_FIELDalias0 ) FROM ( SELECT COUNT( BORDER_INFOalias1.BORDER ) AS DERIVED_FIELDalias0 , STATEalias1.STATE_NAME FROM STATE AS STATEalias1 LEFT OUTER JOIN BORDER_INFO AS BORDER_INFOalias1 ON STATEalias1.STATE_NAME = BORDER_INFOalias1.STATE_NAME WHERE STATEalias1.STATE_NAME <> ""alaska"" AND STATEalias1.STATE_NAME <> ""hawaii"" GROUP BY STATEalias1.STATE_NAME ) AS DERIVED_TABLEalias0 ) ;",hard
geography,train,train,what is the highest point in the smallest state,"SELECT HIGHLOWalias0.HIGHEST_POINT FROM HIGHLOW AS HIGHLOWalias0 , STATE AS STATEalias0 WHERE STATEalias0.AREA = ( SELECT MIN( STATEalias1.AREA ) FROM STATE AS STATEalias1 ) AND STATEalias0.STATE_NAME = HIGHLOWalias0.STATE_NAME ;",hard
geography,train,train,what is the height of mount mckinley,"SELECT MOUNTAINalias0.MOUNTAIN_ALTITUDE FROM MOUNTAIN AS MOUNTAINalias0 WHERE MOUNTAINalias0.MOUNTAIN_NAME = ""mckinley"" ;",easy
geography,dev,train,what is the highest point in the state with the smallest population,"SELECT HIGHLOWalias0.HIGHEST_POINT FROM HIGHLOW AS HIGHLOWalias0 , STATE AS STATEalias0 WHERE STATEalias0.STATE_NAME = HIGHLOWalias0.STATE_NAME AND STATEalias0.STATE_NAME IN ( SELECT STATEalias1.STATE_NAME FROM STATE AS STATEalias1 WHERE STATEalias1.POPULATION = ( SELECT MIN( STATEalias2.POPULATION ) FROM STATE AS STATEalias2 ) ) ;",hard
geography,train,train,which rivers run through the state with the lowest elevation in the usa,SELECT RIVERalias0.RIVER_NAME FROM RIVER AS RIVERalias0 WHERE RIVERalias0.TRAVERSE IN ( SELECT HIGHLOWalias0.STATE_NAME FROM HIGHLOW AS HIGHLOWalias0 WHERE HIGHLOWalias0.LOWEST_ELEVATION = ( SELECT MIN( HIGHLOWalias1.LOWEST_ELEVATION ) FROM HIGHLOW AS HIGHLOWalias1 ) ) ;,hard
geography,train,train,what rivers run through the state with the lowest point in the usa,SELECT RIVERalias0.RIVER_NAME FROM RIVER AS RIVERalias0 WHERE RIVERalias0.TRAVERSE IN ( SELECT HIGHLOWalias0.STATE_NAME FROM HIGHLOW AS HIGHLOWalias0 WHERE HIGHLOWalias0.LOWEST_ELEVATION = ( SELECT MIN( HIGHLOWalias1.LOWEST_ELEVATION ) FROM HIGHLOW AS HIGHLOWalias1 ) ) ;,hard
geography,train,train,what mountains are in alaska,"SELECT MOUNTAINalias0.MOUNTAIN_NAME FROM MOUNTAIN AS MOUNTAINalias0 WHERE MOUNTAINalias0.STATE_NAME = ""alaska"" ;",easy
geography,train,train,how many states have major rivers,SELECT COUNT( DISTINCT RIVERalias0.TRAVERSE ) FROM RIVER AS RIVERalias0 WHERE RIVERalias0.LENGTH > 750 ;,easy
geography,test,train,what is the smallest state through which the longest river runs,SELECT STATEalias0.STATE_NAME FROM STATE AS STATEalias0 WHERE STATEalias0.AREA = ( SELECT MIN( STATEalias1.AREA ) FROM STATE AS STATEalias1 WHERE STATEalias1.STATE_NAME IN ( SELECT RIVERalias0.TRAVERSE FROM RIVER AS RIVERalias0 WHERE RIVERalias0.LENGTH = ( SELECT MAX( RIVERalias1.LENGTH ) FROM RIVER AS RIVERalias1 ) ) ) AND STATEalias0.STATE_NAME IN ( SELECT RIVERalias2.TRAVERSE FROM RIVER AS RIVERalias2 WHERE RIVERalias2.LENGTH = ( SELECT MAX( RIVERalias3.LENGTH ) FROM RIVER AS RIVERalias3 ) ) ;,hard
geography,train,train,what is the largest state traversed by the mississippi river,"SELECT STATEalias0.STATE_NAME FROM STATE AS STATEalias0 WHERE STATEalias0.AREA = ( SELECT MAX( STATEalias1.AREA ) FROM STATE AS STATEalias1 WHERE STATEalias1.STATE_NAME IN ( SELECT RIVERalias0.TRAVERSE FROM RIVER AS RIVERalias0 WHERE RIVERalias0.RIVER_NAME = ""mississippi"" ) ) AND STATEalias0.STATE_NAME IN ( SELECT RIVERalias1.TRAVERSE FROM RIVER AS RIVERalias1 WHERE RIVERalias1.RIVER_NAME = ""mississippi"" ) ;",hard
geography,train,train,what is the largest of the state that the rio grande runs through,"SELECT STATEalias0.STATE_NAME FROM STATE AS STATEalias0 WHERE STATEalias0.AREA = ( SELECT MAX( STATEalias1.AREA ) FROM STATE AS STATEalias1 WHERE STATEalias1.STATE_NAME IN ( SELECT RIVERalias0.TRAVERSE FROM RIVER AS RIVERalias0 WHERE RIVERalias0.RIVER_NAME = ""rio grande"" ) ) AND STATEalias0.STATE_NAME IN ( SELECT RIVERalias1.TRAVERSE FROM RIVER AS RIVERalias1 WHERE RIVERalias1.RIVER_NAME = ""rio grande"" ) ;",hard
geography,dev,train,how many rivers run through the states bordering colorado,"SELECT COUNT( RIVERalias0.RIVER_NAME ) FROM RIVER AS RIVERalias0 WHERE RIVERalias0.TRAVERSE IN ( SELECT BORDER_INFOalias0.BORDER FROM BORDER_INFO AS BORDER_INFOalias0 WHERE BORDER_INFOalias0.STATE_NAME = ""colorado"" ) ;",hard
geography,train,train,what is the longest river that does not run through texas,"SELECT DISTINCT RIVERalias0.RIVER_NAME FROM RIVER AS RIVERalias0 WHERE RIVERalias0.LENGTH = ( SELECT MAX( RIVERalias1.LENGTH ) FROM RIVER AS RIVERalias1 WHERE RIVERalias1.RIVER_NAME NOT IN ( SELECT RIVERalias2.RIVER_NAME FROM RIVER AS RIVERalias2 WHERE RIVERalias2.TRAVERSE = ""texas"" ) ) AND RIVERalias0.RIVER_NAME NOT IN ( SELECT RIVERalias3.RIVER_NAME FROM RIVER AS RIVERalias3 WHERE RIVERalias3.TRAVERSE = ""texas"" ) ;",hard
geography,train,train,what are the largest cities in the states that border the largest state,"SELECT CITYalias0.CITY_NAME FROM CITY AS CITYalias0 WHERE CITYalias0.POPULATION IN ( SELECT DERIVED_TABLEalias1.DERIVED_FIELDalias0 FROM ( SELECT MAX( CITYalias1.POPULATION ) AS DERIVED_FIELDalias0 , STATEalias0.STATE_NAME FROM CITY AS CITYalias1 , STATE AS STATEalias0 WHERE STATEalias0.STATE_NAME = CITYalias1.STATE_NAME AND STATEalias0.STATE_NAME IN ( SELECT BORDER_INFOalias0.BORDER FROM BORDER_INFO AS BORDER_INFOalias0 GROUP BY BORDER_INFOalias0.BORDER HAVING COUNT( 1 ) = ( SELECT MAX( DERIVED_TABLEalias0.DERIVED_FIELDalias1 ) FROM ( SELECT BORDER_INFOalias1.BORDER , COUNT( 1 ) AS DERIVED_FIELDalias1 FROM BORDER_INFO AS BORDER_INFOalias1 GROUP BY BORDER_INFOalias1.BORDER ) AS DERIVED_TABLEalias0 ) ) GROUP BY STATEalias0.STATE_NAME ) AS DERIVED_TABLEalias1 ) ;",hard
geography,train,train,what state has no rivers,SELECT STATEalias0.STATE_NAME FROM STATE AS STATEalias0 WHERE STATEalias0.STATE_NAME NOT IN ( SELECT RIVERalias0.TRAVERSE FROM RIVER AS RIVERalias0 ) ;,medium
geography,dev,train,how many rivers are in the state with the highest point,"SELECT COUNT( RIVERalias0.RIVER_NAME ) FROM HIGHLOW AS HIGHLOWalias0 , RIVER AS RIVERalias0 WHERE HIGHLOWalias0.HIGHEST_ELEVATION = ( SELECT MAX( HIGHLOWalias1.HIGHEST_ELEVATION ) FROM HIGHLOW AS HIGHLOWalias1 ) AND RIVERalias0.TRAVERSE = HIGHLOWalias0.STATE_NAME ;",hard
geography,train,train,what state has the most cities,SELECT CITYalias0.STATE_NAME FROM CITY AS CITYalias0 GROUP BY CITYalias0.STATE_NAME ORDER BY COUNT( 1 ) DESC LIMIT 1 ;,medium
geography,dev,train,what is the capital of the largest state,SELECT STATEalias0.CAPITAL FROM STATE AS STATEalias0 WHERE STATEalias0.AREA = ( SELECT MAX( STATEalias1.AREA ) FROM STATE AS STATEalias1 ) ;,hard
geography,dev,train,what is the capital city of the largest state in the us,SELECT STATEalias0.CAPITAL FROM STATE AS STATEalias0 WHERE STATEalias0.AREA = ( SELECT MAX( STATEalias1.AREA ) FROM STATE AS STATEalias1 ) ;,hard
geography,train,train,how many cities are in montana,"SELECT COUNT( CITYalias0.CITY_NAME ) FROM CITY AS CITYalias0 WHERE CITYalias0.STATE_NAME = ""montana"" ;",easy
geography,train,train,how many cities are in louisiana,"SELECT COUNT( CITYalias0.CITY_NAME ) FROM CITY AS CITYalias0 WHERE CITYalias0.STATE_NAME = ""louisiana"" ;",easy
geography,train,train,how many cities does texas have,"SELECT COUNT( CITYalias0.CITY_NAME ) FROM CITY AS CITYalias0 WHERE CITYalias0.STATE_NAME = ""texas"" ;",easy
geography,train,train,what is the highest point in the state with the most rivers,"SELECT HIGHLOWalias0.HIGHEST_POINT FROM HIGHLOW AS HIGHLOWalias0 WHERE ( HIGHLOWalias0.STATE_NAME = ( SELECT RIVERalias0.TRAVERSE FROM RIVER AS RIVERalias0 , STATE AS STATEalias0 WHERE STATEalias0.STATE_NAME = RIVERalias0.TRAVERSE GROUP BY STATEalias0.STATE_NAME ORDER BY COUNT( RIVERalias0.RIVER_NAME ) DESC LIMIT 1 ) ) ;",hard
geography,test,train,what is the area of the states,SELECT STATEalias0.AREA FROM STATE AS STATEalias0 ;,easy
geography,train,train,how many states in the us does the shortest river run through,SELECT COUNT( RIVERalias0.TRAVERSE ) FROM RIVER AS RIVERalias0 WHERE RIVERalias0.LENGTH = ( SELECT MIN( RIVERalias1.LENGTH ) FROM RIVER AS RIVERalias1 ) ;,hard
geography,train,train,what is the average population per square km in the us,SELECT SUM( STATEalias0.POPULATION ) / SUM( STATEalias0.AREA ) FROM STATE AS STATEalias0 ;,easy
geography,train,train,what rivers flow through states that border the state with the largest population,SELECT RIVERalias0.RIVER_NAME FROM RIVER AS RIVERalias0 WHERE RIVERalias0.TRAVERSE IN ( SELECT BORDER_INFOalias0.BORDER FROM BORDER_INFO AS BORDER_INFOalias0 WHERE BORDER_INFOalias0.STATE_NAME IN ( SELECT STATEalias0.STATE_NAME FROM STATE AS STATEalias0 WHERE STATEalias0.POPULATION = ( SELECT MAX( STATEalias1.POPULATION ) FROM STATE AS STATEalias1 ) ) ) ;,hard
geography,train,train,what are the major cities in the largest state,SELECT CITYalias0.CITY_NAME FROM CITY AS CITYalias0 WHERE CITYalias0.POPULATION > 150000 AND CITYalias0.STATE_NAME = ( SELECT STATEalias0.STATE_NAME FROM STATE AS STATEalias0 WHERE STATEalias0.AREA = ( SELECT MAX( STATEalias1.AREA ) FROM STATE AS STATEalias1 ) ) ;,hard
geography,dev,train,what is the area of the smallest state,SELECT STATEalias0.AREA FROM STATE AS STATEalias0 WHERE STATEalias0.AREA = ( SELECT MIN( STATEalias1.AREA ) FROM STATE AS STATEalias1 ) ;,hard
geography,train,train,which states border the longest river in the usa,SELECT BORDER_INFOalias0.BORDER FROM BORDER_INFO AS BORDER_INFOalias0 WHERE BORDER_INFOalias0.STATE_NAME IN ( SELECT RIVERalias0.TRAVERSE FROM RIVER AS RIVERalias0 WHERE RIVERalias0.LENGTH = ( SELECT MAX( RIVERalias1.LENGTH ) FROM RIVER AS RIVERalias1 ) ) ;,hard
geography,test,train,what is the population density of the state with the smallest population,SELECT STATEalias0.DENSITY FROM STATE AS STATEalias0 WHERE STATEalias0.POPULATION = ( SELECT MIN( STATEalias1.POPULATION ) FROM STATE AS STATEalias1 ) ;,hard
geography,dev,train,how many states border the mississippi river,"SELECT COUNT( DISTINCT BORDER_INFOalias0.BORDER ) FROM BORDER_INFO AS BORDER_INFOalias0 WHERE BORDER_INFOalias0.STATE_NAME IN ( SELECT RIVERalias0.TRAVERSE FROM RIVER AS RIVERalias0 WHERE RIVERalias0.RIVER_NAME = ""mississippi"" ) ;",hard
geography,train,train,what states have a capital that is the highest point in the state,"SELECT STATEalias0.STATE_NAME FROM HIGHLOW AS HIGHLOWalias0 , STATE AS STATEalias0 WHERE STATEalias0.CAPITAL = HIGHLOWalias0.HIGHEST_POINT ;",easy
geography,test,train,what is the population of the capital of the smallest state,SELECT CITYalias0.POPULATION FROM CITY AS CITYalias0 WHERE CITYalias0.CITY_NAME = ( SELECT STATEalias0.CAPITAL FROM STATE AS STATEalias0 WHERE STATEalias0.AREA = ( SELECT MIN( STATEalias1.AREA ) FROM STATE AS STATEalias1 ) ) ;,hard
geography,train,train,what is the population of the capital of the largest state,SELECT CITYalias0.POPULATION FROM CITY AS CITYalias0 WHERE CITYalias0.CITY_NAME = ( SELECT STATEalias0.CAPITAL FROM STATE AS STATEalias0 WHERE STATEalias0.AREA = ( SELECT MAX( STATEalias1.AREA ) FROM STATE AS STATEalias1 ) ) ;,hard
geography,test,train,what is the lowest point of the state with the largest area,"SELECT HIGHLOWalias0.LOWEST_POINT FROM HIGHLOW AS HIGHLOWalias0 , STATE AS STATEalias0 WHERE STATEalias0.STATE_NAME = HIGHLOWalias0.STATE_NAME AND STATEalias0.STATE_NAME IN ( SELECT STATEalias1.STATE_NAME FROM STATE AS STATEalias1 WHERE STATEalias1.AREA = ( SELECT MAX( STATEalias2.AREA ) FROM STATE AS STATEalias2 ) ) ;",hard
geography,train,train,what state has the smallest capital,"SELECT CITYalias0.STATE_NAME FROM CITY AS CITYalias0 WHERE CITYalias0.POPULATION = ( SELECT MIN( DERIVED_TABLEalias0.POPULATION ) FROM ( SELECT CITYalias1.POPULATION FROM CITY AS CITYalias1 , STATE AS STATEalias0 WHERE STATEalias0.CAPITAL = CITYalias1.CITY_NAME ) AS DERIVED_TABLEalias0 ) ;",hard
geography,train,train,what states border states that border the state with the largest population,"SELECT BORDER_INFOalias0.BORDER FROM BORDER_INFO AS BORDER_INFOalias0 , BORDER_INFO AS BORDER_INFOalias1 WHERE BORDER_INFOalias1.BORDER = BORDER_INFOalias0.STATE_NAME AND BORDER_INFOalias1.STATE_NAME IN ( SELECT STATEalias0.STATE_NAME FROM STATE AS STATEalias0 WHERE STATEalias0.POPULATION = ( SELECT MAX( STATEalias1.POPULATION ) FROM STATE AS STATEalias1 ) ) ;",hard
geography,dev,train,what is the capital of the state that borders the most states,"SELECT STATEalias0.CAPITAL FROM STATE AS STATEalias0 WHERE STATEalias0.STATE_NAME IN ( SELECT BORDER_INFOalias0.BORDER FROM BORDER_INFO AS BORDER_INFOalias0 GROUP BY BORDER_INFOalias0.BORDER HAVING COUNT( 1 ) = ( SELECT MAX( DERIVED_TABLEalias0.DERIVED_FIELDalias0 ) FROM ( SELECT BORDER_INFOalias1.BORDER , COUNT( 1 ) AS DERIVED_FIELDalias0 FROM BORDER_INFO AS BORDER_INFOalias1 GROUP BY BORDER_INFOalias1.BORDER ) AS DERIVED_TABLEalias0 ) ) ;",hard
geography,test,train,what is the size of the largest state in the usa,SELECT MAX( STATEalias0.AREA ) FROM STATE AS STATEalias0 ;,easy
geography,test,train,what is the area of the largest state,SELECT MAX( STATEalias0.AREA ) FROM STATE AS STATEalias0 ;,easy
geography,train,train,of the states washed by the mississippi river which has the lowest point,"SELECT HIGHLOWalias0.STATE_NAME FROM HIGHLOW AS HIGHLOWalias0 WHERE HIGHLOWalias0.LOWEST_ELEVATION = ( SELECT MIN( HIGHLOWalias1.LOWEST_ELEVATION ) FROM HIGHLOW AS HIGHLOWalias1 , RIVER AS RIVERalias0 WHERE ( RIVERalias0.RIVER_NAME = ""mississippi"" ) AND ( RIVERalias0.TRAVERSE = HIGHLOWalias1.STATE_NAME ) ) ;",hard
geography,train,train,how many rivers in texas are longer than the red,"SELECT COUNT( RIVERalias0.RIVER_NAME ) FROM RIVER AS RIVERalias0 WHERE RIVERalias0.LENGTH > ALL ( SELECT RIVERalias1.LENGTH FROM RIVER AS RIVERalias1 WHERE RIVERalias1.RIVER_NAME = ""red"" ) AND RIVERalias0.TRAVERSE = ""texas"" ;",hard
geography,dev,train,which capitals are not major cities,"SELECT STATEalias0.CAPITAL FROM CITY AS CITYalias0 , STATE AS STATEalias0 WHERE CITYalias0.POPULATION <= 150000 AND STATEalias0.CAPITAL = CITYalias0.CITY_NAME ;",easy
geography,dev,train,how high is the highest point in the largest state,"SELECT HIGHLOWalias0.HIGHEST_ELEVATION FROM HIGHLOW AS HIGHLOWalias0 , STATE AS STATEalias0 WHERE STATEalias0.AREA = ( SELECT MAX( STATEalias1.AREA ) FROM STATE AS STATEalias1 ) AND STATEalias0.STATE_NAME = HIGHLOWalias0.STATE_NAME ;",hard
geography,dev,train,give me the cities in usa,SELECT CITYalias0.CITY_NAME FROM CITY AS CITYalias0 ;,easy
geography,train,train,what is the highest point of the state with the largest area,"SELECT HIGHLOWalias0.HIGHEST_POINT FROM HIGHLOW AS HIGHLOWalias0 , STATE AS STATEalias0 WHERE STATEalias0.STATE_NAME = HIGHLOWalias0.STATE_NAME AND STATEalias0.STATE_NAME IN ( SELECT STATEalias1.STATE_NAME FROM STATE AS STATEalias1 WHERE STATEalias1.AREA = ( SELECT MAX( STATEalias2.AREA ) FROM STATE AS STATEalias2 ) ) ;",hard
geography,test,train,where is new hampshire,"SELECT STATEalias0.COUNTRY_NAME FROM STATE AS STATEalias0 WHERE STATEalias0.STATE_NAME = ""new hampshire"" ;",easy
geography,test,train,where is massachusetts,"SELECT STATEalias0.COUNTRY_NAME FROM STATE AS STATEalias0 WHERE STATEalias0.STATE_NAME = ""massachusetts"" ;",easy
geography,train,train,what state has the largest urban population,SELECT CITYalias0.STATE_NAME FROM CITY AS CITYalias0 GROUP BY CITYalias0.STATE_NAME ORDER BY SUM( CITYalias0.POPULATION ) DESC LIMIT 1 ;,medium
geography,train,train,what state borders the least states,"SELECT STATEalias0.STATE_NAME FROM STATE AS STATEalias0 LEFT OUTER JOIN BORDER_INFO AS BORDER_INFOalias0 ON STATEalias0.STATE_NAME = BORDER_INFOalias0.STATE_NAME GROUP BY STATEalias0.STATE_NAME HAVING COUNT( BORDER_INFOalias0.BORDER ) = ( SELECT MIN( DERIVED_TABLEalias0.DERIVED_FIELDalias0 ) FROM ( SELECT COUNT( BORDER_INFOalias1.BORDER ) AS DERIVED_FIELDalias0 , STATEalias1.STATE_NAME FROM STATE AS STATEalias1 LEFT OUTER JOIN BORDER_INFO AS BORDER_INFOalias1 ON STATEalias1.STATE_NAME = BORDER_INFOalias1.STATE_NAME GROUP BY STATEalias1.STATE_NAME ) AS DERIVED_TABLEalias0 ) ;",hard
geography,test,train,what are the major rivers in the us,SELECT DISTINCT RIVERalias0.RIVER_NAME FROM RIVER AS RIVERalias0 WHERE RIVERalias0.LENGTH > 750 ;,easy
geography,test,train,how many cities named austin are there in the usa,"SELECT COUNT( CITYalias0.CITY_NAME ) FROM CITY AS CITYalias0 WHERE CITYalias0.CITY_NAME = ""austin"" ;",easy
geography,train,train,how many people live in the smallest state bordering wyoming,"SELECT STATEalias0.POPULATION FROM STATE AS STATEalias0 WHERE STATEalias0.POPULATION = ( SELECT MAX( STATEalias1.POPULATION ) FROM STATE AS STATEalias1 WHERE STATEalias1.STATE_NAME IN ( SELECT BORDER_INFOalias0.BORDER FROM BORDER_INFO AS BORDER_INFOalias0 WHERE BORDER_INFOalias0.STATE_NAME = ""wyoming"" ) ) AND STATEalias0.STATE_NAME IN ( SELECT BORDER_INFOalias1.BORDER FROM BORDER_INFO AS BORDER_INFOalias1 WHERE BORDER_INFOalias1.STATE_NAME = ""wyoming"" ) ;",hard
geography,train,train,what is the length of the colorado river in texas,"SELECT RIVERalias0.LENGTH FROM RIVER AS RIVERalias0 WHERE RIVERalias0.RIVER_NAME = ""colorado"" AND RIVERalias0.TRAVERSE = ""texas"" ;",easy
geography,train,train,what is the population density in the state with capital austin,"SELECT STATEalias0.DENSITY FROM STATE AS STATEalias0 WHERE STATEalias0.CAPITAL = ""austin"" ;",easy
geography,train,train,how long is the shortest river in the usa,SELECT DISTINCT RIVERalias0.LENGTH FROM RIVER AS RIVERalias0 WHERE RIVERalias0.LENGTH = ( SELECT MIN( RIVERalias1.LENGTH ) FROM RIVER AS RIVERalias1 ) ;,hard
geography,dev,train,what is the elevation of death valley,"SELECT HIGHLOWalias0.LOWEST_ELEVATION FROM HIGHLOW AS HIGHLOWalias0 WHERE HIGHLOWalias0.LOWEST_POINT = ""death valley"" ;",easy
geography,dev,train,what is the average population of the us by state,SELECT AVG ( STATEalias0.POPULATION ) FROM STATE AS STATEalias0 ;,easy
geography,train,train,what rivers flow through the largest state,SELECT RIVERalias0.RIVER_NAME FROM RIVER AS RIVERalias0 WHERE RIVERalias0.TRAVERSE IN ( SELECT STATEalias0.STATE_NAME FROM STATE AS STATEalias0 WHERE STATEalias0.AREA = ( SELECT MAX( STATEalias1.AREA ) FROM STATE AS STATEalias1 ) ) ;,hard
geography,train,train,what states border states that border states that border states that border texas,"SELECT BORDER_INFOalias0.BORDER FROM BORDER_INFO AS BORDER_INFOalias0 , BORDER_INFO AS BORDER_INFOalias1 , BORDER_INFO AS BORDER_INFOalias2 , BORDER_INFO AS BORDER_INFOalias3 WHERE BORDER_INFOalias1.BORDER = BORDER_INFOalias0.STATE_NAME AND BORDER_INFOalias2.BORDER = BORDER_INFOalias1.STATE_NAME AND BORDER_INFOalias3.BORDER = BORDER_INFOalias2.STATE_NAME AND BORDER_INFOalias3.STATE_NAME = ""texas"" ;",medium
geography,train,train,how many states border on the state whose capital is boston,"SELECT COUNT( BORDER_INFOalias0.BORDER ) FROM BORDER_INFO AS BORDER_INFOalias0 WHERE BORDER_INFOalias0.STATE_NAME = ( SELECT STATEalias0.STATE_NAME FROM STATE AS STATEalias0 WHERE STATEalias0.CAPITAL = ""boston"" ) ;",hard
geography,train,train,what are the major cities in the states through which the major river in virginia runs,"SELECT CITYalias0.CITY_NAME FROM CITY AS CITYalias0 WHERE CITYalias0.POPULATION > 150000 AND CITYalias0.STATE_NAME IN ( SELECT RIVERalias0.TRAVERSE FROM RIVER AS RIVERalias0 WHERE RIVERalias0.RIVER_NAME IN ( SELECT RIVERalias1.RIVER_NAME FROM RIVER AS RIVERalias1 WHERE RIVERalias1.LENGTH > 750 AND RIVERalias1.TRAVERSE = ""virginia"" ) ) ;",hard
geography,train,train,which states does not border texas,"SELECT STATEalias0.STATE_NAME FROM STATE AS STATEalias0 WHERE STATEalias0.STATE_NAME NOT IN ( SELECT BORDER_INFOalias0.BORDER FROM BORDER_INFO AS BORDER_INFOalias0 WHERE BORDER_INFOalias0.STATE_NAME = ""texas"" ) ;",medium
geography,dev,train,how many states border the largest state,SELECT COUNT( BORDER_INFOalias0.BORDER ) FROM BORDER_INFO AS BORDER_INFOalias0 WHERE BORDER_INFOalias0.STATE_NAME = ( SELECT STATEalias0.STATE_NAME FROM STATE AS STATEalias0 WHERE STATEalias0.AREA = ( SELECT MAX( STATEalias1.AREA ) FROM STATE AS STATEalias1 ) ) ;,hard
geography,train,train,which state is the largest city in montana in,"SELECT CITYalias0.STATE_NAME FROM CITY AS CITYalias0 WHERE CITYalias0.POPULATION = ( SELECT MAX( CITYalias1.POPULATION ) FROM CITY AS CITYalias1 WHERE CITYalias1.STATE_NAME = ""montana"" ) AND CITYalias0.STATE_NAME = ""montana"" ;",hard
geography,test,train,what is the longest river in the state with the highest point,"SELECT RIVERalias0.RIVER_NAME FROM HIGHLOW AS HIGHLOWalias0 , RIVER AS RIVERalias0 WHERE HIGHLOWalias0.HIGHEST_ELEVATION = ( SELECT MAX( HIGHLOWalias1.HIGHEST_ELEVATION ) FROM HIGHLOW AS HIGHLOWalias1 ) AND RIVERalias0.TRAVERSE = HIGHLOWalias0.STATE_NAME ORDER BY RIVERalias0.LENGTH DESC LIMIT 1 ;",hard
