dataset,difficulty,question,gold_sql,generated_sql,llm_model,generation_latency_seconds,generation_error,execution_error,gold_execution_error,execution_latency_seconds,correct,correct_lenient,trivial_empty_match
advising,easy,Are there courses worth 3 credits ?,"SELECT DISTINCT COURSEalias0.NAME , COURSEalias0.NUMBER FROM COURSE AS COURSEalias0 WHERE COURSEalias0.CREDITS = 3 AND COURSEalias0.DEPARTMENT = """" ;",SELECT * FROM COURSE WHERE CREDITS = 3;,Qwen2.5-Coder-7B-Instruct-4bit,1.5904536247253418,,,,0.0985715389251709,False,True,False
advising,easy,Present me all Professional Biophysics courses of 6 credits .,"SELECT DISTINCT COURSEalias0.DEPARTMENT , COURSEalias0.NAME , COURSEalias0.NUMBER FROM COURSE AS COURSEalias0 WHERE ( COURSEalias0.DESCRIPTION LIKE ""%Professional Biophysics%"" OR COURSEalias0.NAME LIKE ""%Professional Biophysics%"" ) AND COURSEalias0.CREDITS = 6 ;",SELECT * FROM COURSE WHERE NAME LIKE '%Professional Biophysics%' AND CREDITS = 6;,Qwen2.5-Coder-7B-Instruct-4bit,2.1272642612457275,,,,0.0074732303619384766,True,True,True
advising,easy,What are the upper elective courses for CS ?,"SELECT DISTINCT COURSEalias0.DEPARTMENT , COURSEalias0.NAME , COURSEalias0.NUMBER FROM COURSE AS COURSEalias0 , PROGRAM_COURSE AS PROGRAM_COURSEalias0 WHERE PROGRAM_COURSEalias0.CATEGORY LIKE ""%ULCS%"" AND PROGRAM_COURSEalias0.COURSE_ID = COURSEalias0.COURSE_ID ;",SELECT DISTINCT c.NAME FROM COURSE c JOIN PROGRAM_COURSE pc ON c.COURSE_ID = pc.COURSE_ID WHERE pc.category = 'upper elective' AND pc.program_id IN (SELECT program_id FROM PROGRAM WHERE name LIKE '%CS%');,Qwen2.5-Coder-7B-Instruct-4bit,3.820425987243652,,,,0.006663322448730469,False,False,False
advising,easy,The classes that I took before did any of them consist of Core classes ?,"SELECT DISTINCT COURSEalias0.DEPARTMENT , COURSEalias0.NAME , COURSEalias0.NUMBER FROM COURSE AS COURSEalias0 INNER JOIN STUDENT_RECORD AS STUDENT_RECORDalias0 ON STUDENT_RECORDalias0.COURSE_ID = COURSEalias0.COURSE_ID INNER JOIN PROGRAM_COURSE AS PROGRAM_COURSEalias0 ON STUDENT_RECORDalias0.COURSE_ID = PROGRAM_COURSEalias0.COURSE_ID WHERE PROGRAM_COURSEalias0.CATEGORY LIKE ""%Core%"" AND STUDENT_RECORDalias0.STUDENT_ID = 1 ;",SELECT COUNT(*) FROM STUDENT_RECORD sr JOIN COURSE c ON sr.course_id = c.course_id WHERE c.category = 'Core' AND sr.student_id IN (SELECT student_id FROM STUDENT_RECORD WHERE semester < (SELECT MIN(semester) FROM STUDENT_RECORD WHERE student_id = sr.student_id));,Qwen2.5-Coder-7B-Instruct-4bit,5.253992319107056,,"(1054, ""Unknown column 'c.category' in 'WHERE'"")",,0.0025005340576171875,False,False,False
advising,easy,Useful courses to take before taking CEE 830 ?,"SELECT DISTINCT COURSEalias0.ADVISORY_REQUIREMENT FROM COURSE AS COURSEalias0 WHERE COURSEalias0.DEPARTMENT = ""CEE"" AND COURSEalias0.NUMBER = 830 ;",SELECT DISTINCT cp.pre_course_id FROM COURSE_PREREQUISITE cp JOIN COURSE c ON cp.course_id = c.COURSE_ID WHERE c.COURSE_ID = 'CEE 830';,Qwen2.5-Coder-7B-Instruct-4bit,8.72915768623352,,,,0.0,False,False,False
advising,easy,I have how many credits so far ?,SELECT DISTINCT STUDENTalias0.TOTAL_CREDIT FROM STUDENT AS STUDENTalias0 WHERE STUDENTalias0.STUDENT_ID = 1 ;,SELECT total_credit FROM STUDENT WHERE student_id = YOUR_STUDENT_ID;,Qwen2.5-Coder-7B-Instruct-4bit,2.014786958694458,,"(1054, ""Unknown column 'YOUR_STUDENT_ID' in 'WHERE'"")",,0.0,False,False,False
advising,easy,Which courses would be useful to take before taking TCHNCLCM 610 ?,"SELECT DISTINCT COURSEalias0.ADVISORY_REQUIREMENT FROM COURSE AS COURSEalias0 WHERE COURSEalias0.DEPARTMENT = ""TCHNCLCM"" AND COURSEalias0.NUMBER = 610 ;",SELECT c2.name FROM course c1 JOIN course_prerequisite cp ON c1.course_id = cp.pre_course_id JOIN course c2 ON cp.course_id = c2.course_id WHERE c1.name = 'TCHNCLCM 610',Qwen2.5-Coder-7B-Instruct-4bit,4.163417816162109,,,,0.013380289077758789,False,False,False
advising,easy,"On average , how difficult are the Other classes ?","SELECT AVG( PROGRAM_COURSEalias0.WORKLOAD ) FROM PROGRAM_COURSE AS PROGRAM_COURSEalias0 WHERE PROGRAM_COURSEalias0.CATEGORY LIKE ""%Other%"" ;",SELECT AVG(EASINESS_SCORE) AS avg_difficulty FROM COURSE ORDER BY department DESC LIMIT 1;,Qwen2.5-Coder-7B-Instruct-4bit,2.1879570484161377,,,,0.006533384323120117,False,False,False
advising,easy,"Of the upper-level classes , which ones are 8 credits ?","SELECT DISTINCT COURSEalias0.DEPARTMENT , COURSEalias0.NAME , COURSEalias0.NUMBER FROM COURSE AS COURSEalias0 INNER JOIN PROGRAM_COURSE AS PROGRAM_COURSEalias0 ON PROGRAM_COURSEalias0.COURSE_ID = COURSEalias0.COURSE_ID WHERE COURSEalias0.CREDITS = 8 AND PROGRAM_COURSEalias0.CATEGORY LIKE ""ULCS"" ;",SELECT NAME FROM COURSE WHERE LEVEL = 'upper' AND CREDITS = 8;,Qwen2.5-Coder-7B-Instruct-4bit,2.0206408500671387,,"(1054, ""Unknown column 'LEVEL' in 'WHERE'"")",,0.0,False,False,False
advising,easy,The average difficulty for Other class is ?,"SELECT AVG( PROGRAM_COURSEalias0.WORKLOAD ) FROM PROGRAM_COURSE AS PROGRAM_COURSEalias0 WHERE PROGRAM_COURSEalias0.CATEGORY LIKE ""%Other%"" ;",SELECT AVG(EASINESS_SCORE) AS avg_difficulty FROM COURSE WHERE NAME LIKE '%Other%',Qwen2.5-Coder-7B-Instruct-4bit,2.304651021957397,,,,0.0,False,False,False
advising,easy,"What are the advisory prerequisites for taking Dante , Petrarca , Boccaccio ?","SELECT DISTINCT COURSEalias0.ADVISORY_REQUIREMENT FROM COURSE AS COURSEalias0 WHERE COURSEalias0.NAME LIKE ""%Dante , Petrarca , Boccaccio%"" ;","SELECT cp.pre_course_id FROM COURSE c JOIN COURSE_PREREQUISITE cp ON c.course_id = cp.course_id WHERE c.name IN ('Dante', 'Petrarca', 'Boccaccio')",Qwen2.5-Coder-7B-Instruct-4bit,3.986116886138916,,,,0.0,True,True,True
advising,easy,What is my GPA at present ?,SELECT DISTINCT STUDENTalias0.TOTAL_GPA FROM STUDENT AS STUDENTalias0 WHERE STUDENTalias0.STUDENT_ID = 1 ;,SELECT total_gpa FROM student WHERE student_id = your_student_id;,Qwen2.5-Coder-7B-Instruct-4bit,1.725337028503418,,"(1054, ""Unknown column 'your_student_id' in 'WHERE'"")",,0.0,False,False,False
advising,easy,Which courses would be helpful to take before taking MILSCI 302 ?,"SELECT DISTINCT COURSEalias0.ADVISORY_REQUIREMENT FROM COURSE AS COURSEalias0 WHERE COURSEalias0.DEPARTMENT = ""MILSCI"" AND COURSEalias0.NUMBER = 302 ;",SELECT c.NAME FROM COURSE c JOIN COURSE_PREREQUISITE cp ON c.COURSE_ID = cp.pre_course_id WHERE cp.course_id = 'MILSCI 302';,Qwen2.5-Coder-7B-Instruct-4bit,3.363685131072998,,,,0.0029981136322021484,False,False,False
advising,easy,"Before taking ROMLANG 498 , which courses would be useful for me ?","SELECT DISTINCT COURSEalias0.ADVISORY_REQUIREMENT FROM COURSE AS COURSEalias0 WHERE COURSEalias0.DEPARTMENT = ""ROMLANG"" AND COURSEalias0.NUMBER = 498 ;",SELECT cp.pre_course_id FROM COURSE_PREREQUISITE cp JOIN COURSE c ON cp.course_id = c.COURSE_ID WHERE c.name = 'ROMLANG 498';,Qwen2.5-Coder-7B-Instruct-4bit,3.5536344051361084,,,,0.004697084426879883,False,False,False
advising,easy,Which courses are useful to take before taking MEDCHEM 528 ?,"SELECT DISTINCT COURSEalias0.ADVISORY_REQUIREMENT FROM COURSE AS COURSEalias0 WHERE COURSEalias0.DEPARTMENT = ""MEDCHEM"" AND COURSEalias0.NUMBER = 528 ;",SELECT DISTINCT c.NAME FROM COURSE c JOIN COURSE_PREREQUISITE cp ON c.COURSE_ID = cp.course_id WHERE cp.pre_course_id = 'MEDCHEM 528';,Qwen2.5-Coder-7B-Instruct-4bit,3.600305795669556,,,,0.0,False,False,False
advising,easy,Can you name courses that would prepare me for taking PHARMACY 562 ?,"SELECT DISTINCT COURSEalias0.ADVISORY_REQUIREMENT FROM COURSE AS COURSEalias0 WHERE COURSEalias0.DEPARTMENT = ""PHARMACY"" AND COURSEalias0.NUMBER = 562 ;",SELECT DISTINCT c.NAME FROM COURSE c JOIN COURSE_PREREQUISITE cp ON c.COURSE_ID = cp.course_id WHERE cp.pre_course_id = 'PHARMACY 562';,Qwen2.5-Coder-7B-Instruct-4bit,3.486067771911621,,,,0.0,False,False,False
advising,easy,How large is course 533 ?,"SELECT DISTINCT COURSEalias0.NUM_ENROLLED FROM COURSE AS COURSEalias0 WHERE COURSEalias0.DEPARTMENT = """" AND COURSEalias0.NUMBER = 533 ;",SELECT num_enrolled FROM COURSE WHERE course_id = 533;,Qwen2.5-Coder-7B-Instruct-4bit,1.9020750522613523,,,,0.0,False,True,False
advising,easy,Are there any advisory prerequisites for Cognition and Environment ?,"SELECT DISTINCT COURSEalias0.ADVISORY_REQUIREMENT FROM COURSE AS COURSEalias0 WHERE COURSEalias0.NAME LIKE ""%Cognition and Environment%"" ;",SELECT * FROM COURSE_PREREQUISITE cp JOIN COURSE c ON cp.course_id = c.course_id WHERE c.name = 'Cognition and Environment';,Qwen2.5-Coder-7B-Instruct-4bit,3.2229466438293457,,,,0.0030548572540283203,False,False,False
advising,easy,"If I take PHARMACY 426 , what classes will I be able to take ?","SELECT DISTINCT COURSEalias0.DEPARTMENT , COURSEalias0.NAME , COURSEalias0.NUMBER FROM COURSE AS COURSEalias0 INNER JOIN COURSE_PREREQUISITE AS COURSE_PREREQUISITEalias0 ON COURSEalias0.COURSE_ID = COURSE_PREREQUISITEalias0.COURSE_ID INNER JOIN COURSE AS COURSEalias1 ON COURSEalias1.COURSE_ID = COURSE_PREREQUISITEalias0.PRE_COURSE_ID WHERE COURSEalias1.DEPARTMENT = ""PHARMACY"" AND COURSEalias1.NUMBER = 426 ;",SELECT DISTINCT c.NAME FROM COURSE c JOIN COURSE_PREREQUISITE cp ON c.COURSE_ID = cp.course_id WHERE cp.pre_course_id = 'PHARMACY 426';,Qwen2.5-Coder-7B-Instruct-4bit,3.6360487937927246,,,,0.0,True,True,True
advising,easy,Which department is Upper-Level Writing in ?,"SELECT DISTINCT COURSEalias0.DEPARTMENT FROM COURSE AS COURSEalias0 WHERE COURSEalias0.NAME LIKE ""%Upper-Level Writing%"" ;",SELECT department FROM COURSE WHERE number BETWEEN 300 AND 499;,Qwen2.5-Coder-7B-Instruct-4bit,2.058357000350952,,,,0.07214164733886719,False,True,False
advising,easy,Can I get 7 credits from taking any of these courses ?,"SELECT DISTINCT COURSEalias0.NAME , COURSEalias0.NUMBER FROM COURSE AS COURSEalias0 WHERE COURSEalias0.CREDITS = 7 AND COURSEalias0.DEPARTMENT = """" ;",SELECT COUNT(*) FROM COURSE WHERE CREDITS >= 7;,Qwen2.5-Coder-7B-Instruct-4bit,1.8108227252960205,,,,0.0,False,True,False
advising,easy,Display to me what is required for a CS-LSA degree .,"SELECT DISTINCT PROGRAM_REQUIREMENTalias0.ADDITIONAL_REQ , PROGRAM_REQUIREMENTalias0.CATEGORY , PROGRAM_REQUIREMENTalias0.MIN_CREDIT , PROGRAMalias0.NAME FROM PROGRAM AS PROGRAMalias0 , PROGRAM_REQUIREMENT AS PROGRAM_REQUIREMENTalias0 WHERE PROGRAMalias0.NAME LIKE ""%CS-LSA%"" AND PROGRAMalias0.PROGRAM_ID = PROGRAM_REQUIREMENTalias0.PROGRAM_ID ;","SELECT p.name, pc.category, pc.workload, pc.min_credit, pr.additional_req 
FROM PROGRAM p 
JOIN PROGRAM_COURSE pc ON p.program_id = pc.program_id 
JOIN PROGRAM_REQUIREMENT pr ON pc.program_id = pr.program_id AND pc.category = pr.category 
WHERE p.name = 'CS-LSA';",Qwen2.5-Coder-7B-Instruct-4bit,5.658685684204102,,"(1054, ""Unknown column 'pc.min_credit' in 'SELECT'"")",,0.0,False,False,False
advising,easy,What upper level classes produce 10 credits ?,"SELECT DISTINCT COURSEalias0.DEPARTMENT , COURSEalias0.NAME , COURSEalias0.NUMBER FROM COURSE AS COURSEalias0 INNER JOIN PROGRAM_COURSE AS PROGRAM_COURSEalias0 ON PROGRAM_COURSEalias0.COURSE_ID = COURSEalias0.COURSE_ID WHERE COURSEalias0.CREDITS = 10 AND PROGRAM_COURSEalias0.CATEGORY LIKE ""ULCS"" ;",SELECT NAME FROM COURSE WHERE LEVEL = 'upper' AND CREDITS = 10;,Qwen2.5-Coder-7B-Instruct-4bit,2.195638418197632,,"(1054, ""Unknown column 'LEVEL' in 'WHERE'"")",,0.0014600753784179688,False,False,False
advising,easy,Does 399 have a project assigned to it ?,"SELECT DISTINCT COURSEalias0.HAS_PROJECTS FROM COURSE AS COURSEalias0 WHERE COURSEalias0.DEPARTMENT = """" AND COURSEalias0.NUMBER = 399 ;",SELECT * FROM COURSE WHERE COURSE_ID = '399' AND HAS_PROJECTS = 'Yes';,Qwen2.5-Coder-7B-Instruct-4bit,2.395853281021118,,,,0.0010113716125488281,True,True,True
advising,hard,Which classes are available as Other from the classes next semester ?,"SELECT DISTINCT COURSEalias0.DEPARTMENT , COURSEalias0.NAME , COURSEalias0.NUMBER FROM COURSE AS COURSEalias0 , COURSE_OFFERING AS COURSE_OFFERINGalias0 , PROGRAM_COURSE AS PROGRAM_COURSEalias0 , SEMESTER AS SEMESTERalias0 WHERE COURSEalias0.COURSE_ID = COURSE_OFFERINGalias0.COURSE_ID AND PROGRAM_COURSEalias0.CATEGORY LIKE ""%Other%"" AND PROGRAM_COURSEalias0.COURSE_ID = COURSEalias0.COURSE_ID AND SEMESTERalias0.SEMESTER = ""FA"" AND SEMESTERalias0.SEMESTER_ID = COURSE_OFFERINGalias0.SEMESTER AND SEMESTERalias0.YEAR = 2016 GROUP BY COURSEalias0.DEPARTMENT , COURSEalias0.NUMBER ;",SELECT c.NAME FROM COURSE c JOIN COURSE_OFFERING co ON c.COURSE_ID = co.COURSE_ID WHERE co.SEMESTER = 'next' AND c.NUM_SEMESTERS > 1;,Qwen2.5-Coder-7B-Instruct-4bit,3.7327847480773926,,,,0.024752378463745117,False,False,False
advising,hard,Which is less demanding out of EECS 545 and EECS 562 ?,"SELECT DISTINCT COURSEalias0.NUMBER FROM COURSE AS COURSEalias0 INNER JOIN PROGRAM_COURSE AS PROGRAM_COURSEalias0 ON PROGRAM_COURSEalias0.COURSE_ID = COURSEalias0.COURSE_ID WHERE ( COURSEalias0.NUMBER = 545 OR COURSEalias0.NUMBER = 562 ) AND PROGRAM_COURSEalias0.WORKLOAD = ( SELECT MIN( PROGRAM_COURSEalias1.WORKLOAD ) FROM PROGRAM_COURSE AS PROGRAM_COURSEalias1 INNER JOIN COURSE AS COURSEalias1 ON PROGRAM_COURSEalias1.COURSE_ID = COURSEalias1.COURSE_ID WHERE ( COURSEalias1.NUMBER = 545 OR COURSEalias1.NUMBER = 562 ) AND COURSEalias1.DEPARTMENT = ""EECS"" ) ;",SELECT c1.name FROM course c1 JOIN course_tags_count ct1 ON c1.course_id = ct1.course_id WHERE c1.name = 'EECS 545' UNION SELECT c2.name FROM course c2 JOIN course_tags_count ct2 ON c2.course_id = ct2.course_id WHERE c2.name = 'EECS 562' ORDER BY ct1.heavy_reading + ct1.heavy_papers + ct1.tough_tests DESC LIMIT 1;,Qwen2.5-Coder-7B-Instruct-4bit,7.881984233856201,,"(1250, ""Table 'ct1' from one of the SELECTs cannot be used in ORDER BY"")",,0.0010094642639160156,False,False,False
advising,hard,"Before noon , what upper level electives are offered ?","SELECT DISTINCT COURSEalias0.DEPARTMENT , COURSEalias0.NAME , COURSEalias0.NUMBER FROM COURSE AS COURSEalias0 , COURSE_OFFERING AS COURSE_OFFERINGalias0 , PROGRAM_COURSE AS PROGRAM_COURSEalias0 , SEMESTER AS SEMESTERalias0 WHERE COURSE_OFFERINGalias0.END_TIME <= ""12:00:00"" AND COURSEalias0.COURSE_ID = COURSE_OFFERINGalias0.COURSE_ID AND PROGRAM_COURSEalias0.CATEGORY LIKE ""%ULCS%"" AND PROGRAM_COURSEalias0.COURSE_ID = COURSEalias0.COURSE_ID AND SEMESTERalias0.SEMESTER = ""WN"" AND SEMESTERalias0.SEMESTER_ID = COURSE_OFFERINGalias0.SEMESTER AND SEMESTERalias0.YEAR = 2016 ;",SELECT DISTINCT c.NAME FROM COURSE c JOIN COURSE_OFFERING co ON c.COURSE_ID = co.COURSE_ID WHERE co.START_TIME < '12:00' AND c.NUM_ENROLLED > 0 AND c.LEVEL = 'upper' AND c.TYPE = 'elective';,Qwen2.5-Coder-7B-Instruct-4bit,4.736151456832886,,"(1054, ""Unknown column 'c.LEVEL' in 'WHERE'"")",,0.0,False,False,False
advising,hard,Are there any classes Dr. Stefan Cieply has taught before ?,"SELECT DISTINCT COURSEalias0.DEPARTMENT , COURSEalias0.NAME , COURSEalias0.NUMBER FROM COURSE AS COURSEalias0 , COURSE_OFFERING AS COURSE_OFFERINGalias0 , INSTRUCTOR AS INSTRUCTORalias0 , OFFERING_INSTRUCTOR AS OFFERING_INSTRUCTORalias0 WHERE COURSE_OFFERINGalias0.SEMESTER < ( SELECT SEMESTERalias0.SEMESTER_ID FROM SEMESTER AS SEMESTERalias0 WHERE SEMESTERalias0.SEMESTER = ""WN"" AND SEMESTERalias0.YEAR = 2016 ) AND COURSEalias0.COURSE_ID = COURSE_OFFERINGalias0.COURSE_ID AND INSTRUCTORalias0.NAME LIKE ""%Stefan Cieply%"" AND OFFERING_INSTRUCTORalias0.INSTRUCTOR_ID = INSTRUCTORalias0.INSTRUCTOR_ID AND OFFERING_INSTRUCTORalias0.OFFERING_ID = COURSE_OFFERINGalias0.OFFERING_ID ;",SELECT COUNT(*) > 0 FROM OFFERING_INSTRUCTOR oi JOIN INSTRUCTOR i ON oi.INSTRUCTOR_ID = i.INSTRUCTOR_ID WHERE i.NAME = 'Dr. Stefan Cieply';,Qwen2.5-Coder-7B-Instruct-4bit,3.6920557022094727,,,,0.0,False,False,False
advising,hard,"Between EECS 519 and EECS 537 , which is easier ?","SELECT DISTINCT COURSEalias0.NUMBER FROM COURSE AS COURSEalias0 INNER JOIN PROGRAM_COURSE AS PROGRAM_COURSEalias0 ON PROGRAM_COURSEalias0.COURSE_ID = COURSEalias0.COURSE_ID WHERE ( COURSEalias0.NUMBER = 519 OR COURSEalias0.NUMBER = 537 ) AND PROGRAM_COURSEalias0.WORKLOAD = ( SELECT MIN( PROGRAM_COURSEalias1.WORKLOAD ) FROM PROGRAM_COURSE AS PROGRAM_COURSEalias1 INNER JOIN COURSE AS COURSEalias1 ON PROGRAM_COURSEalias1.COURSE_ID = COURSEalias1.COURSE_ID WHERE ( COURSEalias1.NUMBER = 519 OR COURSEalias1.NUMBER = 537 ) AND COURSEalias1.DEPARTMENT = ""EECS"" ) ;","SELECT c.EASINESS_SCORE, c.NAME FROM COURSE c WHERE c.COURSE_ID IN ('EECS 519', 'EECS 537') ORDER BY c.EASINESS_SCORE ASC LIMIT 1;",Qwen2.5-Coder-7B-Instruct-4bit,3.8852012157440186,,,,0.0,False,True,False
advising,hard,Which 400 / 500 -level POLSCI courses have the smallest workloads ?,"SELECT DISTINCT COURSEalias0.DEPARTMENT , COURSEalias0.NAME , COURSEalias0.NUMBER , PROGRAM_COURSEalias0.WORKLOAD FROM COURSE AS COURSEalias0 INNER JOIN PROGRAM_COURSE AS PROGRAM_COURSEalias0 WHERE ( ( COURSEalias0.NUMBER < 400 + 100 AND COURSEalias0.NUMBER >= 400 ) OR ( COURSEalias0.NUMBER < 500 + 100 AND COURSEalias0.NUMBER >= 500 ) ) AND COURSEalias0.DEPARTMENT = ""POLSCI"" AND PROGRAM_COURSEalias0.WORKLOAD = ( SELECT MIN( PROGRAM_COURSEalias1.WORKLOAD ) FROM COURSE AS COURSEalias1 INNER JOIN PROGRAM_COURSE AS PROGRAM_COURSEalias1 WHERE ( ( COURSEalias1.NUMBER < 400 + 100 AND COURSEalias1.NUMBER >= 400 ) OR ( COURSEalias1.NUMBER < 500 + 100 AND COURSEalias1.NUMBER >= 500 ) ) AND COURSEalias1.DEPARTMENT = ""POLSCI"" ) ;","SELECT c.NAME, pc.workload FROM COURSE c JOIN PROGRAM_COURSE pc ON c.COURSE_ID = pc.course_id WHERE c.NUMBER BETWEEN 400 AND 500 AND c.DEPARTMENT = 'POLSCI' ORDER BY pc.workload ASC LIMIT 1;",Qwen2.5-Coder-7B-Instruct-4bit,4.698752164840698,,,,0.0,False,False,False
advising,hard,In which area have most of my C 's been earned ?,"SELECT DISTINCT DERIVED_TABLEalias0.DERIVED_FIELDalias1 FROM ( SELECT AREAalias0.AREA AS DERIVED_FIELDalias0 , COUNT( * ) AS DERIVED_FIELDalias1 FROM AREA AS AREAalias0 INNER JOIN STUDENT_RECORD AS STUDENT_RECORDalias0 ON STUDENT_RECORDalias0.COURSE_ID = AREAalias0.COURSE_ID WHERE STUDENT_RECORDalias0.GRADE LIKE ""C"" AND STUDENT_RECORDalias0.STUDENT_ID = 1 GROUP BY AREAalias0.AREA ) AS DERIVED_TABLEalias0 WHERE DERIVED_TABLEalias0.DERIVED_FIELDalias1 = ( SELECT COUNT( * ) AS DERIVED_FIELDalias2 FROM AREA AS AREAalias1 , STUDENT_RECORD AS STUDENT_RECORDalias1 WHERE STUDENT_RECORDalias1.COURSE_ID = AREAalias1.COURSE_ID AND STUDENT_RECORDalias1.GRADE LIKE ""C"" AND STUDENT_RECORDalias1.STUDENT_ID = 1 GROUP BY AREAalias1.AREA ORDER BY DERIVED_FIELDalias2 DESC LIMIT 1 ) ;",SELECT a.AREA FROM AREA a JOIN COURSE c ON a.COURSE_ID = c.COURSE_ID JOIN STUDENT_RECORD sr ON c.COURSE_ID = sr.course_id WHERE sr.grade = 'C' GROUP BY a.AREA ORDER BY COUNT(sr.student_id) DESC LIMIT 1;,Qwen2.5-Coder-7B-Instruct-4bit,5.366378784179688,,,,0.0,False,True,False
advising,hard,What courses can be taken for PreMajor next semester ?,"SELECT DISTINCT COURSEalias0.DEPARTMENT , COURSEalias0.NAME , COURSEalias0.NUMBER FROM COURSE AS COURSEalias0 , COURSE_OFFERING AS COURSE_OFFERINGalias0 , PROGRAM AS PROGRAMalias0 , PROGRAM_COURSE AS PROGRAM_COURSEalias0 , SEMESTER AS SEMESTERalias0 WHERE COURSEalias0.COURSE_ID = COURSE_OFFERINGalias0.COURSE_ID AND PROGRAM_COURSEalias0.CATEGORY LIKE ""%PreMajor%"" AND PROGRAM_COURSEalias0.COURSE_ID = COURSEalias0.COURSE_ID AND PROGRAMalias0.NAME LIKE ""%CS-LSA%"" AND PROGRAMalias0.PROGRAM_ID = PROGRAM_COURSEalias0.PROGRAM_ID AND SEMESTERalias0.SEMESTER = ""FA"" AND SEMESTERalias0.SEMESTER_ID = COURSE_OFFERINGalias0.SEMESTER AND SEMESTERalias0.YEAR = 2016 ;",SELECT DISTINCT c.NAME FROM COURSE c JOIN PROGRAM_COURSE pc ON c.COURSE_ID = pc.COURSE_ID JOIN PROGRAM p ON pc.program_id = p.program_id WHERE p.name = 'PreMajor' AND pc.category = 'Required';,Qwen2.5-Coder-7B-Instruct-4bit,4.022551774978638,,,,0.0,False,False,False
advising,hard,Did Prof. Wayne High teach PATH 699 in Summer 2015 ?,"SELECT COUNT( * ) > 0 FROM COURSE AS COURSEalias0 , COURSE_OFFERING AS COURSE_OFFERINGalias0 , INSTRUCTOR AS INSTRUCTORalias0 , OFFERING_INSTRUCTOR AS OFFERING_INSTRUCTORalias0 , SEMESTER AS SEMESTERalias0 WHERE COURSEalias0.COURSE_ID = COURSE_OFFERINGalias0.COURSE_ID AND COURSEalias0.DEPARTMENT = ""PATH"" AND COURSEalias0.NUMBER = 699 AND INSTRUCTORalias0.NAME LIKE ""%Wayne High%"" AND OFFERING_INSTRUCTORalias0.INSTRUCTOR_ID = INSTRUCTORalias0.INSTRUCTOR_ID AND OFFERING_INSTRUCTORalias0.OFFERING_ID = COURSE_OFFERINGalias0.OFFERING_ID AND SEMESTERalias0.SEMESTER = ""Summer"" AND SEMESTERalias0.SEMESTER_ID = COURSE_OFFERINGalias0.SEMESTER AND SEMESTERalias0.YEAR = 2015 ;",SELECT COUNT(*) > 0 FROM OFFERING_INSTRUCTOR oi JOIN INSTRUCTOR i ON oi.INSTRUCTOR_ID = i.INSTRUCTOR_ID JOIN COURSE_OFFERING co ON oi.OFFERING_ID = co.OFFERING_ID JOIN COURSE c ON co.COURSE_ID = c.COURSE_ID WHERE i.NAME = 'Wayne High' AND c.NAME = 'PATH 699' AND co.SEMESTER = 'Summer' AND co.YEAR = 2015;,Qwen2.5-Coder-7B-Instruct-4bit,7.746588230133057,,"(1054, ""Unknown column 'co.YEAR' in 'WHERE'"")",,0.0,False,False,False
advising,hard,What number of 10 -credit upper-level NEAREAST classes are being offered this Spring-Summer ?,"SELECT COUNT( DISTINCT COURSEalias0.COURSE_ID ) FROM COURSE AS COURSEalias0 , COURSE_OFFERING AS COURSE_OFFERINGalias0 , PROGRAM_COURSE AS PROGRAM_COURSEalias0 , SEMESTER AS SEMESTERalias0 WHERE COURSEalias0.COURSE_ID = COURSE_OFFERINGalias0.COURSE_ID AND COURSEalias0.CREDITS = 10 AND COURSEalias0.DEPARTMENT = ""NEAREAST"" AND PROGRAM_COURSEalias0.CATEGORY LIKE ""%ULCS%"" AND PROGRAM_COURSEalias0.COURSE_ID = COURSEalias0.COURSE_ID AND SEMESTERalias0.SEMESTER = ""Spring-Summer"" AND SEMESTERalias0.SEMESTER_ID = COURSE_OFFERINGalias0.SEMESTER AND SEMESTERalias0.YEAR = 2016 ;",SELECT COUNT(*) FROM COURSE c JOIN COURSE_OFFERING co ON c.COURSE_ID = co.COURSE_ID WHERE c.NUM_CREDITS = 10 AND c.LEVEL = 'upper' AND co.SEMESTER = 'Spring-Summer';,Qwen2.5-Coder-7B-Instruct-4bit,4.291809797286987,,"(1054, ""Unknown column 'c.NUM_CREDITS' in 'WHERE'"")",,0.0,False,False,False
advising,hard,"During the Fall and Winter term , how many 500 level classes are offered ?","SELECT COUNT( DISTINCT COURSEalias0.DEPARTMENT , COURSEalias0.NAME , COURSEalias0.NUMBER , SEMESTERalias0.SEMESTER ) FROM COURSE AS COURSEalias0 , COURSE_OFFERING AS COURSE_OFFERINGalias0 , SEMESTER AS SEMESTERalias0 WHERE COURSEalias0.COURSE_ID = COURSE_OFFERINGalias0.COURSE_ID AND COURSEalias0.DEPARTMENT = ""department0"" AND COURSEalias0.NUMBER BETWEEN 500 AND 500 + 100 AND SEMESTERalias0.SEMESTER IN ( ""FA"" , ""WN"" ) AND SEMESTERalias0.SEMESTER_ID = COURSE_OFFERINGalias0.SEMESTER AND SEMESTERalias0.YEAR = 2016 ;","SELECT COUNT(*) FROM COURSE_OFFERING co JOIN COURSE c ON co.COURSE_ID = c.COURSE_ID WHERE co.SEMESTER IN ('Fall', 'Winter') AND c.NUMBER >= 500;",Qwen2.5-Coder-7B-Instruct-4bit,3.8753373622894287,,,,0.04779553413391113,True,True,False
advising,hard,Dr. Yu-jui Huang has taught which classes ?,"SELECT DISTINCT COURSEalias0.DEPARTMENT , COURSEalias0.NAME , COURSEalias0.NUMBER FROM COURSE AS COURSEalias0 , COURSE_OFFERING AS COURSE_OFFERINGalias0 , INSTRUCTOR AS INSTRUCTORalias0 , OFFERING_INSTRUCTOR AS OFFERING_INSTRUCTORalias0 WHERE COURSE_OFFERINGalias0.SEMESTER < ( SELECT SEMESTERalias0.SEMESTER_ID FROM SEMESTER AS SEMESTERalias0 WHERE SEMESTERalias0.SEMESTER = ""WN"" AND SEMESTERalias0.YEAR = 2016 ) AND COURSEalias0.COURSE_ID = COURSE_OFFERINGalias0.COURSE_ID AND INSTRUCTORalias0.NAME LIKE ""%Yu-jui Huang%"" AND OFFERING_INSTRUCTORalias0.INSTRUCTOR_ID = INSTRUCTORalias0.INSTRUCTOR_ID AND OFFERING_INSTRUCTORalias0.OFFERING_ID = COURSE_OFFERINGalias0.OFFERING_ID ;",SELECT c.NAME FROM COURSE c JOIN OFFERING_INSTRUCTOR oi ON c.COURSE_ID = oi.COURSE_ID JOIN INSTRUCTOR i ON oi.INSTRUCTOR_ID = i.INSTRUCTOR_ID WHERE i.NAME = 'Dr. Yu-jui Huang';,Qwen2.5-Coder-7B-Instruct-4bit,4.630069017410278,,"(1054, ""Unknown column 'oi.COURSE_ID' in 'ON'"")",,0.0,False,False,False
advising,hard,Is it ok to take 300 -level classes in Spring or Summer term ?,"SELECT DISTINCT COURSEalias0.DEPARTMENT , COURSEalias0.NAME , COURSEalias0.NUMBER , SEMESTERalias0.SEMESTER FROM ( SELECT STUDENT_RECORDalias0.COURSE_ID FROM STUDENT_RECORD AS STUDENT_RECORDalias0 WHERE STUDENT_RECORDalias0.EARN_CREDIT = ""Y"" AND STUDENT_RECORDalias0.STUDENT_ID = 1 ) AS DERIVED_TABLEalias0 , COURSE AS COURSEalias0 , COURSE_OFFERING AS COURSE_OFFERINGalias0 , SEMESTER AS SEMESTERalias0 WHERE COURSEalias0.COURSE_ID = COURSE_OFFERINGalias0.COURSE_ID AND COURSEalias0.COURSE_ID NOT IN ( DERIVED_TABLEalias0.COURSE_ID ) AND COURSEalias0.COURSE_ID NOT IN ( SELECT DISTINCT COURSE_PREREQUISITEalias0.COURSE_ID FROM COURSE_PREREQUISITE AS COURSE_PREREQUISITEalias0 WHERE COURSE_PREREQUISITEalias0.PRE_COURSE_ID NOT IN ( DERIVED_TABLEalias0.COURSE_ID ) ) AND COURSEalias0.DEPARTMENT = """" AND COURSEalias0.NUMBER BETWEEN 300 AND 300 + 100 AND SEMESTERalias0.SEMESTER IN ( ""SP"" , ""SS"" , ""SU"" ) AND SEMESTERalias0.SEMESTER_ID = COURSE_OFFERINGalias0.SEMESTER AND SEMESTERalias0.YEAR = 2016 ;",SELECT * FROM COURSE_OFFERING WHERE COURSE_ID LIKE '300%' AND (SEMESTER = 'Spring' OR SEMESTER = 'Summer');,Qwen2.5-Coder-7B-Instruct-4bit,3.093091011047364,,,,0.0702824592590332,True,True,True
advising,hard,What past classes has Dr. Nicole Appleberry taught ?,"SELECT DISTINCT COURSEalias0.DEPARTMENT , COURSEalias0.NAME , COURSEalias0.NUMBER FROM COURSE AS COURSEalias0 , COURSE_OFFERING AS COURSE_OFFERINGalias0 , INSTRUCTOR AS INSTRUCTORalias0 , OFFERING_INSTRUCTOR AS OFFERING_INSTRUCTORalias0 WHERE COURSE_OFFERINGalias0.SEMESTER < ( SELECT SEMESTERalias0.SEMESTER_ID FROM SEMESTER AS SEMESTERalias0 WHERE SEMESTERalias0.SEMESTER = ""WN"" AND SEMESTERalias0.YEAR = 2016 ) AND COURSEalias0.COURSE_ID = COURSE_OFFERINGalias0.COURSE_ID AND INSTRUCTORalias0.NAME LIKE ""%Nicole Appleberry%"" AND OFFERING_INSTRUCTORalias0.INSTRUCTOR_ID = INSTRUCTORalias0.INSTRUCTOR_ID AND OFFERING_INSTRUCTORalias0.OFFERING_ID = COURSE_OFFERINGalias0.OFFERING_ID ;","SELECT co.OFFERING_ID, co.SEMESTER, co.SECTION_NUMBER FROM COURSE_OFFERING co JOIN OFFERING_INSTRUCTOR oi ON co.OFFERING_ID = oi.OFFERING_ID JOIN INSTRUCTOR i ON oi.INSTRUCTOR_ID = i.INSTRUCTOR_ID WHERE i.NAME = 'Nicole Appleberry';",Qwen2.5-Coder-7B-Instruct-4bit,5.059797763824463,,,,0.16651701927185059,False,False,False
advising,hard,"For RCCORE 203 , how many sections are offered after 10 A.M. ?","SELECT COUNT( * ) FROM COURSE AS COURSEalias0 , COURSE_OFFERING AS COURSE_OFFERINGalias0 , SEMESTER AS SEMESTERalias0 WHERE COURSE_OFFERINGalias0.START_TIME > ""10:00:00"" AND COURSEalias0.COURSE_ID = COURSE_OFFERINGalias0.COURSE_ID AND COURSEalias0.DEPARTMENT = ""RCCORE"" AND COURSEalias0.NUMBER = 203 AND SEMESTERalias0.SEMESTER = ""WN"" AND SEMESTERalias0.SEMESTER_ID = COURSE_OFFERINGalias0.SEMESTER AND SEMESTERalias0.YEAR = 2016 ;",SELECT COUNT(*) FROM COURSE_OFFERING WHERE COURSE_ID = 'RCCORE 203' AND START_TIME > '10:00 AM';,Qwen2.5-Coder-7B-Instruct-4bit,3.696312427520752,,,,0.0,False,False,False
advising,hard,Are there any morning sessions for MENAS 334 ?,"SELECT COUNT( * ) > 0 FROM COURSE AS COURSEalias0 , COURSE_OFFERING AS COURSE_OFFERINGalias0 , SEMESTER AS SEMESTERalias0 WHERE COURSE_OFFERINGalias0.START_TIME < ""12:00:00"" AND COURSE_OFFERINGalias0.START_TIME >= ""08:00:00"" AND COURSEalias0.COURSE_ID = COURSE_OFFERINGalias0.COURSE_ID AND COURSEalias0.DEPARTMENT = ""MENAS"" AND COURSEalias0.NUMBER = 334 AND SEMESTERalias0.SEMESTER = """" AND SEMESTERalias0.SEMESTER_ID = COURSE_OFFERINGalias0.SEMESTER AND SEMESTERalias0.YEAR =  ;",SELECT * FROM COURSE_OFFERING WHERE COURSE_ID = 'MENAS 334' AND START_TIME < '12:00:00';,Qwen2.5-Coder-7B-Instruct-4bit,3.1444478034973145,,,"(1064, ""You have an error in your SQL syntax; check the manual that corresponds to your MariaDB server version for the right syntax to use near '' at line 1"")",,False,False,False
advising,hard,In the Fall of 2017 how many professors will teach MICRBIOL 995 ?,"SELECT COUNT( DISTINCT INSTRUCTORalias0.INSTRUCTOR_ID ) FROM COURSE AS COURSEalias0 , COURSE_OFFERING AS COURSE_OFFERINGalias0 , INSTRUCTOR AS INSTRUCTORalias0 , OFFERING_INSTRUCTOR AS OFFERING_INSTRUCTORalias0 , SEMESTER AS SEMESTERalias0 WHERE COURSEalias0.COURSE_ID = COURSE_OFFERINGalias0.COURSE_ID AND COURSEalias0.DEPARTMENT = ""MICRBIOL"" AND COURSEalias0.NUMBER = 995 AND OFFERING_INSTRUCTORalias0.INSTRUCTOR_ID = INSTRUCTORalias0.INSTRUCTOR_ID AND OFFERING_INSTRUCTORalias0.OFFERING_ID = COURSE_OFFERINGalias0.OFFERING_ID AND SEMESTERalias0.SEMESTER = ""Fall"" AND SEMESTERalias0.SEMESTER_ID = COURSE_OFFERINGalias0.SEMESTER AND SEMESTERalias0.YEAR = 2017 ;",SELECT COUNT(*) FROM COURSE c JOIN COURSE_OFFERING co ON c.COURSE_ID = co.COURSE_ID JOIN OFFERING_INSTRUCTOR oi ON co.OFFERING_ID = oi.OFFERING_ID WHERE c.NAME = 'MICRBIOL 995' AND co.SEMESTER = 'Fall' AND co.YEAR = 2017;,Qwen2.5-Coder-7B-Instruct-4bit,5.772828340530396,,"(1054, ""Unknown column 'co.YEAR' in 'WHERE'"")",,0.0,False,False,False
advising,hard,What classes does Prof. Ej Westlake teach in Spring 2005 ?,"SELECT DISTINCT COURSEalias0.DEPARTMENT , COURSEalias0.NAME , COURSEalias0.NUMBER FROM COURSE AS COURSEalias0 , COURSE_OFFERING AS COURSE_OFFERINGalias0 , INSTRUCTOR AS INSTRUCTORalias0 , OFFERING_INSTRUCTOR AS OFFERING_INSTRUCTORalias0 , SEMESTER AS SEMESTERalias0 WHERE COURSEalias0.COURSE_ID = COURSE_OFFERINGalias0.COURSE_ID AND INSTRUCTORalias0.NAME LIKE ""%Ej Westlake%"" AND OFFERING_INSTRUCTORalias0.INSTRUCTOR_ID = INSTRUCTORalias0.INSTRUCTOR_ID AND OFFERING_INSTRUCTORalias0.OFFERING_ID = COURSE_OFFERINGalias0.OFFERING_ID AND SEMESTERalias0.SEMESTER = ""Spring"" AND SEMESTERalias0.SEMESTER_ID = COURSE_OFFERINGalias0.SEMESTER AND SEMESTERalias0.YEAR = 2005 ;","SELECT co.COURSE_ID, co.NAME FROM COURSE_OFFERING co JOIN OFFERING_INSTRUCTOR oi ON co.OFFERING_ID = oi.OFFERING_ID JOIN INSTRUCTOR i ON oi.INSTRUCTOR_ID = i.INSTRUCTOR_ID WHERE i.NAME = 'Ej Westlake' AND co.SEMESTER = 'Spring' AND co.YEAR = 2005;",Qwen2.5-Coder-7B-Instruct-4bit,6.372415065765381,,"(1054, ""Unknown column 'co.NAME' in 'SELECT'"")",,0.011469364166259766,False,False,False
advising,hard,Prior to taking ROMLANG 250 what courses do I need to take ?,"SELECT DISTINCT COURSEalias0.DEPARTMENT , COURSEalias0.NAME , COURSEalias0.NUMBER FROM COURSE AS COURSEalias0 , COURSE AS COURSEalias1 , COURSE_PREREQUISITE AS COURSE_PREREQUISITEalias0 WHERE COURSEalias0.COURSE_ID = COURSE_PREREQUISITEalias0.PRE_COURSE_ID AND COURSEalias0.COURSE_ID NOT IN ( SELECT STUDENT_RECORDalias0.COURSE_ID FROM STUDENT_RECORD AS STUDENT_RECORDalias0 WHERE STUDENT_RECORDalias0.STUDENT_ID = 1 ) AND COURSEalias1.COURSE_ID = COURSE_PREREQUISITEalias0.COURSE_ID AND COURSEalias1.DEPARTMENT = ""ROMLANG"" AND COURSEalias1.NUMBER = 250 ;",SELECT cp.pre_course_id FROM COURSE_PREREQUISITE cp JOIN COURSE c ON cp.course_id = c.COURSE_ID WHERE c.name = 'ROMLANG 250';,Qwen2.5-Coder-7B-Instruct-4bit,3.4007253646850586,,,,0.0,True,True,True
advising,hard,"This Winter , will STRATEGY 398 be available for me ?","SELECT COUNT( * ) > 0 FROM ( SELECT STUDENT_RECORDalias0.COURSE_ID FROM STUDENT_RECORD AS STUDENT_RECORDalias0 WHERE STUDENT_RECORDalias0.EARN_CREDIT = ""Y"" AND STUDENT_RECORDalias0.STUDENT_ID = 1 ) AS DERIVED_TABLEalias0 , COURSE AS COURSEalias0 , COURSE_OFFERING AS COURSE_OFFERINGalias0 , SEMESTER AS SEMESTERalias0 WHERE COURSEalias0.COURSE_ID = COURSE_OFFERINGalias0.COURSE_ID AND COURSEalias0.COURSE_ID NOT IN ( DERIVED_TABLEalias0.COURSE_ID ) AND COURSEalias0.COURSE_ID NOT IN ( SELECT DISTINCT COURSE_PREREQUISITEalias0.COURSE_ID FROM COURSE_PREREQUISITE AS COURSE_PREREQUISITEalias0 WHERE COURSE_PREREQUISITEalias0.PRE_COURSE_ID NOT IN ( DERIVED_TABLEalias0.COURSE_ID ) ) AND COURSEalias0.DEPARTMENT = ""STRATEGY"" AND COURSEalias0.NUMBER = 398 AND SEMESTERalias0.SEMESTER = ""Winter"" AND SEMESTERalias0.SEMESTER_ID = COURSE_OFFERINGalias0.SEMESTER AND SEMESTERalias0.YEAR = 2016 ;","SELECT COALESCE(c.OFFERING_ID, 'Not Available') AS availability FROM COURSE c JOIN COURSE_OFFERING co ON c.COURSE_ID = co.COURSE_ID WHERE c.NAME = 'STRATEGY 398' AND co.SEMESTER = 'Winter';",Qwen2.5-Coder-7B-Instruct-4bit,4.977654695510864,,"(1054, ""Unknown column 'c.OFFERING_ID' in 'SELECT'"")",,0.0,False,False,False
advising,hard,In the Fall of 2007 is 662 offered in the afternoon ?,"SELECT COUNT( * ) > 0 FROM COURSE AS COURSEalias0 , COURSE_OFFERING AS COURSE_OFFERINGalias0 , SEMESTER AS SEMESTERalias0 WHERE COURSE_OFFERINGalias0.START_TIME >= ""12:00:00"" AND COURSEalias0.COURSE_ID = COURSE_OFFERINGalias0.COURSE_ID AND COURSEalias0.DEPARTMENT = """" AND COURSEalias0.NUMBER = 662 AND SEMESTERalias0.SEMESTER = ""Fall"" AND SEMESTERalias0.SEMESTER_ID = COURSE_OFFERINGalias0.SEMESTER AND SEMESTERalias0.YEAR = 2007 ;",SELECT CASE WHEN EXISTS (SELECT 1 FROM COURSE_OFFERING WHERE SEMESTER = 'Fall' AND YEAR = 2007 AND COURSE_ID = 662 AND (START_TIME >= '13:00:00' OR END_TIME <= '18:00:00')) THEN 'Yes' ELSE 'No' END AS IsOfferedInAfternoon;,Qwen2.5-Coder-7B-Instruct-4bit,6.265136003494263,,"(1054, ""Unknown column 'YEAR' in 'WHERE'"")",,0.0,False,False,False
advising,hard,Does Prof. Sreyoshi Das teach 546 next semester ?,"SELECT COUNT( * ) > 0 FROM COURSE AS COURSEalias0 , COURSE_OFFERING AS COURSE_OFFERINGalias0 , INSTRUCTOR AS INSTRUCTORalias0 , OFFERING_INSTRUCTOR AS OFFERING_INSTRUCTORalias0 , SEMESTER AS SEMESTERalias0 WHERE COURSEalias0.COURSE_ID = COURSE_OFFERINGalias0.COURSE_ID AND COURSEalias0.DEPARTMENT = """" AND COURSEalias0.NUMBER = 546 AND INSTRUCTORalias0.NAME LIKE ""%Sreyoshi Das%"" AND OFFERING_INSTRUCTORalias0.INSTRUCTOR_ID = INSTRUCTORalias0.INSTRUCTOR_ID AND OFFERING_INSTRUCTORalias0.OFFERING_ID = COURSE_OFFERINGalias0.OFFERING_ID AND SEMESTERalias0.SEMESTER = ""FA"" AND SEMESTERalias0.SEMESTER_ID = COURSE_OFFERINGalias0.SEMESTER AND SEMESTERalias0.YEAR = 2016 ;",SELECT COUNT(*) FROM OFFERING_INSTRUCTOR oi JOIN INSTRUCTOR i ON oi.INSTRUCTOR_ID = i.INSTRUCTOR_ID JOIN COURSE_OFFERING co ON oi.OFFERING_ID = co.OFFERING_ID WHERE i.NAME = 'Prof. Sreyoshi Das' AND co.SEMESTER = 'next semester' AND co.COURSE_ID = 546;,Qwen2.5-Coder-7B-Instruct-4bit,5.999316453933716,,,,0.0023043155670166016,True,True,False
advising,hard,"Are there some easier web technology courses than SPACE 581 , that you could suggest ?","SELECT DISTINCT COURSEalias0.DEPARTMENT , COURSEalias0.NAME , COURSEalias0.NUMBER , PROGRAM_COURSEalias0.WORKLOAD FROM COURSE AS COURSEalias0 INNER JOIN AREA AS AREAalias0 ON COURSEalias0.COURSE_ID = AREAalias0.COURSE_ID INNER JOIN PROGRAM_COURSE AS PROGRAM_COURSEalias0 ON PROGRAM_COURSEalias0.COURSE_ID = COURSEalias0.COURSE_ID WHERE AREAalias0.AREA LIKE ""%web technology%"" AND PROGRAM_COURSEalias0.WORKLOAD < ( SELECT MIN( PROGRAM_COURSEalias1.WORKLOAD ) FROM COURSE AS COURSEalias1 INNER JOIN PROGRAM_COURSE AS PROGRAM_COURSEalias1 ON PROGRAM_COURSEalias1.COURSE_ID = COURSEalias1.COURSE_ID WHERE COURSEalias1.DEPARTMENT = ""SPACE"" AND COURSEalias1.NUMBER = 581 ) ORDER BY PROGRAM_COURSEalias0.WORKLOAD ;",SELECT c.NAME FROM COURSE c JOIN COMMENT_INSTRUCTOR ci ON c.COURSE_ID = ci.course_id WHERE ci.score < (SELECT AVG(score) FROM COMMENT_INSTRUCTOR WHERE course_id = (SELECT course_id FROM COURSE WHERE name = 'SPACE 581')) AND c.name LIKE '%web technology%' LIMIT 3;,Qwen2.5-Coder-7B-Instruct-4bit,5.211148738861084,,"(1054, ""Unknown column 'ci.course_id' in 'ON'"")",,0.004302501678466797,False,False,False
advising,hard,"For next Summer , after 11:45 A.M. , what upper level electives will be available ?","SELECT DISTINCT COURSEalias0.DEPARTMENT , COURSEalias0.NAME , COURSEalias0.NUMBER FROM COURSE AS COURSEalias0 , COURSE_OFFERING AS COURSE_OFFERINGalias0 , PROGRAM_COURSE AS PROGRAM_COURSEalias0 , SEMESTER AS SEMESTERalias0 WHERE COURSE_OFFERINGalias0.START_TIME > ""11:45"" AND COURSEalias0.COURSE_ID = COURSE_OFFERINGalias0.COURSE_ID AND PROGRAM_COURSEalias0.CATEGORY LIKE ""%ULCS%"" AND PROGRAM_COURSEalias0.COURSE_ID = COURSEalias0.COURSE_ID AND SEMESTERalias0.SEMESTER = ""Summer"" AND SEMESTERalias0.SEMESTER_ID = COURSE_OFFERINGalias0.SEMESTER AND SEMESTERalias0.YEAR = 2017 ;",SELECT c.NAME FROM COURSE c JOIN COURSE_OFFERING co ON c.COURSE_ID = co.COURSE_ID WHERE co.SEMESTER = 'Summer' AND co.START_TIME > '11:45' AND c.NUM_CREDITS > 3 AND c.CATEGORY = 'Elective';,Qwen2.5-Coder-7B-Instruct-4bit,4.930956840515137,,"(1054, ""Unknown column 'c.NUM_CREDITS' in 'WHERE'"")",,0.0,False,False,False
advising,hard,Is the only person who teaches Nutrition Prof. Pifer ?,"SELECT DISTINCT COURSEalias0.DEPARTMENT , COURSEalias0.NAME , COURSEalias0.NUMBER , INSTRUCTORalias0.NAME FROM COURSE AS COURSEalias0 , COURSE_OFFERING AS COURSE_OFFERINGalias0 , INSTRUCTOR AS INSTRUCTORalias0 , OFFERING_INSTRUCTOR AS OFFERING_INSTRUCTORalias0 WHERE COURSEalias0.COURSE_ID = COURSE_OFFERINGalias0.COURSE_ID AND COURSEalias0.NAME LIKE ""%Nutrition%"" AND INSTRUCTORalias0.NAME NOT LIKE ""%Pifer%"" AND OFFERING_INSTRUCTORalias0.INSTRUCTOR_ID = INSTRUCTORalias0.INSTRUCTOR_ID AND OFFERING_INSTRUCTORalias0.OFFERING_ID = COURSE_OFFERINGalias0.OFFERING_ID ;",SELECT COUNT(*) FROM OFFERING_INSTRUCTOR oi JOIN INSTRUCTOR i ON oi.INSTRUCTOR_ID = i.INSTRUCTOR_ID JOIN COURSE_OFFERING co ON oi.OFFERING_ID = co.OFFERING_ID WHERE i.NAME = 'Prof. Pifer' AND co.COURSE_ID = (SELECT COURSE_ID FROM COURSE WHERE NAME = 'Nutrition');,Qwen2.5-Coder-7B-Instruct-4bit,6.122901678085327,,,,0.005302906036376953,False,False,False
advising,hard,Is SOCADMIN 995 available to take every semester ?,"SELECT COUNT( * ) > 0 FROM SEMESTER AS SEMESTERalias0 WHERE SEMESTERalias0.SEMESTER NOT IN ( SELECT DISTINCT SEMESTERalias1.SEMESTER FROM COURSE AS COURSEalias0 , COURSE_OFFERING AS COURSE_OFFERINGalias0 , SEMESTER AS SEMESTERalias1 WHERE COURSEalias0.COURSE_ID = COURSE_OFFERINGalias0.COURSE_ID AND COURSEalias0.DEPARTMENT = ""SOCADMIN"" AND COURSEalias0.NUMBER = 995 AND SEMESTERalias1.SEMESTER_ID = COURSE_OFFERINGalias0.SEMESTER ) ;",SELECT COUNT(*) FROM COURSE_OFFERING WHERE COURSE_ID = 'SOCADMIN 995' AND (MONDAY IS NOT NULL OR TUESDAY IS NOT NULL OR WEDNESDAY IS NOT NULL OR THURSDAY IS NOT NULL OR FRIDAY IS NOT NULL OR SATURDAY IS NOT NULL OR SUNDAY IS NOT NULL);,Qwen2.5-Coder-7B-Instruct-4bit,5.541640996932983,,,,0.0007345676422119141,False,False,False
advising,hard,Is the class on Communication Networks only taught by Prof. Cieply ?,"SELECT DISTINCT COURSEalias0.DEPARTMENT , COURSEalias0.NAME , COURSEalias0.NUMBER , INSTRUCTORalias0.NAME FROM COURSE AS COURSEalias0 , COURSE_OFFERING AS COURSE_OFFERINGalias0 , INSTRUCTOR AS INSTRUCTORalias0 , OFFERING_INSTRUCTOR AS OFFERING_INSTRUCTORalias0 WHERE COURSEalias0.COURSE_ID = COURSE_OFFERINGalias0.COURSE_ID AND COURSEalias0.NAME LIKE ""%Communication Networks%"" AND INSTRUCTORalias0.NAME NOT LIKE ""%Cieply%"" AND OFFERING_INSTRUCTORalias0.INSTRUCTOR_ID = INSTRUCTORalias0.INSTRUCTOR_ID AND OFFERING_INSTRUCTORalias0.OFFERING_ID = COURSE_OFFERINGalias0.OFFERING_ID ;",SELECT COUNT(*) FROM COURSE c JOIN OFFERING_INSTRUCTOR oi ON c.COURSE_ID = oi.COURSE_ID JOIN INSTRUCTOR i ON oi.INSTRUCTOR_ID = i.INSTRUCTOR_ID WHERE c.NAME = 'Communication Networks' AND i.NAME = 'Prof. Cieply';,Qwen2.5-Coder-7B-Instruct-4bit,5.058323621749878,,"(1054, ""Unknown column 'oi.COURSE_ID' in 'ON'"")",,0.0,False,False,False
advising,hard,Is an Scientific Writing lab planned for this year ?,"SELECT COUNT( * ) > 0 FROM COURSE AS COURSEalias0 , COURSE_OFFERING AS COURSE_OFFERINGalias0 , SEMESTER AS SEMESTERalias0 WHERE ( COURSEalias0.DESCRIPTION LIKE ""%lab%"" OR COURSEalias0.NAME LIKE ""%lab%"" ) AND ( COURSEalias0.DESCRIPTION LIKE ""%Scientific Writing%"" OR COURSEalias0.NAME LIKE ""%Scientific Writing%"" ) AND COURSEalias0.COURSE_ID = COURSE_OFFERINGalias0.COURSE_ID AND SEMESTERalias0.SEMESTER_ID = COURSE_OFFERINGalias0.SEMESTER AND SEMESTERalias0.YEAR = 2016 ;",SELECT EXISTS(SELECT 1 FROM COURSE_OFFERING WHERE SEMESTER IN (SELECT semester_id FROM SEMESTER WHERE YEAR = YEAR(CURRENT_DATE)) AND HAS_LAB = 'Yes' AND LOWER(NAME) LIKE '%scientific writing%');,Qwen2.5-Coder-7B-Instruct-4bit,4.037955284118652,,"(1054, ""Unknown column 'HAS_LAB' in 'WHERE'"")",,0.0,False,False,False
advising,hard,Prof. Arus Harutyunyan has taught 753 how many times ?,"SELECT COUNT( * ) FROM COURSE AS COURSEalias0 , COURSE_OFFERING AS COURSE_OFFERINGalias0 , INSTRUCTOR AS INSTRUCTORalias0 , OFFERING_INSTRUCTOR AS OFFERING_INSTRUCTORalias0 WHERE COURSEalias0.COURSE_ID = COURSE_OFFERINGalias0.COURSE_ID AND COURSEalias0.NUMBER = 753 AND INSTRUCTORalias0.NAME LIKE ""%Arus Harutyunyan%"" AND OFFERING_INSTRUCTORalias0.INSTRUCTOR_ID = INSTRUCTORalias0.INSTRUCTOR_ID AND OFFERING_INSTRUCTORalias0.OFFERING_ID = COURSE_OFFERINGalias0.OFFERING_ID ;",SELECT COUNT(*) FROM OFFERING_INSTRUCTOR oi JOIN INSTRUCTOR i ON oi.INSTRUCTOR_ID = i.INSTRUCTOR_ID WHERE i.NAME = 'Arus' AND i.UNIQNAME = 'harutyunyan' AND oi.OFFERING_ID = 753;,Qwen2.5-Coder-7B-Instruct-4bit,4.366856336593628,,,,0.0,True,True,False
advising,hard,Which teachers have not taught ENVIRON 479 ?,"SELECT DISTINCT INSTRUCTORalias0.NAME FROM INSTRUCTOR AS INSTRUCTORalias0 WHERE INSTRUCTORalias0.NAME NOT IN ( SELECT INSTRUCTORalias1.NAME FROM COURSE AS COURSEalias0 INNER JOIN COURSE_OFFERING AS COURSE_OFFERINGalias0 ON COURSEalias0.COURSE_ID = COURSE_OFFERINGalias0.COURSE_ID INNER JOIN OFFERING_INSTRUCTOR AS OFFERING_INSTRUCTORalias0 ON OFFERING_INSTRUCTORalias0.OFFERING_ID = COURSE_OFFERINGalias0.OFFERING_ID INNER JOIN INSTRUCTOR AS INSTRUCTORalias1 ON OFFERING_INSTRUCTORalias0.INSTRUCTOR_ID = INSTRUCTORalias1.INSTRUCTOR_ID WHERE COURSEalias0.DEPARTMENT = ""ENVIRON"" AND COURSEalias0.NUMBER = 479 ) ;",SELECT i.NAME FROM INSTRUCTOR i WHERE i.INSTRUCTOR_ID NOT IN (SELECT oi.INSTRUCTOR_ID FROM OFFERING_INSTRUCTOR oi JOIN COURSE_OFFERING co ON oi.OFFERING_ID = co.OFFERING_ID JOIN COURSE c ON co.COURSE_ID = c.COURSE_ID WHERE c.NAME = 'ENVIRON 479'),Qwen2.5-Coder-7B-Instruct-4bit,5.84284782409668,,,,0.039632558822631836,False,True,False
advising,hard,When Prof. Anne Greenberg teaches 663 are there classes on Friday ?,"SELECT COUNT( * ) = 0 FROM COURSE AS COURSEalias0 INNER JOIN COURSE_OFFERING AS COURSE_OFFERINGalias0 ON COURSEalias0.COURSE_ID = COURSE_OFFERINGalias0.COURSE_ID INNER JOIN OFFERING_INSTRUCTOR AS OFFERING_INSTRUCTORalias0 ON OFFERING_INSTRUCTORalias0.OFFERING_ID = COURSE_OFFERINGalias0.OFFERING_ID INNER JOIN INSTRUCTOR AS INSTRUCTORalias0 ON OFFERING_INSTRUCTORalias0.INSTRUCTOR_ID = INSTRUCTORalias0.INSTRUCTOR_ID WHERE COURSEalias0.NUMBER = 663 AND COURSE_OFFERINGalias0.FRIDAY = ""N"" AND INSTRUCTORalias0.NAME LIKE ""%Anne Greenberg%"" ;",SELECT EXISTS (SELECT 1 FROM OFFERING_INSTRUCTOR oi JOIN INSTRUCTOR i ON oi.INSTRUCTOR_ID = i.INSTRUCTOR_ID JOIN COURSE_OFFERING co ON oi.OFFERING_ID = co.OFFERING_ID JOIN COURSE c ON co.COURSE_ID = c.COURSE_ID WHERE i.NAME = 'Anne Greenberg' AND c.COURSE_ID = 663 AND co.FRIDAY = 1);,Qwen2.5-Coder-7B-Instruct-4bit,6.373430490493774,,,,0.0,False,False,False
advising,hard,Are there any 400 -level courses in the Fall or Winter term that I can take ?,"SELECT DISTINCT COURSEalias0.DEPARTMENT , COURSEalias0.NAME , COURSEalias0.NUMBER , SEMESTERalias0.SEMESTER FROM ( SELECT STUDENT_RECORDalias0.COURSE_ID FROM STUDENT_RECORD AS STUDENT_RECORDalias0 WHERE STUDENT_RECORDalias0.EARN_CREDIT = ""Y"" AND STUDENT_RECORDalias0.STUDENT_ID = 1 ) AS DERIVED_TABLEalias0 , COURSE AS COURSEalias0 , COURSE_OFFERING AS COURSE_OFFERINGalias0 , SEMESTER AS SEMESTERalias0 WHERE ( ( SEMESTERalias0.SEMESTER = ""FA"" AND SEMESTERalias0.YEAR = 2016 ) OR ( SEMESTERalias0.SEMESTER = ""WN"" AND SEMESTERalias0.YEAR = 2017 ) ) AND COURSEalias0.COURSE_ID = COURSE_OFFERINGalias0.COURSE_ID AND COURSEalias0.COURSE_ID NOT IN ( DERIVED_TABLEalias0.COURSE_ID ) AND COURSEalias0.COURSE_ID NOT IN ( SELECT DISTINCT COURSE_PREREQUISITEalias0.COURSE_ID FROM COURSE_PREREQUISITE AS COURSE_PREREQUISITEalias0 WHERE COURSE_PREREQUISITEalias0.PRE_COURSE_ID NOT IN ( DERIVED_TABLEalias0.COURSE_ID ) ) AND COURSEalias0.DEPARTMENT = """" AND COURSEalias0.NUMBER BETWEEN 400 AND 400 + 100 AND SEMESTERalias0.SEMESTER_ID = COURSE_OFFERINGalias0.SEMESTER ;",SELECT DISTINCT c.NAME FROM COURSE c JOIN COURSE_OFFERING co ON c.COURSE_ID = co.COURSE_ID WHERE c.NUMBER BETWEEN 400 AND 499 AND (co.SEMESTER = 'Fall' OR co.SEMESTER = 'Winter'),Qwen2.5-Coder-7B-Instruct-4bit,5.2065184116363525,,,,0.0408320426940918,True,True,True
advising,hard,"Before I take CSP 100 , which other courses must I complete ?","SELECT DISTINCT COURSEalias0.DEPARTMENT , COURSEalias0.NAME , COURSEalias0.NUMBER FROM COURSE AS COURSEalias0 , COURSE AS COURSEalias1 , COURSE_PREREQUISITE AS COURSE_PREREQUISITEalias0 WHERE COURSEalias0.COURSE_ID = COURSE_PREREQUISITEalias0.PRE_COURSE_ID AND COURSEalias0.COURSE_ID NOT IN ( SELECT STUDENT_RECORDalias0.COURSE_ID FROM STUDENT_RECORD AS STUDENT_RECORDalias0 WHERE STUDENT_RECORDalias0.STUDENT_ID = 1 ) AND COURSEalias1.COURSE_ID = COURSE_PREREQUISITEalias0.COURSE_ID AND COURSEalias1.DEPARTMENT = ""CSP"" AND COURSEalias1.NUMBER = 100 ;",SELECT cp.pre_course_id FROM COURSE_PREREQUISITE cp WHERE cp.course_id = 'CSP 100';,Qwen2.5-Coder-7B-Instruct-4bit,2.5979926586151123,,,,0.0,True,True,True
advising,hard,In the Fall which upper level SW classes will there be ?,"SELECT DISTINCT COURSEalias0.DEPARTMENT , COURSEalias0.NAME , COURSEalias0.NUMBER FROM COURSE AS COURSEalias0 , COURSE_OFFERING AS COURSE_OFFERINGalias0 , PROGRAM_COURSE AS PROGRAM_COURSEalias0 , SEMESTER AS SEMESTERalias0 WHERE COURSEalias0.COURSE_ID = COURSE_OFFERINGalias0.COURSE_ID AND COURSEalias0.DEPARTMENT = ""SW"" AND PROGRAM_COURSEalias0.CATEGORY LIKE ""%ULCS%"" AND PROGRAM_COURSEalias0.COURSE_ID = COURSEalias0.COURSE_ID AND SEMESTERalias0.SEMESTER = ""Fall"" AND SEMESTERalias0.SEMESTER_ID = COURSE_OFFERINGalias0.SEMESTER AND SEMESTERalias0.YEAR = 2016 ;",SELECT c.NAME FROM COURSE c JOIN COURSE_OFFERING co ON c.COURSE_ID = co.COURSE_ID WHERE co.SEMESTER LIKE 'Fall%' AND c.NUMBER > 100 AND c.DEPARTMENT = 'SW';,Qwen2.5-Coder-7B-Instruct-4bit,4.182388782501221,,,,0.0,True,True,True
advising,hard,Class 746 has been taught by Prof. Beth Wilensky how many times ?,"SELECT COUNT( * ) FROM COURSE AS COURSEalias0 , COURSE_OFFERING AS COURSE_OFFERINGalias0 , INSTRUCTOR AS INSTRUCTORalias0 , OFFERING_INSTRUCTOR AS OFFERING_INSTRUCTORalias0 WHERE COURSEalias0.COURSE_ID = COURSE_OFFERINGalias0.COURSE_ID AND COURSEalias0.NUMBER = 746 AND INSTRUCTORalias0.NAME LIKE ""%Beth Wilensky%"" AND OFFERING_INSTRUCTORalias0.INSTRUCTOR_ID = INSTRUCTORalias0.INSTRUCTOR_ID AND OFFERING_INSTRUCTORalias0.OFFERING_ID = COURSE_OFFERINGalias0.OFFERING_ID ;",SELECT COUNT(*) FROM COURSE_OFFERING co JOIN OFFERING_INSTRUCTOR oi ON co.OFFERING_ID = oi.OFFERING_ID JOIN INSTRUCTOR i ON oi.INSTRUCTOR_ID = i.INSTRUCTOR_ID WHERE co.SECTION_NUMBER = '746' AND i.NAME = 'Prof. Beth Wilensky';,Qwen2.5-Coder-7B-Instruct-4bit,5.615133285522461,,,,0.09445953369140625,True,True,False
advising,hard,"For RESTORA 868 , how many sections are after 10 A.M. ?","SELECT COUNT( * ) FROM COURSE AS COURSEalias0 , COURSE_OFFERING AS COURSE_OFFERINGalias0 , SEMESTER AS SEMESTERalias0 WHERE COURSE_OFFERINGalias0.START_TIME > ""10:00:00"" AND COURSEalias0.COURSE_ID = COURSE_OFFERINGalias0.COURSE_ID AND COURSEalias0.DEPARTMENT = ""RESTORA"" AND COURSEalias0.NUMBER = 868 AND SEMESTERalias0.SEMESTER = ""WN"" AND SEMESTERalias0.SEMESTER_ID = COURSE_OFFERINGalias0.SEMESTER AND SEMESTERalias0.YEAR = 2016 ;",SELECT COUNT(*) FROM COURSE_OFFERING WHERE COURSE_ID = 'RESTORA 868' AND START_TIME > '10:00 AM';,Qwen2.5-Coder-7B-Instruct-4bit,3.0298755168914795,,,,0.0,False,False,False
advising,hard,"For 200 -level classes in the Spring and Summer term , how many are offered ?","SELECT COUNT( DISTINCT COURSEalias0.COURSE_ID , SEMESTERalias0.SEMESTER ) FROM COURSE AS COURSEalias0 , COURSE_OFFERING AS COURSE_OFFERINGalias0 , SEMESTER AS SEMESTERalias0 WHERE COURSEalias0.COURSE_ID = COURSE_OFFERINGalias0.COURSE_ID AND COURSEalias0.DEPARTMENT = ""department0"" AND COURSEalias0.NUMBER BETWEEN 200 AND 200 + 100 AND SEMESTERalias0.SEMESTER IN ( ""SP"" , ""SS"" , ""SU"" ) AND SEMESTERalias0.SEMESTER_ID = COURSE_OFFERINGalias0.SEMESTER AND SEMESTERalias0.YEAR = 2016 ;",SELECT COUNT(*) FROM COURSE c JOIN COURSE_OFFERING co ON c.COURSE_ID = co.COURSE_ID WHERE c.NUMBER BETWEEN 200 AND 299 AND (co.SEMESTER = 'Spring' OR co.SEMESTER = 'Summer');,Qwen2.5-Coder-7B-Instruct-4bit,4.580901622772217,,,,0.028009653091430664,True,True,False
advising,hard,In the Fall and Winter term how many classes offered are 100 -level classes ?,"SELECT COUNT( DISTINCT COURSEalias0.DEPARTMENT , COURSEalias0.NAME , COURSEalias0.NUMBER , SEMESTERalias0.SEMESTER ) FROM COURSE AS COURSEalias0 , COURSE_OFFERING AS COURSE_OFFERINGalias0 , SEMESTER AS SEMESTERalias0 WHERE COURSEalias0.COURSE_ID = COURSE_OFFERINGalias0.COURSE_ID AND COURSEalias0.DEPARTMENT = ""department0"" AND COURSEalias0.NUMBER BETWEEN 100 AND 100 + 100 AND SEMESTERalias0.SEMESTER IN ( ""FA"" , ""WN"" ) AND SEMESTERalias0.SEMESTER_ID = COURSE_OFFERINGalias0.SEMESTER AND SEMESTERalias0.YEAR = 2016 ;",SELECT COUNT(*) FROM COURSE_OFFERING co JOIN COURSE c ON co.COURSE_ID = c.COURSE_ID WHERE (co.SEMESTER = 'Fall' OR co.SEMESTER = 'Winter') AND c.NUMBER BETWEEN 100 AND 199;,Qwen2.5-Coder-7B-Instruct-4bit,5.076751708984375,,,,0.023341655731201172,True,True,False
advising,hard,During Spring semester what BA upper level classes are there ?,"SELECT DISTINCT COURSEalias0.DEPARTMENT , COURSEalias0.NAME , COURSEalias0.NUMBER FROM COURSE AS COURSEalias0 , COURSE_OFFERING AS COURSE_OFFERINGalias0 , PROGRAM_COURSE AS PROGRAM_COURSEalias0 , SEMESTER AS SEMESTERalias0 WHERE COURSEalias0.COURSE_ID = COURSE_OFFERINGalias0.COURSE_ID AND COURSEalias0.DEPARTMENT = ""BA"" AND PROGRAM_COURSEalias0.CATEGORY LIKE ""%ULCS%"" AND PROGRAM_COURSEalias0.COURSE_ID = COURSEalias0.COURSE_ID AND SEMESTERalias0.SEMESTER = ""Spring"" AND SEMESTERalias0.SEMESTER_ID = COURSE_OFFERINGalias0.SEMESTER AND SEMESTERalias0.YEAR = 2016 ;",SELECT DISTINCT c.NAME FROM COURSE c JOIN COURSE_OFFERING co ON c.COURSE_ID = co.COURSE_ID JOIN SEMESTER s ON co.SEMESTER = s.semester_id WHERE s.semester = 'Spring' AND c.declare_major = 'BA' AND c.NUM_SEMESTERS > 2;,Qwen2.5-Coder-7B-Instruct-4bit,5.257162809371948,,"(1054, ""Unknown column 'c.declare_major' in 'WHERE'"")",,0.0,False,False,False
advising,hard,"This Spring-Summer ( 2000 ) , what courses does Prof. Ami Antonucci teach ?","SELECT DISTINCT COURSEalias0.DEPARTMENT , COURSEalias0.NAME , COURSEalias0.NUMBER FROM COURSE AS COURSEalias0 , COURSE_OFFERING AS COURSE_OFFERINGalias0 , INSTRUCTOR AS INSTRUCTORalias0 , OFFERING_INSTRUCTOR AS OFFERING_INSTRUCTORalias0 , SEMESTER AS SEMESTERalias0 WHERE COURSEalias0.COURSE_ID = COURSE_OFFERINGalias0.COURSE_ID AND INSTRUCTORalias0.NAME LIKE ""%Ami Antonucci%"" AND OFFERING_INSTRUCTORalias0.INSTRUCTOR_ID = INSTRUCTORalias0.INSTRUCTOR_ID AND OFFERING_INSTRUCTORalias0.OFFERING_ID = COURSE_OFFERINGalias0.OFFERING_ID AND SEMESTERalias0.SEMESTER = ""Spring-Summer"" AND SEMESTERalias0.SEMESTER_ID = COURSE_OFFERINGalias0.SEMESTER AND SEMESTERalias0.YEAR = 2000 ;",SELECT c.NAME FROM COURSE c JOIN COURSE_OFFERING co ON c.COURSE_ID = co.COURSE_ID JOIN OFFERING_INSTRUCTOR oi ON co.OFFERING_ID = oi.OFFERING_ID JOIN INSTRUCTOR i ON oi.INSTRUCTOR_ID = i.INSTRUCTOR_ID WHERE i.NAME = 'Ami Antonucci' AND co.SEMESTER = 'Spring-Summer' AND co.YEAR = 2000;,Qwen2.5-Coder-7B-Instruct-4bit,7.004512071609497,,"(1054, ""Unknown column 'co.YEAR' in 'WHERE'"")",,0.011174678802490234,False,False,False
advising,hard,Is the 498 Winter class being taught by Prof. Gino Knodel ?,"SELECT COUNT( * ) > 0 FROM COURSE AS COURSEalias0 , COURSE_OFFERING AS COURSE_OFFERINGalias0 , INSTRUCTOR AS INSTRUCTORalias0 , OFFERING_INSTRUCTOR AS OFFERING_INSTRUCTORalias0 , SEMESTER AS SEMESTERalias0 WHERE COURSEalias0.COURSE_ID = COURSE_OFFERINGalias0.COURSE_ID AND COURSEalias0.DEPARTMENT = """" AND COURSEalias0.NUMBER = 498 AND INSTRUCTORalias0.NAME LIKE ""%Gino Knodel%"" AND OFFERING_INSTRUCTORalias0.INSTRUCTOR_ID = INSTRUCTORalias0.INSTRUCTOR_ID AND OFFERING_INSTRUCTORalias0.OFFERING_ID = COURSE_OFFERINGalias0.OFFERING_ID AND SEMESTERalias0.SEMESTER = ""Winter"" AND SEMESTERalias0.SEMESTER_ID = COURSE_OFFERINGalias0.SEMESTER AND SEMESTERalias0.YEAR = 2017 ;","SELECT o.OFFERING_ID, i.INSTRUCTOR_ID, i.NAME FROM COURSE_OFFERING o JOIN OFFERING_INSTRUCTOR oi ON o.OFFERING_ID = oi.OFFERING_ID JOIN INSTRUCTOR i ON oi.INSTRUCTOR_ID = i.INSTRUCTOR_ID WHERE o.SECTION_NUMBER = '498' AND o.SEMESTER = 'Winter' AND i.NAME = 'Prof. Gino Knodel';",Qwen2.5-Coder-7B-Instruct-4bit,6.240535736083984,,,,0.08841848373413086,False,False,False
advising,hard,What is the easiest course that meets the Other requirement ?,"SELECT DISTINCT COURSEalias0.DEPARTMENT , COURSEalias0.NAME , COURSEalias0.NUMBER , PROGRAM_COURSEalias0.WORKLOAD , PROGRAM_COURSEalias0.WORKLOAD FROM COURSE AS COURSEalias0 , PROGRAM_COURSE AS PROGRAM_COURSEalias0 WHERE PROGRAM_COURSEalias0.CATEGORY LIKE ""%Other%"" AND PROGRAM_COURSEalias0.COURSE_ID = COURSEalias0.COURSE_ID AND PROGRAM_COURSEalias0.WORKLOAD = ( SELECT MIN( PROGRAM_COURSEalias1.WORKLOAD ) FROM PROGRAM_COURSE AS PROGRAM_COURSEalias1 WHERE PROGRAM_COURSEalias1.CATEGORY LIKE ""%Other%"" ) ;",SELECT c.NAME FROM COURSE c JOIN COURSE_TAGS_COUNT ct ON c.COURSE_ID = ct.COURSE_ID WHERE c.ADVISORY_REQUIREMENT = 'Other' ORDER BY EASINESS_SCORE ASC LIMIT 1;,Qwen2.5-Coder-7B-Instruct-4bit,4.305095672607422,,,,0.004503011703491211,False,False,False
advising,hard,Are there any professors that do not teach classes with labs ?,"SELECT DISTINCT INSTRUCTORalias0.NAME FROM INSTRUCTOR AS INSTRUCTORalias0 , COURSE AS COURSEalias1 , COURSE_OFFERING AS COURSE_OFFERINGalias1 , OFFERING_INSTRUCTOR AS OFFERING_INSTRUCTORalias1 WHERE COURSEalias1.COURSE_ID = COURSE_OFFERINGalias1.COURSE_ID AND COURSEalias1.DEPARTMENT = """" AND COURSE_OFFERINGalias1.OFFERING_ID = OFFERING_INSTRUCTORalias1.OFFERING_ID AND INSTRUCTORalias0.INSTRUCTOR_ID = OFFERING_INSTRUCTORalias1.INSTRUCTOR_ID AND INSTRUCTORalias0.INSTRUCTOR_ID NOT IN ( SELECT DISTINCT OFFERING_INSTRUCTORalias0.INSTRUCTOR_ID FROM COURSE AS COURSEalias0 , COURSE_OFFERING AS COURSE_OFFERINGalias0 , OFFERING_INSTRUCTOR AS OFFERING_INSTRUCTORalias0 WHERE COURSEalias0.COURSE_ID = COURSE_OFFERINGalias0.COURSE_ID AND COURSEalias0.HAS_LAB = ""Y"" AND COURSE_OFFERINGalias0.OFFERING_ID = OFFERING_INSTRUCTORalias0.OFFERING_ID ) ;","SELECT i.INSTRUCTOR_ID, i.NAME FROM INSTRUCTOR i WHERE i.INSTRUCTOR_ID NOT IN (SELECT oi.INSTRUCTOR_ID FROM OFFERING_INSTRUCTOR oi JOIN COURSE_OFFERING co ON oi.OFFERING_ID = co.OFFERING_ID WHERE co.HAS_LAB = 1);",Qwen2.5-Coder-7B-Instruct-4bit,4.635543584823608,,"(1054, ""Unknown column 'co.HAS_LAB' in 'WHERE'"")",,0.0,False,False,False
advising,hard,Which professor teaches BIOLOGY 172 ?,"SELECT DISTINCT INSTRUCTORalias0.NAME FROM COURSE AS COURSEalias0 , COURSE_OFFERING AS COURSE_OFFERINGalias0 , INSTRUCTOR AS INSTRUCTORalias0 , OFFERING_INSTRUCTOR AS OFFERING_INSTRUCTORalias0 WHERE COURSEalias0.COURSE_ID = COURSE_OFFERINGalias0.COURSE_ID AND COURSEalias0.DEPARTMENT = ""BIOLOGY"" AND COURSEalias0.NUMBER = 172 AND OFFERING_INSTRUCTORalias0.INSTRUCTOR_ID = INSTRUCTORalias0.INSTRUCTOR_ID AND OFFERING_INSTRUCTORalias0.OFFERING_ID = COURSE_OFFERINGalias0.OFFERING_ID ;",SELECT i.NAME FROM INSTRUCTOR i JOIN OFFERING_INSTRUCTOR oi ON i.INSTRUCTOR_ID = oi.INSTRUCTOR_ID JOIN COURSE_OFFERING co ON oi.OFFERING_ID = co.OFFERING_ID JOIN COURSE c ON co.COURSE_ID = c.COURSE_ID WHERE c.NAME = 'BIOLOGY' AND c.NUMBER = '172';,Qwen2.5-Coder-7B-Instruct-4bit,6.005328893661499,,,,0.0025527477264404297,False,False,False
advising,hard,Is LHC 688 offered in Fall 2000 ?,"SELECT COUNT( * ) > 0 FROM COURSE AS COURSEalias0 , COURSE_OFFERING AS COURSE_OFFERINGalias0 , SEMESTER AS SEMESTERalias0 WHERE COURSEalias0.COURSE_ID = COURSE_OFFERINGalias0.COURSE_ID AND COURSEalias0.DEPARTMENT = ""LHC"" AND COURSEalias0.NUMBER = 688 AND SEMESTERalias0.SEMESTER = ""Fall"" AND SEMESTERalias0.SEMESTER_ID = COURSE_OFFERINGalias0.SEMESTER AND SEMESTERalias0.YEAR = 2000 ;",SELECT * FROM COURSE_OFFERING WHERE COURSE_ID = 'LHC 688' AND SEMESTER = 'Fall' AND YEAR = 2000;,Qwen2.5-Coder-7B-Instruct-4bit,3.279207944869995,,"(1054, ""Unknown column 'YEAR' in 'WHERE'"")",,0.0,False,False,False
advising,hard,"Next semester , which classes are Dr. Zehra Igsiz teaching ?","SELECT DISTINCT COURSEalias0.DEPARTMENT , COURSEalias0.NAME , COURSEalias0.NUMBER FROM COURSE AS COURSEalias0 , COURSE_OFFERING AS COURSE_OFFERINGalias0 , INSTRUCTOR AS INSTRUCTORalias0 , OFFERING_INSTRUCTOR AS OFFERING_INSTRUCTORalias0 , SEMESTER AS SEMESTERalias0 WHERE COURSEalias0.COURSE_ID = COURSE_OFFERINGalias0.COURSE_ID AND INSTRUCTORalias0.NAME LIKE ""%Zehra Igsiz%"" AND OFFERING_INSTRUCTORalias0.INSTRUCTOR_ID = INSTRUCTORalias0.INSTRUCTOR_ID AND OFFERING_INSTRUCTORalias0.OFFERING_ID = COURSE_OFFERINGalias0.OFFERING_ID AND SEMESTERalias0.SEMESTER = ""FA"" AND SEMESTERalias0.SEMESTER_ID = COURSE_OFFERINGalias0.SEMESTER AND SEMESTERalias0.YEAR = 2016 ;","SELECT co.COURSE_ID, co.NAME 
FROM COURSE_OFFERING co 
JOIN OFFERING_INSTRUCTOR oi ON co.OFFERING_ID = oi.OFFERING_ID 
JOIN INSTRUCTOR i ON oi.INSTRUCTOR_ID = i.INSTRUCTOR_ID 
WHERE i.NAME = 'Dr. Zehra Igsiz' AND co.SEMESTER = 'Next Semester';",Qwen2.5-Coder-7B-Instruct-4bit,5.660936117172241,,"(1054, ""Unknown column 'co.NAME' in 'SELECT'"")",,0.0,False,False,False
advising,hard,How many 300 -level classes are being offered in Fall and Winter term ?,"SELECT COUNT( DISTINCT COURSEalias0.COURSE_ID , SEMESTERalias0.SEMESTER ) FROM COURSE AS COURSEalias0 , COURSE_OFFERING AS COURSE_OFFERINGalias0 , SEMESTER AS SEMESTERalias0 WHERE COURSEalias0.COURSE_ID = COURSE_OFFERINGalias0.COURSE_ID AND COURSEalias0.DEPARTMENT = """" AND COURSEalias0.NUMBER BETWEEN 300 AND 300 + 100 AND SEMESTERalias0.SEMESTER IN ( ""FA"" , ""WN"" ) AND SEMESTERalias0.SEMESTER_ID = COURSE_OFFERINGalias0.SEMESTER AND SEMESTERalias0.YEAR = 2016 ;",SELECT COUNT(*) FROM COURSE_OFFERING co JOIN COURSE c ON co.COURSE_ID = c.COURSE_ID WHERE c.NUMBER BETWEEN 300 AND 399 AND (co.SEMESTER = 'Fall' OR co.SEMESTER = 'Winter');,Qwen2.5-Coder-7B-Instruct-4bit,5.252512693405151,,,,0.0338444709777832,True,True,False
advising,hard,Please help me find computing infrastructure courses that are more facile than ACC 630 .,"SELECT DISTINCT COURSEalias0.DEPARTMENT , COURSEalias0.NAME , COURSEalias0.NUMBER , PROGRAM_COURSEalias0.WORKLOAD FROM COURSE AS COURSEalias0 INNER JOIN AREA AS AREAalias0 ON COURSEalias0.COURSE_ID = AREAalias0.COURSE_ID INNER JOIN PROGRAM_COURSE AS PROGRAM_COURSEalias0 ON PROGRAM_COURSEalias0.COURSE_ID = COURSEalias0.COURSE_ID WHERE AREAalias0.AREA LIKE ""%computing infrastructure%"" AND PROGRAM_COURSEalias0.WORKLOAD < ( SELECT MIN( PROGRAM_COURSEalias1.WORKLOAD ) FROM COURSE AS COURSEalias1 INNER JOIN PROGRAM_COURSE AS PROGRAM_COURSEalias1 ON PROGRAM_COURSEalias1.COURSE_ID = COURSEalias1.COURSE_ID WHERE COURSEalias1.DEPARTMENT = ""ACC"" AND COURSEalias1.NUMBER = 630 ) ORDER BY PROGRAM_COURSEalias0.WORKLOAD ;",SELECT c.NAME FROM COURSE c JOIN COURSE_TAGS_COUNT ct ON c.COURSE_ID = ct.COURSE_ID WHERE c.NAME LIKE '%computing infrastructure%' AND ct.EASINESS_SCORE > (SELECT ct2.EASINESS_SCORE FROM COURSE c2 JOIN COURSE_TAGS_COUNT ct2 ON c2.COURSE_ID = ct2.COURSE_ID WHERE c2.NAME = 'ACC 630'),Qwen2.5-Coder-7B-Instruct-4bit,6.188950538635254,,"(1054, ""Unknown column 'ct.EASINESS_SCORE' in 'WHERE'"")",,0.0,False,False,False
advising,hard,Which class is a prereq for lots of other classes and offered this semester ?,"SELECT COUNT( DISTINCT COURSE_PREREQUISITEalias0.COURSE_ID ) , COURSEalias0.DEPARTMENT , COURSEalias0.NAME , COURSEalias0.NUMBER FROM COURSE AS COURSEalias0 , COURSE_OFFERING AS COURSE_OFFERINGalias0 , COURSE_PREREQUISITE AS COURSE_PREREQUISITEalias0 , SEMESTER AS SEMESTERalias0 WHERE COURSEalias0.COURSE_ID = COURSE_OFFERINGalias0.COURSE_ID AND COURSEalias0.COURSE_ID = COURSE_PREREQUISITEalias0.PRE_COURSE_ID AND COURSEalias0.DEPARTMENT = """" AND SEMESTERalias0.SEMESTER = ""WN"" AND SEMESTERalias0.SEMESTER_ID = COURSE_OFFERINGalias0.SEMESTER AND SEMESTERalias0.YEAR = 2016 GROUP BY COURSE_PREREQUISITEalias0.PRE_COURSE_ID ORDER BY COUNT( COURSE_PREREQUISITEalias0.COURSE_ID ) DESC ;",SELECT c1.name FROM course c1 JOIN course_prerequisite cp ON c1.course_id = cp.pre_course_id WHERE cp.course_id IN (SELECT course_id FROM course_offering WHERE semester = 'current') ORDER BY (SELECT COUNT(*) FROM course_prerequisite WHERE pre_course_id = cp.course_id) DESC LIMIT 1;,Qwen2.5-Coder-7B-Instruct-4bit,5.733115911483765,,,,0.0,True,True,True
advising,hard,"Of the two classes , which is easier , EECS 566 or EECS 792 ?","SELECT DISTINCT COURSEalias0.NUMBER FROM COURSE AS COURSEalias0 INNER JOIN PROGRAM_COURSE AS PROGRAM_COURSEalias0 ON PROGRAM_COURSEalias0.COURSE_ID = COURSEalias0.COURSE_ID WHERE ( COURSEalias0.NUMBER = 566 OR COURSEalias0.NUMBER = 792 ) AND PROGRAM_COURSEalias0.WORKLOAD = ( SELECT MIN( PROGRAM_COURSEalias1.WORKLOAD ) FROM PROGRAM_COURSE AS PROGRAM_COURSEalias1 INNER JOIN COURSE AS COURSEalias1 ON PROGRAM_COURSEalias1.COURSE_ID = COURSEalias1.COURSE_ID WHERE ( COURSEalias1.NUMBER = 566 OR COURSEalias1.NUMBER = 792 ) AND COURSEalias1.DEPARTMENT = ""EECS"" ) ;","SELECT c.EASINESS_SCORE, c.NAME FROM COURSE c WHERE c.NUMBER IN ('566', '792') ORDER BY c.EASINESS_SCORE ASC LIMIT 1;",Qwen2.5-Coder-7B-Instruct-4bit,3.4256982803344727,,,,0.003524303436279297,False,True,False
advising,hard,Are any of my courses considered the hardest of the RCHUMS department 's courses ?,"SELECT DISTINCT COURSEalias0.DEPARTMENT , COURSEalias0.NAME , COURSEalias0.NUMBER , PROGRAM_COURSEalias0.WORKLOAD FROM COURSE AS COURSEalias0 INNER JOIN STUDENT_RECORD AS STUDENT_RECORDalias0 ON STUDENT_RECORDalias0.COURSE_ID = COURSEalias0.COURSE_ID INNER JOIN PROGRAM_COURSE AS PROGRAM_COURSEalias0 ON PROGRAM_COURSEalias0.COURSE_ID = COURSEalias0.COURSE_ID WHERE COURSEalias0.DEPARTMENT = ""RCHUMS"" AND PROGRAM_COURSEalias0.WORKLOAD = ( SELECT MAX( PROGRAM_COURSEalias1.WORKLOAD ) FROM PROGRAM_COURSE AS PROGRAM_COURSEalias1 INNER JOIN COURSE AS COURSEalias1 ON PROGRAM_COURSEalias1.COURSE_ID = COURSEalias1.COURSE_ID WHERE COURSEalias1.DEPARTMENT = ""RCHUMS"" ) AND STUDENT_RECORDalias0.STUDENT_ID = 1 ;",SELECT COUNT(*) FROM COURSE c JOIN COURSE_OFFERING co ON c.COURSE_ID = co.COURSE_ID WHERE c.DEPARTMENT = 'RCHUMS' AND c.COURSE_ID IN (SELECT course_id FROM COURSE_TAGS_COUNT WHERE TOUGH_TESTS > 5);,Qwen2.5-Coder-7B-Instruct-4bit,4.747679233551025,,,,0.0,False,True,False
advising,hard,Which upper level classes can I take without having 511 ?,"SELECT DISTINCT COURSEalias0.DEPARTMENT , COURSEalias0.NAME , COURSEalias0.NUMBER FROM COURSE AS COURSEalias0 , COURSE AS COURSEalias1 , COURSE_PREREQUISITE AS COURSE_PREREQUISITEalias0, PROGRAM_COURSE AS PROGRAM_COURSEalias0 WHERE COURSEalias1.COURSE_ID NOT IN ( SELECT COURSE_PREREQUISITEalias0.PRE_COURSE_ID FROM COURSE AS COURSEalias0, COURSE_PREREQUISITE AS COURSE_PREREQUISITEalias0 WHERE COURSEalias0.COURSE_ID = COURSE_PREREQUISITEalias0.COURSE_ID ) AND COURSEalias1.DEPARTMENT = ""department0"" AND COURSEalias1.NUMBER = 511 AND PROGRAM_COURSEalias0.CATEGORY LIKE ""%ULCS%"" AND PROGRAM_COURSEalias0.COURSE_ID = COURSEalias0.COURSE_ID ;",SELECT DISTINCT c.NAME FROM COURSE c WHERE c.NUMBER > 500 AND c.COURSE_ID NOT IN (SELECT pr.pre_course_id FROM COURSE_PREREQUISITE pr WHERE pr.course_id = 511),Qwen2.5-Coder-7B-Instruct-4bit,4.6452412605285645,,,,0.0245211124420166,False,True,False
advising,hard,Will SM 217 be offered every semester ?,"SELECT COUNT( * ) > 0 FROM SEMESTER AS SEMESTERalias0 WHERE SEMESTERalias0.SEMESTER NOT IN ( SELECT DISTINCT SEMESTERalias1.SEMESTER FROM COURSE AS COURSEalias0 , COURSE_OFFERING AS COURSE_OFFERINGalias0 , SEMESTER AS SEMESTERalias1 WHERE COURSEalias0.COURSE_ID = COURSE_OFFERINGalias0.COURSE_ID AND COURSEalias0.DEPARTMENT = ""SM"" AND COURSEalias0.NUMBER = 217 AND SEMESTERalias1.SEMESTER_ID = COURSE_OFFERINGalias0.SEMESTER ) ;",SELECT COUNT(*) FROM COURSE_OFFERING WHERE COURSE_ID = 'SM 217' AND (MONDAY IS NOT NULL OR TUESDAY IS NOT NULL OR WEDNESDAY IS NOT NULL OR THURSDAY IS NOT NULL OR FRIDAY IS NOT NULL OR SATURDAY IS NOT NULL OR SUNDAY IS NOT NULL);,Qwen2.5-Coder-7B-Instruct-4bit,5.594196081161499,,,,0.0,False,False,False
advising,medium,"In the Spring and Summer , what upper-level electives are offered ?","SELECT DISTINCT COURSEalias0.DEPARTMENT , COURSEalias0.NAME , COURSEalias0.NUMBER FROM COURSE AS COURSEalias0 INNER JOIN COURSE_OFFERING AS COURSE_OFFERINGalias0 ON COURSEalias0.COURSE_ID = COURSE_OFFERINGalias0.COURSE_ID INNER JOIN SEMESTER AS SEMESTERalias0 ON SEMESTERalias0.SEMESTER_ID = COURSE_OFFERINGalias0.SEMESTER INNER JOIN PROGRAM_COURSE AS PROGRAM_COURSEalias0 ON PROGRAM_COURSEalias0.COURSE_ID = COURSEalias0.COURSE_ID WHERE COURSEalias0.DEPARTMENT = ""EECS"" AND PROGRAM_COURSEalias0.CATEGORY LIKE ""%ULCS%"" AND SEMESTERalias0.SEMESTER IN ( ""SP"" , ""SS"" , ""SU"" ) AND SEMESTERalias0.YEAR = 2016 ;","SELECT DISTINCT c.NAME FROM COURSE c JOIN COURSE_OFFERING co ON c.COURSE_ID = co.COURSE_ID WHERE co.SEMESTER IN ('Spring', 'Summer') AND c.NUM_ENROLLED > 0 AND c.CREDITS > 3;",Qwen2.5-Coder-7B-Instruct-4bit,4.608519554138184,,,,0.0014846324920654297,True,True,True
advising,medium,The Core requirement can be satisfied with which Settlement Pre-Industrial Societies courses ?,"SELECT DISTINCT COURSEalias0.DEPARTMENT , COURSEalias0.NAME , COURSEalias0.NUMBER FROM COURSE AS COURSEalias0 INNER JOIN AREA AS AREAalias0 ON COURSEalias0.COURSE_ID = AREAalias0.COURSE_ID INNER JOIN PROGRAM_COURSE AS PROGRAM_COURSEalias0 ON PROGRAM_COURSEalias0.COURSE_ID = COURSEalias0.COURSE_ID WHERE ( AREAalias0.AREA LIKE ""%Settlement Pre-Industrial Societies%"" OR COURSEalias0.DESCRIPTION LIKE ""%Settlement Pre-Industrial Societies%"" OR COURSEalias0.NAME LIKE ""%Settlement Pre-Industrial Societies%"" ) AND PROGRAM_COURSEalias0.CATEGORY LIKE ""%Core%"" ;","SELECT DISTINCT pc.course_id, c.name FROM program_course pc JOIN course c ON pc.course_id = c.course_id JOIN program p ON pc.program_id = p.program_id WHERE p.name = 'Core' AND pc.category = 'Settlement Pre-Industrial Societies';",Qwen2.5-Coder-7B-Instruct-4bit,4.431452989578247,,,,0.0071566104888916016,True,True,True
advising,medium,"In regards to special topics classes , which ones are available next Winter ?","SELECT DISTINCT COURSEalias0.DEPARTMENT , COURSEalias0.NAME , COURSEalias0.NUMBER FROM COURSE AS COURSEalias0 INNER JOIN COURSE_OFFERING AS COURSE_OFFERINGalias0 ON COURSEalias0.COURSE_ID = COURSE_OFFERINGalias0.COURSE_ID INNER JOIN SEMESTER AS SEMESTERalias0 ON SEMESTERalias0.SEMESTER_ID = COURSE_OFFERINGalias0.SEMESTER WHERE ( COURSEalias0.NUMBER = 398 OR COURSEalias0.NUMBER = 498 OR COURSEalias0.NUMBER = 598 ) AND COURSEalias0.DEPARTMENT = """" AND SEMESTERalias0.SEMESTER = ""Winter"" AND SEMESTERalias0.YEAR = 2017 ;",SELECT DISTINCT c.NAME FROM COURSE c JOIN COURSE_OFFERING co ON c.COURSE_ID = co.COURSE_ID WHERE co.SEMESTER = 'Winter' AND c.NAME LIKE '%special topics%',Qwen2.5-Coder-7B-Instruct-4bit,3.529027938842773,,,,0.00636744499206543,True,True,True
advising,medium,What classes should I enroll in in order to declare a major in SAC ?,"SELECT DISTINCT COURSEalias0.DEPARTMENT , COURSEalias0.NAME , COURSEalias0.NUMBER FROM COURSE AS COURSEalias0 , PROGRAM_COURSE AS PROGRAM_COURSEalias0 WHERE COURSEalias0.DEPARTMENT LIKE ""%SAC%"" AND PROGRAM_COURSEalias0.CATEGORY LIKE ""PreMajor"" AND PROGRAM_COURSEalias0.COURSE_ID = COURSEalias0.COURSE_ID ;","SELECT pc.course_id, c.name FROM program_course pc JOIN course c ON pc.course_id = c.course_id JOIN program p ON pc.program_id = p.program_id WHERE p.name = 'SAC' AND pc.category = 'Core';",Qwen2.5-Coder-7B-Instruct-4bit,4.127236366271973,,,,0.0018308162689208984,True,True,True
advising,medium,"On Friday , does AUTO 503 have class ?","SELECT DISTINCT COURSE_OFFERINGalias0.FRIDAY FROM COURSE AS COURSEalias0 INNER JOIN COURSE_OFFERING AS COURSE_OFFERINGalias0 ON COURSEalias0.COURSE_ID = COURSE_OFFERINGalias0.COURSE_ID INNER JOIN SEMESTER AS SEMESTERalias0 ON SEMESTERalias0.SEMESTER_ID = COURSE_OFFERINGalias0.SEMESTER WHERE COURSEalias0.DEPARTMENT = ""AUTO"" AND COURSEalias0.NUMBER = 503 AND SEMESTERalias0.SEMESTER = ""WN"" AND SEMESTERalias0.YEAR = 2016 ;",SELECT CASE WHEN EXISTS (SELECT 1 FROM COURSE_OFFERING WHERE COURSE_ID = 'AUTO 503' AND FRIDAY = 1) THEN 'Yes' ELSE 'No' END AS has_class_on_friday;,Qwen2.5-Coder-7B-Instruct-4bit,4.232960224151611,,,,0.0010418891906738281,False,True,False
advising,medium,"The Other requirement , name some Culture , Adaptation , and Environment classes to satisfy it .","SELECT DISTINCT COURSEalias0.DEPARTMENT , COURSEalias0.NAME , COURSEalias0.NUMBER FROM COURSE AS COURSEalias0 INNER JOIN AREA AS AREAalias0 ON COURSEalias0.COURSE_ID = AREAalias0.COURSE_ID INNER JOIN PROGRAM_COURSE AS PROGRAM_COURSEalias0 ON PROGRAM_COURSEalias0.COURSE_ID = COURSEalias0.COURSE_ID WHERE ( AREAalias0.AREA LIKE ""%Culture , Adaptation , and Environment%"" OR COURSEalias0.DESCRIPTION LIKE ""%Culture , Adaptation , and Environment%"" OR COURSEalias0.NAME LIKE ""%Culture , Adaptation , and Environment%"" ) AND PROGRAM_COURSEalias0.CATEGORY LIKE ""%Other%"" ;",SELECT DISTINCT c.NAME FROM COURSE c JOIN AREA a ON c.COURSE_ID = a.COURSE_ID WHERE a.AREA LIKE '%Culture%' OR a.AREA LIKE '%Adaptation%' OR a.AREA LIKE '%Environment%' AND c.ADVISORY_REQUIREMENT = 'The Other requirement';,Qwen2.5-Coder-7B-Instruct-4bit,4.669391632080078,,,,0.0,True,True,True
advising,medium,"For Winter or Fall 2014 , what courses in software are offered ?","SELECT DISTINCT COURSEalias0.DEPARTMENT , COURSEalias0.NAME , COURSEalias0.NUMBER , SEMESTERalias0.SEMESTER FROM COURSE AS COURSEalias0 INNER JOIN AREA AS AREAalias0 ON COURSEalias0.COURSE_ID = AREAalias0.COURSE_ID INNER JOIN COURSE_OFFERING AS COURSE_OFFERINGalias0 ON COURSEalias0.COURSE_ID = COURSE_OFFERINGalias0.COURSE_ID INNER JOIN SEMESTER AS SEMESTERalias0 ON SEMESTERalias0.SEMESTER_ID = COURSE_OFFERINGalias0.SEMESTER WHERE AREAalias0.AREA LIKE ""%software%"" AND SEMESTERalias0.SEMESTER IN ( ""WN"" , ""FA"" ) AND SEMESTERalias0.YEAR = 2014 ;",SELECT c.NAME FROM COURSE c JOIN COURSE_OFFERING co ON c.COURSE_ID = co.COURSE_ID WHERE (co.SEMESTER = 'Winter' OR co.SEMESTER = 'Fall') AND c.DEPARTMENT = 'Software';,Qwen2.5-Coder-7B-Instruct-4bit,4.781005382537842,,,,0.007327079772949219,False,False,False
advising,medium,"Next semester , what time is the LHC 520 lecture ?","SELECT DISTINCT COURSE_OFFERINGalias0.START_TIME FROM COURSE AS COURSEalias0 INNER JOIN PROGRAM_COURSE AS PROGRAM_COURSEalias0 ON PROGRAM_COURSEalias0.COURSE_ID = COURSEalias0.COURSE_ID INNER JOIN COURSE_OFFERING AS COURSE_OFFERINGalias0 ON COURSEalias0.COURSE_ID = COURSE_OFFERINGalias0.COURSE_ID INNER JOIN SEMESTER AS SEMESTERalias0 ON SEMESTERalias0.SEMESTER_ID = COURSE_OFFERINGalias0.SEMESTER WHERE COURSEalias0.DEPARTMENT = ""LHC"" AND COURSEalias0.NUMBER = 520 AND SEMESTERalias0.SEMESTER = ""FA"" AND SEMESTERalias0.YEAR = 2016 ;","SELECT start_time, end_time FROM COURSE_OFFERING WHERE course_id = 'LHC 520' AND semester = (SELECT semester_id FROM SEMESTER WHERE semester = 'Next Semester');",Qwen2.5-Coder-7B-Instruct-4bit,3.4815833568573,,,,0.0,True,True,True
advising,medium,In the Fall or Winter what courses are they offering to meet the MDE requirement ?,"SELECT DISTINCT COURSEalias0.DEPARTMENT , COURSEalias0.NAME , COURSEalias0.NUMBER , SEMESTERalias0.SEMESTER FROM COURSE AS COURSEalias0 INNER JOIN COURSE_OFFERING AS COURSE_OFFERINGalias0 ON COURSEalias0.COURSE_ID = COURSE_OFFERINGalias0.COURSE_ID INNER JOIN SEMESTER AS SEMESTERalias0 ON SEMESTERalias0.SEMESTER_ID = COURSE_OFFERINGalias0.SEMESTER INNER JOIN PROGRAM_COURSE AS PROGRAM_COURSEalias0 ON PROGRAM_COURSEalias0.COURSE_ID = COURSE_OFFERINGalias0.COURSE_ID WHERE PROGRAM_COURSEalias0.CATEGORY LIKE ""%MDE%"" AND SEMESTERalias0.SEMESTER IN ( ""FA"" , ""WN"" ) AND SEMESTERalias0.YEAR = 2016 ;",SELECT DISTINCT c.NAME FROM COURSE c JOIN PROGRAM_COURSE pc ON c.COURSE_ID = pc.COURSE_ID JOIN PROGRAM_REQUIREMENT pr ON pc.program_id = pr.program_id WHERE pr.category = 'MDE' AND (pc.semester = 'Fall' OR pc.semester = 'Winter');,Qwen2.5-Coder-7B-Instruct-4bit,4.792027473449707,,"(1054, ""Unknown column 'pc.SEMESTER' in 'WHERE'"")",,0.0,False,False,False
advising,medium,Which courses in Prehistory of Oceania count for the Other requirement ?,"SELECT DISTINCT COURSEalias0.DEPARTMENT , COURSEalias0.NAME , COURSEalias0.NUMBER FROM COURSE AS COURSEalias0 INNER JOIN AREA AS AREAalias0 ON COURSEalias0.COURSE_ID = AREAalias0.COURSE_ID INNER JOIN PROGRAM_COURSE AS PROGRAM_COURSEalias0 ON PROGRAM_COURSEalias0.COURSE_ID = COURSEalias0.COURSE_ID WHERE ( AREAalias0.AREA LIKE ""%Prehistory of Oceania%"" OR COURSEalias0.DESCRIPTION LIKE ""%Prehistory of Oceania%"" OR COURSEalias0.NAME LIKE ""%Prehistory of Oceania%"" ) AND PROGRAM_COURSEalias0.CATEGORY LIKE ""%Other%"" ;",SELECT c.NAME FROM COURSE c JOIN PROGRAM_COURSE pc ON c.COURSE_ID = pc.COURSE_ID JOIN PROGRAM_REQUIREMENT pr ON pc.program_id = pr.program_id WHERE pr.category = 'Other' AND pc.category = 'Other';,Qwen2.5-Coder-7B-Instruct-4bit,4.685073852539063,,,,0.000997781753540039,True,True,True
advising,medium,What PSYCH classes don 't get together on Fridays ?,"SELECT DISTINCT COURSEalias0.DEPARTMENT , COURSEalias0.NAME , COURSEalias0.NUMBER FROM COURSE AS COURSEalias0 INNER JOIN COURSE_OFFERING AS COURSE_OFFERINGalias0 ON COURSEalias0.COURSE_ID = COURSE_OFFERINGalias0.COURSE_ID INNER JOIN SEMESTER AS SEMESTERalias0 ON SEMESTERalias0.SEMESTER_ID = COURSE_OFFERINGalias0.SEMESTER WHERE COURSE_OFFERINGalias0.FRIDAY = ""N"" AND COURSEalias0.DEPARTMENT = ""PSYCH"" AND SEMESTERalias0.SEMESTER = ""WN"" AND SEMESTERalias0.YEAR = 2016 ;",SELECT c.NAME FROM COURSE c JOIN COURSE_OFFERING co ON c.COURSE_ID = co.COURSE_ID WHERE c.DEPARTMENT = 'PSYCH' AND co.FRIDAY IS NULL;,Qwen2.5-Coder-7B-Instruct-4bit,3.66458797454834,,,,0.008759021759033203,False,False,False
advising,medium,What prerequisites do I need for EHS 616 and 615 ?,"SELECT DISTINCT COURSEalias0.DEPARTMENT , COURSEalias0.NAME , COURSEalias0.NUMBER FROM COURSE AS COURSEalias0 , COURSE AS COURSEalias1 , COURSE_PREREQUISITE AS COURSE_PREREQUISITEalias0 WHERE ( COURSEalias1.NUMBER = 616 OR COURSEalias1.NUMBER = 615 ) AND COURSEalias0.COURSE_ID = COURSE_PREREQUISITEalias0.PRE_COURSE_ID AND COURSEalias1.COURSE_ID = COURSE_PREREQUISITEalias0.COURSE_ID AND COURSEalias1.DEPARTMENT = ""EHS"" ;","SELECT cp.pre_course_id FROM COURSE_PREREQUISITE cp JOIN COURSE c ON cp.course_id = c.COURSE_ID WHERE c.COURSE_ID IN ('EHS 616', 'EHS 615');",Qwen2.5-Coder-7B-Instruct-4bit,4.043089866638184,,,,0.006400346755981445,True,True,True
advising,medium,Which Selected Near and Middle Eastern Studies courses are 14 credits ?,"SELECT DISTINCT COURSEalias0.DEPARTMENT , COURSEalias0.NAME , COURSEalias0.NUMBER FROM COURSE AS COURSEalias0 WHERE ( COURSEalias0.DESCRIPTION LIKE ""%Selected Near and Middle Eastern Studies%"" OR COURSEalias0.NAME LIKE ""%Selected Near and Middle Eastern Studies%"" ) AND COURSEalias0.CREDITS = 14 ;",SELECT DISTINCT c.NAME FROM COURSE c JOIN PROGRAM_COURSE pc ON c.COURSE_ID = pc.COURSE_ID WHERE pc.program_id = (SELECT program_id FROM PROGRAM WHERE name = 'Selected Near and Middle Eastern Studies') AND c.credits = 14;,Qwen2.5-Coder-7B-Instruct-4bit,4.940838098526001,,,,0.0054509639739990234,True,True,True
advising,medium,What Caribbean Literature classes fulfill the PreMajor requirement ?,"SELECT DISTINCT COURSEalias0.DEPARTMENT , COURSEalias0.NAME , COURSEalias0.NUMBER FROM COURSE AS COURSEalias0 INNER JOIN AREA AS AREAalias0 ON COURSEalias0.COURSE_ID = AREAalias0.COURSE_ID INNER JOIN PROGRAM_COURSE AS PROGRAM_COURSEalias0 ON PROGRAM_COURSEalias0.COURSE_ID = COURSEalias0.COURSE_ID WHERE ( AREAalias0.AREA LIKE ""%Caribbean Literature%"" OR COURSEalias0.DESCRIPTION LIKE ""%Caribbean Literature%"" OR COURSEalias0.NAME LIKE ""%Caribbean Literature%"" ) AND PROGRAM_COURSEalias0.CATEGORY LIKE ""%PreMajor%"" ;",SELECT DISTINCT c.NAME FROM COURSE c JOIN PROGRAM_COURSE pc ON c.COURSE_ID = pc.COURSE_ID JOIN PROGRAM_REQUIREMENT pr ON pc.program_id = pr.program_id WHERE pr.category = 'PreMajor' AND c.department LIKE '%Caribbean Literature%',Qwen2.5-Coder-7B-Instruct-4bit,4.259514331817627,,,,0.0,True,True,True
advising,medium,"If I wanted to satisfy he ULCS requirement , which Recursion Theory courses could I take ?","SELECT DISTINCT COURSEalias0.DEPARTMENT , COURSEalias0.NAME , COURSEalias0.NUMBER FROM COURSE AS COURSEalias0 INNER JOIN AREA AS AREAalias0 ON COURSEalias0.COURSE_ID = AREAalias0.COURSE_ID INNER JOIN PROGRAM_COURSE AS PROGRAM_COURSEalias0 ON PROGRAM_COURSEalias0.COURSE_ID = COURSEalias0.COURSE_ID WHERE ( AREAalias0.AREA LIKE ""%Recursion Theory%"" OR COURSEalias0.DESCRIPTION LIKE ""%Recursion Theory%"" OR COURSEalias0.NAME LIKE ""%Recursion Theory%"" ) AND PROGRAM_COURSEalias0.CATEGORY LIKE ""%ULCS%"" ;",SELECT c.NAME FROM COURSE c JOIN PROGRAM_COURSE pc ON c.COURSE_ID = pc.COURSE_ID JOIN PROGRAM p ON pc.program_id = p.program_id WHERE p.name = 'ULCS' AND c.NAME LIKE '%Recursion Theory%',Qwen2.5-Coder-7B-Instruct-4bit,4.09068489074707,,,,0.0,True,True,True
advising,medium,What are the special topics classes offered next Winter ?,"SELECT DISTINCT COURSEalias0.DEPARTMENT , COURSEalias0.NAME , COURSEalias0.NUMBER FROM COURSE AS COURSEalias0 INNER JOIN COURSE_OFFERING AS COURSE_OFFERINGalias0 ON COURSEalias0.COURSE_ID = COURSE_OFFERINGalias0.COURSE_ID INNER JOIN SEMESTER AS SEMESTERalias0 ON SEMESTERalias0.SEMESTER_ID = COURSE_OFFERINGalias0.SEMESTER WHERE ( COURSEalias0.NUMBER = 398 OR COURSEalias0.NUMBER = 498 OR COURSEalias0.NUMBER = 598 ) AND COURSEalias0.DEPARTMENT = """" AND SEMESTERalias0.SEMESTER = ""Winter"" AND SEMESTERalias0.YEAR = 2017 ;",SELECT DISTINCT c.NAME FROM COURSE c JOIN COURSE_OFFERING co ON c.COURSE_ID = co.COURSE_ID WHERE co.SEMESTER = 'Winter' AND c.NUM_SEMESTERS > 1;,Qwen2.5-Coder-7B-Instruct-4bit,4.346076488494873,,,,0.0029578208923339844,True,True,True
advising,medium,During the Spring and Summer terms are 500 -level classes offered ?,"SELECT DISTINCT COURSEalias0.DEPARTMENT , COURSEalias0.NAME , COURSEalias0.NUMBER , SEMESTERalias0.SEMESTER FROM COURSE AS COURSEalias0 , COURSE_OFFERING AS COURSE_OFFERINGalias0 , SEMESTER AS SEMESTERalias0 WHERE COURSEalias0.COURSE_ID = COURSE_OFFERINGalias0.COURSE_ID AND COURSEalias0.DEPARTMENT = ""department0"" AND COURSEalias0.NUMBER BETWEEN 500 AND 500 + 100 AND SEMESTERalias0.SEMESTER IN ( ""SP"" , ""SU"" , ""SS"" ) AND SEMESTERalias0.SEMESTER_ID = COURSE_OFFERINGalias0.SEMESTER AND SEMESTERalias0.YEAR = 2016 ;",SELECT COUNT(*) FROM COURSE c JOIN COURSE_OFFERING co ON c.COURSE_ID = co.COURSE_ID WHERE c.NUMBER BETWEEN 500 AND 599 AND (co.SEMESTER = 'Spring' OR co.SEMESTER = 'Summer');,Qwen2.5-Coder-7B-Instruct-4bit,4.595987558364868,,,,0.021545886993408203,False,True,False
advising,medium,"Who is the past , present or future Child Therapy teacher ?","SELECT DISTINCT INSTRUCTORalias0.NAME FROM INSTRUCTOR AS INSTRUCTORalias0 INNER JOIN OFFERING_INSTRUCTOR AS OFFERING_INSTRUCTORalias0 ON OFFERING_INSTRUCTORalias0.INSTRUCTOR_ID = INSTRUCTORalias0.INSTRUCTOR_ID INNER JOIN COURSE_OFFERING AS COURSE_OFFERINGalias0 ON OFFERING_INSTRUCTORalias0.OFFERING_ID = COURSE_OFFERINGalias0.OFFERING_ID INNER JOIN COURSE AS COURSEalias0 ON COURSEalias0.COURSE_ID = COURSE_OFFERINGalias0.COURSE_ID WHERE COURSEalias0.NAME LIKE ""%Child Therapy%"" ;","SELECT i.NAME FROM INSTRUCTOR i JOIN OFFERING_INSTRUCTOR oi ON i.INSTRUCTOR_ID = oi.INSTRUCTOR_ID JOIN COURSE_OFFERING co ON oi.OFFERING_ID = co.OFFERING_ID WHERE co.SEMESTER IN ('past', 'present', 'future') AND co.NAME LIKE '%Child Therapy%'",Qwen2.5-Coder-7B-Instruct-4bit,5.141030311584473,,"(1054, ""Unknown column 'co.NAME' in 'WHERE'"")",,0.0,False,False,False
advising,medium,Does RESTORA 748 meet often ?,"SELECT DISTINCT COURSE_OFFERINGalias0.FRIDAY , COURSE_OFFERINGalias0.MONDAY , COURSE_OFFERINGalias0.SATURDAY , COURSE_OFFERINGalias0.SUNDAY , COURSE_OFFERINGalias0.THURSDAY , COURSE_OFFERINGalias0.TUESDAY , COURSE_OFFERINGalias0.WEDNESDAY FROM COURSE AS COURSEalias0 INNER JOIN COURSE_OFFERING AS COURSE_OFFERINGalias0 ON COURSEalias0.COURSE_ID = COURSE_OFFERINGalias0.COURSE_ID INNER JOIN SEMESTER AS SEMESTERalias0 ON SEMESTERalias0.SEMESTER_ID = COURSE_OFFERINGalias0.SEMESTER WHERE COURSEalias0.DEPARTMENT = ""RESTORA"" AND COURSEalias0.NUMBER = 748 AND SEMESTERalias0.SEMESTER = ""WN"" AND SEMESTERalias0.YEAR = 2016 ;",SELECT * FROM COURSE_OFFERING WHERE COURSE_ID = 'RESTORA 748' AND (MONDAY IS NOT NULL OR TUESDAY IS NOT NULL OR WEDNESDAY IS NOT NULL OR THURSDAY IS NOT NULL OR FRIDAY IS NOT NULL);,Qwen2.5-Coder-7B-Instruct-4bit,4.882734298706055,,,,0.0030868053436279297,False,True,False
advising,medium,Which Thermodynamics and Kinetics courses are worth 9 credits ?,"SELECT DISTINCT COURSEalias0.DEPARTMENT , COURSEalias0.NAME , COURSEalias0.NUMBER FROM COURSE AS COURSEalias0 WHERE ( COURSEalias0.DESCRIPTION LIKE ""%Thermodynamics and Kinetics%"" OR COURSEalias0.NAME LIKE ""%Thermodynamics and Kinetics%"" ) AND COURSEalias0.CREDITS = 9 ;",SELECT NAME FROM COURSE WHERE NAME LIKE '%Thermodynamics and Kinetics%' AND CREDITS = 9;,Qwen2.5-Coder-7B-Instruct-4bit,2.431547880172729,,,,0.008147954940795898,True,True,True
advising,medium,Does the Spring or Summer term offer any 100 -level classes ?,"SELECT DISTINCT COURSEalias0.DEPARTMENT , COURSEalias0.NAME , COURSEalias0.NUMBER , SEMESTERalias0.SEMESTER FROM COURSE AS COURSEalias0 , COURSE_OFFERING AS COURSE_OFFERINGalias0 , SEMESTER AS SEMESTERalias0 WHERE COURSEalias0.COURSE_ID = COURSE_OFFERINGalias0.COURSE_ID AND COURSEalias0.DEPARTMENT = """" AND COURSEalias0.NUMBER BETWEEN 100 AND 100 + 100 AND SEMESTERalias0.SEMESTER IN ( ""SP"" , ""SS"" , ""SU"" ) AND SEMESTERalias0.SEMESTER_ID = COURSE_OFFERINGalias0.SEMESTER AND SEMESTERalias0.YEAR = 2016 ;",SELECT * FROM COURSE_OFFERING WHERE SEMESTER LIKE '%Spring%' OR SEMESTER LIKE '%Summer%' AND COURSE_ID IN (SELECT COURSE_ID FROM COURSE WHERE NUMBER BETWEEN 100 AND 199);,Qwen2.5-Coder-7B-Instruct-4bit,4.034723281860352,,,,0.06452655792236328,True,True,True
advising,medium,Does 558 have a lab ?,"SELECT COUNT( * ) > 0 FROM COURSE AS COURSEalias0 WHERE COURSEalias0.DEPARTMENT = """" AND COURSEalias0.HAS_LAB = ""Y"" AND COURSEalias0.NUMBER = 558 ;",SELECT has_lab FROM COURSE WHERE course_id = '558';,Qwen2.5-Coder-7B-Instruct-4bit,2.1384642124176025,,,,0.0010085105895996094,False,False,False
advising,medium,Is there a 16 -credit course that is NATIVEAM 400 -level ?,"SELECT DISTINCT COURSEalias0.DEPARTMENT , COURSEalias0.NAME , COURSEalias0.NUMBER FROM COURSE AS COURSEalias0 INNER JOIN PROGRAM_COURSE AS PROGRAM_COURSEalias0 ON PROGRAM_COURSEalias0.COURSE_ID = COURSEalias0.COURSE_ID INNER JOIN COURSE_OFFERING AS COURSE_OFFERINGalias0 ON COURSEalias0.COURSE_ID = COURSE_OFFERINGalias0.COURSE_ID INNER JOIN SEMESTER AS SEMESTERalias0 ON SEMESTERalias0.SEMESTER_ID = COURSE_OFFERINGalias0.SEMESTER WHERE PROGRAM_COURSEalias0.CATEGORY LIKE ""%ULCS%"" AND SEMESTERalias0.SEMESTER = ""FA"" AND SEMESTERalias0.YEAR = 2016 ;",SELECT * FROM COURSE WHERE credits = 16 AND number = 'NATIVEAM 400';,Qwen2.5-Coder-7B-Instruct-4bit,2.3700013160705566,,,,0.006884336471557617,False,False,False
advising,medium,Can you show me my transcript ?,"SELECT DISTINCT COURSEalias0.DEPARTMENT , COURSEalias0.NAME , COURSEalias0.NUMBER , SEMESTERalias0.SEMESTER , SEMESTERalias0.YEAR , STUDENT_RECORDalias0.GRADE FROM COURSE AS COURSEalias0 , SEMESTER AS SEMESTERalias0 , STUDENT_RECORD AS STUDENT_RECORDalias0 WHERE STUDENT_RECORDalias0.COURSE_ID = COURSEalias0.COURSE_ID AND STUDENT_RECORDalias0.SEMESTER = SEMESTERalias0.SEMESTER_ID AND STUDENT_RECORDalias0.STUDENT_ID = 1 ;","SELECT cr.semester, cr.grade, c.name AS course_name 
FROM student_record cr 
JOIN course c ON cr.course_id = c.course_id 
WHERE cr.student_id = 'your_student_id';",Qwen2.5-Coder-7B-Instruct-4bit,3.4995625019073486,,,,0.0,False,False,False
advising,medium,"Over the next 2 years , is 353 offered ?","SELECT DISTINCT SEMESTERalias0.SEMESTER , SEMESTERalias0.YEAR FROM COURSE AS COURSEalias0 , COURSE_OFFERING AS COURSE_OFFERINGalias0 , SEMESTER AS SEMESTERalias0 WHERE COURSEalias0.COURSE_ID = COURSE_OFFERINGalias0.COURSE_ID AND COURSEalias0.DEPARTMENT = """" AND COURSEalias0.NUMBER = 353 AND SEMESTERalias0.SEMESTER_ID = COURSE_OFFERINGalias0.SEMESTER AND SEMESTERalias0.YEAR IN ( 2016 , 2017 ) ;",SELECT COUNT(*) FROM COURSE_OFFERING WHERE COURSE_ID = '353' AND SEMESTER BETWEEN CURRENT_SEMESTER AND CURRENT_SEMESTER + 2;,Qwen2.5-Coder-7B-Instruct-4bit,3.323971033096313,,"(1054, ""Unknown column 'CURRENT_SEMESTER' in 'WHERE'"")",,0.0,False,False,False
advising,medium,What time next semester is 311 offered ?,"SELECT DISTINCT COURSE_OFFERINGalias0.END_TIME , COURSE_OFFERINGalias0.FRIDAY , COURSE_OFFERINGalias0.MONDAY , COURSE_OFFERINGalias0.SATURDAY , COURSE_OFFERINGalias0.START_TIME , COURSE_OFFERINGalias0.SUNDAY , COURSE_OFFERINGalias0.THURSDAY , COURSE_OFFERINGalias0.TUESDAY , COURSE_OFFERINGalias0.WEDNESDAY FROM COURSE AS COURSEalias0 , COURSE_OFFERING AS COURSE_OFFERINGalias0 , SEMESTER AS SEMESTERalias0 WHERE COURSEalias0.COURSE_ID = COURSE_OFFERINGalias0.COURSE_ID AND COURSEalias0.DEPARTMENT = """" AND COURSEalias0.NUMBER = 311 AND SEMESTERalias0.SEMESTER = ""FA"" AND SEMESTERalias0.SEMESTER_ID = COURSE_OFFERINGalias0.SEMESTER AND SEMESTERalias0.YEAR = 2016 ;","SELECT start_time, end_time FROM COURSE_OFFERING WHERE course_id = 'CS 311' AND semester = (SELECT semester_id FROM SEMESTER ORDER BY semester_id DESC LIMIT 1) + 1;",Qwen2.5-Coder-7B-Instruct-4bit,4.474443197250366,,,,0.0012774467468261719,True,True,True
advising,medium,How many classes of the upper level are 1 credits ?,"SELECT COUNT( DISTINCT COURSEalias0.COURSE_ID ) FROM COURSE AS COURSEalias0 INNER JOIN PROGRAM_COURSE AS PROGRAM_COURSEalias0 ON PROGRAM_COURSEalias0.COURSE_ID = COURSEalias0.COURSE_ID WHERE COURSEalias0.CREDITS = 1 AND PROGRAM_COURSEalias0.CATEGORY LIKE ""ULCS"" ;",SELECT COUNT(*) FROM COURSE WHERE LEVEL = 'upper' AND CREDITS = 1;,Qwen2.5-Coder-7B-Instruct-4bit,2.168899774551392,,"(1054, ""Unknown column 'LEVEL' in 'WHERE'"")",,0.001001119613647461,False,False,False
advising,medium,Do any Eval Fin Perfmc courses satisfy the Other requirement ?,"SELECT DISTINCT COURSEalias0.DEPARTMENT , COURSEalias0.NAME , COURSEalias0.NUMBER FROM COURSE AS COURSEalias0 INNER JOIN AREA AS AREAalias0 ON COURSEalias0.COURSE_ID = AREAalias0.COURSE_ID INNER JOIN PROGRAM_COURSE AS PROGRAM_COURSEalias0 ON PROGRAM_COURSEalias0.COURSE_ID = COURSEalias0.COURSE_ID WHERE ( AREAalias0.AREA LIKE ""%Eval Fin Perfmc%"" OR COURSEalias0.DESCRIPTION LIKE ""%Eval Fin Perfmc%"" OR COURSEalias0.NAME LIKE ""%Eval Fin Perfmc%"" ) AND PROGRAM_COURSEalias0.CATEGORY LIKE ""%Other%"" ;",SELECT COUNT(*) FROM COURSE c JOIN PROGRAM_COURSE pc ON c.COURSE_ID = pc.COURSE_ID WHERE c.NAME LIKE '%Eval Fin Perfmc%' AND pc.category = 'Other';,Qwen2.5-Coder-7B-Instruct-4bit,3.3952765464782715,,,,0.0010004043579101562,False,True,False
advising,medium,Are there any Fall or Winter classes available for the 200 -level ?,"SELECT DISTINCT COURSEalias0.DEPARTMENT , COURSEalias0.NAME , COURSEalias0.NUMBER , SEMESTERalias0.SEMESTER FROM COURSE AS COURSEalias0 , COURSE_OFFERING AS COURSE_OFFERINGalias0 , SEMESTER AS SEMESTERalias0 WHERE COURSEalias0.COURSE_ID = COURSE_OFFERINGalias0.COURSE_ID AND COURSEalias0.DEPARTMENT = """" AND COURSEalias0.NUMBER BETWEEN 200 AND 200 + 100 AND SEMESTERalias0.SEMESTER IN ( ""FA"" , ""WN"" ) AND SEMESTERalias0.SEMESTER_ID = COURSE_OFFERINGalias0.SEMESTER AND SEMESTERalias0.YEAR = 2016 ;","SELECT * FROM COURSE_OFFERING WHERE SEMESTER IN ('Fall', 'Winter') AND COURSE_ID IN (SELECT COURSE_ID FROM COURSE WHERE NUMBER BETWEEN 200 AND 299);",Qwen2.5-Coder-7B-Instruct-4bit,3.695255994796753,,,,0.03300309181213379,True,True,True
advising,medium,Who exactly teaches courses that would satisfy my Core program requirement ?,"SELECT DISTINCT INSTRUCTORalias0.NAME FROM INSTRUCTOR AS INSTRUCTORalias0 INNER JOIN OFFERING_INSTRUCTOR AS OFFERING_INSTRUCTORalias0 ON OFFERING_INSTRUCTORalias0.INSTRUCTOR_ID = INSTRUCTORalias0.INSTRUCTOR_ID INNER JOIN COURSE_OFFERING AS COURSE_OFFERINGalias0 ON OFFERING_INSTRUCTORalias0.OFFERING_ID = COURSE_OFFERINGalias0.OFFERING_ID INNER JOIN PROGRAM_COURSE AS PROGRAM_COURSEalias0 ON PROGRAM_COURSEalias0.COURSE_ID = COURSE_OFFERINGalias0.COURSE_ID INNER JOIN PROGRAM AS PROGRAMalias0 ON PROGRAMalias0.PROGRAM_ID = PROGRAM_COURSEalias0.PROGRAM_ID WHERE PROGRAMalias0.NAME LIKE ""%Core%"" ;",SELECT i.NAME FROM INSTRUCTOR i JOIN OFFERING_INSTRUCTOR oi ON i.INSTRUCTOR_ID = oi.INSTRUCTOR_ID JOIN COURSE c ON oi.OFFERING_ID = c.COURSE_ID JOIN PROGRAM_REQUIREMENT pr ON c.COURSE_ID = pr.COURSE_ID WHERE pr.category = 'Core' AND pr.min_credit > 0;,Qwen2.5-Coder-7B-Instruct-4bit,5.732518672943115,,"(1054, ""Unknown column 'pr.COURSE_ID' in 'ON'"")",,0.0015048980712890625,False,False,False
advising,medium,Which of the MATSCIE courses aren 't meeting on Friday ?,"SELECT DISTINCT COURSEalias0.DEPARTMENT , COURSEalias0.NAME , COURSEalias0.NUMBER FROM COURSE AS COURSEalias0 INNER JOIN COURSE_OFFERING AS COURSE_OFFERINGalias0 ON COURSEalias0.COURSE_ID = COURSE_OFFERINGalias0.COURSE_ID INNER JOIN SEMESTER AS SEMESTERalias0 ON SEMESTERalias0.SEMESTER_ID = COURSE_OFFERINGalias0.SEMESTER WHERE COURSE_OFFERINGalias0.FRIDAY = ""N"" AND COURSEalias0.DEPARTMENT = ""MATSCIE"" AND SEMESTERalias0.SEMESTER = ""WN"" AND SEMESTERalias0.YEAR = 2016 ;",SELECT c.NAME FROM COURSE c JOIN COURSE_OFFERING co ON c.COURSE_ID = co.COURSE_ID WHERE c.NAME LIKE '%MATSCIE%' AND co.FRIDAY = 0;,Qwen2.5-Coder-7B-Instruct-4bit,3.5312318801879883,,,,0.009271383285522461,False,False,False
advising,medium,When did they offer ECON 899 last time ?,"SELECT DISTINCT SEMESTERalias0.YEAR FROM COURSE AS COURSEalias0 , COURSE_OFFERING AS COURSE_OFFERINGalias0 , SEMESTER AS SEMESTERalias0 WHERE COURSEalias0.COURSE_ID = COURSE_OFFERINGalias0.COURSE_ID AND COURSEalias0.DEPARTMENT = ""ECON"" AND COURSEalias0.NUMBER = 899 AND SEMESTERalias0.SEMESTER_ID = COURSE_OFFERINGalias0.SEMESTER ORDER BY SEMESTERalias0.YEAR DESC LIMIT 1 ;",SELECT MAX(S.semester) AS LAST_OFFERED_SEMESTER FROM COURSE c JOIN COURSE_OFFERING co ON c.COURSE_ID = co.COURSE_ID WHERE c.NAME = 'ECON 899' AND c.NUM_SEMESTERS > 0;,Qwen2.5-Coder-7B-Instruct-4bit,4.885446310043335,,"(1054, ""Unknown column 'S.SEMESTER' in 'SELECT'"")",,0.0,False,False,False
advising,medium,"For next Winter , who will teach the Core classes ?","SELECT DISTINCT INSTRUCTORalias0.NAME FROM COURSE AS COURSEalias0 INNER JOIN COURSE_OFFERING AS COURSE_OFFERINGalias0 ON COURSEalias0.COURSE_ID = COURSE_OFFERINGalias0.COURSE_ID INNER JOIN SEMESTER AS SEMESTERalias0 ON SEMESTERalias0.SEMESTER_ID = COURSE_OFFERINGalias0.SEMESTER INNER JOIN PROGRAM_COURSE AS PROGRAM_COURSEalias0 ON PROGRAM_COURSEalias0.COURSE_ID = COURSE_OFFERINGalias0.COURSE_ID INNER JOIN OFFERING_INSTRUCTOR AS OFFERING_INSTRUCTORalias0 ON OFFERING_INSTRUCTORalias0.OFFERING_ID = COURSE_OFFERINGalias0.OFFERING_ID INNER JOIN INSTRUCTOR AS INSTRUCTORalias0 ON OFFERING_INSTRUCTORalias0.INSTRUCTOR_ID = INSTRUCTORalias0.INSTRUCTOR_ID WHERE PROGRAM_COURSEalias0.CATEGORY LIKE ""%Core%"" AND SEMESTERalias0.SEMESTER = ""Winter"" AND SEMESTERalias0.YEAR = 2017 ;",SELECT i.NAME FROM INSTRUCTOR i JOIN OFFERING_INSTRUCTOR oi ON i.INSTRUCTOR_ID = oi.INSTRUCTOR_ID JOIN COURSE_OFFERING co ON oi.OFFERING_ID = co.OFFERING_ID WHERE co.SEMESTER = 'Winter' AND co.NUM_SEMESTERS > 1;,Qwen2.5-Coder-7B-Instruct-4bit,4.954606533050537,,"(1054, ""Unknown column 'co.NUM_SEMESTERS' in 'WHERE'"")",,0.0,False,False,False
advising,medium,Which courses meet the Core requirement that are offered in Fall or Winter ?,"SELECT DISTINCT COURSEalias0.DEPARTMENT , COURSEalias0.NAME , COURSEalias0.NUMBER , SEMESTERalias0.SEMESTER FROM COURSE AS COURSEalias0 INNER JOIN COURSE_OFFERING AS COURSE_OFFERINGalias0 ON COURSEalias0.COURSE_ID = COURSE_OFFERINGalias0.COURSE_ID INNER JOIN SEMESTER AS SEMESTERalias0 ON SEMESTERalias0.SEMESTER_ID = COURSE_OFFERINGalias0.SEMESTER INNER JOIN PROGRAM_COURSE AS PROGRAM_COURSEalias0 ON PROGRAM_COURSEalias0.COURSE_ID = COURSE_OFFERINGalias0.COURSE_ID WHERE PROGRAM_COURSEalias0.CATEGORY LIKE ""%Core%"" AND SEMESTERalias0.SEMESTER IN ( ""FA"" , ""WN"" ) AND SEMESTERalias0.YEAR = 2016 ;",SELECT DISTINCT c.NAME FROM COURSE c JOIN COURSE_OFFERING co ON c.COURSE_ID = co.COURSE_ID WHERE c.ADVISORY_REQUIREMENT = 'Core' AND (co.SEMESTER = 'Fall' OR co.SEMESTER = 'Winter');,Qwen2.5-Coder-7B-Instruct-4bit,4.477900981903076,,,,0.003339529037475586,False,False,False
advising,medium,"For this semester 's Intro Med Micro class , who is the instructor ?","SELECT DISTINCT INSTRUCTORalias0.NAME FROM INSTRUCTOR AS INSTRUCTORalias0 INNER JOIN OFFERING_INSTRUCTOR AS OFFERING_INSTRUCTORalias0 ON OFFERING_INSTRUCTORalias0.INSTRUCTOR_ID = INSTRUCTORalias0.INSTRUCTOR_ID INNER JOIN COURSE_OFFERING AS COURSE_OFFERINGalias0 ON OFFERING_INSTRUCTORalias0.OFFERING_ID = COURSE_OFFERINGalias0.OFFERING_ID INNER JOIN COURSE AS COURSEalias0 ON COURSEalias0.COURSE_ID = COURSE_OFFERINGalias0.COURSE_ID INNER JOIN SEMESTER AS SEMESTERalias0 ON SEMESTERalias0.SEMESTER_ID = COURSE_OFFERINGalias0.SEMESTER WHERE COURSEalias0.NAME LIKE ""%Intro Med Micro%"" AND SEMESTERalias0.SEMESTER = ""WN"" AND SEMESTERalias0.YEAR = 2016 ;",SELECT i.NAME FROM INSTRUCTOR i JOIN OFFERING_INSTRUCTOR oi ON i.INSTRUCTOR_ID = oi.INSTRUCTOR_ID JOIN COURSE_OFFERING co ON oi.OFFERING_ID = co.OFFERING_ID JOIN COURSE c ON co.COURSE_ID = c.COURSE_ID WHERE c.NAME = 'Intro Med Micro' AND co.SEMESTER = 'this semester';,Qwen2.5-Coder-7B-Instruct-4bit,6.271092653274536,,,,0.1625504493713379,True,True,True
advising,medium,Who will be teaching Core classes next Winter ?,"SELECT DISTINCT INSTRUCTORalias0.NAME FROM COURSE AS COURSEalias0 INNER JOIN COURSE_OFFERING AS COURSE_OFFERINGalias0 ON COURSEalias0.COURSE_ID = COURSE_OFFERINGalias0.COURSE_ID INNER JOIN SEMESTER AS SEMESTERalias0 ON SEMESTERalias0.SEMESTER_ID = COURSE_OFFERINGalias0.SEMESTER INNER JOIN PROGRAM_COURSE AS PROGRAM_COURSEalias0 ON PROGRAM_COURSEalias0.COURSE_ID = COURSE_OFFERINGalias0.COURSE_ID INNER JOIN OFFERING_INSTRUCTOR AS OFFERING_INSTRUCTORalias0 ON OFFERING_INSTRUCTORalias0.OFFERING_ID = COURSE_OFFERINGalias0.OFFERING_ID INNER JOIN INSTRUCTOR AS INSTRUCTORalias0 ON OFFERING_INSTRUCTORalias0.INSTRUCTOR_ID = INSTRUCTORalias0.INSTRUCTOR_ID WHERE PROGRAM_COURSEalias0.CATEGORY LIKE ""%Core%"" AND SEMESTERalias0.SEMESTER = ""Winter"" AND SEMESTERalias0.YEAR = 2017 ;",SELECT i.NAME FROM INSTRUCTOR i JOIN OFFERING_INSTRUCTOR oi ON i.INSTRUCTOR_ID = oi.INSTRUCTOR_ID JOIN COURSE c ON oi.OFFERING_ID = c.OFFERING_ID WHERE c.NUM_SEMESTERS > 0 AND oi.SEMESTER = 'Winter' AND c.NAME LIKE '%Core%',Qwen2.5-Coder-7B-Instruct-4bit,5.080137491226196,,"(1054, ""Unknown column 'oi.SEMESTER' in 'WHERE'"")",,0.0020198822021484375,False,False,False
advising,medium,Which human computer interaction courses are prerequisites for 312 ?,"SELECT DISTINCT COURSEalias0.DEPARTMENT , COURSEalias0.NAME , COURSEalias0.NUMBER FROM COURSE AS COURSEalias0 INNER JOIN COURSE_PREREQUISITE AS COURSE_PREREQUISITEalias0 ON COURSEalias0.COURSE_ID = COURSE_PREREQUISITEalias0.PRE_COURSE_ID INNER JOIN COURSE AS COURSEalias1 ON COURSEalias1.COURSE_ID = COURSE_PREREQUISITEalias0.COURSE_ID INNER JOIN AREA AS AREAalias0 ON COURSEalias0.COURSE_ID = AREAalias0.COURSE_ID WHERE AREAalias0.AREA LIKE ""%human computer interaction%"" AND COURSEalias1.DEPARTMENT = ""department0"" AND COURSEalias1.NUMBER = 312 ;",SELECT cp.pre_course_id FROM COURSE c JOIN COURSE_PREREQUISITE cp ON c.COURSE_ID = cp.course_id WHERE c.name LIKE '%human computer interaction%' AND cp.course_id = '312';,Qwen2.5-Coder-7B-Instruct-4bit,4.3027825355529785,,,,0.0,True,True,True
advising,medium,PHIL 433 has been available for how long ?,"SELECT DISTINCT SEMESTERalias0.YEAR FROM COURSE AS COURSEalias0 , COURSE_OFFERING AS COURSE_OFFERINGalias0 , SEMESTER AS SEMESTERalias0 WHERE COURSEalias0.COURSE_ID = COURSE_OFFERINGalias0.COURSE_ID AND COURSEalias0.DEPARTMENT = ""PHIL"" AND COURSEalias0.NUMBER = 433 AND SEMESTERalias0.SEMESTER_ID = COURSE_OFFERINGalias0.SEMESTER ORDER BY SEMESTERalias0.YEAR ASC LIMIT 1 ;",SELECT MAX(YEAR) - MIN(YEAR) AS years_available FROM COURSE_OFFERING WHERE COURSE_ID = 'PHIL 433';,Qwen2.5-Coder-7B-Instruct-4bit,2.8601233959198,,"(1054, ""Unknown column 'YEAR' in 'SELECT'"")",,0.0,False,False,False
advising,medium,What courses is Prof. Earl Werner the teacher of ?,"SELECT DISTINCT COURSEalias0.DEPARTMENT , COURSEalias0.NAME , COURSEalias0.NUMBER FROM COURSE AS COURSEalias0 , COURSE_OFFERING AS COURSE_OFFERINGalias0 , INSTRUCTOR AS INSTRUCTORalias0 , OFFERING_INSTRUCTOR AS OFFERING_INSTRUCTORalias0 WHERE COURSEalias0.COURSE_ID = COURSE_OFFERINGalias0.COURSE_ID AND INSTRUCTORalias0.NAME LIKE ""%Earl Werner%"" AND OFFERING_INSTRUCTORalias0.INSTRUCTOR_ID = INSTRUCTORalias0.INSTRUCTOR_ID AND OFFERING_INSTRUCTORalias0.OFFERING_ID = COURSE_OFFERINGalias0.OFFERING_ID ;",SELECT c.NAME FROM COURSE c JOIN OFFERING_INSTRUCTOR oi ON c.COURSE_ID = oi.COURSE_ID JOIN INSTRUCTOR i ON oi.INSTRUCTOR_ID = i.INSTRUCTOR_ID WHERE i.NAME = 'Earl Werner';,Qwen2.5-Coder-7B-Instruct-4bit,3.786931753158569,,"(1054, ""Unknown column 'oi.COURSE_ID' in 'ON'"")",,0.0,False,False,False
advising,medium,Do you know who is teaching Other classes in the Winter ?,"SELECT DISTINCT INSTRUCTORalias0.NAME FROM COURSE AS COURSEalias0 INNER JOIN COURSE_OFFERING AS COURSE_OFFERINGalias0 ON COURSEalias0.COURSE_ID = COURSE_OFFERINGalias0.COURSE_ID INNER JOIN SEMESTER AS SEMESTERalias0 ON SEMESTERalias0.SEMESTER_ID = COURSE_OFFERINGalias0.SEMESTER INNER JOIN PROGRAM_COURSE AS PROGRAM_COURSEalias0 ON PROGRAM_COURSEalias0.COURSE_ID = COURSE_OFFERINGalias0.COURSE_ID INNER JOIN OFFERING_INSTRUCTOR AS OFFERING_INSTRUCTORalias0 ON OFFERING_INSTRUCTORalias0.OFFERING_ID = COURSE_OFFERINGalias0.OFFERING_ID INNER JOIN INSTRUCTOR AS INSTRUCTORalias0 ON OFFERING_INSTRUCTORalias0.INSTRUCTOR_ID = INSTRUCTORalias0.INSTRUCTOR_ID WHERE PROGRAM_COURSEalias0.CATEGORY LIKE ""%Other%"" AND SEMESTERalias0.SEMESTER = ""Winter"" AND SEMESTERalias0.YEAR = 2017 ;",SELECT i.NAME FROM INSTRUCTOR i JOIN OFFERING_INSTRUCTOR oi ON i.INSTRUCTOR_ID = oi.INSTRUCTOR_ID JOIN COURSE_OFFERING co ON oi.OFFERING_ID = co.OFFERING_ID WHERE co.SEMESTER = 'Winter' AND co.COURSE_ID IN (SELECT course_id FROM COURSE WHERE NAME LIKE '%Other%'),Qwen2.5-Coder-7B-Instruct-4bit,5.879268169403076,,,,0.16585278511047363,True,True,True
advising,medium,"This Winter , who is teaching EDCURINS 431 ?","SELECT DISTINCT INSTRUCTORalias0.NAME FROM COURSE AS COURSEalias0 INNER JOIN COURSE_OFFERING AS COURSE_OFFERINGalias0 ON COURSEalias0.COURSE_ID = COURSE_OFFERINGalias0.COURSE_ID INNER JOIN OFFERING_INSTRUCTOR AS OFFERING_INSTRUCTORalias0 ON OFFERING_INSTRUCTORalias0.OFFERING_ID = COURSE_OFFERINGalias0.OFFERING_ID INNER JOIN INSTRUCTOR AS INSTRUCTORalias0 ON OFFERING_INSTRUCTORalias0.INSTRUCTOR_ID = INSTRUCTORalias0.INSTRUCTOR_ID INNER JOIN SEMESTER AS SEMESTERalias0 ON SEMESTERalias0.SEMESTER_ID = COURSE_OFFERINGalias0.SEMESTER WHERE COURSEalias0.DEPARTMENT = ""EDCURINS"" AND COURSEalias0.NUMBER = 431 AND SEMESTERalias0.SEMESTER = ""Winter"" AND SEMESTERalias0.YEAR = 2016 ;",SELECT i.NAME FROM INSTRUCTOR i JOIN OFFERING_INSTRUCTOR oi ON i.INSTRUCTOR_ID = oi.INSTRUCTOR_ID JOIN COURSE_OFFERING co ON oi.OFFERING_ID = co.OFFERING_ID JOIN COURSE c ON co.COURSE_ID = c.COURSE_ID WHERE c.NAME = 'EDCURINS 431' AND co.SEMESTER = 'Winter';,Qwen2.5-Coder-7B-Instruct-4bit,5.945907831192017,,,,0.1660776138305664,True,True,True
advising,medium,Of all the MATSCIE 400 classes which ones are in the morning .,"SELECT DISTINCT COURSE_OFFERINGalias0.END_TIME , COURSE_OFFERINGalias0.START_TIME , SEMESTERalias0.SEMESTER , SEMESTERalias0.YEAR FROM COURSE AS COURSEalias0 , COURSE_OFFERING AS COURSE_OFFERINGalias0 , SEMESTER AS SEMESTERalias0 WHERE COURSE_OFFERINGalias0.START_TIME < ""12:00:00"" AND COURSE_OFFERINGalias0.START_TIME >= ""08:00:00"" AND COURSEalias0.COURSE_ID = COURSE_OFFERINGalias0.COURSE_ID AND COURSEalias0.DEPARTMENT = ""MATSCIE"" AND COURSEalias0.NUMBER = 400 AND SEMESTERalias0.SEMESTER = """" AND SEMESTERalias0.SEMESTER_ID = COURSE_OFFERINGalias0.SEMESTER AND SEMESTERalias0.YEAR =  ;",SELECT * FROM COURSE_OFFERING WHERE COURSE_ID = 'MATSCIE 400' AND START_TIME < '12:00:00';,Qwen2.5-Coder-7B-Instruct-4bit,3.151698589324951,,,"(1064, ""You have an error in your SQL syntax; check the manual that corresponds to your MariaDB server version for the right syntax to use near '' at line 1"")",,False,False,False
advising,medium,"If I want to declare JAZZ as my major , which classes am I going to have to take ?","SELECT DISTINCT COURSEalias0.DEPARTMENT , COURSEalias0.NAME , COURSEalias0.NUMBER FROM COURSE AS COURSEalias0 , PROGRAM_COURSE AS PROGRAM_COURSEalias0 WHERE COURSEalias0.DEPARTMENT LIKE ""%JAZZ%"" AND PROGRAM_COURSEalias0.CATEGORY LIKE ""PreMajor"" AND PROGRAM_COURSEalias0.COURSE_ID = COURSEalias0.COURSE_ID ;","SELECT pc.course_id, c.name FROM program_course pc JOIN course c ON pc.course_id = c.course_id JOIN program p ON pc.program_id = p.program_id WHERE p.name = 'JAZZ'",Qwen2.5-Coder-7B-Instruct-4bit,4.170395612716675,,,,0.0,True,True,True
advising,medium,Who will teach Other classes next Winter ?,"SELECT DISTINCT INSTRUCTORalias0.NAME FROM COURSE AS COURSEalias0 INNER JOIN COURSE_OFFERING AS COURSE_OFFERINGalias0 ON COURSEalias0.COURSE_ID = COURSE_OFFERINGalias0.COURSE_ID INNER JOIN SEMESTER AS SEMESTERalias0 ON SEMESTERalias0.SEMESTER_ID = COURSE_OFFERINGalias0.SEMESTER INNER JOIN PROGRAM_COURSE AS PROGRAM_COURSEalias0 ON PROGRAM_COURSEalias0.COURSE_ID = COURSE_OFFERINGalias0.COURSE_ID INNER JOIN OFFERING_INSTRUCTOR AS OFFERING_INSTRUCTORalias0 ON OFFERING_INSTRUCTORalias0.OFFERING_ID = COURSE_OFFERINGalias0.OFFERING_ID INNER JOIN INSTRUCTOR AS INSTRUCTORalias0 ON OFFERING_INSTRUCTORalias0.INSTRUCTOR_ID = INSTRUCTORalias0.INSTRUCTOR_ID WHERE PROGRAM_COURSEalias0.CATEGORY LIKE ""%Other%"" AND SEMESTERalias0.SEMESTER = ""Winter"" AND SEMESTERalias0.YEAR = 2017 ;",SELECT i.NAME FROM INSTRUCTOR i JOIN OFFERING_INSTRUCTOR oi ON i.INSTRUCTOR_ID = oi.INSTRUCTOR_ID JOIN COURSE_OFFERING co ON oi.OFFERING_ID = co.OFFERING_ID WHERE co.SEMESTER = 'Winter' AND co.SECTION_NUMBER = 'Other';,Qwen2.5-Coder-7B-Instruct-4bit,4.804118394851685,,,,0.1691446304321289,True,True,True
advising,medium,Is Biology and Management of Insects a class that is offered ?,"SELECT DISTINCT COURSEalias0.DEPARTMENT , COURSEalias0.NAME , COURSEalias0.NUMBER FROM COURSE AS COURSEalias0 WHERE ( COURSEalias0.DESCRIPTION LIKE ""%Biology and Management of Insects%"" OR COURSEalias0.NAME LIKE ""%Biology and Management of Insects%"" ) AND COURSEalias0.DEPARTMENT = ""EECS"" ;",SELECT COUNT(*) > 0 AS IS_OFFERED FROM COURSE WHERE NAME = 'Biology and Management of Insects';,Qwen2.5-Coder-7B-Instruct-4bit,2.548358678817749,,,,0.0,False,True,False
advising,medium,Can I find any PreMajor classes for the Winter term ?,"SELECT DISTINCT COURSEalias0.DEPARTMENT , COURSEalias0.NAME , COURSEalias0.NUMBER FROM COURSE AS COURSEalias0 INNER JOIN COURSE_OFFERING AS COURSE_OFFERINGalias0 ON COURSEalias0.COURSE_ID = COURSE_OFFERINGalias0.COURSE_ID INNER JOIN SEMESTER AS SEMESTERalias0 ON SEMESTERalias0.SEMESTER_ID = COURSE_OFFERINGalias0.SEMESTER INNER JOIN PROGRAM_COURSE AS PROGRAM_COURSEalias0 ON PROGRAM_COURSEalias0.COURSE_ID = COURSE_OFFERINGalias0.COURSE_ID WHERE PROGRAM_COURSEalias0.CATEGORY LIKE ""%PreMajor%"" AND SEMESTERalias0.SEMESTER = ""Winter"" AND SEMESTERalias0.YEAR = 2017 ;",SELECT DISTINCT c.NAME FROM COURSE c JOIN COURSE_OFFERING co ON c.COURSE_ID = co.COURSE_ID WHERE co.SEMESTER = 'Winter' AND c.declare_major = 'PreMajor';,Qwen2.5-Coder-7B-Instruct-4bit,4.162898540496826,,"(1054, ""Unknown column 'c.declare_major' in 'WHERE'"")",,0.002553224563598633,False,False,False
advising,medium,"Next Winter , which ULCS classes are offered ?","SELECT DISTINCT COURSEalias0.DEPARTMENT , COURSEalias0.NAME , COURSEalias0.NUMBER FROM COURSE AS COURSEalias0 INNER JOIN COURSE_OFFERING AS COURSE_OFFERINGalias0 ON COURSEalias0.COURSE_ID = COURSE_OFFERINGalias0.COURSE_ID INNER JOIN SEMESTER AS SEMESTERalias0 ON SEMESTERalias0.SEMESTER_ID = COURSE_OFFERINGalias0.SEMESTER INNER JOIN PROGRAM_COURSE AS PROGRAM_COURSEalias0 ON PROGRAM_COURSEalias0.COURSE_ID = COURSE_OFFERINGalias0.COURSE_ID WHERE PROGRAM_COURSEalias0.CATEGORY LIKE ""%ULCS%"" AND SEMESTERalias0.SEMESTER = ""Winter"" AND SEMESTERalias0.YEAR = 2017 ;",SELECT c.NAME FROM COURSE c JOIN COURSE_OFFERING co ON c.COURSE_ID = co.COURSE_ID WHERE co.SEMESTER = 'Next Winter' AND c.DEPARTMENT = 'ULCS';,Qwen2.5-Coder-7B-Instruct-4bit,3.781595468521118,,,,0.0,True,True,True
advising,medium,Which 100 -level classes are there for Spring or Summer terms ?,"SELECT DISTINCT COURSEalias0.DEPARTMENT , COURSEalias0.NAME , COURSEalias0.NUMBER , SEMESTERalias0.SEMESTER FROM COURSE AS COURSEalias0 , COURSE_OFFERING AS COURSE_OFFERINGalias0 , SEMESTER AS SEMESTERalias0 WHERE COURSEalias0.COURSE_ID = COURSE_OFFERINGalias0.COURSE_ID AND COURSEalias0.DEPARTMENT = """" AND COURSEalias0.NUMBER BETWEEN 100 AND 100 + 100 AND SEMESTERalias0.SEMESTER IN ( ""SP"" , ""SS"" , ""SU"" ) AND SEMESTERalias0.SEMESTER_ID = COURSE_OFFERINGalias0.SEMESTER AND SEMESTERalias0.YEAR = 2016 ;","SELECT course_id, name FROM course_offering co JOIN course c ON co.course_id = c.course_id WHERE semester IN ('Spring', 'Summer') AND number BETWEEN 100 AND 199 LIMIT 100;",Qwen2.5-Coder-7B-Instruct-4bit,3.945322275161743,,"(1052, ""Column 'course_id' in SELECT is ambiguous"")",,0.0025081634521484375,False,False,False
atis,easy,tell me about ground transportation at SALT LAKE CITY,"SELECT DISTINCT GROUND_SERVICEalias0.TRANSPORT_TYPE FROM CITY AS CITYalias0 , GROUND_SERVICE AS GROUND_SERVICEalias0 WHERE CITYalias0.CITY_NAME = ""SALT LAKE CITY"" AND GROUND_SERVICEalias0.CITY_CODE = CITYalias0.CITY_CODE ;","SELECT T1.transport_type, T1.ground_fare FROM ground_service AS T1 JOIN airport AS T2 ON T1.airport_code = T2.airport_code WHERE T2.airport_name = 'SALT LAKE CITY';",Qwen2.5-Coder-7B-Instruct-4bit,4.541597604751587,,,,0.0,False,False,False
atis,easy,describe ground transportation in DALLAS,"SELECT DISTINCT GROUND_SERVICEalias0.TRANSPORT_TYPE FROM CITY AS CITYalias0 , GROUND_SERVICE AS GROUND_SERVICEalias0 WHERE CITYalias0.CITY_NAME = ""DALLAS"" AND GROUND_SERVICEalias0.CITY_CODE = CITYalias0.CITY_CODE ;","SELECT T1.transport_type, T2.description FROM ground_service AS T1 JOIN code_description AS T2 ON T1.transport_type = T2.code WHERE T1.city_code IN (SELECT city_code FROM city WHERE city_name = 'DALLAS')",Qwen2.5-Coder-7B-Instruct-4bit,4.227455139160156,,,,0.0,False,False,False
atis,easy,what is the ground transport in DENVER,"SELECT DISTINCT GROUND_SERVICEalias0.TRANSPORT_TYPE FROM CITY AS CITYalias0 , GROUND_SERVICE AS GROUND_SERVICEalias0 WHERE CITYalias0.CITY_NAME = ""DENVER"" AND GROUND_SERVICEalias0.CITY_CODE = CITYalias0.CITY_CODE ;",SELECT T1.transport_type FROM ground_service AS T1 JOIN city AS T2 ON T1.city_code = T2.city_code WHERE T2.city_name = 'DENVER',Qwen2.5-Coder-7B-Instruct-4bit,3.2165348529815674,,,,0.0,True,True,False
atis,easy,could you please list all of the classes of flights there are,SELECT DISTINCT CLASS_OF_SERVICEalias0.BOOKING_CLASS FROM CLASS_OF_SERVICE AS CLASS_OF_SERVICEalias0 ;,SELECT booking_class FROM class_of_service;,Qwen2.5-Coder-7B-Instruct-4bit,1.4452507495880127,,,,0.0,True,True,False
atis,easy,how many passengers can fly on a 757,"SELECT DISTINCT AIRCRAFTalias0.AIRCRAFT_CODE FROM AIRCRAFT AS AIRCRAFTalias0 WHERE AIRCRAFTalias0.AIRCRAFT_CODE = ""757"" ;",SELECT capacity FROM aircraft WHERE aircraft_code = '757';,Qwen2.5-Coder-7B-Instruct-4bit,1.8911092281341555,,,,0.0,False,False,False
atis,easy,what is EWR,"SELECT DISTINCT AIRPORTalias0.AIRPORT_CODE FROM AIRPORT AS AIRPORTalias0 WHERE AIRPORTalias0.AIRPORT_CODE = ""EWR"" ;",SELECT airport_name FROM airport WHERE airport_code = 'EWR';,Qwen2.5-Coder-7B-Instruct-4bit,2.06824254989624,,,,0.0,False,False,False
atis,easy,what is restriction ap80,"SELECT DISTINCT RESTRICTIONalias0.ADVANCE_PURCHASE , RESTRICTIONalias0.APPLICATION , RESTRICTIONalias0.MAXIMUM_STAY , RESTRICTIONalias0.MINIMUM_STAY , RESTRICTIONalias0.NO_DISCOUNTS , RESTRICTIONalias0.RESTRICTION_CODE , RESTRICTIONalias0.SATURDAY_STAY_REQUIRED , RESTRICTIONalias0.STOPOVERS FROM RESTRICTION AS RESTRICTIONalias0 WHERE RESTRICTIONalias0.RESTRICTION_CODE = ""AP/80"" ;",SELECT description FROM code_description WHERE code = 'AP80';,Qwen2.5-Coder-7B-Instruct-4bit,1.7773535251617432,,,,0.0,True,True,True
atis,easy,show me the airlines,SELECT DISTINCT AIRLINEalias0.AIRLINE_CODE FROM AIRLINE AS AIRLINEalias0 ;,SELECT DISTINCT airline_name FROM airline;,Qwen2.5-Coder-7B-Instruct-4bit,1.3601627349853516,,,,0.0037920475006103516,False,False,False
atis,easy,which airline is US,"SELECT DISTINCT AIRLINEalias0.AIRLINE_CODE FROM AIRLINE AS AIRLINEalias0 WHERE AIRLINEalias0.AIRLINE_CODE = ""US"" ;",SELECT DISTINCT airline_name FROM airline WHERE airline_code = 'US';,Qwen2.5-Coder-7B-Instruct-4bit,1.755425214767456,,,,0.004882335662841797,False,False,False
atis,easy,show me ground transportation in SAN FRANCISCO,"SELECT DISTINCT GROUND_SERVICEalias0.TRANSPORT_TYPE FROM CITY AS CITYalias0 , GROUND_SERVICE AS GROUND_SERVICEalias0 WHERE CITYalias0.CITY_NAME = ""SAN FRANCISCO"" AND GROUND_SERVICEalias0.CITY_CODE = CITYalias0.CITY_CODE ;",SELECT T1.transport_type FROM ground_service AS T1 JOIN city AS T2 ON T1.city_code = T2.city_code WHERE T2.city_name = 'SAN FRANCISCO';,Qwen2.5-Coder-7B-Instruct-4bit,3.3924131393432617,,,,0.0,True,True,False
atis,easy,is ground transportation available in PHILADELPHIA,"SELECT DISTINCT GROUND_SERVICEalias0.TRANSPORT_TYPE FROM CITY AS CITYalias0 , GROUND_SERVICE AS GROUND_SERVICEalias0 WHERE CITYalias0.CITY_NAME = ""PHILADELPHIA"" AND GROUND_SERVICEalias0.CITY_CODE = CITYalias0.CITY_CODE ;",SELECT EXISTS(SELECT 1 FROM ground_service JOIN city ON ground_service.city_code = city.city_code WHERE city.city_name = 'PHILADELPHIA');,Qwen2.5-Coder-7B-Instruct-4bit,3.413754940032959,,,,0.007706880569458008,False,False,False
atis,easy,what airlines are AC and AS,"SELECT DISTINCT AIRLINEalias0.AIRLINE_CODE FROM AIRLINE AS AIRLINEalias0 WHERE AIRLINEalias0.AIRLINE_CODE = ""AC"" OR AIRLINEalias0.AIRLINE_CODE = ""AS"" ;","SELECT DISTINCT T1.airline_name FROM airline AS T1 JOIN flight AS T2 ON T1.airline_code = T2.airline_code WHERE T1.airline_code IN ('AC', 'AS');",Qwen2.5-Coder-7B-Instruct-4bit,3.5909831523895264,,,,0.0034248828887939453,False,False,False
atis,easy,how many people fit on a 72S airplane,"SELECT DISTINCT AIRCRAFTalias0.AIRCRAFT_CODE FROM AIRCRAFT AS AIRCRAFTalias0 WHERE AIRCRAFTalias0.AIRCRAFT_CODE = ""72S"" ;",SELECT capacity FROM aircraft WHERE aircraft_code = '72S';,Qwen2.5-Coder-7B-Instruct-4bit,1.7566070556640625,,,,0.0,False,False,False
atis,hard,is there a flight from PITTSBURGH to BALTIMORE that arrives between 1800 and 1900,"SELECT DISTINCT FLIGHTalias0.FLIGHT_ID FROM AIRPORT_SERVICE AS AIRPORT_SERVICEalias0 , AIRPORT_SERVICE AS AIRPORT_SERVICEalias1 , CITY AS CITYalias0 , CITY AS CITYalias1 , FLIGHT AS FLIGHTalias0 WHERE ( ( FLIGHTalias0.ARRIVAL_TIME <= 1900 AND FLIGHTalias0.ARRIVAL_TIME >= 1800 ) AND CITYalias1.CITY_CODE = AIRPORT_SERVICEalias1.CITY_CODE AND CITYalias1.CITY_NAME = ""BALTIMORE"" AND FLIGHTalias0.TO_AIRPORT = AIRPORT_SERVICEalias1.AIRPORT_CODE ) AND CITYalias0.CITY_CODE = AIRPORT_SERVICEalias0.CITY_CODE AND CITYalias0.CITY_NAME = ""PITTSBURGH"" AND FLIGHTalias0.FROM_AIRPORT = AIRPORT_SERVICEalias0.AIRPORT_CODE ;",SELECT EXISTS (SELECT 1 FROM flight JOIN airport AS from_airport ON flight.from_airport = from_airport.airport_code JOIN airport AS to_airport ON flight.to_airport = to_airport.airport_code WHERE from_airport.airport_name = 'PITTSBURGH' AND to_airport.airport_name = 'BALTIMORE' AND flight.arrival_time BETWEEN '1800' AND '1900');,Qwen2.5-Coder-7B-Instruct-4bit,7.219832420349121,,,,0.0015380382537841797,False,False,False
atis,hard,show me the flights arriving in BALTIMORE from PHILADELPHIA at about 4 o'clock,"SELECT DISTINCT FLIGHTalias0.FLIGHT_ID FROM AIRPORT_SERVICE AS AIRPORT_SERVICEalias0 , AIRPORT_SERVICE AS AIRPORT_SERVICEalias1 , CITY AS CITYalias0 , CITY AS CITYalias1 , FLIGHT AS FLIGHTalias0 WHERE ( ( FLIGHTalias0.ARRIVAL_TIME <= 1630 AND FLIGHTalias0.ARRIVAL_TIME >= 1530 ) AND CITYalias1.CITY_CODE = AIRPORT_SERVICEalias1.CITY_CODE AND CITYalias1.CITY_NAME = ""BALTIMORE"" AND FLIGHTalias0.TO_AIRPORT = AIRPORT_SERVICEalias1.AIRPORT_CODE ) AND CITYalias0.CITY_CODE = AIRPORT_SERVICEalias0.CITY_CODE AND CITYalias0.CITY_NAME = ""PHILADELPHIA"" AND FLIGHTalias0.FROM_AIRPORT = AIRPORT_SERVICEalias0.AIRPORT_CODE ;","SELECT T1.flight_id, T1.departure_time, T1.arrival_time FROM flight AS T1 JOIN airport AS T2 ON T1.to_airport = T2.airport_code JOIN airport AS T3 ON T1.from_airport = T3.airport_code WHERE T2.airport_name = 'BALTIMORE' AND T3.airport_name = 'PHILADELPHIA' AND HOUR(T1.arrival_time) = 16;",Qwen2.5-Coder-7B-Instruct-4bit,7.195224046707153,,,,0.0,False,False,False
atis,hard,what are the flights between CINCINNATI and SAN JOSE CALIFORNIA which leave after 1800,"SELECT DISTINCT FLIGHTalias0.FLIGHT_ID FROM FLIGHT AS FLIGHTalias0 WHERE ( ( FLIGHTalias0.DEPARTURE_TIME > 1800 AND FLIGHTalias0.TO_AIRPORT IN ( SELECT AIRPORT_SERVICEalias1.AIRPORT_CODE FROM AIRPORT_SERVICE AS AIRPORT_SERVICEalias1 WHERE AIRPORT_SERVICEalias1.CITY_CODE IN ( SELECT CITYalias1.CITY_CODE FROM CITY AS CITYalias1 WHERE ( CITYalias1.CITY_NAME = ""SAN JOSE"" AND CITYalias1.STATE_CODE IN ( SELECT STATEalias0.STATE_CODE FROM STATE AS STATEalias0 WHERE STATEalias0.STATE_NAME = ""CALIFORNIA"" ) ) ) ) ) AND FLIGHTalias0.FROM_AIRPORT IN ( SELECT AIRPORT_SERVICEalias0.AIRPORT_CODE FROM AIRPORT_SERVICE AS AIRPORT_SERVICEalias0 WHERE AIRPORT_SERVICEalias0.CITY_CODE IN ( SELECT CITYalias0.CITY_CODE FROM CITY AS CITYalias0 WHERE CITYalias0.CITY_NAME = ""CINCINNATI"" ) ) ) ;",SELECT T2.flight_id FROM city AS T1 JOIN flight AS T2 ON T1.city_code = T2.from_airport WHERE T1.city_name = 'CINCINNATI' AND T2.departure_time > '1800';,Qwen2.5-Coder-7B-Instruct-4bit,4.697467088699341,,,,0.0,False,False,False
atis,hard,show me one way flights from INDIANAPOLIS to MEMPHIS before 1000 on any day,"SELECT DISTINCT FLIGHTalias0.FLIGHT_ID FROM AIRPORT_SERVICE AS AIRPORT_SERVICEalias0 , AIRPORT_SERVICE AS AIRPORT_SERVICEalias1 , CITY AS CITYalias0 , CITY AS CITYalias1 , FARE AS FAREalias0 , FLIGHT AS FLIGHTalias0 , FLIGHT_FARE AS FLIGHT_FAREalias0 WHERE ( ( FAREalias0.ROUND_TRIP_REQUIRED = ""NO"" AND FLIGHT_FAREalias0.FARE_ID = FAREalias0.FARE_ID AND FLIGHTalias0.DEPARTURE_TIME < 1000 AND FLIGHTalias0.FLIGHT_ID = FLIGHT_FAREalias0.FLIGHT_ID ) AND CITYalias1.CITY_CODE = AIRPORT_SERVICEalias1.CITY_CODE AND CITYalias1.CITY_NAME = ""MEMPHIS"" AND FLIGHTalias0.TO_AIRPORT = AIRPORT_SERVICEalias1.AIRPORT_CODE ) AND CITYalias0.CITY_CODE = AIRPORT_SERVICEalias0.CITY_CODE AND CITYalias0.CITY_NAME = ""INDIANAPOLIS"" AND FLIGHTalias0.FROM_AIRPORT = AIRPORT_SERVICEalias0.AIRPORT_CODE ;",SELECT T2.flight_id FROM city AS T1 JOIN flight AS T2 ON T1.city_code = T2.from_airport WHERE T1.city_name = 'INDIANAPOLIS' AND T2.to_airport = 'MEMPHIS' AND T2.departure_time < '1000' AND T2.stops = 0;,Qwen2.5-Coder-7B-Instruct-4bit,5.668950080871582,,,,0.0,False,False,False
atis,hard,i need flight information for flights departing from CLEVELAND to MILWAUKEE on wednesday after 1700,"SELECT DISTINCT FLIGHTalias0.FLIGHT_ID FROM FLIGHT AS FLIGHTalias0 WHERE ( ( ( FLIGHTalias0.DEPARTURE_TIME > 1700 AND FLIGHTalias0.FLIGHT_DAYS IN ( SELECT DAYSalias0.DAYS_CODE FROM DAYS AS DAYSalias0 WHERE DAYSalias0.DAY_NAME IN ( SELECT DATE_DAYalias0.DAY_NAME FROM DATE_DAY AS DATE_DAYalias0 WHERE DATE_DAYalias0.DAY_NUMBER = 23 AND DATE_DAYalias0.MONTH_NUMBER = 4 AND DATE_DAYalias0.YEAR = 1991 ) ) ) AND FLIGHTalias0.TO_AIRPORT IN ( SELECT AIRPORT_SERVICEalias1.AIRPORT_CODE FROM AIRPORT_SERVICE AS AIRPORT_SERVICEalias1 WHERE AIRPORT_SERVICEalias1.CITY_CODE IN ( SELECT CITYalias1.CITY_CODE FROM CITY AS CITYalias1 WHERE CITYalias1.CITY_NAME = ""MILWAUKEE"" ) ) ) AND FLIGHTalias0.FROM_AIRPORT IN ( SELECT AIRPORT_SERVICEalias0.AIRPORT_CODE FROM AIRPORT_SERVICE AS AIRPORT_SERVICEalias0 WHERE AIRPORT_SERVICEalias0.CITY_CODE IN ( SELECT CITYalias0.CITY_CODE FROM CITY AS CITYalias0 WHERE CITYalias0.CITY_NAME = ""CLEVELAND"" ) ) ) ;",SELECT * FROM flight JOIN airport ON flight.from_airport = airport.airport_code JOIN city ON airport.city_code = city.city_code WHERE city.city_name = 'CLEVELAND' AND flight.to_airport IN (SELECT airport_code FROM airport WHERE airport_name = 'MILWAUKEE') AND flight.departure_time > '1700' AND flight.flight_days LIKE '%WED%',Qwen2.5-Coder-7B-Instruct-4bit,6.4471471309661865,,"(1054, ""Unknown column 'airport.city_code' in 'ON'"")",,0.0,False,False,False
atis,hard,show me US fares for next sunday from MIAMI to CLEVELAND,"SELECT DISTINCT FAREalias0.FARE_ID FROM AIRPORT_SERVICE AS AIRPORT_SERVICEalias0 , AIRPORT_SERVICE AS AIRPORT_SERVICEalias1 , CITY AS CITYalias0 , CITY AS CITYalias1 , DATE_DAY AS DATE_DAYalias0 , DATE_DAY AS DATE_DAYalias1 , DAYS AS DAYSalias0 , DAYS AS DAYSalias1 , FARE AS FAREalias0 , FARE_BASIS AS FARE_BASISalias0 , FLIGHT AS FLIGHTalias0 , FLIGHT_FARE AS FLIGHT_FAREalias0 WHERE ( ( CITYalias1.CITY_CODE = AIRPORT_SERVICEalias1.CITY_CODE AND CITYalias1.CITY_NAME = ""CLEVELAND"" AND DATE_DAYalias1.DAY_NUMBER = 27 AND DATE_DAYalias1.MONTH_NUMBER = 8 AND DATE_DAYalias1.YEAR = 1991 AND DAYSalias1.DAY_NAME = DATE_DAYalias1.DAY_NAME AND FLIGHTalias0.FLIGHT_DAYS = DAYSalias1.DAYS_CODE AND FLIGHTalias0.TO_AIRPORT = AIRPORT_SERVICEalias1.AIRPORT_CODE ) AND CITYalias0.CITY_CODE = AIRPORT_SERVICEalias0.CITY_CODE AND CITYalias0.CITY_NAME = ""MIAMI"" AND FLIGHTalias0.FROM_AIRPORT = AIRPORT_SERVICEalias0.AIRPORT_CODE ) AND DATE_DAYalias0.DAY_NUMBER = 27 AND DATE_DAYalias0.MONTH_NUMBER = 8 AND DATE_DAYalias0.YEAR = 1991 AND DAYSalias0.DAY_NAME = DATE_DAYalias0.DAY_NAME AND FARE_BASISalias0.BASIS_DAYS = DAYSalias0.DAYS_CODE AND FAREalias0.FARE_BASIS_CODE = FARE_BASISalias0.FARE_BASIS_CODE AND FLIGHT_FAREalias0.FARE_ID = FAREalias0.FARE_ID AND FLIGHTalias0.AIRLINE_CODE = ""US"" AND FLIGHTalias0.FLIGHT_ID = FLIGHT_FAREalias0.FLIGHT_ID ;","SELECT T1.fare_id, T2.from_airport, T2.to_airport, T2.one_direction_cost, T2.round_trip_cost 
FROM fare AS T1 
JOIN flight AS T2 ON T1.fare_id = T2.fare_id 
JOIN date_day AS T3 ON T2.flight_days = T3.month_number * 100 + T3.day_number 
WHERE T3.day_name = 'Sunday' AND T2.from_airport = 'MIA' AND T2.to_airport = 'CLE';",Qwen2.5-Coder-7B-Instruct-4bit,8.251437187194824,,"(1054, ""Unknown column 'T2.one_direction_cost' in 'SELECT'"")",,0.0010111331939697266,False,False,False
atis,hard,what flights are between WASHINGTON and SAN FRANCISCO,"SELECT DISTINCT FLIGHTalias0.FLIGHT_ID FROM AIRPORT_SERVICE AS AIRPORT_SERVICEalias0 , AIRPORT_SERVICE AS AIRPORT_SERVICEalias1 , CITY AS CITYalias0 , CITY AS CITYalias1 , FLIGHT AS FLIGHTalias0 WHERE CITYalias0.CITY_CODE = AIRPORT_SERVICEalias0.CITY_CODE AND CITYalias0.CITY_NAME = ""WASHINGTON"" AND CITYalias1.CITY_CODE = AIRPORT_SERVICEalias1.CITY_CODE AND CITYalias1.CITY_NAME = ""SAN FRANCISCO"" AND FLIGHTalias0.FROM_AIRPORT = AIRPORT_SERVICEalias0.AIRPORT_CODE AND FLIGHTalias0.TO_AIRPORT = AIRPORT_SERVICEalias1.AIRPORT_CODE ;",SELECT T1.flight_id FROM flight AS T1 JOIN airport AS T2 ON T1.from_airport = T2.airport_code JOIN airport AS T3 ON T1.to_airport = T3.airport_code WHERE T2.airport_name = 'WASHINGTON' AND T3.airport_name = 'SAN FRANCISCO';,Qwen2.5-Coder-7B-Instruct-4bit,5.856415748596191,,,,0.00099945068359375,False,False,False
atis,hard,on 7 8 i'd like a flight from NEWARK to ORLANDO in the morning,"SELECT DISTINCT FLIGHTalias0.FLIGHT_ID FROM AIRPORT_SERVICE AS AIRPORT_SERVICEalias0 , AIRPORT_SERVICE AS AIRPORT_SERVICEalias1 , CITY AS CITYalias0 , CITY AS CITYalias1 , DATE_DAY AS DATE_DAYalias0 , DAYS AS DAYSalias0 , FLIGHT AS FLIGHTalias0 WHERE ( ( CITYalias1.CITY_CODE = AIRPORT_SERVICEalias1.CITY_CODE AND CITYalias1.CITY_NAME = ""ORLANDO"" AND DATE_DAYalias0.DAY_NUMBER = 8 AND DATE_DAYalias0.MONTH_NUMBER = 7 AND DATE_DAYalias0.YEAR = 1991 AND DAYSalias0.DAY_NAME = DATE_DAYalias0.DAY_NAME AND FLIGHTalias0.FLIGHT_DAYS = DAYSalias0.DAYS_CODE AND FLIGHTalias0.TO_AIRPORT = AIRPORT_SERVICEalias1.AIRPORT_CODE ) AND CITYalias0.CITY_CODE = AIRPORT_SERVICEalias0.CITY_CODE AND CITYalias0.CITY_NAME = ""NEWARK"" AND FLIGHTalias0.FROM_AIRPORT = AIRPORT_SERVICEalias0.AIRPORT_CODE ) AND FLIGHTalias0.DEPARTURE_TIME BETWEEN 0 AND 1200 ;",SELECT T1.flight_id FROM flight AS T1 JOIN airport AS T2 ON T1.from_airport = T2.airport_code JOIN airport AS T3 ON T1.to_airport = T3.airport_code JOIN city AS T4 ON T4.city_code = T2.city_code JOIN city AS T5 ON T5.city_code = T3.city_code WHERE T4.city_name = 'NEWARK' AND T5.city_name = 'ORLANDO' AND T1.departure_time BETWEEN '06:00:00' AND '11:59:59' AND T1.flight_days LIKE '%7%' AND T1.flight_days LIKE '%8%',Qwen2.5-Coder-7B-Instruct-4bit,10.318839073181152,,"(1054, ""Unknown column 'T2.city_code' in 'ON'"")",,0.0011010169982910156,False,False,False
atis,hard,what 's the earliest flight from SAN JOSE to HOUSTON,"SELECT DISTINCT FLIGHTalias0.FLIGHT_ID FROM AIRPORT_SERVICE AS AIRPORT_SERVICEalias0 , AIRPORT_SERVICE AS AIRPORT_SERVICEalias1 , CITY AS CITYalias0 , CITY AS CITYalias1 , FLIGHT AS FLIGHTalias0 WHERE ( CITYalias0.CITY_CODE = AIRPORT_SERVICEalias0.CITY_CODE AND CITYalias0.CITY_NAME = ""SAN JOSE"" AND CITYalias1.CITY_CODE = AIRPORT_SERVICEalias1.CITY_CODE AND CITYalias1.CITY_NAME = ""HOUSTON"" AND FLIGHTalias0.FROM_AIRPORT = AIRPORT_SERVICEalias0.AIRPORT_CODE AND FLIGHTalias0.TO_AIRPORT = AIRPORT_SERVICEalias1.AIRPORT_CODE ) AND FLIGHTalias0.DEPARTURE_TIME = ( SELECT MIN( FLIGHTalias1.DEPARTURE_TIME ) FROM AIRPORT_SERVICE AS AIRPORT_SERVICEalias2 , AIRPORT_SERVICE AS AIRPORT_SERVICEalias3 , CITY AS CITYalias2 , CITY AS CITYalias3 , FLIGHT AS FLIGHTalias1 WHERE CITYalias2.CITY_CODE = AIRPORT_SERVICEalias2.CITY_CODE AND CITYalias2.CITY_NAME = ""SAN JOSE"" AND CITYalias3.CITY_CODE = AIRPORT_SERVICEalias3.CITY_CODE AND CITYalias3.CITY_NAME = ""HOUSTON"" AND FLIGHTalias1.FROM_AIRPORT = AIRPORT_SERVICEalias2.AIRPORT_CODE AND FLIGHTalias1.TO_AIRPORT = AIRPORT_SERVICEalias3.AIRPORT_CODE ) ;",SELECT MIN(departure_time) AS earliest_departure FROM flight WHERE from_airport = 'SAN JOSE' AND to_airport = 'HOUSTON';,Qwen2.5-Coder-7B-Instruct-4bit,3.204479932785034,,,,0.0,False,False,False
atis,hard,show me the flights from ATLANTA to WASHINGTON on wednesday night and thursday morning,"SELECT DISTINCT FLIGHTalias0.FLIGHT_ID FROM AIRPORT_SERVICE AS AIRPORT_SERVICEalias0 , AIRPORT_SERVICE AS AIRPORT_SERVICEalias1 , CITY AS CITYalias0 , CITY AS CITYalias1 , DATE_DAY AS DATE_DAYalias0 , DAYS AS DAYSalias0 , FLIGHT AS FLIGHTalias0 WHERE ( ( ( ( FLIGHTalias0.DEPARTURE_TIME <= 2359 AND FLIGHTalias0.DEPARTURE_TIME >= 1800 ) AND DATE_DAYalias0.DAY_NUMBER = 23 AND DATE_DAYalias0.MONTH_NUMBER = 4 AND DATE_DAYalias0.YEAR = 1991 AND DAYSalias0.DAY_NAME = DATE_DAYalias0.DAY_NAME AND FLIGHTalias0.FLIGHT_DAYS = DAYSalias0.DAYS_CODE ) OR ( ( FLIGHTalias0.DEPARTURE_TIME <= 1200 AND FLIGHTalias0.DEPARTURE_TIME >= 0 ) AND DATE_DAYalias0.DAY_NUMBER = 23 AND DATE_DAYalias0.MONTH_NUMBER = 4 AND DATE_DAYalias0.YEAR = 1991 AND DAYSalias0.DAY_NAME = DATE_DAYalias0.DAY_NAME AND FLIGHTalias0.FLIGHT_DAYS = DAYSalias0.DAYS_CODE ) ) AND CITYalias1.CITY_CODE = AIRPORT_SERVICEalias1.CITY_CODE AND CITYalias1.CITY_NAME = ""WASHINGTON"" AND FLIGHTalias0.TO_AIRPORT = AIRPORT_SERVICEalias1.AIRPORT_CODE ) AND CITYalias0.CITY_CODE = AIRPORT_SERVICEalias0.CITY_CODE AND CITYalias0.CITY_NAME = ""ATLANTA"" AND FLIGHTalias0.FROM_AIRPORT = AIRPORT_SERVICEalias0.AIRPORT_CODE ;","SELECT f.flight_id, f.departure_time, f.arrival_time 
FROM flight f 
JOIN flight_days fd ON f.flight_days = fd.days_code 
JOIN airport sa ON f.from_airport = sa.airport_code 
JOIN airport da ON f.to_airport = da.airport_code 
WHERE sa.airport_name = 'ATLANTA' AND da.airport_name = 'WASHINGTON' 
AND (fd.day_name = 'WEDNESDAY' AND f.departure_time BETWEEN '20:00:00' AND '23:59:59') 
OR (fd.day_name = 'THURSDAY' AND f.departure_time BETWEEN '00:00:00' AND '07:59:59');",Qwen2.5-Coder-7B-Instruct-4bit,11.838611364364624,,"(1146, ""Table 'atis.flight_days' doesn't exist"")",,0.0053730010986328125,False,False,False
atis,hard,i have two friends that would like to visit me on wednesday here in WASHINGTON one of them lives in DENVER and the other lives in MIAMI,"SELECT DISTINCT FLIGHTalias0.FLIGHT_ID FROM AIRPORT_SERVICE AS AIRPORT_SERVICEalias0 , AIRPORT_SERVICE AS AIRPORT_SERVICEalias1 , AIRPORT_SERVICE AS AIRPORT_SERVICEalias2 , CITY AS CITYalias0 , CITY AS CITYalias1 , CITY AS CITYalias2 , DATE_DAY AS DATE_DAYalias0 , DAYS AS DAYSalias0 , FLIGHT AS FLIGHTalias0 WHERE ( ( ( ( ( FLIGHTalias0.ARRIVAL_TIME < 41 OR FLIGHTalias0.TIME_ELAPSED >= 60 ) AND FLIGHTalias0.DEPARTURE_TIME > FLIGHTalias0.ARRIVAL_TIME ) AND DATE_DAYalias0.DAY_NUMBER = 23 AND DATE_DAYalias0.MONTH_NUMBER = 4 AND DATE_DAYalias0.YEAR = 1991 AND DAYSalias0.DAY_NAME = DATE_DAYalias0.DAY_NAME AND FLIGHTalias0.FLIGHT_DAYS = DAYSalias0.DAYS_CODE ) OR ( DATE_DAYalias0.DAY_NUMBER = 23 AND DATE_DAYalias0.MONTH_NUMBER = 4 AND DATE_DAYalias0.YEAR = 1991 AND DAYSalias0.DAY_NAME = DATE_DAYalias0.DAY_NAME AND FLIGHTalias0.FLIGHT_DAYS = DAYSalias0.DAYS_CODE AND NOT ( ( FLIGHTalias0.ARRIVAL_TIME < 41 OR FLIGHTalias0.TIME_ELAPSED >= 60 ) AND FLIGHTalias0.DEPARTURE_TIME > FLIGHTalias0.ARRIVAL_TIME ) ) ) AND CITYalias2.CITY_CODE = AIRPORT_SERVICEalias2.CITY_CODE AND CITYalias2.CITY_NAME = ""WASHINGTON"" AND FLIGHTalias0.TO_AIRPORT = AIRPORT_SERVICEalias2.AIRPORT_CODE ) AND ( ( FLIGHTalias0.FROM_AIRPORT = AIRPORT_SERVICEalias0.AIRPORT_CODE AND CITYalias0.CITY_CODE = AIRPORT_SERVICEalias0.CITY_CODE AND CITYalias0.CITY_NAME = ""DENVER"" ) OR ( FLIGHTalias0.FROM_AIRPORT = AIRPORT_SERVICEalias1.AIRPORT_CODE AND CITYalias1.CITY_CODE = AIRPORT_SERVICEalias1.CITY_CODE AND CITYalias1.CITY_NAME = ""MIAMI"" ) ) ;","SELECT T1.airport_code FROM airport AS T1 JOIN airport_service AS T2 ON T1.airport_code = T2.airport_code JOIN city AS T3 ON T2.city_code = T3.city_code WHERE T3.city_name = 'WASHINTON' AND T2.days_code = 'Wednesday' AND T2.miles_distant IN ((SELECT miles_distant FROM airport_service WHERE city_code = 'DENVER'), (SELECT miles_distant FROM airport_service WHERE city_code = 'MIAMI'))",Qwen2.5-Coder-7B-Instruct-4bit,7.594917297363281,,"(1054, ""Unknown column 'T2.days_code' in 'WHERE'"")",,0.0,False,False,False
atis,hard,show me the flights from SAN DIEGO to WASHINGTON,"SELECT DISTINCT FLIGHTalias0.FLIGHT_ID FROM AIRPORT_SERVICE AS AIRPORT_SERVICEalias0 , AIRPORT_SERVICE AS AIRPORT_SERVICEalias1 , CITY AS CITYalias0 , CITY AS CITYalias1 , FLIGHT AS FLIGHTalias0 WHERE CITYalias0.CITY_CODE = AIRPORT_SERVICEalias0.CITY_CODE AND CITYalias0.CITY_NAME = ""SAN DIEGO"" AND CITYalias1.CITY_CODE = AIRPORT_SERVICEalias1.CITY_CODE AND CITYalias1.CITY_NAME = ""WASHINGTON"" AND FLIGHTalias0.FROM_AIRPORT = AIRPORT_SERVICEalias0.AIRPORT_CODE AND FLIGHTalias0.TO_AIRPORT = AIRPORT_SERVICEalias1.AIRPORT_CODE ;","SELECT T1.flight_id, T1.departure_time, T1.arrival_time FROM flight AS T1 JOIN airport AS T2 ON T1.from_airport = T2.airport_code JOIN airport AS T3 ON T1.to_airport = T3.airport_code WHERE T2.airport_name = 'SAN DIEGO' AND T3.airport_name = 'WASHINGTON';",Qwen2.5-Coder-7B-Instruct-4bit,6.601580619812012,,,,0.0,False,False,False
atis,hard,show me the flights from BOSTON to SAN FRANCISCO that arrive in the afternoon,"SELECT DISTINCT FLIGHTalias0.FLIGHT_ID FROM AIRPORT_SERVICE AS AIRPORT_SERVICEalias0 , AIRPORT_SERVICE AS AIRPORT_SERVICEalias1 , CITY AS CITYalias0 , CITY AS CITYalias1 , FLIGHT AS FLIGHTalias0 WHERE ( ( FLIGHTalias0.ARRIVAL_TIME <= 1800 AND FLIGHTalias0.ARRIVAL_TIME >= 1200 ) AND CITYalias1.CITY_CODE = AIRPORT_SERVICEalias1.CITY_CODE AND CITYalias1.CITY_NAME = ""SAN FRANCISCO"" AND FLIGHTalias0.TO_AIRPORT = AIRPORT_SERVICEalias1.AIRPORT_CODE ) AND CITYalias0.CITY_CODE = AIRPORT_SERVICEalias0.CITY_CODE AND CITYalias0.CITY_NAME = ""BOSTON"" AND FLIGHTalias0.FROM_AIRPORT = AIRPORT_SERVICEalias0.AIRPORT_CODE ;",SELECT T1.flight_id FROM flight AS T1 JOIN airport AS T2 ON T1.from_airport = T2.airport_code JOIN airport AS T3 ON T1.to_airport = T3.airport_code JOIN city AS T4 ON T2.city_code = T4.city_code WHERE T4.city_name = 'BOSTON' AND T3.city_name = 'SAN FRANCISCO' AND T1.arrival_time BETWEEN '12:00:00' AND '23:59:59';,Qwen2.5-Coder-7B-Instruct-4bit,8.234200239181519,,"(1054, ""Unknown column 'T3.city_name' in 'WHERE'"")",,0.0,False,False,False
atis,hard,show me all flights arriving to DENVER from BOSTON,"SELECT DISTINCT FLIGHTalias0.FLIGHT_ID FROM AIRPORT_SERVICE AS AIRPORT_SERVICEalias0 , AIRPORT_SERVICE AS AIRPORT_SERVICEalias1 , CITY AS CITYalias0 , CITY AS CITYalias1 , FLIGHT AS FLIGHTalias0 WHERE CITYalias0.CITY_CODE = AIRPORT_SERVICEalias0.CITY_CODE AND CITYalias0.CITY_NAME = ""BOSTON"" AND CITYalias1.CITY_CODE = AIRPORT_SERVICEalias1.CITY_CODE AND CITYalias1.CITY_NAME = ""DENVER"" AND FLIGHTalias0.FROM_AIRPORT = AIRPORT_SERVICEalias0.AIRPORT_CODE AND FLIGHTalias0.TO_AIRPORT = AIRPORT_SERVICEalias1.AIRPORT_CODE ;","SELECT T1.flight_id, T1.departure_time, T1.arrival_time FROM flight AS T1 JOIN airport AS T2 ON T1.to_airport = T2.airport_code JOIN airport AS T3 ON T1.from_airport = T3.airport_code WHERE T2.airport_name = 'DENVER' AND T3.airport_name = 'BOSTON';",Qwen2.5-Coder-7B-Instruct-4bit,6.120433568954468,,,,0.013640403747558594,False,False,False
atis,hard,are there any flights from MILWAUKEE to TACOMA on friday 6 11,"SELECT DISTINCT FLIGHTalias0.FLIGHT_ID FROM AIRPORT_SERVICE AS AIRPORT_SERVICEalias0 , AIRPORT_SERVICE AS AIRPORT_SERVICEalias1 , CITY AS CITYalias0 , CITY AS CITYalias1 , DATE_DAY AS DATE_DAYalias0 , DAYS AS DAYSalias0 , FLIGHT AS FLIGHTalias0 WHERE ( CITYalias1.CITY_CODE = AIRPORT_SERVICEalias1.CITY_CODE AND CITYalias1.CITY_NAME = ""TACOMA"" AND DATE_DAYalias0.DAY_NUMBER = 11 AND DATE_DAYalias0.MONTH_NUMBER = 6 AND DATE_DAYalias0.YEAR = 1991 AND DAYSalias0.DAY_NAME = DATE_DAYalias0.DAY_NAME AND FLIGHTalias0.FLIGHT_DAYS = DAYSalias0.DAYS_CODE AND FLIGHTalias0.TO_AIRPORT = AIRPORT_SERVICEalias1.AIRPORT_CODE ) AND CITYalias0.CITY_CODE = AIRPORT_SERVICEalias0.CITY_CODE AND CITYalias0.CITY_NAME = ""MILWAUKEE"" AND FLIGHTalias0.FROM_AIRPORT = AIRPORT_SERVICEalias0.AIRPORT_CODE ;","SELECT EXISTS (
    SELECT 1
    FROM flight
    JOIN airport_service AS fs ON flight.from_airport = fs.airport_code
    JOIN city ON fs.city_code = city.city_code
    JOIN date_day AS dd ON flight.flight_days = dd.days_code
    WHERE city.city_name = 'MILWAUKEE'
      AND flight.to_airport = 'TACO'
      AND dd.day_name = 'FRIDAY'
      AND dd.day_number = 6
      AND dd.year = 2023
)",Qwen2.5-Coder-7B-Instruct-4bit,8.902773141860962,,"(1054, ""Unknown column 'dd.days_code' in 'ON'"")",,0.0,False,False,False
atis,hard,list all flights arriving in DENVER between 2000 and 2100,"SELECT DISTINCT FLIGHTalias0.FLIGHT_ID FROM AIRPORT_SERVICE AS AIRPORT_SERVICEalias0 , AIRPORT_SERVICE AS AIRPORT_SERVICEalias1 , CITY AS CITYalias0 , CITY AS CITYalias1 , FLIGHT AS FLIGHTalias0 WHERE ( ( ( FLIGHTalias0.ARRIVAL_TIME <= 2100 AND FLIGHTalias0.ARRIVAL_TIME >= 2000 ) OR FLIGHTalias0.ARRIVAL_TIME = arrival_time2 ) AND CITYalias1.CITY_CODE = AIRPORT_SERVICEalias1.CITY_CODE AND FLIGHTalias0.FROM_AIRPORT = AIRPORT_SERVICEalias1.AIRPORT_CODE ) AND CITYalias0.CITY_CODE = AIRPORT_SERVICEalias0.CITY_CODE AND CITYalias0.CITY_NAME = ""DENVER"" AND FLIGHTalias0.TO_AIRPORT = AIRPORT_SERVICEalias0.AIRPORT_CODE ;","SELECT T1.flight_id, T1.departure_time, T1.arrival_time FROM flight AS T1 JOIN airport AS T2 ON T1.to_airport = T2.airport_code WHERE T2.airport_name = 'DENVER' AND YEAR(T1.arrival_time) BETWEEN 2000 AND 2100;",Qwen2.5-Coder-7B-Instruct-4bit,5.5735368728637695,,,"(1054, ""Unknown column 'arrival_time2' in 'WHERE'"")",,False,False,False
atis,hard,show me all flights from MIAMI to NEW YORK,"SELECT DISTINCT FLIGHTalias0.FLIGHT_ID FROM AIRPORT_SERVICE AS AIRPORT_SERVICEalias0 , AIRPORT_SERVICE AS AIRPORT_SERVICEalias1 , CITY AS CITYalias0 , CITY AS CITYalias1 , FLIGHT AS FLIGHTalias0 WHERE CITYalias0.CITY_CODE = AIRPORT_SERVICEalias0.CITY_CODE AND CITYalias0.CITY_NAME = ""MIAMI"" AND CITYalias1.CITY_CODE = AIRPORT_SERVICEalias1.CITY_CODE AND CITYalias1.CITY_NAME = ""NEW YORK"" AND FLIGHTalias0.FROM_AIRPORT = AIRPORT_SERVICEalias0.AIRPORT_CODE AND FLIGHTalias0.TO_AIRPORT = AIRPORT_SERVICEalias1.AIRPORT_CODE ;",SELECT * FROM flight WHERE from_airport IN (SELECT airport_code FROM airport WHERE airport_name = 'MIAMI') AND to_airport IN (SELECT airport_code FROM airport WHERE airport_name = 'NEW YORK');,Qwen2.5-Coder-7B-Instruct-4bit,3.8326494693756095,,,,0.0,False,False,False
atis,hard,show me all flights from PHILADELPHIA to SAN FRANCISCO with one stop in DALLAS,"SELECT DISTINCT FLIGHTalias0.FLIGHT_ID FROM AIRPORT_SERVICE AS AIRPORT_SERVICEalias0 , AIRPORT_SERVICE AS AIRPORT_SERVICEalias1 , AIRPORT_SERVICE AS AIRPORT_SERVICEalias2 , CITY AS CITYalias0 , CITY AS CITYalias1 , CITY AS CITYalias2 , FLIGHT AS FLIGHTalias0 , FLIGHT_STOP AS FLIGHT_STOPalias0 WHERE ( CITYalias1.CITY_CODE = AIRPORT_SERVICEalias1.CITY_CODE AND CITYalias1.CITY_NAME = ""SAN FRANCISCO"" AND CITYalias2.CITY_CODE = AIRPORT_SERVICEalias2.CITY_CODE AND CITYalias2.CITY_NAME = ""DALLAS"" AND FLIGHT_STOPalias0.STOP_AIRPORT = AIRPORT_SERVICEalias2.AIRPORT_CODE AND FLIGHTalias0.FLIGHT_ID = FLIGHT_STOPalias0.FLIGHT_ID AND FLIGHTalias0.TO_AIRPORT = AIRPORT_SERVICEalias1.AIRPORT_CODE ) AND CITYalias0.CITY_CODE = AIRPORT_SERVICEalias0.CITY_CODE AND CITYalias0.CITY_NAME = ""PHILADELPHIA"" AND FLIGHTalias0.FROM_AIRPORT = AIRPORT_SERVICEalias0.AIRPORT_CODE ;","SELECT f1.flight_id, f1.departure_time, f1.arrival_time, f2.flight_id AS stop_flight_id, f2.departure_time AS stop_departure_time, f2.arrival_time AS stop_arrival_time 
FROM flight f1 
JOIN flight_stop fs ON f1.flight_id = fs.flight_id 
JOIN flight f2 ON fs.stop_flight_number = f2.flight_number 
WHERE f1.from_airport = 'PHL' AND f1.to_airport = 'SFO' AND fs.stop_airport = 'DAL';",Qwen2.5-Coder-7B-Instruct-4bit,8.637139081954956,,"(1054, ""Unknown column 'fs.stop_flight_number' in 'ON'"")",,0.015719175338745117,False,False,False
atis,hard,show me the flights from BALTIMORE to SEATTLE,"SELECT DISTINCT FLIGHTalias0.FLIGHT_ID FROM AIRPORT_SERVICE AS AIRPORT_SERVICEalias0 , AIRPORT_SERVICE AS AIRPORT_SERVICEalias1 , CITY AS CITYalias0 , CITY AS CITYalias1 , FLIGHT AS FLIGHTalias0 WHERE CITYalias0.CITY_CODE = AIRPORT_SERVICEalias0.CITY_CODE AND CITYalias0.CITY_NAME = ""BALTIMORE"" AND CITYalias1.CITY_CODE = AIRPORT_SERVICEalias1.CITY_CODE AND CITYalias1.CITY_NAME = ""SEATTLE"" AND FLIGHTalias0.FROM_AIRPORT = AIRPORT_SERVICEalias0.AIRPORT_CODE AND FLIGHTalias0.TO_AIRPORT = AIRPORT_SERVICEalias1.AIRPORT_CODE ;",SELECT * FROM flight WHERE from_airport = 'BALTIMORE' AND to_airport = 'SEATTLE';,Qwen2.5-Coder-7B-Instruct-4bit,2.4074997901916504,,,,0.0,False,False,False
atis,hard,i'd like to know the earliest flight from BOSTON to SAN FRANCISCO,"SELECT DISTINCT FLIGHTalias0.FLIGHT_ID FROM AIRPORT_SERVICE AS AIRPORT_SERVICEalias0 , AIRPORT_SERVICE AS AIRPORT_SERVICEalias1 , CITY AS CITYalias0 , CITY AS CITYalias1 , FLIGHT AS FLIGHTalias0 WHERE ( CITYalias0.CITY_CODE = AIRPORT_SERVICEalias0.CITY_CODE AND CITYalias0.CITY_NAME = ""BOSTON"" AND CITYalias1.CITY_CODE = AIRPORT_SERVICEalias1.CITY_CODE AND CITYalias1.CITY_NAME = ""SAN FRANCISCO"" AND FLIGHTalias0.FROM_AIRPORT = AIRPORT_SERVICEalias0.AIRPORT_CODE AND FLIGHTalias0.TO_AIRPORT = AIRPORT_SERVICEalias1.AIRPORT_CODE ) AND FLIGHTalias0.DEPARTURE_TIME = ( SELECT MIN( FLIGHTalias1.DEPARTURE_TIME ) FROM AIRPORT_SERVICE AS AIRPORT_SERVICEalias2 , AIRPORT_SERVICE AS AIRPORT_SERVICEalias3 , CITY AS CITYalias2 , CITY AS CITYalias3 , FLIGHT AS FLIGHTalias1 WHERE CITYalias2.CITY_CODE = AIRPORT_SERVICEalias2.CITY_CODE AND CITYalias2.CITY_NAME = ""BOSTON"" AND CITYalias3.CITY_CODE = AIRPORT_SERVICEalias3.CITY_CODE AND CITYalias3.CITY_NAME = ""SAN FRANCISCO"" AND FLIGHTalias1.FROM_AIRPORT = AIRPORT_SERVICEalias2.AIRPORT_CODE AND FLIGHTalias1.TO_AIRPORT = AIRPORT_SERVICEalias3.AIRPORT_CODE ) ;",SELECT MIN(departure_time) as earliest_departure FROM flight JOIN airport ON flight.from_airport = airport.airport_code JOIN city ON airport.city_code = city.city_code WHERE city_name = 'BOSTON' AND to_airport = 'SAN FRANCISCO';,Qwen2.5-Coder-7B-Instruct-4bit,4.911428213119507,,"(1054, ""Unknown column 'airport.city_code' in 'ON'"")",,0.0,False,False,False
atis,hard,show me the cheapest fare in the database,"SELECT DISTINCT FAREalias0.FARE_ID FROM FARE AS FAREalias0 , FLIGHT AS FLIGHTalias0 , FLIGHT_FARE AS FLIGHT_FAREalias0 WHERE FAREalias0.ONE_DIRECTION_COST = ( SELECT MIN( FAREalias1.ONE_DIRECTION_COST ) FROM FARE AS FAREalias1 , FLIGHT AS FLIGHTalias1 , FLIGHT_FARE AS FLIGHT_FAREalias1 WHERE FLIGHT_FAREalias1.FARE_ID = FAREalias1.FARE_ID AND FLIGHTalias1.FLIGHT_ID = FLIGHT_FAREalias1.FLIGHT_ID ) AND FLIGHT_FAREalias0.FARE_ID = FAREalias0.FARE_ID AND FLIGHTalias0.FLIGHT_ID = FLIGHT_FAREalias0.FLIGHT_ID ;",SELECT MIN(one_direction_cost) AS cheapest_fare FROM fare;,Qwen2.5-Coder-7B-Instruct-4bit,1.7722368240356443,,,,0.0,False,False,False
atis,hard,what is your least expensive fare between ATLANTA and BOSTON,"SELECT DISTINCT FAREalias0.FARE_ID FROM AIRPORT_SERVICE AS AIRPORT_SERVICEalias0 , AIRPORT_SERVICE AS AIRPORT_SERVICEalias1 , CITY AS CITYalias0 , CITY AS CITYalias1 , FARE AS FAREalias0 , FLIGHT AS FLIGHTalias0 , FLIGHT_FARE AS FLIGHT_FAREalias0 WHERE CITYalias0.CITY_CODE = AIRPORT_SERVICEalias0.CITY_CODE AND CITYalias0.CITY_NAME = ""ATLANTA"" AND CITYalias1.CITY_CODE = AIRPORT_SERVICEalias1.CITY_CODE AND CITYalias1.CITY_NAME = ""BOSTON"" AND FAREalias0.ONE_DIRECTION_COST = ( SELECT MIN( FAREalias1.ONE_DIRECTION_COST ) FROM AIRPORT_SERVICE AS AIRPORT_SERVICEalias2 , AIRPORT_SERVICE AS AIRPORT_SERVICEalias3 , CITY AS CITYalias2 , CITY AS CITYalias3 , FARE AS FAREalias1 , FLIGHT AS FLIGHTalias1 , FLIGHT_FARE AS FLIGHT_FAREalias1 WHERE CITYalias2.CITY_CODE = AIRPORT_SERVICEalias2.CITY_CODE AND CITYalias2.CITY_NAME = ""ATLANTA"" AND CITYalias3.CITY_CODE = AIRPORT_SERVICEalias3.CITY_CODE AND CITYalias3.CITY_NAME = ""BOSTON"" AND FLIGHT_FAREalias1.FARE_ID = FAREalias1.FARE_ID AND FLIGHTalias1.FLIGHT_ID = FLIGHT_FAREalias1.FLIGHT_ID AND FLIGHTalias1.FROM_AIRPORT = AIRPORT_SERVICEalias2.AIRPORT_CODE AND FLIGHTalias1.TO_AIRPORT = AIRPORT_SERVICEalias3.AIRPORT_CODE ) AND FLIGHT_FAREalias0.FARE_ID = FAREalias0.FARE_ID AND FLIGHTalias0.FLIGHT_ID = FLIGHT_FAREalias0.FLIGHT_ID AND FLIGHTalias0.FROM_AIRPORT = AIRPORT_SERVICEalias0.AIRPORT_CODE AND FLIGHTalias0.TO_AIRPORT = AIRPORT_SERVICEalias1.AIRPORT_CODE ;",SELECT MIN(one_direction_cost) AS least_expensive_fare FROM fare WHERE from_airport = 'ATLANTA' AND to_airport = 'BOSTON';,Qwen2.5-Coder-7B-Instruct-4bit,3.10254430770874,,,,0.0010178089141845703,False,False,False
atis,hard,show me all UA FIRST class flights,"SELECT DISTINCT FLIGHTalias0.FLIGHT_ID FROM FARE AS FAREalias0 , FARE_BASIS AS FARE_BASISalias0 , FLIGHT AS FLIGHTalias0 , FLIGHT_FARE AS FLIGHT_FAREalias0 WHERE FARE_BASISalias0.CLASS_TYPE = ""FIRST"" AND FAREalias0.FARE_BASIS_CODE = FARE_BASISalias0.FARE_BASIS_CODE AND FLIGHT_FAREalias0.FARE_ID = FAREalias0.FARE_ID AND FLIGHTalias0.AIRLINE_CODE = ""UA"" AND FLIGHTalias0.FLIGHT_ID = FLIGHT_FAREalias0.FLIGHT_ID ;",SELECT T1.flight_id FROM flight AS T1 JOIN class_of_service AS T2 ON T1.meal_code = T2.booking_class WHERE T1.airline_code = 'UA' AND T2.class_type = 'FIRST';,Qwen2.5-Coder-7B-Instruct-4bit,4.315316438674927,,"(1054, ""Unknown column 'T2.class_type' in 'WHERE'"")",,0.0010404586791992188,False,False,False
atis,hard,what are the flights from BOSTON to BALTIMORE,"SELECT DISTINCT FLIGHTalias0.FLIGHT_ID FROM AIRPORT_SERVICE AS AIRPORT_SERVICEalias0 , AIRPORT_SERVICE AS AIRPORT_SERVICEalias1 , CITY AS CITYalias0 , CITY AS CITYalias1 , FLIGHT AS FLIGHTalias0 WHERE CITYalias0.CITY_CODE = AIRPORT_SERVICEalias0.CITY_CODE AND CITYalias0.CITY_NAME = ""BOSTON"" AND CITYalias1.CITY_CODE = AIRPORT_SERVICEalias1.CITY_CODE AND CITYalias1.CITY_NAME = ""BALTIMORE"" AND FLIGHTalias0.FROM_AIRPORT = AIRPORT_SERVICEalias0.AIRPORT_CODE AND FLIGHTalias0.TO_AIRPORT = AIRPORT_SERVICEalias1.AIRPORT_CODE ;",SELECT T1.flight_id FROM flight AS T1 JOIN airport AS T2 ON T1.from_airport = T2.airport_code JOIN airport AS T3 ON T1.to_airport = T3.airport_code JOIN city AS T4 ON T2.city_code = T4.city_code WHERE T4.city_name = 'BOSTON' AND T3.city_name = 'BALTIMORE';,Qwen2.5-Coder-7B-Instruct-4bit,6.189766883850098,,"(1054, ""Unknown column 'T3.city_name' in 'WHERE'"")",,0.0009984970092773438,False,False,False
atis,hard,flights from KANSAS CITY to CLEVELAND on wednesday arriving before 1700,"SELECT DISTINCT FLIGHTalias0.FLIGHT_ID FROM AIRPORT_SERVICE AS AIRPORT_SERVICEalias0 , AIRPORT_SERVICE AS AIRPORT_SERVICEalias1 , CITY AS CITYalias0 , CITY AS CITYalias1 , DATE_DAY AS DATE_DAYalias0 , DAYS AS DAYSalias0 , FLIGHT AS FLIGHTalias0 WHERE ( ( DATE_DAYalias0.DAY_NUMBER = 23 AND DATE_DAYalias0.MONTH_NUMBER = 4 AND DATE_DAYalias0.YEAR = 1991 AND DAYSalias0.DAY_NAME = DATE_DAYalias0.DAY_NAME AND FLIGHTalias0.ARRIVAL_TIME < 1700 AND FLIGHTalias0.FLIGHT_DAYS = DAYSalias0.DAYS_CODE ) AND CITYalias1.CITY_CODE = AIRPORT_SERVICEalias1.CITY_CODE AND CITYalias1.CITY_NAME = ""CLEVELAND"" AND FLIGHTalias0.TO_AIRPORT = AIRPORT_SERVICEalias1.AIRPORT_CODE ) AND CITYalias0.CITY_CODE = AIRPORT_SERVICEalias0.CITY_CODE AND CITYalias0.CITY_NAME = ""KANSAS CITY"" AND FLIGHTalias0.FROM_AIRPORT = AIRPORT_SERVICEalias0.AIRPORT_CODE ;",SELECT T2.flight_id FROM city AS T1 JOIN flight AS T2 ON T1.city_code = T2.from_airport JOIN days AS T3 ON T2.flight_days & T3.days_code > 0 WHERE T1.city_name = 'KANSAS CITY' AND T2.to_airport IN (SELECT airport_code FROM airport WHERE airport_name = 'CLEVELAND') AND T2.arrival_time < '1700' AND T3.day_name = 'WEDNESDAY';,Qwen2.5-Coder-7B-Instruct-4bit,8.273192644119263,,,,0.004063844680786133,False,False,False
atis,hard,what flights are there from MINNEAPOLIS to NEWARK on CO,"SELECT DISTINCT FLIGHTalias0.FLIGHT_ID FROM AIRPORT_SERVICE AS AIRPORT_SERVICEalias0 , AIRPORT_SERVICE AS AIRPORT_SERVICEalias1 , CITY AS CITYalias0 , CITY AS CITYalias1 , FLIGHT AS FLIGHTalias0 WHERE ( CITYalias0.CITY_CODE = AIRPORT_SERVICEalias0.CITY_CODE AND CITYalias0.CITY_NAME = ""NEWARK"" AND CITYalias1.CITY_CODE = AIRPORT_SERVICEalias1.CITY_CODE AND CITYalias1.CITY_NAME = ""MINNEAPOLIS"" AND FLIGHTalias0.TO_AIRPORT = AIRPORT_SERVICEalias0.AIRPORT_CODE AND FLIGHTalias0.FROM_AIRPORT = AIRPORT_SERVICEalias1.AIRPORT_CODE ) AND FLIGHTalias0.AIRLINE_CODE = ""CO"" ;",SELECT T1.flight_id FROM flight AS T1 JOIN airport AS T2 ON T1.from_airport = T2.airport_code JOIN airport AS T3 ON T1.to_airport = T3.airport_code JOIN city AS T4 ON T2.city_code = T4.city_code JOIN city AS T5 ON T3.city_code = T5.city_code WHERE T4.city_name = 'MINNEAPOLIS' AND T5.city_name = 'NEWARK' AND T1.airline_code = 'CO';,Qwen2.5-Coder-7B-Instruct-4bit,7.821026563644409,,"(1054, ""Unknown column 'T2.city_code' in 'ON'"")",,0.0,False,False,False
atis,hard,okay could you tell me what flight leaves DALLAS to SAN FRANCISCO by UA,"SELECT DISTINCT FLIGHTalias0.FLIGHT_ID FROM AIRPORT_SERVICE AS AIRPORT_SERVICEalias0 , AIRPORT_SERVICE AS AIRPORT_SERVICEalias1 , CITY AS CITYalias0 , CITY AS CITYalias1 , FLIGHT AS FLIGHTalias0 WHERE ( CITYalias0.CITY_CODE = AIRPORT_SERVICEalias0.CITY_CODE AND CITYalias0.CITY_NAME = ""SAN FRANCISCO"" AND CITYalias1.CITY_CODE = AIRPORT_SERVICEalias1.CITY_CODE AND CITYalias1.CITY_NAME = ""DALLAS"" AND FLIGHTalias0.TO_AIRPORT = AIRPORT_SERVICEalias0.AIRPORT_CODE AND FLIGHTalias0.FROM_AIRPORT = AIRPORT_SERVICEalias1.AIRPORT_CODE ) AND FLIGHTalias0.AIRLINE_CODE = ""UA"" ;",SELECT T1.flight_id FROM flight AS T1 JOIN airport AS T2 ON T1.from_airport = T2.airport_code JOIN airport AS T3 ON T1.to_airport = T3.airport_code WHERE T2.airport_name = 'DALLAS' AND T3.airport_name = 'SAN FRANCISCO' AND T1.airline_code = 'UA';,Qwen2.5-Coder-7B-Instruct-4bit,6.687819719314575,,,,0.0,False,False,False
atis,hard,i need the flights from WASHINGTON to MONTREAL on a SATURDAY,"SELECT DISTINCT FLIGHTalias0.FLIGHT_ID FROM AIRPORT_SERVICE AS AIRPORT_SERVICEalias0 , AIRPORT_SERVICE AS AIRPORT_SERVICEalias1 , CITY AS CITYalias0 , CITY AS CITYalias1 , DAYS AS DAYSalias0 , FLIGHT AS FLIGHTalias0 WHERE ( CITYalias1.CITY_CODE = AIRPORT_SERVICEalias1.CITY_CODE AND CITYalias1.CITY_NAME = ""MONTREAL"" AND DAYSalias0.DAY_NAME = ""SATURDAY"" AND FLIGHTalias0.FLIGHT_DAYS = DAYSalias0.DAYS_CODE AND FLIGHTalias0.TO_AIRPORT = AIRPORT_SERVICEalias1.AIRPORT_CODE ) AND CITYalias0.CITY_CODE = AIRPORT_SERVICEalias0.CITY_CODE AND CITYalias0.CITY_NAME = ""WASHINGTON"" AND FLIGHTalias0.FROM_AIRPORT = AIRPORT_SERVICEalias0.AIRPORT_CODE ;",SELECT T1.flight_id FROM flight AS T1 JOIN date_day AS T2 ON T1.flight_days = T2.days_code WHERE T1.from_airport = 'WASH' AND T1.to_airport = 'MONT' AND T2.day_name = 'SATURDAY';,Qwen2.5-Coder-7B-Instruct-4bit,4.841879606246948,,"(1054, ""Unknown column 'T2.days_code' in 'ON'"")",,0.0016012191772460938,False,False,False
atis,hard,give me flights from SEATTLE to CHICAGO that have meals on CO,"SELECT DISTINCT FLIGHTalias0.FLIGHT_ID FROM FLIGHT AS FLIGHTalias0 WHERE ( ( ( FLIGHTalias0.MEAL_CODE IN ( SELECT FOOD_SERVICEalias0.MEAL_CODE FROM FOOD_SERVICE AS FOOD_SERVICEalias0 ) AND FLIGHTalias0.TO_AIRPORT IN ( SELECT AIRPORT_SERVICEalias1.AIRPORT_CODE FROM AIRPORT_SERVICE AS AIRPORT_SERVICEalias1 WHERE AIRPORT_SERVICEalias1.CITY_CODE IN ( SELECT CITYalias1.CITY_CODE FROM CITY AS CITYalias1 WHERE CITYalias1.CITY_NAME = ""CHICAGO"" ) ) ) AND FLIGHTalias0.FROM_AIRPORT IN ( SELECT AIRPORT_SERVICEalias0.AIRPORT_CODE FROM AIRPORT_SERVICE AS AIRPORT_SERVICEalias0 WHERE AIRPORT_SERVICEalias0.CITY_CODE IN ( SELECT CITYalias0.CITY_CODE FROM CITY AS CITYalias0 WHERE CITYalias0.CITY_NAME = ""SEATTLE"" ) ) ) AND FLIGHTalias0.AIRLINE_CODE = ""CO"" ) ;",SELECT T1.flight_id FROM flight AS T1 JOIN food_service AS T2 ON T1.meal_code = T2.meal_code WHERE T1.from_airport = 'SEA' AND T1.to_airport = 'CHI' AND T2.compartment = 'CO';,Qwen2.5-Coder-7B-Instruct-4bit,5.308231830596924,,,,0.0,False,False,False
atis,hard,what flights are there on DL from BOSTON to DALLAS,"SELECT DISTINCT FLIGHTalias0.FLIGHT_ID FROM AIRPORT_SERVICE AS AIRPORT_SERVICEalias0 , AIRPORT_SERVICE AS AIRPORT_SERVICEalias1 , CITY AS CITYalias0 , CITY AS CITYalias1 , FLIGHT AS FLIGHTalias0 WHERE ( CITYalias0.CITY_CODE = AIRPORT_SERVICEalias0.CITY_CODE AND CITYalias0.CITY_NAME = ""DALLAS"" AND CITYalias1.CITY_CODE = AIRPORT_SERVICEalias1.CITY_CODE AND CITYalias1.CITY_NAME = ""BOSTON"" AND FLIGHTalias0.TO_AIRPORT = AIRPORT_SERVICEalias0.AIRPORT_CODE AND FLIGHTalias0.FROM_AIRPORT = AIRPORT_SERVICEalias1.AIRPORT_CODE ) AND FLIGHTalias0.AIRLINE_CODE = ""DL"" ;",SELECT T1.flight_id FROM flight AS T1 JOIN airport AS T2 ON T1.from_airport = T2.airport_code JOIN airport AS T3 ON T1.to_airport = T3.airport_code JOIN airline AS T4 ON T1.airline_code = T4.airline_code WHERE T4.airline_name = 'Delta' AND T2.city_name = 'BOSTON' AND T3.city_name = 'DALLAS';,Qwen2.5-Coder-7B-Instruct-4bit,6.890265941619873,,"(1054, ""Unknown column 'T2.city_name' in 'WHERE'"")",,0.0,False,False,False
atis,hard,show flights from DENVER to SAN FRANCISCO,"SELECT DISTINCT FLIGHTalias0.FLIGHT_ID FROM AIRPORT_SERVICE AS AIRPORT_SERVICEalias0 , AIRPORT_SERVICE AS AIRPORT_SERVICEalias1 , CITY AS CITYalias0 , CITY AS CITYalias1 , FLIGHT AS FLIGHTalias0 WHERE CITYalias0.CITY_CODE = AIRPORT_SERVICEalias0.CITY_CODE AND CITYalias0.CITY_NAME = ""DENVER"" AND CITYalias1.CITY_CODE = AIRPORT_SERVICEalias1.CITY_CODE AND CITYalias1.CITY_NAME = ""SAN FRANCISCO"" AND FLIGHTalias0.FROM_AIRPORT = AIRPORT_SERVICEalias0.AIRPORT_CODE AND FLIGHTalias0.TO_AIRPORT = AIRPORT_SERVICEalias1.AIRPORT_CODE ;","SELECT T1.flight_id, T1.departure_time, T1.arrival_time FROM flight AS T1 JOIN airport AS T2 ON T1.from_airport = T2.airport_code JOIN airport AS T3 ON T1.to_airport = T3.airport_code WHERE T2.airport_name = 'DENVER' AND T3.airport_name = 'SAN FRANCISCO';",Qwen2.5-Coder-7B-Instruct-4bit,6.682605028152466,,,,0.0,False,False,False
atis,hard,flights from PHOENIX to MILWAUKEE on wednesday evening,"SELECT DISTINCT FLIGHTalias0.FLIGHT_ID FROM AIRPORT_SERVICE AS AIRPORT_SERVICEalias0 , AIRPORT_SERVICE AS AIRPORT_SERVICEalias1 , CITY AS CITYalias0 , CITY AS CITYalias1 , DATE_DAY AS DATE_DAYalias0 , DAYS AS DAYSalias0 , FLIGHT AS FLIGHTalias0 WHERE ( ( CITYalias1.CITY_CODE = AIRPORT_SERVICEalias1.CITY_CODE AND CITYalias1.CITY_NAME = ""MILWAUKEE"" AND DATE_DAYalias0.DAY_NUMBER = 23 AND DATE_DAYalias0.MONTH_NUMBER = 4 AND DATE_DAYalias0.YEAR = 1991 AND DAYSalias0.DAY_NAME = DATE_DAYalias0.DAY_NAME AND FLIGHTalias0.FLIGHT_DAYS = DAYSalias0.DAYS_CODE AND FLIGHTalias0.TO_AIRPORT = AIRPORT_SERVICEalias1.AIRPORT_CODE ) AND CITYalias0.CITY_CODE = AIRPORT_SERVICEalias0.CITY_CODE AND CITYalias0.CITY_NAME = ""PHOENIX"" AND FLIGHTalias0.FROM_AIRPORT = AIRPORT_SERVICEalias0.AIRPORT_CODE ) AND FLIGHTalias0.DEPARTURE_TIME BETWEEN 1800 AND 2200 ;",SELECT T1.flight_id FROM flight AS T1 JOIN date_day AS T2 ON T1.flight_days = T2.days_code JOIN airport AS T3 ON T1.from_airport = T3.airport_code JOIN airport AS T4 ON T1.to_airport = T4.airport_code WHERE T3.airport_name = 'PHOENIX' AND T4.airport_name = 'MILWAUKEE' AND T2.day_name = 'WEDNESDAY' AND T1.departure_time BETWEEN '18:00' AND '23:59';,Qwen2.5-Coder-7B-Instruct-4bit,9.141592502593994,,"(1054, ""Unknown column 'T2.days_code' in 'ON'"")",,0.0,False,False,False
atis,hard,show all flights from MIAMI to JFK,"SELECT DISTINCT FLIGHTalias0.FLIGHT_ID FROM AIRPORT AS AIRPORTalias0 , AIRPORT_SERVICE AS AIRPORT_SERVICEalias0 , CITY AS CITYalias0 , FLIGHT AS FLIGHTalias0 WHERE AIRPORTalias0.AIRPORT_CODE = ""JFK"" AND CITYalias0.CITY_CODE = AIRPORT_SERVICEalias0.CITY_CODE AND CITYalias0.CITY_NAME = ""MIAMI"" AND FLIGHTalias0.FROM_AIRPORT = AIRPORT_SERVICEalias0.AIRPORT_CODE AND FLIGHTalias0.TO_AIRPORT = AIRPORTalias0.AIRPORT_CODE ;",SELECT * FROM flight WHERE from_airport = 'MIA' AND to_airport = 'JFK';,Qwen2.5-Coder-7B-Instruct-4bit,2.301290512084961,,,,0.0,False,True,False
atis,hard,show me the last flight available in the evening from BOSTON to WASHINGTON on 7 21,"SELECT DISTINCT FLIGHTalias0.FLIGHT_ID FROM AIRPORT_SERVICE AS AIRPORT_SERVICEalias0 , AIRPORT_SERVICE AS AIRPORT_SERVICEalias1 , CITY AS CITYalias0 , CITY AS CITYalias1 , DATE_DAY AS DATE_DAYalias0 , DAYS AS DAYSalias0 , FLIGHT AS FLIGHTalias0 WHERE ( ( ( CITYalias1.CITY_CODE = AIRPORT_SERVICEalias1.CITY_CODE AND CITYalias1.CITY_NAME = ""WASHINGTON"" AND DATE_DAYalias0.DAY_NUMBER = 21 AND DATE_DAYalias0.MONTH_NUMBER = 7 AND DATE_DAYalias0.YEAR = 1991 AND DAYSalias0.DAY_NAME = DATE_DAYalias0.DAY_NAME AND FLIGHTalias0.FLIGHT_DAYS = DAYSalias0.DAYS_CODE AND FLIGHTalias0.TO_AIRPORT = AIRPORT_SERVICEalias1.AIRPORT_CODE ) AND CITYalias0.CITY_CODE = AIRPORT_SERVICEalias0.CITY_CODE AND CITYalias0.CITY_NAME = ""BOSTON"" AND FLIGHTalias0.FROM_AIRPORT = AIRPORT_SERVICEalias0.AIRPORT_CODE ) AND FLIGHTalias0.DEPARTURE_TIME BETWEEN 1800 AND 2200 ) AND FLIGHTalias0.DEPARTURE_TIME = ( SELECT MAX( FLIGHTalias1.DEPARTURE_TIME ) FROM AIRPORT_SERVICE AS AIRPORT_SERVICEalias2 , AIRPORT_SERVICE AS AIRPORT_SERVICEalias3 , CITY AS CITYalias2 , CITY AS CITYalias3 , DATE_DAY AS DATE_DAYalias1 , DAYS AS DAYSalias1 , FLIGHT AS FLIGHTalias1 WHERE ( ( CITYalias3.CITY_CODE = AIRPORT_SERVICEalias3.CITY_CODE AND CITYalias3.CITY_NAME = ""WASHINGTON"" AND DATE_DAYalias1.DAY_NUMBER = 21 AND DATE_DAYalias1.MONTH_NUMBER = 7 AND DATE_DAYalias1.YEAR = 1991 AND DAYSalias1.DAY_NAME = DATE_DAYalias1.DAY_NAME AND FLIGHTalias1.FLIGHT_DAYS = DAYSalias1.DAYS_CODE AND FLIGHTalias1.TO_AIRPORT = AIRPORT_SERVICEalias3.AIRPORT_CODE ) AND CITYalias2.CITY_CODE = AIRPORT_SERVICEalias2.CITY_CODE AND CITYalias2.CITY_NAME = ""BOSTON"" AND FLIGHTalias1.FROM_AIRPORT = AIRPORT_SERVICEalias2.AIRPORT_CODE ) AND FLIGHTalias1.DEPARTURE_TIME BETWEEN 1800 AND 2200 ) ;",SELECT MAX(arrival_time) AS last_evening_flight FROM flight JOIN airport ON flight.from_airport = airport.airport_code JOIN city ON airport.city_code = city.city_code WHERE city_name = 'BOSTON' AND to_airport = 'IAD' AND departure_time BETWEEN '18:00:00' AND '23:59:59' AND MONTH_NUMBER = 7 AND DAY_NUMBER = 21;,Qwen2.5-Coder-7B-Instruct-4bit,6.810338735580444,,"(1054, ""Unknown column 'MONTH_NUMBER' in 'WHERE'"")",,0.0,False,False,False
atis,hard,show me all flights from PITTSBURGH which leave tomorrow and arrive in BOSTON,"SELECT DISTINCT FLIGHTalias0.FLIGHT_ID FROM AIRPORT_SERVICE AS AIRPORT_SERVICEalias0 , AIRPORT_SERVICE AS AIRPORT_SERVICEalias1 , CITY AS CITYalias0 , CITY AS CITYalias1 , DATE_DAY AS DATE_DAYalias0 , DAYS AS DAYSalias0 , FLIGHT AS FLIGHTalias0 WHERE ( CITYalias1.CITY_CODE = AIRPORT_SERVICEalias1.CITY_CODE AND CITYalias1.CITY_NAME = ""BOSTON"" AND DATE_DAYalias0.DAY_NUMBER = 20 AND DATE_DAYalias0.MONTH_NUMBER = 1 AND DATE_DAYalias0.YEAR = 1991 AND DAYSalias0.DAY_NAME = DATE_DAYalias0.DAY_NAME AND FLIGHTalias0.FLIGHT_DAYS = DAYSalias0.DAYS_CODE AND FLIGHTalias0.TO_AIRPORT = AIRPORT_SERVICEalias1.AIRPORT_CODE ) AND CITYalias0.CITY_CODE = AIRPORT_SERVICEalias0.CITY_CODE AND CITYalias0.CITY_NAME = ""PITTSBURGH"" AND FLIGHTalias0.FROM_AIRPORT = AIRPORT_SERVICEalias0.AIRPORT_CODE ;","SELECT f.flight_id, f.departure_time, f.arrival_time 
FROM flight f 
JOIN airport a1 ON f.from_airport = a1.airport_code 
JOIN airport a2 ON f.to_airport = a2.airport_code 
JOIN city c1 ON a1.city_code = c1.city_code 
JOIN city c2 ON a2.city_code = c2.city_code 
WHERE c1.city_name = 'PITTSBURGH' AND c2.city_name = 'BOSTON' 
AND DATE(f.departure_time) = CURDATE() + INTERVAL 1 DAY;",Qwen2.5-Coder-7B-Instruct-4bit,9.426542282104492,,"(1054, ""Unknown column 'a1.city_code' in 'ON'"")",,0.0,False,False,False
atis,hard,what about flights from BOSTON to SAN DIEGO,"SELECT DISTINCT FLIGHTalias0.FLIGHT_ID FROM AIRPORT_SERVICE AS AIRPORT_SERVICEalias0 , AIRPORT_SERVICE AS AIRPORT_SERVICEalias1 , CITY AS CITYalias0 , CITY AS CITYalias1 , FLIGHT AS FLIGHTalias0 WHERE CITYalias0.CITY_CODE = AIRPORT_SERVICEalias0.CITY_CODE AND CITYalias0.CITY_NAME = ""BOSTON"" AND CITYalias1.CITY_CODE = AIRPORT_SERVICEalias1.CITY_CODE AND CITYalias1.CITY_NAME = ""SAN DIEGO"" AND FLIGHTalias0.FROM_AIRPORT = AIRPORT_SERVICEalias0.AIRPORT_CODE AND FLIGHTalias0.TO_AIRPORT = AIRPORT_SERVICEalias1.AIRPORT_CODE ;",SELECT T1.flight_id FROM flight AS T1 JOIN airport AS T2 ON T1.from_airport = T2.airport_code JOIN airport AS T3 ON T1.to_airport = T3.airport_code JOIN city AS T4 ON T2.city_code = T4.city_code WHERE T4.city_name = 'BOSTON' AND T3.city_name = 'SAN DIEGO';,Qwen2.5-Coder-7B-Instruct-4bit,6.577049732208252,,"(1054, ""Unknown column 'T3.city_name' in 'WHERE'"")",,0.0,False,False,False
atis,hard,SAN FRANCISCO to DENVER tuesday,"SELECT DISTINCT FLIGHTalias0.FLIGHT_ID FROM AIRPORT_SERVICE AS AIRPORT_SERVICEalias0 , AIRPORT_SERVICE AS AIRPORT_SERVICEalias1 , CITY AS CITYalias0 , CITY AS CITYalias1 , DATE_DAY AS DATE_DAYalias0 , DAYS AS DAYSalias0 , FLIGHT AS FLIGHTalias0 WHERE ( CITYalias1.CITY_CODE = AIRPORT_SERVICEalias1.CITY_CODE AND CITYalias1.CITY_NAME = ""DENVER"" AND DATE_DAYalias0.DAY_NUMBER = 22 AND DATE_DAYalias0.MONTH_NUMBER = 3 AND DATE_DAYalias0.YEAR = 1991 AND DAYSalias0.DAY_NAME = DATE_DAYalias0.DAY_NAME AND FLIGHTalias0.FLIGHT_DAYS = DAYSalias0.DAYS_CODE AND FLIGHTalias0.TO_AIRPORT = AIRPORT_SERVICEalias1.AIRPORT_CODE ) AND CITYalias0.CITY_CODE = AIRPORT_SERVICEalias0.CITY_CODE AND CITYalias0.CITY_NAME = ""SAN FRANCISCO"" AND FLIGHTalias0.FROM_AIRPORT = AIRPORT_SERVICEalias0.AIRPORT_CODE ;",SELECT T1.flight_id FROM flight AS T1 JOIN flight_days AS T2 ON T1.flight_days = T2.flight_days JOIN days AS T3 ON T2.days_code = T3.days_code WHERE T1.from_airport = 'SAN' AND T1.to_airport = 'DEN' AND T3.day_name = 'TUESDAY';,Qwen2.5-Coder-7B-Instruct-4bit,5.728856325149536,,"(1146, ""Table 'atis.flight_days' doesn't exist"")",,0.0,False,False,False
atis,hard,show me the flight schedule from PITTSBURGH to SAN FRANCISCO,"SELECT DISTINCT FLIGHTalias0.ARRIVAL_TIME , FLIGHTalias0.DEPARTURE_TIME FROM AIRPORT_SERVICE AS AIRPORT_SERVICEalias0 , AIRPORT_SERVICE AS AIRPORT_SERVICEalias1 , CITY AS CITYalias0 , CITY AS CITYalias1 , FLIGHT AS FLIGHTalias0 , FLIGHT AS FLIGHTalias1 , FLIGHT_LEG AS FLIGHT_LEGalias0 WHERE CITYalias0.CITY_CODE = AIRPORT_SERVICEalias0.CITY_CODE AND CITYalias0.CITY_NAME = ""PITTSBURGH"" AND CITYalias1.CITY_CODE = AIRPORT_SERVICEalias1.CITY_CODE AND CITYalias1.CITY_NAME = ""SAN FRANCISCO"" AND FLIGHTalias0.FLIGHT_ID = FLIGHT_LEGalias0.LEG_FLIGHT AND FLIGHTalias1.FLIGHT_ID = FLIGHT_LEGalias0.FLIGHT_ID AND FLIGHTalias1.FROM_AIRPORT = AIRPORT_SERVICEalias0.AIRPORT_CODE AND FLIGHTalias1.TO_AIRPORT = AIRPORT_SERVICEalias1.AIRPORT_CODE ;","SELECT T1.flight_id, T1.departure_time, T1.arrival_time FROM flight AS T1 JOIN airport AS T2 ON T1.from_airport = T2.airport_code JOIN airport AS T3 ON T1.to_airport = T3.airport_code JOIN city AS T4 ON T2.city_code = T4.city_code JOIN city AS T5 ON T3.city_code = T5.city_code WHERE T4.city_name = 'PITTSBURGH' AND T5.city_name = 'SAN FRANCISCO';",Qwen2.5-Coder-7B-Instruct-4bit,8.617759704589844,,"(1054, ""Unknown column 'T2.city_code' in 'ON'"")",,0.0,False,False,False
atis,hard,i would like to book an early morning flight from TAMPA FLORIDA to CHARLOTTE NORTH CAROLINA on 4 6,"SELECT DISTINCT FLIGHTalias0.FLIGHT_ID FROM AIRPORT_SERVICE AS AIRPORT_SERVICEalias0 , AIRPORT_SERVICE AS AIRPORT_SERVICEalias1 , CITY AS CITYalias0 , CITY AS CITYalias1 , DATE_DAY AS DATE_DAYalias0 , DAYS AS DAYSalias0 , FLIGHT AS FLIGHTalias0 , STATE AS STATEalias0 , STATE AS STATEalias1 WHERE ( ( CITYalias1.CITY_CODE = AIRPORT_SERVICEalias1.CITY_CODE AND CITYalias1.CITY_NAME = ""CHARLOTTE"" AND DATE_DAYalias0.DAY_NUMBER = 6 AND DATE_DAYalias0.MONTH_NUMBER = 4 AND DATE_DAYalias0.YEAR = 1991 AND DAYSalias0.DAY_NAME = DATE_DAYalias0.DAY_NAME AND FLIGHTalias0.FLIGHT_DAYS = DAYSalias0.DAYS_CODE AND FLIGHTalias0.TO_AIRPORT = AIRPORT_SERVICEalias1.AIRPORT_CODE AND STATEalias1.STATE_CODE = CITYalias1.STATE_CODE AND STATEalias1.STATE_NAME = ""NORTH CAROLINA"" ) AND CITYalias0.CITY_CODE = AIRPORT_SERVICEalias0.CITY_CODE AND CITYalias0.CITY_NAME = ""TAMPA"" AND FLIGHTalias0.FROM_AIRPORT = AIRPORT_SERVICEalias0.AIRPORT_CODE AND STATEalias0.STATE_CODE = CITYalias0.STATE_CODE AND STATEalias0.STATE_NAME = ""FLORIDA"" ) AND FLIGHTalias0.DEPARTURE_TIME BETWEEN 0 AND 800 ;",SELECT T1.flight_id FROM flight AS T1 JOIN airport AS T2 ON T1.from_airport = T2.airport_code JOIN airport AS T3 ON T1.to_airport = T3.airport_code JOIN city AS T4 ON T2.city_code = T4.city_code JOIN city AS T5 ON T3.city_code = T5.city_code WHERE T4.city_name = 'TAMPA' AND T5.city_name = 'CHARLOTTE' AND T1.departure_time BETWEEN '00:00:00' AND '07:00:00' AND T1.month_number = 4 AND T1.day_number = 6;,Qwen2.5-Coder-7B-Instruct-4bit,10.855674266815186,,"(1054, ""Unknown column 'T1.month_number' in 'WHERE'"")",,0.004023551940917969,False,False,False
atis,hard,all UA flights with stopovers in DENVER,"SELECT DISTINCT FLIGHTalias0.FLIGHT_ID FROM AIRPORT_SERVICE AS AIRPORT_SERVICEalias0 , CITY AS CITYalias0 , FLIGHT AS FLIGHTalias0 , FLIGHT_STOP AS FLIGHT_STOPalias0 WHERE CITYalias0.CITY_CODE = AIRPORT_SERVICEalias0.CITY_CODE AND CITYalias0.CITY_NAME = ""DENVER"" AND FLIGHT_STOPalias0.STOP_AIRPORT = AIRPORT_SERVICEalias0.AIRPORT_CODE AND FLIGHTalias0.AIRLINE_CODE = ""UA"" AND FLIGHTalias0.FLIGHT_ID = FLIGHT_STOPalias0.FLIGHT_ID ;",SELECT T1.flight_id FROM flight AS T1 JOIN flight_stop AS T2 ON T1.flight_id = T2.flight_id JOIN airport AS T3 ON T2.stop_airport = T3.airport_code WHERE T1.airline_code = 'UA' AND T3.airport_name = 'DENVER' AND T2.stop_number > 0;,Qwen2.5-Coder-7B-Instruct-4bit,5.833854675292969,,,,0.0,False,False,False
atis,hard,show flights from DENVER to OAKLAND,"SELECT DISTINCT FLIGHTalias0.FLIGHT_ID FROM AIRPORT_SERVICE AS AIRPORT_SERVICEalias0 , AIRPORT_SERVICE AS AIRPORT_SERVICEalias1 , CITY AS CITYalias0 , CITY AS CITYalias1 , FLIGHT AS FLIGHTalias0 WHERE CITYalias0.CITY_CODE = AIRPORT_SERVICEalias0.CITY_CODE AND CITYalias0.CITY_NAME = ""DENVER"" AND CITYalias1.CITY_CODE = AIRPORT_SERVICEalias1.CITY_CODE AND CITYalias1.CITY_NAME = ""OAKLAND"" AND FLIGHTalias0.FROM_AIRPORT = AIRPORT_SERVICEalias0.AIRPORT_CODE AND FLIGHTalias0.TO_AIRPORT = AIRPORT_SERVICEalias1.AIRPORT_CODE ;","SELECT T1.flight_id, T1.departure_time, T1.arrival_time FROM flight AS T1 JOIN airport AS T2 ON T1.from_airport = T2.airport_code JOIN airport AS T3 ON T1.to_airport = T3.airport_code WHERE T2.airport_name = 'DENVER' AND T3.airport_name = 'OAKLAND';",Qwen2.5-Coder-7B-Instruct-4bit,6.88025689125061,,,,0.0,False,False,False
atis,hard,give me flights that arrive in BALTIMORE from ATLANTA,"SELECT DISTINCT FLIGHTalias0.FLIGHT_ID FROM AIRPORT_SERVICE AS AIRPORT_SERVICEalias0 , AIRPORT_SERVICE AS AIRPORT_SERVICEalias1 , CITY AS CITYalias0 , CITY AS CITYalias1 , FLIGHT AS FLIGHTalias0 WHERE CITYalias0.CITY_CODE = AIRPORT_SERVICEalias0.CITY_CODE AND CITYalias0.CITY_NAME = ""ATLANTA"" AND CITYalias1.CITY_CODE = AIRPORT_SERVICEalias1.CITY_CODE AND CITYalias1.CITY_NAME = ""BALTIMORE"" AND FLIGHTalias0.FROM_AIRPORT = AIRPORT_SERVICEalias0.AIRPORT_CODE AND FLIGHTalias0.TO_AIRPORT = AIRPORT_SERVICEalias1.AIRPORT_CODE ;",SELECT T1.flight_id FROM flight AS T1 JOIN airport AS T2 ON T1.to_airport = T2.airport_code JOIN airport AS T3 ON T1.from_airport = T3.airport_code WHERE T2.airport_name = 'BALTIMORE' AND T3.airport_name = 'ATLANTA';,Qwen2.5-Coder-7B-Instruct-4bit,5.3747851848602295,,,,0.0,False,False,False
atis,hard,how many stops on CO 1765 from BOSTON to SAN FRANCISCO,"SELECT DISTINCT FLIGHTalias0.STOPS FROM AIRPORT_SERVICE AS AIRPORT_SERVICEalias0 , AIRPORT_SERVICE AS AIRPORT_SERVICEalias1 , CITY AS CITYalias0 , CITY AS CITYalias1 , FLIGHT AS FLIGHTalias0 WHERE ( ( CITYalias1.CITY_CODE = AIRPORT_SERVICEalias1.CITY_CODE AND CITYalias1.CITY_NAME = ""SAN FRANCISCO"" AND FLIGHTalias0.FLIGHT_NUMBER = 1765 AND FLIGHTalias0.TO_AIRPORT = AIRPORT_SERVICEalias1.AIRPORT_CODE ) AND CITYalias0.CITY_CODE = AIRPORT_SERVICEalias0.CITY_CODE AND CITYalias0.CITY_NAME = ""BOSTON"" AND FLIGHTalias0.FROM_AIRPORT = AIRPORT_SERVICEalias0.AIRPORT_CODE ) AND FLIGHTalias0.AIRLINE_CODE = ""CO"" ;",SELECT COUNT(*) FROM flight_stop WHERE flight_id IN (SELECT flight_id FROM flight WHERE flight_number = 'CO 1765' AND from_airport IN (SELECT airport_code FROM airport WHERE airport_name = 'BOSTON') AND to_airport IN (SELECT airport_code FROM airport WHERE airport_name = 'SAN FRANCISCO'));,Qwen2.5-Coder-7B-Instruct-4bit,5.749260902404785,,,,0.012951135635375977,False,True,False
atis,hard,show me the flights before 800 on 8 2 from BOSTON to DENVER on DL,"SELECT DISTINCT FLIGHTalias0.FLIGHT_ID FROM AIRPORT_SERVICE AS AIRPORT_SERVICEalias0 , AIRPORT_SERVICE AS AIRPORT_SERVICEalias1 , CITY AS CITYalias0 , CITY AS CITYalias1 , DATE_DAY AS DATE_DAYalias0 , DAYS AS DAYSalias0 , FLIGHT AS FLIGHTalias0 WHERE ( ( ( DATE_DAYalias0.DAY_NUMBER = 2 AND DATE_DAYalias0.MONTH_NUMBER = 8 AND DATE_DAYalias0.YEAR = 1991 AND DAYSalias0.DAY_NAME = DATE_DAYalias0.DAY_NAME AND FLIGHTalias0.DEPARTURE_TIME < 800 AND FLIGHTalias0.FLIGHT_DAYS = DAYSalias0.DAYS_CODE ) AND CITYalias1.CITY_CODE = AIRPORT_SERVICEalias1.CITY_CODE AND CITYalias1.CITY_NAME = ""DENVER"" AND FLIGHTalias0.TO_AIRPORT = AIRPORT_SERVICEalias1.AIRPORT_CODE ) AND CITYalias0.CITY_CODE = AIRPORT_SERVICEalias0.CITY_CODE AND CITYalias0.CITY_NAME = ""BOSTON"" AND FLIGHTalias0.FROM_AIRPORT = AIRPORT_SERVICEalias0.AIRPORT_CODE ) AND FLIGHTalias0.AIRLINE_CODE = ""DL"" ;",SELECT T1.flight_id FROM flight AS T1 JOIN airport AS T2 ON T1.from_airport = T2.airport_code JOIN airport AS T3 ON T1.to_airport = T3.airport_code JOIN city AS T4 ON T4.city_code = T2.city_code WHERE T4.city_name = 'BOSTON' AND T3.airport_name = 'DENVER' AND T1.departure_time < 800 AND T1.flight_days LIKE '%8/2/%' AND T1.airline_code = 'DL';,Qwen2.5-Coder-7B-Instruct-4bit,8.414911270141602,,"(1054, ""Unknown column 'T2.city_code' in 'ON'"")",,0.005510807037353516,False,False,False
atis,hard,is it possible for me to fly from BALTIMORE to SAN FRANCISCO,"SELECT DISTINCT FLIGHTalias0.FLIGHT_ID FROM AIRPORT_SERVICE AS AIRPORT_SERVICEalias0 , AIRPORT_SERVICE AS AIRPORT_SERVICEalias1 , CITY AS CITYalias0 , CITY AS CITYalias1 , FLIGHT AS FLIGHTalias0 WHERE CITYalias0.CITY_CODE = AIRPORT_SERVICEalias0.CITY_CODE AND CITYalias0.CITY_NAME = ""BALTIMORE"" AND CITYalias1.CITY_CODE = AIRPORT_SERVICEalias1.CITY_CODE AND CITYalias1.CITY_NAME = ""SAN FRANCISCO"" AND FLIGHTalias0.FROM_AIRPORT = AIRPORT_SERVICEalias0.AIRPORT_CODE AND FLIGHTalias0.TO_AIRPORT = AIRPORT_SERVICEalias1.AIRPORT_CODE ;",SELECT EXISTS(SELECT 1 FROM fare WHERE from_airport = 'BALTIMORE' AND to_airport = 'SAN FRANCISCO');,Qwen2.5-Coder-7B-Instruct-4bit,2.831959724426269,,,,0.0,False,False,False
atis,hard,i need a flight from DALLAS to SAN FRANCISCO,"SELECT DISTINCT FLIGHTalias0.FLIGHT_ID FROM AIRPORT_SERVICE AS AIRPORT_SERVICEalias0 , AIRPORT_SERVICE AS AIRPORT_SERVICEalias1 , CITY AS CITYalias0 , CITY AS CITYalias1 , FLIGHT AS FLIGHTalias0 WHERE CITYalias0.CITY_CODE = AIRPORT_SERVICEalias0.CITY_CODE AND CITYalias0.CITY_NAME = ""DALLAS"" AND CITYalias1.CITY_CODE = AIRPORT_SERVICEalias1.CITY_CODE AND CITYalias1.CITY_NAME = ""SAN FRANCISCO"" AND FLIGHTalias0.FROM_AIRPORT = AIRPORT_SERVICEalias0.AIRPORT_CODE AND FLIGHTalias0.TO_AIRPORT = AIRPORT_SERVICEalias1.AIRPORT_CODE ;",SELECT T1.flight_id FROM flight AS T1 JOIN airport AS T2 ON T1.from_airport = T2.airport_code JOIN airport AS T3 ON T1.to_airport = T3.airport_code WHERE T2.airport_name = 'DALLAS' AND T3.airport_name = 'SAN FRANCISCO';,Qwen2.5-Coder-7B-Instruct-4bit,5.719714164733887,,,,0.0,False,False,False
atis,hard,list types of aircraft that connect BOSTON and SAN FRANCISCO,"SELECT DISTINCT AIRCRAFTalias0.AIRCRAFT_CODE FROM AIRCRAFT AS AIRCRAFTalias0 , AIRPORT_SERVICE AS AIRPORT_SERVICEalias0 , AIRPORT_SERVICE AS AIRPORT_SERVICEalias1 , CITY AS CITYalias0 , CITY AS CITYalias1 , EQUIPMENT_SEQUENCE AS EQUIPMENT_SEQUENCEalias0 , FLIGHT AS FLIGHTalias0 WHERE CITYalias0.CITY_CODE = AIRPORT_SERVICEalias0.CITY_CODE AND CITYalias0.CITY_NAME = ""BOSTON"" AND CITYalias1.CITY_CODE = AIRPORT_SERVICEalias1.CITY_CODE AND CITYalias1.CITY_NAME = ""SAN FRANCISCO"" AND EQUIPMENT_SEQUENCEalias0.AIRCRAFT_CODE = AIRCRAFTalias0.AIRCRAFT_CODE AND FLIGHTalias0.AIRCRAFT_CODE_SEQUENCE = EQUIPMENT_SEQUENCEalias0.AIRCRAFT_CODE_SEQUENCE AND FLIGHTalias0.FROM_AIRPORT = AIRPORT_SERVICEalias0.AIRPORT_CODE AND FLIGHTalias0.TO_AIRPORT = AIRPORT_SERVICEalias1.AIRPORT_CODE ;","SELECT DISTINCT T1.basic_type FROM aircraft AS T1 JOIN equipment_sequence AS T2 ON T1.aircraft_code = T2.aircraft_code JOIN flight AS T3 ON T2.aircraft_code_sequence = T3.aircraft_code_sequence WHERE T3.from_airport IN ('BOS', 'SFO') AND T3.to_airport IN ('BOS', 'SFO');",Qwen2.5-Coder-7B-Instruct-4bit,5.911259412765503,,,,0.002878427505493164,False,False,False
atis,hard,is there a flight between SAN FRANCISCO and BOSTON with a stopover in DALLAS FORT WORTH,"SELECT DISTINCT FLIGHTalias0.FLIGHT_ID FROM AIRPORT_SERVICE AS AIRPORT_SERVICEalias0 , AIRPORT_SERVICE AS AIRPORT_SERVICEalias1 , AIRPORT_SERVICE AS AIRPORT_SERVICEalias2 , AIRPORT_SERVICE AS AIRPORT_SERVICEalias3 , CITY AS CITYalias0 , CITY AS CITYalias1 , CITY AS CITYalias2 , CITY AS CITYalias3 , FLIGHT AS FLIGHTalias0 , FLIGHT_STOP AS FLIGHT_STOPalias0 , FLIGHT_STOP AS FLIGHT_STOPalias1 WHERE ( ( CITYalias2.CITY_CODE = AIRPORT_SERVICEalias2.CITY_CODE AND CITYalias2.CITY_NAME = ""DALLAS"" AND CITYalias3.CITY_CODE = AIRPORT_SERVICEalias3.CITY_CODE AND CITYalias3.CITY_NAME = ""FORT WORTH"" AND FLIGHT_STOPalias0.STOP_AIRPORT = AIRPORT_SERVICEalias2.AIRPORT_CODE AND FLIGHT_STOPalias1.STOP_AIRPORT = AIRPORT_SERVICEalias3.AIRPORT_CODE AND FLIGHTalias0.FLIGHT_ID = FLIGHT_STOPalias0.FLIGHT_ID AND FLIGHTalias0.FLIGHT_ID = FLIGHT_STOPalias1.FLIGHT_ID ) AND CITYalias1.CITY_CODE = AIRPORT_SERVICEalias1.CITY_CODE AND CITYalias1.CITY_NAME = ""BOSTON"" AND FLIGHTalias0.TO_AIRPORT = AIRPORT_SERVICEalias1.AIRPORT_CODE ) AND CITYalias0.CITY_CODE = AIRPORT_SERVICEalias0.CITY_CODE AND CITYalias0.CITY_NAME = ""SAN FRANCISCO"" AND FLIGHTalias0.FROM_AIRPORT = AIRPORT_SERVICEalias0.AIRPORT_CODE ;","SELECT EXISTS (
    SELECT 1
    FROM flight
    JOIN flight_stop ON flight.flight_id = flight_stop.flight_id
    WHERE (flight.from_airport = 'SAN' AND flight.to_airport = 'BOS')
      OR (flight.from_airport = 'DAL' AND flight.to_airport = 'BOS')
      OR (flight.from_airport = 'SAN' AND flight_stop.stop_airport = 'DAL')
      OR (flight.from_airport = 'BOS' AND flight_stop.stop_airport = 'DAL')
);",Qwen2.5-Coder-7B-Instruct-4bit,8.800890684127808,,,,0.016130447387695312,False,True,False
atis,hard,what is the earliest departure time from BOSTON to DENVER,"SELECT DISTINCT FLIGHTalias0.DEPARTURE_TIME FROM AIRPORT_SERVICE AS AIRPORT_SERVICEalias0 , AIRPORT_SERVICE AS AIRPORT_SERVICEalias1 , CITY AS CITYalias0 , CITY AS CITYalias1 , FLIGHT AS FLIGHTalias0 WHERE ( CITYalias0.CITY_CODE = AIRPORT_SERVICEalias0.CITY_CODE AND CITYalias0.CITY_NAME = ""BOSTON"" AND CITYalias1.CITY_CODE = AIRPORT_SERVICEalias1.CITY_CODE AND CITYalias1.CITY_NAME = ""DENVER"" AND FLIGHTalias0.FROM_AIRPORT = AIRPORT_SERVICEalias0.AIRPORT_CODE AND FLIGHTalias0.TO_AIRPORT = AIRPORT_SERVICEalias1.AIRPORT_CODE ) AND FLIGHTalias0.DEPARTURE_TIME = ( SELECT MIN( FLIGHTalias1.DEPARTURE_TIME ) FROM AIRPORT_SERVICE AS AIRPORT_SERVICEalias2 , AIRPORT_SERVICE AS AIRPORT_SERVICEalias3 , CITY AS CITYalias2 , CITY AS CITYalias3 , FLIGHT AS FLIGHTalias1 WHERE CITYalias2.CITY_CODE = AIRPORT_SERVICEalias2.CITY_CODE AND CITYalias2.CITY_NAME = ""BOSTON"" AND CITYalias3.CITY_CODE = AIRPORT_SERVICEalias3.CITY_CODE AND CITYalias3.CITY_NAME = ""DENVER"" AND FLIGHTalias1.FROM_AIRPORT = AIRPORT_SERVICEalias2.AIRPORT_CODE AND FLIGHTalias1.TO_AIRPORT = AIRPORT_SERVICEalias3.AIRPORT_CODE ) ;",SELECT MIN(departure_time) AS earliest_departure_time FROM flight JOIN airport ON flight.from_airport = airport.airport_code JOIN city ON airport.city_code = city.city_code WHERE city.city_name = 'BOSTON' AND flight.to_airport = 'DENVER';,Qwen2.5-Coder-7B-Instruct-4bit,4.671164512634277,,"(1054, ""Unknown column 'airport.city_code' in 'ON'"")",,0.0010485649108886719,False,False,False
atis,hard,list the earliest flights from ST. PAUL to SAN JOSE,"SELECT DISTINCT FLIGHTalias0.FLIGHT_ID FROM AIRPORT_SERVICE AS AIRPORT_SERVICEalias0 , AIRPORT_SERVICE AS AIRPORT_SERVICEalias1 , CITY AS CITYalias0 , CITY AS CITYalias1 , FLIGHT AS FLIGHTalias0 WHERE ( CITYalias0.CITY_CODE = AIRPORT_SERVICEalias0.CITY_CODE AND CITYalias0.CITY_NAME = ""ST. PAUL"" AND CITYalias1.CITY_CODE = AIRPORT_SERVICEalias1.CITY_CODE AND CITYalias1.CITY_NAME = ""SAN JOSE"" AND FLIGHTalias0.FROM_AIRPORT = AIRPORT_SERVICEalias0.AIRPORT_CODE AND FLIGHTalias0.TO_AIRPORT = AIRPORT_SERVICEalias1.AIRPORT_CODE ) AND FLIGHTalias0.DEPARTURE_TIME = ( SELECT MIN( FLIGHTalias1.DEPARTURE_TIME ) FROM AIRPORT_SERVICE AS AIRPORT_SERVICEalias2 , AIRPORT_SERVICE AS AIRPORT_SERVICEalias3 , CITY AS CITYalias2 , CITY AS CITYalias3 , FLIGHT AS FLIGHTalias1 WHERE CITYalias2.CITY_CODE = AIRPORT_SERVICEalias2.CITY_CODE AND CITYalias2.CITY_NAME = ""ST. PAUL"" AND CITYalias3.CITY_CODE = AIRPORT_SERVICEalias3.CITY_CODE AND CITYalias3.CITY_NAME = ""SAN JOSE"" AND FLIGHTalias1.FROM_AIRPORT = AIRPORT_SERVICEalias2.AIRPORT_CODE AND FLIGHTalias1.TO_AIRPORT = AIRPORT_SERVICEalias3.AIRPORT_CODE ) ;",SELECT MIN(departure_time) FROM flight WHERE from_airport = 'ST. PAUL' AND to_airport = 'SAN JOSE';,Qwen2.5-Coder-7B-Instruct-4bit,3.1325368881225586,,,,0.0009992122650146484,False,False,False
atis,hard,what ground transportation is available from the PITTSBURGH airport to the town,"SELECT DISTINCT GROUND_SERVICEalias0.TRANSPORT_TYPE FROM AIRPORT AS AIRPORTalias0 , AIRPORT_SERVICE AS AIRPORT_SERVICEalias0 , CITY AS CITYalias0 , CITY AS CITYalias1 , GROUND_SERVICE AS GROUND_SERVICEalias0 WHERE AIRPORTalias0.AIRPORT_CODE = AIRPORT_SERVICEalias0.AIRPORT_CODE AND CITYalias0.CITY_CODE = AIRPORT_SERVICEalias0.CITY_CODE AND CITYalias0.CITY_NAME = ""PITTSBURGH"" AND CITYalias1.CITY_NAME = ""PITTSBURGH"" AND GROUND_SERVICEalias0.AIRPORT_CODE = AIRPORTalias0.AIRPORT_CODE AND GROUND_SERVICEalias0.CITY_CODE = CITYalias1.CITY_CODE ;",SELECT T1.transport_type FROM ground_service AS T1 JOIN airport AS T2 ON T1.airport_code = T2.airport_code WHERE T2.airport_name = 'PITTSBURGH' AND T1.city_code IN (SELECT city_code FROM city WHERE city_name = 'town'),Qwen2.5-Coder-7B-Instruct-4bit,4.917216062545776,,,,0.002246856689453125,False,False,False
atis,hard,i'd like to see all the economy fares from BALTIMORE to PHILADELPHIA,"SELECT DISTINCT FAREalias0.FARE_ID FROM AIRPORT_SERVICE AS AIRPORT_SERVICEalias0 , AIRPORT_SERVICE AS AIRPORT_SERVICEalias1 , CITY AS CITYalias0 , CITY AS CITYalias1 , FARE AS FAREalias0 , FARE_BASIS AS FARE_BASISalias0 , FLIGHT AS FLIGHTalias0 , FLIGHT_FARE AS FLIGHT_FAREalias0 WHERE CITYalias0.CITY_CODE = AIRPORT_SERVICEalias0.CITY_CODE AND CITYalias0.CITY_NAME = ""BALTIMORE"" AND CITYalias1.CITY_CODE = AIRPORT_SERVICEalias1.CITY_CODE AND CITYalias1.CITY_NAME = ""PHILADELPHIA"" AND FARE_BASISalias0.ECONOMY = ""YES"" AND FAREalias0.FARE_BASIS_CODE = FARE_BASISalias0.FARE_BASIS_CODE AND FLIGHT_FAREalias0.FARE_ID = FAREalias0.FARE_ID AND FLIGHTalias0.FLIGHT_ID = FLIGHT_FAREalias0.FLIGHT_ID AND FLIGHTalias0.FROM_AIRPORT = AIRPORT_SERVICEalias0.AIRPORT_CODE AND FLIGHTalias0.TO_AIRPORT = AIRPORT_SERVICEalias1.AIRPORT_CODE ;","SELECT T1.fare_id, T2.booking_class FROM fare AS T1 JOIN fare_basis AS T2 ON T1.fare_basis_code = T2.fare_basis_code WHERE T1.from_airport = 'BALTIMORE' AND T1.to_airport = 'PHILADELPHIA' AND T2.class_type = 'Economy';",Qwen2.5-Coder-7B-Instruct-4bit,6.2742760181427,,,,0.0025882720947265625,False,False,False
atis,hard,show me the flights from BOSTON to OAKLAND,"SELECT DISTINCT FLIGHTalias0.FLIGHT_ID FROM AIRPORT_SERVICE AS AIRPORT_SERVICEalias0 , AIRPORT_SERVICE AS AIRPORT_SERVICEalias1 , CITY AS CITYalias0 , CITY AS CITYalias1 , FLIGHT AS FLIGHTalias0 WHERE CITYalias0.CITY_CODE = AIRPORT_SERVICEalias0.CITY_CODE AND CITYalias0.CITY_NAME = ""BOSTON"" AND CITYalias1.CITY_CODE = AIRPORT_SERVICEalias1.CITY_CODE AND CITYalias1.CITY_NAME = ""OAKLAND"" AND FLIGHTalias0.FROM_AIRPORT = AIRPORT_SERVICEalias0.AIRPORT_CODE AND FLIGHTalias0.TO_AIRPORT = AIRPORT_SERVICEalias1.AIRPORT_CODE ;","SELECT T1.flight_id, T1.departure_time, T1.arrival_time FROM flight AS T1 JOIN airport AS T2 ON T1.from_airport = T2.airport_code JOIN airport AS T3 ON T1.to_airport = T3.airport_code JOIN city AS T4 ON T2.city_code = T4.city_code WHERE T4.city_name = 'BOSTON' AND T3.city_name = 'OAKLAND';",Qwen2.5-Coder-7B-Instruct-4bit,6.970758676528931,,"(1054, ""Unknown column 'T3.city_name' in 'WHERE'"")",,0.0,False,False,False
atis,hard,list possible round trip DAILY flights between BOSTON and OAKLAND,"SELECT DISTINCT FLIGHTalias0.FLIGHT_ID FROM AIRPORT_SERVICE AS AIRPORT_SERVICEalias0 , AIRPORT_SERVICE AS AIRPORT_SERVICEalias1 , CITY AS CITYalias0 , CITY AS CITYalias1 , FARE AS FAREalias0 , FLIGHT AS FLIGHTalias0 , FLIGHT_FARE AS FLIGHT_FAREalias0 WHERE ( ( CITYalias1.CITY_CODE = AIRPORT_SERVICEalias1.CITY_CODE AND CITYalias1.CITY_NAME = ""OAKLAND"" AND FAREalias0.ROUND_TRIP_COST IS NOT NULL AND FLIGHT_FAREalias0.FARE_ID = FAREalias0.FARE_ID AND FLIGHTalias0.FLIGHT_ID = FLIGHT_FAREalias0.FLIGHT_ID AND FLIGHTalias0.TO_AIRPORT = AIRPORT_SERVICEalias1.AIRPORT_CODE ) AND CITYalias0.CITY_CODE = AIRPORT_SERVICEalias0.CITY_CODE AND CITYalias0.CITY_NAME = ""BOSTON"" AND FLIGHTalias0.FROM_AIRPORT = AIRPORT_SERVICEalias0.AIRPORT_CODE ) AND FLIGHTalias0.FLIGHT_DAYS = ""DAILY"" ;",SELECT T1.flight_id FROM flight AS T1 JOIN airport AS T2 ON T1.from_airport = T2.airport_code JOIN airport AS T3 ON T1.to_airport = T3.airport_code JOIN city AS T4 ON T4.city_code = T2.city_code JOIN city AS T5 ON T5.city_code = T3.city_code WHERE T4.city_name = 'BOSTON' AND T5.city_name = 'OAKLAND' AND T1.round_trip_required = 'Y' AND T1.flight_days LIKE '%D%',Qwen2.5-Coder-7B-Instruct-4bit,9.082274675369264,,"(1054, ""Unknown column 'T1.round_trip_required' in 'WHERE'"")",,0.0,False,False,False
atis,hard,find a flight on DL from PHILADELPHIA to SAN FRANCISCO,"SELECT DISTINCT FLIGHTalias0.FLIGHT_ID FROM AIRPORT_SERVICE AS AIRPORT_SERVICEalias0 , AIRPORT_SERVICE AS AIRPORT_SERVICEalias1 , CITY AS CITYalias0 , CITY AS CITYalias1 , FLIGHT AS FLIGHTalias0 WHERE ( CITYalias0.CITY_CODE = AIRPORT_SERVICEalias0.CITY_CODE AND CITYalias0.CITY_NAME = ""SAN FRANCISCO"" AND CITYalias1.CITY_CODE = AIRPORT_SERVICEalias1.CITY_CODE AND CITYalias1.CITY_NAME = ""PHILADELPHIA"" AND FLIGHTalias0.TO_AIRPORT = AIRPORT_SERVICEalias0.AIRPORT_CODE AND FLIGHTalias0.FROM_AIRPORT = AIRPORT_SERVICEalias1.AIRPORT_CODE ) AND FLIGHTalias0.AIRLINE_CODE = ""DL"" ;",SELECT T1.flight_id FROM flight AS T1 JOIN airport AS T2 ON T1.from_airport = T2.airport_code JOIN airport AS T3 ON T1.to_airport = T3.airport_code JOIN city AS T4 ON T2.city_code = T4.city_code JOIN city AS T5 ON T3.city_code = T5.city_code WHERE T4.city_name = 'PHILADELPHIA' AND T5.city_name = 'SAN FRANCISCO' AND T1.airline_code = 'DL';,Qwen2.5-Coder-7B-Instruct-4bit,8.710417747497559,,"(1054, ""Unknown column 'T2.city_code' in 'ON'"")",,0.0010986328125,False,False,False
atis,hard,flights from ONTARIO to FLORIDA,"SELECT DISTINCT FLIGHTalias0.FLIGHT_ID FROM AIRPORT_SERVICE AS AIRPORT_SERVICEalias0 , AIRPORT_SERVICE AS AIRPORT_SERVICEalias1 , CITY AS CITYalias0 , CITY AS CITYalias1 , FLIGHT AS FLIGHTalias0 , STATE AS STATEalias0 WHERE CITYalias0.CITY_CODE = AIRPORT_SERVICEalias0.CITY_CODE AND CITYalias0.CITY_NAME = ""ONTARIO"" AND CITYalias1.CITY_CODE = AIRPORT_SERVICEalias1.CITY_CODE AND FLIGHTalias0.FROM_AIRPORT = AIRPORT_SERVICEalias0.AIRPORT_CODE AND FLIGHTalias0.TO_AIRPORT = AIRPORT_SERVICEalias1.AIRPORT_CODE AND STATEalias0.STATE_CODE = CITYalias1.STATE_CODE AND STATEalias0.STATE_NAME = ""FLORIDA"" ;",SELECT T1.flight_id FROM flight AS T1 JOIN airport AS T2 ON T1.from_airport = T2.airport_code JOIN airport AS T3 ON T1.to_airport = T3.airport_code WHERE T2.state_code = 'ONTARIO' AND T3.state_code = 'FLORIDA';,Qwen2.5-Coder-7B-Instruct-4bit,5.179559707641602,,,,0.0031740665435791016,False,False,False
atis,hard,show me the flights from NEW YORK to LOS ANGELES with stop in MILWAUKEE,"SELECT DISTINCT FLIGHTalias0.FLIGHT_ID FROM AIRPORT_SERVICE AS AIRPORT_SERVICEalias0 , AIRPORT_SERVICE AS AIRPORT_SERVICEalias1 , AIRPORT_SERVICE AS AIRPORT_SERVICEalias2 , CITY AS CITYalias0 , CITY AS CITYalias1 , CITY AS CITYalias2 , FLIGHT AS FLIGHTalias0 , FLIGHT_STOP AS FLIGHT_STOPalias0 WHERE ( CITYalias1.CITY_CODE = AIRPORT_SERVICEalias1.CITY_CODE AND CITYalias1.CITY_NAME = ""LOS ANGELES"" AND CITYalias2.CITY_CODE = AIRPORT_SERVICEalias2.CITY_CODE AND CITYalias2.CITY_NAME = ""MILWAUKEE"" AND FLIGHT_STOPalias0.STOP_AIRPORT = AIRPORT_SERVICEalias2.AIRPORT_CODE AND FLIGHTalias0.FLIGHT_ID = FLIGHT_STOPalias0.FLIGHT_ID AND FLIGHTalias0.TO_AIRPORT = AIRPORT_SERVICEalias1.AIRPORT_CODE ) AND CITYalias0.CITY_CODE = AIRPORT_SERVICEalias0.CITY_CODE AND CITYalias0.CITY_NAME = ""NEW YORK"" AND FLIGHTalias0.FROM_AIRPORT = AIRPORT_SERVICEalias0.AIRPORT_CODE ;","SELECT f.flight_id, f.departure_time, f.arrival_time 
FROM flight f 
JOIN flight_stop fs ON f.flight_id = fs.flight_id 
WHERE (f.from_airport = 'JFK' AND f.to_airport = 'LAX') 
AND fs.stop_airport = 'MIA';",Qwen2.5-Coder-7B-Instruct-4bit,5.349578380584717,,,,0.002671480178833008,False,False,False
atis,hard,i need a flight from BOSTON to PITTSBURGH that leaves early in the morning,"SELECT DISTINCT FLIGHTalias0.FLIGHT_ID FROM AIRPORT_SERVICE AS AIRPORT_SERVICEalias0 , AIRPORT_SERVICE AS AIRPORT_SERVICEalias1 , CITY AS CITYalias0 , CITY AS CITYalias1 , FLIGHT AS FLIGHTalias0 WHERE ( CITYalias0.CITY_CODE = AIRPORT_SERVICEalias0.CITY_CODE AND CITYalias0.CITY_NAME = ""BOSTON"" AND CITYalias1.CITY_CODE = AIRPORT_SERVICEalias1.CITY_CODE AND CITYalias1.CITY_NAME = ""PITTSBURGH"" AND FLIGHTalias0.FROM_AIRPORT = AIRPORT_SERVICEalias0.AIRPORT_CODE AND FLIGHTalias0.TO_AIRPORT = AIRPORT_SERVICEalias1.AIRPORT_CODE ) AND FLIGHTalias0.DEPARTURE_TIME BETWEEN 0 AND 800 ;",SELECT T1.flight_id FROM flight AS T1 JOIN airport AS T2 ON T1.from_airport = T2.airport_code JOIN airport AS T3 ON T1.to_airport = T3.airport_code JOIN city AS T4 ON T4.city_code = T2.city_code WHERE T4.city_name = 'BOSTON' AND T3.city_name = 'PITTSBURGH' AND T1.departure_time < '06:00:00';,Qwen2.5-Coder-7B-Instruct-4bit,7.729785203933716,,"(1054, ""Unknown column 'T3.city_name' in 'WHERE'"")",,0.0,False,False,False
atis,hard,show me the flights that go from ATLANTA to WASHINGTON on THURSDAY mornings,"SELECT DISTINCT FLIGHTalias0.FLIGHT_ID FROM AIRPORT_SERVICE AS AIRPORT_SERVICEalias0 , AIRPORT_SERVICE AS AIRPORT_SERVICEalias1 , CITY AS CITYalias0 , CITY AS CITYalias1 , DAYS AS DAYSalias0 , FLIGHT AS FLIGHTalias0 WHERE ( ( CITYalias0.CITY_CODE = AIRPORT_SERVICEalias0.CITY_CODE AND CITYalias0.CITY_NAME = ""ATLANTA"" AND CITYalias1.CITY_CODE = AIRPORT_SERVICEalias1.CITY_CODE AND CITYalias1.CITY_NAME = ""WASHINGTON"" AND FLIGHTalias0.FROM_AIRPORT = AIRPORT_SERVICEalias0.AIRPORT_CODE AND FLIGHTalias0.TO_AIRPORT = AIRPORT_SERVICEalias1.AIRPORT_CODE ) AND DAYSalias0.DAY_NAME = ""THURSDAY"" AND FLIGHTalias0.FLIGHT_DAYS = DAYSalias0.DAYS_CODE ) AND FLIGHTalias0.DEPARTURE_TIME BETWEEN 0 AND 1200 ;",SELECT T1.flight_id FROM flight AS T1 JOIN date_day AS T2 ON T1.flight_days = T2.days_code JOIN airport AS T3 ON T1.from_airport = T3.airport_code JOIN airport AS T4 ON T1.to_airport = T4.airport_code WHERE T3.airport_name = 'ATLANTA' AND T4.airport_name = 'WASHINGTON' AND T2.day_name = 'THURSDAY' AND T1.departure_time BETWEEN '06:00' AND '11:59';,Qwen2.5-Coder-7B-Instruct-4bit,9.194583892822266,,"(1054, ""Unknown column 'T2.days_code' in 'ON'"")",,0.0015740394592285156,False,False,False
atis,hard,i need a flight from PHILADELPHIA to DALLAS next wednesday in the morning,"SELECT DISTINCT FLIGHTalias0.FLIGHT_ID FROM AIRPORT_SERVICE AS AIRPORT_SERVICEalias0 , AIRPORT_SERVICE AS AIRPORT_SERVICEalias1 , CITY AS CITYalias0 , CITY AS CITYalias1 , DATE_DAY AS DATE_DAYalias0 , DAYS AS DAYSalias0 , FLIGHT AS FLIGHTalias0 WHERE ( ( CITYalias1.CITY_CODE = AIRPORT_SERVICEalias1.CITY_CODE AND CITYalias1.CITY_NAME = ""DALLAS"" AND DATE_DAYalias0.DAY_NUMBER = 23 AND DATE_DAYalias0.MONTH_NUMBER = 4 AND DATE_DAYalias0.YEAR = 1991 AND DAYSalias0.DAY_NAME = DATE_DAYalias0.DAY_NAME AND FLIGHTalias0.FLIGHT_DAYS = DAYSalias0.DAYS_CODE AND FLIGHTalias0.TO_AIRPORT = AIRPORT_SERVICEalias1.AIRPORT_CODE ) AND CITYalias0.CITY_CODE = AIRPORT_SERVICEalias0.CITY_CODE AND CITYalias0.CITY_NAME = ""PHILADELPHIA"" AND FLIGHTalias0.FROM_AIRPORT = AIRPORT_SERVICEalias0.AIRPORT_CODE ) AND FLIGHTalias0.DEPARTURE_TIME BETWEEN 0 AND 1200 ;","SELECT f.flight_id, f.departure_time, f.arrival_time 
FROM flight f 
JOIN airport a1 ON f.from_airport = a1.airport_code 
JOIN airport a2 ON f.to_airport = a2.airport_code 
JOIN city c ON a1.city_code = c.city_code 
WHERE a1.airport_name = 'Philadelphia International Airport' 
AND a2.airport_name = 'Dallas/Fort Worth International Airport' 
AND DAYNAME(f.departure_time) = 'Wednesday' 
AND HOUR(f.departure_time) BETWEEN 6 AND 12;",Qwen2.5-Coder-7B-Instruct-4bit,9.23954176902771,,"(1054, ""Unknown column 'a1.city_code' in 'ON'"")",,0.0,False,False,False
atis,hard,i would like a US flight from TORONTO to SAN DIEGO with a stopover in DENVER please,"SELECT DISTINCT FLIGHTalias0.FLIGHT_ID FROM AIRPORT_SERVICE AS AIRPORT_SERVICEalias0 , AIRPORT_SERVICE AS AIRPORT_SERVICEalias1 , AIRPORT_SERVICE AS AIRPORT_SERVICEalias2 , CITY AS CITYalias0 , CITY AS CITYalias1 , CITY AS CITYalias2 , FLIGHT AS FLIGHTalias0 , FLIGHT_STOP AS FLIGHT_STOPalias0 WHERE ( ( CITYalias1.CITY_CODE = AIRPORT_SERVICEalias1.CITY_CODE AND CITYalias1.CITY_NAME = ""SAN DIEGO"" AND CITYalias2.CITY_CODE = AIRPORT_SERVICEalias2.CITY_CODE AND CITYalias2.CITY_NAME = ""DENVER"" AND FLIGHT_STOPalias0.STOP_AIRPORT = AIRPORT_SERVICEalias2.AIRPORT_CODE AND FLIGHTalias0.FLIGHT_ID = FLIGHT_STOPalias0.FLIGHT_ID AND FLIGHTalias0.TO_AIRPORT = AIRPORT_SERVICEalias1.AIRPORT_CODE ) AND CITYalias0.CITY_CODE = AIRPORT_SERVICEalias0.CITY_CODE AND CITYalias0.CITY_NAME = ""TORONTO"" AND FLIGHTalias0.FROM_AIRPORT = AIRPORT_SERVICEalias0.AIRPORT_CODE ) AND FLIGHTalias0.AIRLINE_CODE = ""US"" ;",SELECT T1.flight_id FROM flight AS T1 JOIN airport AS T2 ON T1.from_airport = T2.airport_code JOIN airport AS T3 ON T1.to_airport = T3.airport_code JOIN airport AS T4 ON T1.stop_airport = T4.airport_code WHERE T2.city_name = 'TORONTO' AND T3.city_name = 'SAN DIEGO' AND T4.city_name = 'DENVER';,Qwen2.5-Coder-7B-Instruct-4bit,6.994237661361694,,"(1054, ""Unknown column 'T2.city_name' in 'WHERE'"")",,0.0,False,False,False
atis,hard,can you show me flights from BALTIMORE to DALLAS,"SELECT DISTINCT FLIGHTalias0.FLIGHT_ID FROM AIRPORT_SERVICE AS AIRPORT_SERVICEalias0 , AIRPORT_SERVICE AS AIRPORT_SERVICEalias1 , CITY AS CITYalias0 , CITY AS CITYalias1 , FLIGHT AS FLIGHTalias0 WHERE CITYalias0.CITY_CODE = AIRPORT_SERVICEalias0.CITY_CODE AND CITYalias0.CITY_NAME = ""BALTIMORE"" AND CITYalias1.CITY_CODE = AIRPORT_SERVICEalias1.CITY_CODE AND CITYalias1.CITY_NAME = ""DALLAS"" AND FLIGHTalias0.FROM_AIRPORT = AIRPORT_SERVICEalias0.AIRPORT_CODE AND FLIGHTalias0.TO_AIRPORT = AIRPORT_SERVICEalias1.AIRPORT_CODE ;","SELECT T1.flight_id, T1.departure_time, T1.arrival_time FROM flight AS T1 JOIN airport AS T2 ON T1.from_airport = T2.airport_code JOIN airport AS T3 ON T1.to_airport = T3.airport_code WHERE T2.airport_name = 'BALTIMORE' AND T3.airport_name = 'DALLAS';",Qwen2.5-Coder-7B-Instruct-4bit,6.706978797912598,,,,0.001117706298828125,False,False,False
atis,hard,are there any flights from DENVER to ATLANTA to PITTSBURGH,"SELECT DISTINCT FLIGHTalias0.FLIGHT_ID FROM AIRPORT_SERVICE AS AIRPORT_SERVICEalias0 , AIRPORT_SERVICE AS AIRPORT_SERVICEalias1 , AIRPORT_SERVICE AS AIRPORT_SERVICEalias2 , CITY AS CITYalias0 , CITY AS CITYalias1 , CITY AS CITYalias2 , FLIGHT AS FLIGHTalias0 , FLIGHT_STOP AS FLIGHT_STOPalias0 WHERE ( CITYalias1.CITY_CODE = AIRPORT_SERVICEalias1.CITY_CODE AND CITYalias1.CITY_NAME = ""PITTSBURGH"" AND CITYalias2.CITY_CODE = AIRPORT_SERVICEalias2.CITY_CODE AND CITYalias2.CITY_NAME = ""ATLANTA"" AND FLIGHT_STOPalias0.STOP_AIRPORT = AIRPORT_SERVICEalias2.AIRPORT_CODE AND FLIGHTalias0.FLIGHT_ID = FLIGHT_STOPalias0.FLIGHT_ID AND FLIGHTalias0.TO_AIRPORT = AIRPORT_SERVICEalias1.AIRPORT_CODE ) AND CITYalias0.CITY_CODE = AIRPORT_SERVICEalias0.CITY_CODE AND CITYalias0.CITY_NAME = ""DENVER"" AND FLIGHTalias0.FROM_AIRPORT = AIRPORT_SERVICEalias0.AIRPORT_CODE ;","SELECT EXISTS (SELECT 1 FROM flight WHERE from_airport = 'DEN' AND to_airport IN ('ATL', 'PIT'))",Qwen2.5-Coder-7B-Instruct-4bit,2.82022476196289,,,,0.0012159347534179688,False,True,False
atis,hard,i would like flight information from PHOENIX to DENVER,"SELECT DISTINCT FLIGHTalias0.FLIGHT_ID FROM AIRPORT_SERVICE AS AIRPORT_SERVICEalias0 , AIRPORT_SERVICE AS AIRPORT_SERVICEalias1 , CITY AS CITYalias0 , CITY AS CITYalias1 , FLIGHT AS FLIGHTalias0 WHERE CITYalias0.CITY_CODE = AIRPORT_SERVICEalias0.CITY_CODE AND CITYalias0.CITY_NAME = ""PHOENIX"" AND CITYalias1.CITY_CODE = AIRPORT_SERVICEalias1.CITY_CODE AND CITYalias1.CITY_NAME = ""DENVER"" AND FLIGHTalias0.FROM_AIRPORT = AIRPORT_SERVICEalias0.AIRPORT_CODE AND FLIGHTalias0.TO_AIRPORT = AIRPORT_SERVICEalias1.AIRPORT_CODE ;",SELECT * FROM flight WHERE from_airport = 'PHOENIX' AND to_airport = 'DENVER';,Qwen2.5-Coder-7B-Instruct-4bit,2.5106189250946045,,,,0.0010156631469726562,False,False,False
atis,hard,show me the flights from BALTIMORE to OAKLAND,"SELECT DISTINCT FLIGHTalias0.FLIGHT_ID FROM AIRPORT_SERVICE AS AIRPORT_SERVICEalias0 , AIRPORT_SERVICE AS AIRPORT_SERVICEalias1 , CITY AS CITYalias0 , CITY AS CITYalias1 , FLIGHT AS FLIGHTalias0 WHERE CITYalias0.CITY_CODE = AIRPORT_SERVICEalias0.CITY_CODE AND CITYalias0.CITY_NAME = ""BALTIMORE"" AND CITYalias1.CITY_CODE = AIRPORT_SERVICEalias1.CITY_CODE AND CITYalias1.CITY_NAME = ""OAKLAND"" AND FLIGHTalias0.FROM_AIRPORT = AIRPORT_SERVICEalias0.AIRPORT_CODE AND FLIGHTalias0.TO_AIRPORT = AIRPORT_SERVICEalias1.AIRPORT_CODE ;","SELECT T1.flight_id, T1.departure_time, T1.arrival_time FROM flight AS T1 JOIN airport AS T2 ON T1.from_airport = T2.airport_code JOIN airport AS T3 ON T1.to_airport = T3.airport_code WHERE T2.airport_name = 'BALTIMORE' AND T3.airport_name = 'OAKLAND';",Qwen2.5-Coder-7B-Instruct-4bit,6.714063882827759,,,,0.0011484622955322266,False,False,False
atis,hard,nonstop flights from NEW YORK to LAS VEGAS on sunday,"SELECT DISTINCT FLIGHTalias0.FLIGHT_ID FROM AIRPORT_SERVICE AS AIRPORT_SERVICEalias0 , AIRPORT_SERVICE AS AIRPORT_SERVICEalias1 , CITY AS CITYalias0 , CITY AS CITYalias1 , DATE_DAY AS DATE_DAYalias0 , DAYS AS DAYSalias0 , FLIGHT AS FLIGHTalias0 WHERE ( ( CITYalias1.CITY_CODE = AIRPORT_SERVICEalias1.CITY_CODE AND CITYalias1.CITY_NAME = ""LAS VEGAS"" AND DATE_DAYalias0.DAY_NUMBER = 27 AND DATE_DAYalias0.MONTH_NUMBER = 8 AND DATE_DAYalias0.YEAR = 1991 AND DAYSalias0.DAY_NAME = DATE_DAYalias0.DAY_NAME AND FLIGHTalias0.FLIGHT_DAYS = DAYSalias0.DAYS_CODE AND FLIGHTalias0.TO_AIRPORT = AIRPORT_SERVICEalias1.AIRPORT_CODE ) AND CITYalias0.CITY_CODE = AIRPORT_SERVICEalias0.CITY_CODE AND CITYalias0.CITY_NAME = ""NEW YORK"" AND FLIGHTalias0.FROM_AIRPORT = AIRPORT_SERVICEalias0.AIRPORT_CODE ) AND FLIGHTalias0.STOPS = 0 ;",SELECT T1.flight_id FROM flight AS T1 JOIN flight_stop AS T2 ON T1.flight_id = T2.flight_id JOIN airport AS T3 ON T1.from_airport = T3.airport_code JOIN airport AS T4 ON T1.to_airport = T4.airport_code JOIN days AS T5 ON T1.flight_days = T5.days_code WHERE T3.airport_name = 'NEW YORK' AND T4.airport_name = 'LAS VEGAS' AND T5.day_name = 'SUNDAY' AND T2.stop_number IS NULL;,Qwen2.5-Coder-7B-Instruct-4bit,8.762274265289307,,,,0.0019099712371826172,False,False,False
atis,hard,list all flights leaving SAN FRANCISCO monday afternoon arriving in PITTSBURGH,"SELECT DISTINCT FLIGHTalias0.FLIGHT_ID FROM AIRPORT_SERVICE AS AIRPORT_SERVICEalias0 , AIRPORT_SERVICE AS AIRPORT_SERVICEalias1 , CITY AS CITYalias0 , CITY AS CITYalias1 , DATE_DAY AS DATE_DAYalias0 , DAYS AS DAYSalias0 , FLIGHT AS FLIGHTalias0 WHERE ( ( ( FLIGHTalias0.DEPARTURE_TIME BETWEEN 1200 AND 1800 ) AND DATE_DAYalias0.DAY_NUMBER = 21 AND DATE_DAYalias0.MONTH_NUMBER = 2 AND DATE_DAYalias0.YEAR = 1991 AND DAYSalias0.DAY_NAME = DATE_DAYalias0.DAY_NAME AND FLIGHTalias0.FLIGHT_DAYS = DAYSalias0.DAYS_CODE ) AND CITYalias1.CITY_CODE = AIRPORT_SERVICEalias1.CITY_CODE AND CITYalias1.CITY_NAME = ""PITTSBURGH"" AND FLIGHTalias0.TO_AIRPORT = AIRPORT_SERVICEalias1.AIRPORT_CODE ) AND CITYalias0.CITY_CODE = AIRPORT_SERVICEalias0.CITY_CODE AND CITYalias0.CITY_NAME = ""SAN FRANCISCO"" AND FLIGHTalias0.FROM_AIRPORT = AIRPORT_SERVICEalias0.AIRPORT_CODE ;",SELECT T1.flight_id FROM flight AS T1 JOIN airport AS T2 ON T1.from_airport = T2.airport_code JOIN airport AS T3 ON T1.to_airport = T3.airport_code JOIN days AS T4 ON T1.flight_days & T4.days_code > 0 WHERE T2.airport_name = 'SAN FRANCISCO' AND T3.airport_name = 'PITTSBURGH' AND T1.departure_time BETWEEN '12:00' AND '18:00' AND T4.day_name = 'MONDAY';,Qwen2.5-Coder-7B-Instruct-4bit,9.318632125854492,,,,0.002000093460083008,False,False,False
atis,hard,does EA fly between BOSTON and WASHINGTON,"SELECT DISTINCT AIRLINEalias0.AIRLINE_CODE FROM AIRLINE AS AIRLINEalias0 , AIRPORT_SERVICE AS AIRPORT_SERVICEalias0 , AIRPORT_SERVICE AS AIRPORT_SERVICEalias1 , CITY AS CITYalias0 , CITY AS CITYalias1 , FLIGHT AS FLIGHTalias0 WHERE ( ( FLIGHTalias0.AIRLINE_CODE = ""EA"" ) AND CITYalias1.CITY_CODE = AIRPORT_SERVICEalias1.CITY_CODE AND CITYalias1.CITY_NAME = ""WASHINGTON"" AND FLIGHTalias0.TO_AIRPORT = AIRPORT_SERVICEalias1.AIRPORT_CODE ) AND CITYalias0.CITY_CODE = AIRPORT_SERVICEalias0.CITY_CODE AND CITYalias0.CITY_NAME = ""BOSTON"" AND FLIGHTalias0.AIRLINE_CODE = AIRLINEalias0.AIRLINE_CODE AND FLIGHTalias0.FROM_AIRPORT = AIRPORT_SERVICEalias0.AIRPORT_CODE ;",SELECT EXISTS (SELECT 1 FROM flight WHERE (from_airport IN (SELECT airport_code FROM airport WHERE airport_name = 'BOSTON') AND to_airport IN (SELECT airport_code FROM airport WHERE airport_name = 'WASHINGTON')) OR (from_airport IN (SELECT airport_code FROM airport WHERE airport_name = 'WASHINGTON') AND to_airport IN (SELECT airport_code FROM airport WHERE airport_name = 'BOSTON')));,Qwen2.5-Coder-7B-Instruct-4bit,7.15143346786499,,,,0.007498264312744141,False,True,False
atis,hard,yes i'd like a flight from LONG BEACH to ST. LOUIS by way of DALLAS,"SELECT DISTINCT FLIGHTalias0.FLIGHT_ID FROM AIRPORT_SERVICE AS AIRPORT_SERVICEalias0 , AIRPORT_SERVICE AS AIRPORT_SERVICEalias1 , AIRPORT_SERVICE AS AIRPORT_SERVICEalias2 , CITY AS CITYalias0 , CITY AS CITYalias1 , CITY AS CITYalias2 , FLIGHT AS FLIGHTalias0 , FLIGHT_STOP AS FLIGHT_STOPalias0 WHERE ( CITYalias1.CITY_CODE = AIRPORT_SERVICEalias1.CITY_CODE AND CITYalias1.CITY_NAME = ""ST. LOUIS"" AND CITYalias2.CITY_CODE = AIRPORT_SERVICEalias2.CITY_CODE AND CITYalias2.CITY_NAME = ""DALLAS"" AND FLIGHT_STOPalias0.STOP_AIRPORT = AIRPORT_SERVICEalias2.AIRPORT_CODE AND FLIGHTalias0.FLIGHT_ID = FLIGHT_STOPalias0.FLIGHT_ID AND FLIGHTalias0.TO_AIRPORT = AIRPORT_SERVICEalias1.AIRPORT_CODE ) AND CITYalias0.CITY_CODE = AIRPORT_SERVICEalias0.CITY_CODE AND CITYalias0.CITY_NAME = ""LONG BEACH"" AND FLIGHTalias0.FROM_AIRPORT = AIRPORT_SERVICEalias0.AIRPORT_CODE ;",SELECT T1.flight_id FROM flight AS T1 JOIN airport AS T2 ON T1.from_airport = T2.airport_code JOIN airport AS T3 ON T1.to_airport = T3.airport_code JOIN airport AS T4 ON T1.stops LIKE '%DALLAS%' WHERE T2.airport_name = 'LONG BEACH' AND T3.airport_name = 'ST. LOUIS';,Qwen2.5-Coder-7B-Instruct-4bit,6.537441730499268,,,,0.0009996891021728516,False,False,False
atis,hard,show flights from SAN FRANCISCO to DENVER on a THURSDAY,"SELECT DISTINCT FLIGHTalias0.FLIGHT_ID FROM AIRPORT_SERVICE AS AIRPORT_SERVICEalias0 , AIRPORT_SERVICE AS AIRPORT_SERVICEalias1 , CITY AS CITYalias0 , CITY AS CITYalias1 , DAYS AS DAYSalias0 , FLIGHT AS FLIGHTalias0 WHERE ( CITYalias1.CITY_CODE = AIRPORT_SERVICEalias1.CITY_CODE AND CITYalias1.CITY_NAME = ""DENVER"" AND DAYSalias0.DAY_NAME = ""THURSDAY"" AND FLIGHTalias0.FLIGHT_DAYS = DAYSalias0.DAYS_CODE AND FLIGHTalias0.TO_AIRPORT = AIRPORT_SERVICEalias1.AIRPORT_CODE ) AND CITYalias0.CITY_CODE = AIRPORT_SERVICEalias0.CITY_CODE AND CITYalias0.CITY_NAME = ""SAN FRANCISCO"" AND FLIGHTalias0.FROM_AIRPORT = AIRPORT_SERVICEalias0.AIRPORT_CODE ;",SELECT T1.flight_id FROM flight AS T1 JOIN airport AS T2 ON T1.from_airport = T2.airport_code JOIN airport AS T3 ON T1.to_airport = T3.airport_code JOIN date_day AS T4 ON T1.flight_days = T4.days_code WHERE T2.airport_name = 'SAN FRANCISCO' AND T3.airport_name = 'DENVER' AND T4.day_name = 'THURSDAY';,Qwen2.5-Coder-7B-Instruct-4bit,7.86314845085144,,"(1054, ""Unknown column 'T4.days_code' in 'ON'"")",,0.0010526180267333984,False,False,False
atis,hard,show me all flights out of BOSTON on 6 20 that have BUSINESS class,"SELECT DISTINCT FLIGHTalias0.FLIGHT_ID FROM AIRPORT_SERVICE AS AIRPORT_SERVICEalias0 , CITY AS CITYalias0 , DATE_DAY AS DATE_DAYalias0 , DAYS AS DAYSalias0 , FARE AS FAREalias0 , FARE_BASIS AS FARE_BASISalias0 , FLIGHT AS FLIGHTalias0 , FLIGHT_FARE AS FLIGHT_FAREalias0 WHERE ( DATE_DAYalias0.DAY_NUMBER = 20 AND DATE_DAYalias0.MONTH_NUMBER = 6 AND DATE_DAYalias0.YEAR = 1991 AND DAYSalias0.DAY_NAME = DATE_DAYalias0.DAY_NAME AND FARE_BASISalias0.CLASS_TYPE = ""BUSINESS"" AND FAREalias0.FARE_BASIS_CODE = FARE_BASISalias0.FARE_BASIS_CODE AND FLIGHT_FAREalias0.FARE_ID = FAREalias0.FARE_ID AND FLIGHTalias0.FLIGHT_DAYS = DAYSalias0.DAYS_CODE AND FLIGHTalias0.FLIGHT_ID = FLIGHT_FAREalias0.FLIGHT_ID ) AND CITYalias0.CITY_CODE = AIRPORT_SERVICEalias0.CITY_CODE AND CITYalias0.CITY_NAME = ""BOSTON"" AND FLIGHTalias0.FROM_AIRPORT = AIRPORT_SERVICEalias0.AIRPORT_CODE ;","SELECT T3.flight_id, T3.departure_time, T3.arrival_time FROM city AS T1 JOIN airport_service AS T2 ON T1.city_code = T2.city_code JOIN flight AS T3 ON T2.airport_code = T3.from_airport JOIN fare AS T4 ON T3.flight_id = T4.flight_id JOIN fare_basis AS T5 ON T4.fare_basis_code = T5.fare_basis_code WHERE T1.city_name = 'BOSTON' AND T3.departure_date = '2023-06-20' AND T5.booking_class = 'BUSINESS';",Qwen2.5-Coder-7B-Instruct-4bit,10.29962682723999,,"(1054, ""Unknown column 'T3.departure_date' in 'WHERE'"")",,0.0,False,False,False
atis,hard,list flights from SAN FRANCISCO to DENVER on friday,"SELECT DISTINCT FLIGHTalias0.FLIGHT_ID FROM AIRPORT_SERVICE AS AIRPORT_SERVICEalias0 , AIRPORT_SERVICE AS AIRPORT_SERVICEalias1 , CITY AS CITYalias0 , CITY AS CITYalias1 , DATE_DAY AS DATE_DAYalias0 , DAYS AS DAYSalias0 , FLIGHT AS FLIGHTalias0 WHERE ( CITYalias1.CITY_CODE = AIRPORT_SERVICEalias1.CITY_CODE AND CITYalias1.CITY_NAME = ""DENVER"" AND DATE_DAYalias0.DAY_NUMBER = 25 AND DATE_DAYalias0.MONTH_NUMBER = 6 AND DATE_DAYalias0.YEAR = 1991 AND DAYSalias0.DAY_NAME = DATE_DAYalias0.DAY_NAME AND FLIGHTalias0.FLIGHT_DAYS = DAYSalias0.DAYS_CODE AND FLIGHTalias0.TO_AIRPORT = AIRPORT_SERVICEalias1.AIRPORT_CODE ) AND CITYalias0.CITY_CODE = AIRPORT_SERVICEalias0.CITY_CODE AND CITYalias0.CITY_NAME = ""SAN FRANCISCO"" AND FLIGHTalias0.FROM_AIRPORT = AIRPORT_SERVICEalias0.AIRPORT_CODE ;",SELECT T1.flight_id FROM flight AS T1 JOIN airport AS T2 ON T1.from_airport = T2.airport_code JOIN airport AS T3 ON T1.to_airport = T3.airport_code JOIN days AS T4 ON T1.flight_days & T4.days_code > 0 WHERE T2.airport_name = 'SAN FRANCISCO' AND T3.airport_name = 'DENVER' AND T4.day_name = 'FRIDAY';,Qwen2.5-Coder-7B-Instruct-4bit,7.349728584289551,,,,0.0,False,False,False
atis,hard,can you list the earliest flights from OAKLAND to SALT LAKE CITY on thursday,"SELECT DISTINCT FLIGHTalias0.FLIGHT_ID FROM AIRPORT_SERVICE AS AIRPORT_SERVICEalias0 , AIRPORT_SERVICE AS AIRPORT_SERVICEalias1 , CITY AS CITYalias0 , CITY AS CITYalias1 , DATE_DAY AS DATE_DAYalias0 , DAYS AS DAYSalias0 , FLIGHT AS FLIGHTalias0 WHERE ( ( CITYalias1.CITY_CODE = AIRPORT_SERVICEalias1.CITY_CODE AND CITYalias1.CITY_NAME = ""SALT LAKE CITY"" AND DATE_DAYalias0.DAY_NUMBER = 24 AND DATE_DAYalias0.MONTH_NUMBER = 5 AND DATE_DAYalias0.YEAR = 1991 AND DAYSalias0.DAY_NAME = DATE_DAYalias0.DAY_NAME AND FLIGHTalias0.FLIGHT_DAYS = DAYSalias0.DAYS_CODE AND FLIGHTalias0.TO_AIRPORT = AIRPORT_SERVICEalias1.AIRPORT_CODE ) AND CITYalias0.CITY_CODE = AIRPORT_SERVICEalias0.CITY_CODE AND CITYalias0.CITY_NAME = ""OAKLAND"" AND FLIGHTalias0.FROM_AIRPORT = AIRPORT_SERVICEalias0.AIRPORT_CODE ) AND FLIGHTalias0.DEPARTURE_TIME = ( SELECT MIN( FLIGHTalias1.DEPARTURE_TIME ) FROM AIRPORT_SERVICE AS AIRPORT_SERVICEalias2 , AIRPORT_SERVICE AS AIRPORT_SERVICEalias3 , CITY AS CITYalias2 , CITY AS CITYalias3 , DATE_DAY AS DATE_DAYalias1 , DAYS AS DAYSalias1 , FLIGHT AS FLIGHTalias1 WHERE ( CITYalias3.CITY_CODE = AIRPORT_SERVICEalias3.CITY_CODE AND CITYalias3.CITY_NAME = ""SALT LAKE CITY"" AND DATE_DAYalias1.DAY_NUMBER = 24 AND DATE_DAYalias1.MONTH_NUMBER = 5 AND DATE_DAYalias1.YEAR = 1991 AND DAYSalias1.DAY_NAME = DATE_DAYalias1.DAY_NAME AND FLIGHTalias1.FLIGHT_DAYS = DAYSalias1.DAYS_CODE AND FLIGHTalias1.TO_AIRPORT = AIRPORT_SERVICEalias3.AIRPORT_CODE ) AND CITYalias2.CITY_CODE = AIRPORT_SERVICEalias2.CITY_CODE AND CITYalias2.CITY_NAME = ""OAKLAND"" AND FLIGHTalias1.FROM_AIRPORT = AIRPORT_SERVICEalias2.AIRPORT_CODE ) ;",SELECT MIN(departure_time) FROM flight JOIN airport ON flight.from_airport = airport.airport_code WHERE airport_name = 'OAKLAND' AND to_airport = (SELECT airport_code FROM airport WHERE airport_name = 'SALT LAKE CITY') AND DAYOFWEEK(departure_time) = 5;,Qwen2.5-Coder-7B-Instruct-4bit,5.867245674133301,,,,0.0,False,False,False
atis,hard,list all flights from BOSTON to SAN FRANCISCO with the maximum number of stops,"SELECT DISTINCT FLIGHTalias0.FLIGHT_ID FROM AIRPORT_SERVICE AS AIRPORT_SERVICEalias0 , AIRPORT_SERVICE AS AIRPORT_SERVICEalias1 , CITY AS CITYalias0 , CITY AS CITYalias1 , FLIGHT AS FLIGHTalias0 WHERE ( CITYalias1.CITY_CODE = AIRPORT_SERVICEalias1.CITY_CODE AND CITYalias1.CITY_NAME = ""SAN FRANCISCO"" AND FLIGHTalias0.STOPS = ( SELECT MAX( FLIGHTalias1.STOPS ) FROM AIRPORT_SERVICE AS AIRPORT_SERVICEalias2 , AIRPORT_SERVICE AS AIRPORT_SERVICEalias3 , CITY AS CITYalias2 , CITY AS CITYalias3 , FLIGHT AS FLIGHTalias1 WHERE CITYalias2.CITY_CODE = AIRPORT_SERVICEalias2.CITY_CODE AND CITYalias2.CITY_NAME = ""BOSTON"" AND CITYalias3.CITY_CODE = AIRPORT_SERVICEalias3.CITY_CODE AND CITYalias3.CITY_NAME = ""SAN FRANCISCO"" AND FLIGHTalias1.FROM_AIRPORT = AIRPORT_SERVICEalias2.AIRPORT_CODE AND FLIGHTalias1.TO_AIRPORT = AIRPORT_SERVICEalias3.AIRPORT_CODE ) AND FLIGHTalias0.TO_AIRPORT = AIRPORT_SERVICEalias1.AIRPORT_CODE ) AND CITYalias0.CITY_CODE = AIRPORT_SERVICEalias0.CITY_CODE AND CITYalias0.CITY_NAME = ""BOSTON"" AND FLIGHTalias0.FROM_AIRPORT = AIRPORT_SERVICEalias0.AIRPORT_CODE ;","SELECT f.flight_id, f.from_airport, f.to_airport, f.stops 
FROM flight f 
JOIN airport_service as1 ON f.from_airport = as1.airport_code 
JOIN airport_service at2 ON f.to_airport = at2.airport_code 
JOIN city c1 ON as1.city_code = c1.city_code 
JOIN city c2 ON at2.city_code = c2.city_code 
WHERE c1.city_name = 'BOSTON' AND c2.city_name = 'SAN FRANCISCO' 
ORDER BY f.stops DESC 
LIMIT 1;",Qwen2.5-Coder-7B-Instruct-4bit,9.05694031715393,,,,0.0044863224029541016,False,False,False
atis,hard,show me the flights from BOSTON to SAN FRANCISCO stopping in DALLAS on AA,"SELECT DISTINCT FLIGHTalias0.FLIGHT_ID FROM AIRPORT_SERVICE AS AIRPORT_SERVICEalias0 , AIRPORT_SERVICE AS AIRPORT_SERVICEalias1 , AIRPORT_SERVICE AS AIRPORT_SERVICEalias2 , CITY AS CITYalias0 , CITY AS CITYalias1 , CITY AS CITYalias2 , FLIGHT AS FLIGHTalias0 , FLIGHT_STOP AS FLIGHT_STOPalias0 WHERE ( ( CITYalias1.CITY_CODE = AIRPORT_SERVICEalias1.CITY_CODE AND CITYalias1.CITY_NAME = ""SAN FRANCISCO"" AND CITYalias2.CITY_CODE = AIRPORT_SERVICEalias2.CITY_CODE AND CITYalias2.CITY_NAME = ""DALLAS"" AND FLIGHT_STOPalias0.STOP_AIRPORT = AIRPORT_SERVICEalias2.AIRPORT_CODE AND FLIGHTalias0.FLIGHT_ID = FLIGHT_STOPalias0.FLIGHT_ID AND FLIGHTalias0.TO_AIRPORT = AIRPORT_SERVICEalias1.AIRPORT_CODE ) AND CITYalias0.CITY_CODE = AIRPORT_SERVICEalias0.CITY_CODE AND CITYalias0.CITY_NAME = ""BOSTON"" AND FLIGHTalias0.FROM_AIRPORT = AIRPORT_SERVICEalias0.AIRPORT_CODE ) AND FLIGHTalias0.AIRLINE_CODE = ""AA"" ;","SELECT f.flight_id, f.departure_time, f.arrival_time 
FROM flight f 
JOIN airport_service as1 ON f.from_airport = as1.airport_code 
JOIN airport_service as2 ON f.to_airport = as2.airport_code 
JOIN airport_service as3 ON f.stops = as3.airport_code 
JOIN city c1 ON as1.city_code = c1.city_code 
JOIN city c2 ON as2.city_code = c2.city_code 
JOIN city c3 ON as3.city_code = c3.city_code 
WHERE c1.city_name = 'BOSTON' AND c2.city_name = 'SAN FRANCISCO' AND c3.city_name = 'DALLAS' AND f.airline_code = 'AA';",Qwen2.5-Coder-7B-Instruct-4bit,11.05604600906372,,,,0.0018467903137207031,False,False,False
atis,hard,show me the flights from WESTCHESTER COUNTY to CINCINNATI,"SELECT DISTINCT FLIGHTalias0.FLIGHT_ID FROM AIRPORT_SERVICE AS AIRPORT_SERVICEalias0 , AIRPORT_SERVICE AS AIRPORT_SERVICEalias1 , CITY AS CITYalias0 , CITY AS CITYalias1 , FLIGHT AS FLIGHTalias0 WHERE CITYalias0.CITY_CODE = AIRPORT_SERVICEalias0.CITY_CODE AND CITYalias0.CITY_NAME = ""WESTCHESTER COUNTY"" AND CITYalias1.CITY_CODE = AIRPORT_SERVICEalias1.CITY_CODE AND CITYalias1.CITY_NAME = ""CINCINNATI"" AND FLIGHTalias0.FROM_AIRPORT = AIRPORT_SERVICEalias0.AIRPORT_CODE AND FLIGHTalias0.TO_AIRPORT = AIRPORT_SERVICEalias1.AIRPORT_CODE ;","SELECT T1.flight_id, T1.departure_time, T1.arrival_time FROM flight AS T1 JOIN airport AS T2 ON T1.from_airport = T2.airport_code JOIN airport AS T3 ON T1.to_airport = T3.airport_code WHERE T2.airport_name = 'WESTCHESTER COUNTY' AND T3.airport_name = 'CINCINNATI';",Qwen2.5-Coder-7B-Instruct-4bit,6.786417722702026,,,,0.0,False,False,False
atis,hard,i need a flight from ATLANTA to BALTIMORE and this flight should arrive at 1900 please,"SELECT DISTINCT FLIGHTalias0.FLIGHT_ID FROM AIRPORT_SERVICE AS AIRPORT_SERVICEalias0 , AIRPORT_SERVICE AS AIRPORT_SERVICEalias1 , CITY AS CITYalias0 , CITY AS CITYalias1 , FLIGHT AS FLIGHTalias0 WHERE ( CITYalias1.CITY_CODE = AIRPORT_SERVICEalias1.CITY_CODE AND CITYalias1.CITY_NAME = ""BALTIMORE"" AND FLIGHTalias0.ARRIVAL_TIME = 1900 AND FLIGHTalias0.TO_AIRPORT = AIRPORT_SERVICEalias1.AIRPORT_CODE ) AND CITYalias0.CITY_CODE = AIRPORT_SERVICEalias0.CITY_CODE AND CITYalias0.CITY_NAME = ""ATLANTA"" AND FLIGHTalias0.FROM_AIRPORT = AIRPORT_SERVICEalias0.AIRPORT_CODE ;",SELECT T2.flight_id FROM airport AS T1 JOIN flight AS T2 ON T1.airport_code = T2.from_airport WHERE T1.airport_name = 'ATLANTA' AND T2.arrival_time = '1900';,Qwen2.5-Coder-7B-Instruct-4bit,4.381534576416016,,,,0.0010609626770019531,True,True,True
atis,hard,flights from CINCINNATI to DENVER on AA,"SELECT DISTINCT FLIGHTalias0.FLIGHT_ID FROM AIRPORT_SERVICE AS AIRPORT_SERVICEalias0 , AIRPORT_SERVICE AS AIRPORT_SERVICEalias1 , CITY AS CITYalias0 , CITY AS CITYalias1 , FLIGHT AS FLIGHTalias0 WHERE ( CITYalias0.CITY_CODE = AIRPORT_SERVICEalias0.CITY_CODE AND CITYalias0.CITY_NAME = ""DENVER"" AND CITYalias1.CITY_CODE = AIRPORT_SERVICEalias1.CITY_CODE AND CITYalias1.CITY_NAME = ""CINCINNATI"" AND FLIGHTalias0.TO_AIRPORT = AIRPORT_SERVICEalias0.AIRPORT_CODE AND FLIGHTalias0.FROM_AIRPORT = AIRPORT_SERVICEalias1.AIRPORT_CODE ) AND FLIGHTalias0.AIRLINE_CODE = ""AA"" ;",SELECT T1.flight_id FROM flight AS T1 JOIN airport AS T2 ON T1.from_airport = T2.airport_code JOIN airport AS T3 ON T1.to_airport = T3.airport_code JOIN airline AS T4 ON T1.airline_code = T4.airline_code WHERE T2.airport_name = 'CINCINNATI' AND T3.airport_name = 'DENVER' AND T4.airline_name = 'AA';,Qwen2.5-Coder-7B-Instruct-4bit,7.8304970264434814,,,,0.0,True,True,True
atis,hard,could i have flight information on flights from SALT LAKE CITY to PHOENIX please,"SELECT DISTINCT FLIGHTalias0.FLIGHT_ID FROM AIRPORT_SERVICE AS AIRPORT_SERVICEalias0 , AIRPORT_SERVICE AS AIRPORT_SERVICEalias1 , CITY AS CITYalias0 , CITY AS CITYalias1 , FLIGHT AS FLIGHTalias0 WHERE CITYalias0.CITY_CODE = AIRPORT_SERVICEalias0.CITY_CODE AND CITYalias0.CITY_NAME = ""SALT LAKE CITY"" AND CITYalias1.CITY_CODE = AIRPORT_SERVICEalias1.CITY_CODE AND CITYalias1.CITY_NAME = ""PHOENIX"" AND FLIGHTalias0.FROM_AIRPORT = AIRPORT_SERVICEalias0.AIRPORT_CODE AND FLIGHTalias0.TO_AIRPORT = AIRPORT_SERVICEalias1.AIRPORT_CODE ;",SELECT * FROM flight WHERE from_airport IN (SELECT airport_code FROM airport WHERE airport_name = 'SALT LAKE CITY') AND to_airport IN (SELECT airport_code FROM airport WHERE airport_name = 'PHOENIX');,Qwen2.5-Coder-7B-Instruct-4bit,3.900787591934204,,,,0.0,False,False,False
atis,hard,what flights from SEATTLE to SALT LAKE CITY,"SELECT DISTINCT FLIGHTalias0.FLIGHT_ID FROM AIRPORT_SERVICE AS AIRPORT_SERVICEalias0 , AIRPORT_SERVICE AS AIRPORT_SERVICEalias1 , CITY AS CITYalias0 , CITY AS CITYalias1 , FLIGHT AS FLIGHTalias0 WHERE CITYalias0.CITY_CODE = AIRPORT_SERVICEalias0.CITY_CODE AND CITYalias0.CITY_NAME = ""SEATTLE"" AND CITYalias1.CITY_CODE = AIRPORT_SERVICEalias1.CITY_CODE AND CITYalias1.CITY_NAME = ""SALT LAKE CITY"" AND FLIGHTalias0.FROM_AIRPORT = AIRPORT_SERVICEalias0.AIRPORT_CODE AND FLIGHTalias0.TO_AIRPORT = AIRPORT_SERVICEalias1.AIRPORT_CODE ;",SELECT T1.flight_id FROM flight AS T1 JOIN airport AS T2 ON T1.from_airport = T2.airport_code JOIN airport AS T3 ON T1.to_airport = T3.airport_code WHERE T2.airport_name = 'SEATTLE' AND T3.airport_name = 'SALT LAKE CITY';,Qwen2.5-Coder-7B-Instruct-4bit,5.942416906356812,,,,0.0,False,False,False
atis,hard,show me the flights from ST. PETERSBURG to TORONTO that arrive before 1200,"SELECT DISTINCT FLIGHTalias0.FLIGHT_ID FROM AIRPORT_SERVICE AS AIRPORT_SERVICEalias0 , AIRPORT_SERVICE AS AIRPORT_SERVICEalias1 , CITY AS CITYalias0 , CITY AS CITYalias1 , FLIGHT AS FLIGHTalias0 WHERE ( CITYalias1.CITY_CODE = AIRPORT_SERVICEalias1.CITY_CODE AND CITYalias1.CITY_NAME = ""TORONTO"" AND FLIGHTalias0.ARRIVAL_TIME <= 1200 AND FLIGHTalias0.TO_AIRPORT = AIRPORT_SERVICEalias1.AIRPORT_CODE ) AND CITYalias0.CITY_CODE = AIRPORT_SERVICEalias0.CITY_CODE AND CITYalias0.CITY_NAME = ""ST. PETERSBURG"" AND FLIGHTalias0.FROM_AIRPORT = AIRPORT_SERVICEalias0.AIRPORT_CODE ;",SELECT T1.flight_id FROM flight AS T1 JOIN airport AS T2 ON T1.from_airport = T2.airport_code JOIN airport AS T3 ON T1.to_airport = T3.airport_code WHERE T2.airport_name = 'ST. PETERSBURG' AND T3.airport_name = 'TORONTO' AND T1.arrival_time < '1200';,Qwen2.5-Coder-7B-Instruct-4bit,6.337160348892212,,,,0.0015697479248046875,False,False,False
atis,hard,flights from DENVER to PITTSBURGH on thursday,"SELECT DISTINCT FLIGHTalias0.FLIGHT_ID FROM AIRPORT_SERVICE AS AIRPORT_SERVICEalias0 , AIRPORT_SERVICE AS AIRPORT_SERVICEalias1 , CITY AS CITYalias0 , CITY AS CITYalias1 , DATE_DAY AS DATE_DAYalias0 , DAYS AS DAYSalias0 , FLIGHT AS FLIGHTalias0 WHERE ( CITYalias1.CITY_CODE = AIRPORT_SERVICEalias1.CITY_CODE AND CITYalias1.CITY_NAME = ""PITTSBURGH"" AND DATE_DAYalias0.DAY_NUMBER = 24 AND DATE_DAYalias0.MONTH_NUMBER = 5 AND DATE_DAYalias0.YEAR = 1991 AND DAYSalias0.DAY_NAME = DATE_DAYalias0.DAY_NAME AND FLIGHTalias0.FLIGHT_DAYS = DAYSalias0.DAYS_CODE AND FLIGHTalias0.TO_AIRPORT = AIRPORT_SERVICEalias1.AIRPORT_CODE ) AND CITYalias0.CITY_CODE = AIRPORT_SERVICEalias0.CITY_CODE AND CITYalias0.CITY_NAME = ""DENVER"" AND FLIGHTalias0.FROM_AIRPORT = AIRPORT_SERVICEalias0.AIRPORT_CODE ;",SELECT T1.flight_id FROM flight AS T1 JOIN airport AS T2 ON T1.from_airport = T2.airport_code JOIN airport AS T3 ON T1.to_airport = T3.airport_code JOIN days AS T4 ON T1.flight_days & T4.days_code > 0 WHERE T2.airport_name = 'DENVER' AND T3.airport_name = 'PITTSBURGH' AND T4.day_name = 'THURSDAY';,Qwen2.5-Coder-7B-Instruct-4bit,7.966493606567383,,,,0.0037436485290527344,False,False,False
atis,hard,what is the first flight that travels from ATLANTA to BALTIMORE that serves LUNCH,"SELECT DISTINCT FLIGHTalias0.FLIGHT_ID FROM AIRPORT_SERVICE AS AIRPORT_SERVICEalias0 , AIRPORT_SERVICE AS AIRPORT_SERVICEalias1 , CITY AS CITYalias0 , CITY AS CITYalias1 , FLIGHT AS FLIGHTalias0 , FOOD_SERVICE AS FOOD_SERVICEalias0 WHERE ( ( CITYalias1.CITY_CODE = AIRPORT_SERVICEalias1.CITY_CODE AND CITYalias1.CITY_NAME = ""BALTIMORE"" AND FLIGHTalias0.TO_AIRPORT = AIRPORT_SERVICEalias1.AIRPORT_CODE AND FOOD_SERVICEalias0.MEAL_CODE = FLIGHTalias0.MEAL_CODE AND FOOD_SERVICEalias0.MEAL_DESCRIPTION = ""LUNCH"" ) AND CITYalias0.CITY_CODE = AIRPORT_SERVICEalias0.CITY_CODE AND CITYalias0.CITY_NAME = ""ATLANTA"" AND FLIGHTalias0.FROM_AIRPORT = AIRPORT_SERVICEalias0.AIRPORT_CODE ) AND FLIGHTalias0.DEPARTURE_TIME = ( SELECT MIN( FLIGHTalias1.DEPARTURE_TIME ) FROM AIRPORT_SERVICE AS AIRPORT_SERVICEalias2 , AIRPORT_SERVICE AS AIRPORT_SERVICEalias3 , CITY AS CITYalias2 , CITY AS CITYalias3 , FLIGHT AS FLIGHTalias1 , FOOD_SERVICE AS FOOD_SERVICEalias1 WHERE ( CITYalias3.CITY_CODE = AIRPORT_SERVICEalias3.CITY_CODE AND CITYalias3.CITY_NAME = ""BALTIMORE"" AND FLIGHTalias1.TO_AIRPORT = AIRPORT_SERVICEalias3.AIRPORT_CODE AND FOOD_SERVICEalias1.MEAL_CODE = FLIGHTalias1.MEAL_CODE AND FOOD_SERVICEalias1.MEAL_DESCRIPTION = ""LUNCH"" ) AND CITYalias2.CITY_CODE = AIRPORT_SERVICEalias2.CITY_CODE AND CITYalias2.CITY_NAME = ""ATLANTA"" AND FLIGHTalias1.FROM_AIRPORT = AIRPORT_SERVICEalias2.AIRPORT_CODE ) ;",SELECT T1.flight_id FROM flight AS T1 JOIN flight_leg AS T2 ON T1.flight_id = T2.flight_id JOIN food_service AS T3 ON T2.meal_code = T3.meal_code WHERE T1.from_airport = 'ATL' AND T1.to_airport = 'BWI' AND T3.meal_description = 'Lunch' ORDER BY T1.departure_time LIMIT 1;,Qwen2.5-Coder-7B-Instruct-4bit,6.747912645339966,,"(1054, ""Unknown column 'T2.meal_code' in 'ON'"")",,0.0,False,False,False
atis,hard,please find the earliest possible flight from BOSTON to DENVER,"SELECT DISTINCT FLIGHTalias0.FLIGHT_ID FROM AIRPORT_SERVICE AS AIRPORT_SERVICEalias0 , AIRPORT_SERVICE AS AIRPORT_SERVICEalias1 , CITY AS CITYalias0 , CITY AS CITYalias1 , FLIGHT AS FLIGHTalias0 WHERE ( CITYalias0.CITY_CODE = AIRPORT_SERVICEalias0.CITY_CODE AND CITYalias0.CITY_NAME = ""BOSTON"" AND CITYalias1.CITY_CODE = AIRPORT_SERVICEalias1.CITY_CODE AND CITYalias1.CITY_NAME = ""DENVER"" AND FLIGHTalias0.FROM_AIRPORT = AIRPORT_SERVICEalias0.AIRPORT_CODE AND FLIGHTalias0.TO_AIRPORT = AIRPORT_SERVICEalias1.AIRPORT_CODE ) AND FLIGHTalias0.DEPARTURE_TIME = ( SELECT MIN( FLIGHTalias1.DEPARTURE_TIME ) FROM AIRPORT_SERVICE AS AIRPORT_SERVICEalias2 , AIRPORT_SERVICE AS AIRPORT_SERVICEalias3 , CITY AS CITYalias2 , CITY AS CITYalias3 , FLIGHT AS FLIGHTalias1 WHERE CITYalias2.CITY_CODE = AIRPORT_SERVICEalias2.CITY_CODE AND CITYalias2.CITY_NAME = ""BOSTON"" AND CITYalias3.CITY_CODE = AIRPORT_SERVICEalias3.CITY_CODE AND CITYalias3.CITY_NAME = ""DENVER"" AND FLIGHTalias1.FROM_AIRPORT = AIRPORT_SERVICEalias2.AIRPORT_CODE AND FLIGHTalias1.TO_AIRPORT = AIRPORT_SERVICEalias3.AIRPORT_CODE ) ;",SELECT MIN(departure_time) as earliest_departure FROM flight JOIN airport ON flight.from_airport = airport.airport_code JOIN city ON airport.city_code = city.city_code WHERE city.city_name = 'BOSTON' AND flight.to_airport = (SELECT airport_code FROM airport WHERE airport_name = 'DENVER');,Qwen2.5-Coder-7B-Instruct-4bit,5.435575485229492,,"(1054, ""Unknown column 'airport.city_code' in 'ON'"")",,0.0013496875762939453,False,False,False
atis,hard,i need the fares on flights from WASHINGTON to TORONTO on a SATURDAY,"SELECT DISTINCT FAREalias0.FARE_ID FROM AIRPORT_SERVICE AS AIRPORT_SERVICEalias0 , AIRPORT_SERVICE AS AIRPORT_SERVICEalias1 , CITY AS CITYalias0 , CITY AS CITYalias1 , DAYS AS DAYSalias0 , DAYS AS DAYSalias1 , FARE AS FAREalias0 , FARE_BASIS AS FARE_BASISalias0 , FLIGHT AS FLIGHTalias0 , FLIGHT_FARE AS FLIGHT_FAREalias0 WHERE ( CITYalias1.CITY_CODE = AIRPORT_SERVICEalias1.CITY_CODE AND CITYalias1.CITY_NAME = ""TORONTO"" AND DAYSalias1.DAY_NAME = ""SATURDAY"" AND FLIGHTalias0.FLIGHT_DAYS = DAYSalias1.DAYS_CODE AND FLIGHTalias0.TO_AIRPORT = AIRPORT_SERVICEalias1.AIRPORT_CODE ) AND CITYalias0.CITY_CODE = AIRPORT_SERVICEalias0.CITY_CODE AND CITYalias0.CITY_NAME = ""WASHINGTON"" AND DAYSalias0.DAY_NAME = ""SATURDAY"" AND FARE_BASISalias0.BASIS_DAYS = DAYSalias0.DAYS_CODE AND FAREalias0.FARE_BASIS_CODE = FARE_BASISalias0.FARE_BASIS_CODE AND FLIGHT_FAREalias0.FARE_ID = FAREalias0.FARE_ID AND FLIGHTalias0.FLIGHT_ID = FLIGHT_FAREalias0.FLIGHT_ID AND FLIGHTalias0.FROM_AIRPORT = AIRPORT_SERVICEalias0.AIRPORT_CODE ;","SELECT T1.fare_id, T2.one_direction_cost, T2.round_trip_cost FROM fare AS T1 JOIN fare_basis AS T2 ON T1.fare_basis_code = T2.fare_basis_code JOIN flight AS T3 ON T1.flight_id = T3.flight_id WHERE T3.from_airport = 'WASH' AND T3.to_airport = 'TORO' AND T3.flight_days LIKE '%SAT%'",Qwen2.5-Coder-7B-Instruct-4bit,6.705218076705933,,"(1054, ""Unknown column 'T2.one_direction_cost' in 'SELECT'"")",,0.0021991729736328125,False,False,False
atis,hard,show me the flights from BOSTON to SAN FRANCISCO leaving after 1600 on friday,"SELECT DISTINCT FLIGHTalias0.FLIGHT_ID FROM AIRPORT_SERVICE AS AIRPORT_SERVICEalias0 , AIRPORT_SERVICE AS AIRPORT_SERVICEalias1 , CITY AS CITYalias0 , CITY AS CITYalias1 , DATE_DAY AS DATE_DAYalias0 , DAYS AS DAYSalias0 , FLIGHT AS FLIGHTalias0 WHERE ( ( DATE_DAYalias0.DAY_NUMBER = 25 AND DATE_DAYalias0.MONTH_NUMBER = 6 AND DATE_DAYalias0.YEAR = 1991 AND DAYSalias0.DAY_NAME = DATE_DAYalias0.DAY_NAME AND FLIGHTalias0.DEPARTURE_TIME > 1600 AND FLIGHTalias0.FLIGHT_DAYS = DAYSalias0.DAYS_CODE ) AND CITYalias1.CITY_CODE = AIRPORT_SERVICEalias1.CITY_CODE AND CITYalias1.CITY_NAME = ""SAN FRANCISCO"" AND FLIGHTalias0.TO_AIRPORT = AIRPORT_SERVICEalias1.AIRPORT_CODE ) AND CITYalias0.CITY_CODE = AIRPORT_SERVICEalias0.CITY_CODE AND CITYalias0.CITY_NAME = ""BOSTON"" AND FLIGHTalias0.FROM_AIRPORT = AIRPORT_SERVICEalias0.AIRPORT_CODE ;",SELECT T2.flight_id FROM city AS T1 JOIN flight AS T2 ON T1.city_code = T2.from_airport WHERE T1.city_name = 'BOSTON' AND T2.departure_time > '1600' AND T2.flight_days LIKE '%FRI%' AND T2.to_airport IN (SELECT airport_code FROM airport WHERE airport_name = 'SAN FRANCISCO'),Qwen2.5-Coder-7B-Instruct-4bit,6.784877777099609,,,,0.0005395412445068359,False,False,False
atis,hard,what is the round trip fare on CO 1291 from DENVER to SAN FRANCISCO and return,"SELECT DISTINCT FAREalias0.FARE_ID FROM AIRPORT_SERVICE AS AIRPORT_SERVICEalias0 , AIRPORT_SERVICE AS AIRPORT_SERVICEalias1 , CITY AS CITYalias0 , CITY AS CITYalias1 , FARE AS FAREalias0 , FLIGHT AS FLIGHTalias0 , FLIGHT_FARE AS FLIGHT_FAREalias0 WHERE ( ( CITYalias0.CITY_CODE = AIRPORT_SERVICEalias0.CITY_CODE AND CITYalias0.CITY_NAME = ""DENVER"" AND CITYalias1.CITY_CODE = AIRPORT_SERVICEalias1.CITY_CODE AND CITYalias1.CITY_NAME = ""SAN FRANCISCO"" AND FLIGHTalias0.FROM_AIRPORT = AIRPORT_SERVICEalias0.AIRPORT_CODE AND FLIGHTalias0.TO_AIRPORT = AIRPORT_SERVICEalias1.AIRPORT_CODE ) AND FLIGHTalias0.FLIGHT_NUMBER = 1291 ) AND FAREalias0.ROUND_TRIP_COST IS NOT NULL AND FLIGHT_FAREalias0.FARE_ID = FAREalias0.FARE_ID AND FLIGHTalias0.AIRLINE_CODE = ""CO"" AND FLIGHTalias0.FLIGHT_ID = FLIGHT_FAREalias0.FLIGHT_ID ;",SELECT T2.round_trip_cost FROM flight AS T1 JOIN fare AS T2 ON T1.fare_id = T2.fare_id WHERE T1.flight_number = 'CO 1291' AND T1.from_airport = 'DENVER' AND T1.to_airport = 'SAN FRANCISCO';,Qwen2.5-Coder-7B-Instruct-4bit,5.153707981109619,,"(1054, ""Unknown column 'T1.fare_id' in 'ON'"")",,0.0006303787231445312,False,False,False
atis,hard,what 's the cheapest round trip fare between DALLAS and BALTIMORE,"SELECT DISTINCT FAREalias0.FARE_ID FROM AIRPORT_SERVICE AS AIRPORT_SERVICEalias0 , AIRPORT_SERVICE AS AIRPORT_SERVICEalias1 , CITY AS CITYalias0 , CITY AS CITYalias1 , FARE AS FAREalias0 , FLIGHT AS FLIGHTalias0 , FLIGHT_FARE AS FLIGHT_FAREalias0 WHERE CITYalias0.CITY_CODE = AIRPORT_SERVICEalias0.CITY_CODE AND CITYalias0.CITY_NAME = ""DALLAS"" AND CITYalias1.CITY_CODE = AIRPORT_SERVICEalias1.CITY_CODE AND CITYalias1.CITY_NAME = ""BALTIMORE"" AND FAREalias0.ROUND_TRIP_COST = ( SELECT MIN( FAREalias1.ROUND_TRIP_COST ) FROM AIRPORT_SERVICE AS AIRPORT_SERVICEalias2 , AIRPORT_SERVICE AS AIRPORT_SERVICEalias3 , CITY AS CITYalias2 , CITY AS CITYalias3 , FARE AS FAREalias1 , FLIGHT AS FLIGHTalias1 , FLIGHT_FARE AS FLIGHT_FAREalias1 WHERE CITYalias2.CITY_CODE = AIRPORT_SERVICEalias2.CITY_CODE AND CITYalias2.CITY_NAME = ""DALLAS"" AND CITYalias3.CITY_CODE = AIRPORT_SERVICEalias3.CITY_CODE AND CITYalias3.CITY_NAME = ""BALTIMORE"" AND FLIGHT_FAREalias1.FARE_ID = FAREalias1.FARE_ID AND FLIGHTalias1.FLIGHT_ID = FLIGHT_FAREalias1.FLIGHT_ID AND FLIGHTalias1.FROM_AIRPORT = AIRPORT_SERVICEalias2.AIRPORT_CODE AND FLIGHTalias1.TO_AIRPORT = AIRPORT_SERVICEalias3.AIRPORT_CODE ) AND FLIGHT_FAREalias0.FARE_ID = FAREalias0.FARE_ID AND FLIGHTalias0.FLIGHT_ID = FLIGHT_FAREalias0.FLIGHT_ID AND FLIGHTalias0.FROM_AIRPORT = AIRPORT_SERVICEalias0.AIRPORT_CODE AND FLIGHTalias0.TO_AIRPORT = AIRPORT_SERVICEalias1.AIRPORT_CODE ;",SELECT MIN(round_trip_cost) FROM fare WHERE from_airport = 'DAL' AND to_airport = 'BWI';,Qwen2.5-Coder-7B-Instruct-4bit,2.977498769760132,,,,0.0009987354278564453,False,False,False
atis,hard,i'd like to book a flight from SAN DIEGO to TORONTO,"SELECT DISTINCT FLIGHTalias0.FLIGHT_ID FROM AIRPORT_SERVICE AS AIRPORT_SERVICEalias0 , AIRPORT_SERVICE AS AIRPORT_SERVICEalias1 , CITY AS CITYalias0 , CITY AS CITYalias1 , FLIGHT AS FLIGHTalias0 WHERE CITYalias0.CITY_CODE = AIRPORT_SERVICEalias0.CITY_CODE AND CITYalias0.CITY_NAME = ""SAN DIEGO"" AND CITYalias1.CITY_CODE = AIRPORT_SERVICEalias1.CITY_CODE AND CITYalias1.CITY_NAME = ""TORONTO"" AND FLIGHTalias0.FROM_AIRPORT = AIRPORT_SERVICEalias0.AIRPORT_CODE AND FLIGHTalias0.TO_AIRPORT = AIRPORT_SERVICEalias1.AIRPORT_CODE ;",SELECT DISTINCT T1.flight_id FROM flight AS T1 JOIN airport AS T2 ON T1.from_airport = T2.airport_code JOIN airport AS T3 ON T1.to_airport = T3.airport_code WHERE T2.airport_name = 'SAN DIEGO' AND T3.airport_name = 'TORONTO';,Qwen2.5-Coder-7B-Instruct-4bit,5.357906103134155,,,,0.0022237300872802734,False,False,False
atis,hard,show me the flights from SAN DIEGO to NEWARK,"SELECT DISTINCT FLIGHTalias0.FLIGHT_ID FROM AIRPORT_SERVICE AS AIRPORT_SERVICEalias0 , AIRPORT_SERVICE AS AIRPORT_SERVICEalias1 , CITY AS CITYalias0 , CITY AS CITYalias1 , FLIGHT AS FLIGHTalias0 WHERE CITYalias0.CITY_CODE = AIRPORT_SERVICEalias0.CITY_CODE AND CITYalias0.CITY_NAME = ""SAN DIEGO"" AND CITYalias1.CITY_CODE = AIRPORT_SERVICEalias1.CITY_CODE AND CITYalias1.CITY_NAME = ""NEWARK"" AND FLIGHTalias0.FROM_AIRPORT = AIRPORT_SERVICEalias0.AIRPORT_CODE AND FLIGHTalias0.TO_AIRPORT = AIRPORT_SERVICEalias1.AIRPORT_CODE ;","SELECT T1.flight_id, T1.departure_time, T1.arrival_time FROM flight AS T1 JOIN airport AS T2 ON T1.from_airport = T2.airport_code JOIN airport AS T3 ON T1.to_airport = T3.airport_code WHERE T2.airport_name = 'SAN DIEGO' AND T3.airport_name = 'NEWARK';",Qwen2.5-Coder-7B-Instruct-4bit,6.458654403686523,,,,0.0,False,False,False
atis,hard,show me which flights from SAN FRANCISCO to PITTSBURGH on a MONDAY are FIRST class,"SELECT DISTINCT FLIGHTalias0.FLIGHT_ID FROM AIRPORT_SERVICE AS AIRPORT_SERVICEalias0 , AIRPORT_SERVICE AS AIRPORT_SERVICEalias1 , CITY AS CITYalias0 , CITY AS CITYalias1 , DAYS AS DAYSalias0 , DAYS AS DAYSalias1 , FARE AS FAREalias0 , FARE_BASIS AS FARE_BASISalias0 , FARE_BASIS AS FARE_BASISalias1 , FLIGHT AS FLIGHTalias0 , FLIGHT_FARE AS FLIGHT_FAREalias0 WHERE ( ( DAYSalias0.DAY_NAME = ""MONDAY"" AND DAYSalias1.DAY_NAME = ""MONDAY"" AND FARE_BASISalias0.CLASS_TYPE = ""FIRST"" AND FARE_BASISalias1.BASIS_DAYS = DAYSalias1.DAYS_CODE AND FAREalias0.FARE_BASIS_CODE = FARE_BASISalias0.FARE_BASIS_CODE AND FAREalias0.FARE_BASIS_CODE = FARE_BASISalias1.FARE_BASIS_CODE AND FLIGHT_FAREalias0.FARE_ID = FAREalias0.FARE_ID AND FLIGHTalias0.FLIGHT_DAYS = DAYSalias0.DAYS_CODE AND FLIGHTalias0.FLIGHT_ID = FLIGHT_FAREalias0.FLIGHT_ID ) AND CITYalias1.CITY_CODE = AIRPORT_SERVICEalias1.CITY_CODE AND CITYalias1.CITY_NAME = ""PITTSBURGH"" AND FLIGHTalias0.TO_AIRPORT = AIRPORT_SERVICEalias1.AIRPORT_CODE ) AND CITYalias0.CITY_CODE = AIRPORT_SERVICEalias0.CITY_CODE AND CITYalias0.CITY_NAME = ""SAN FRANCISCO"" AND FLIGHTalias0.FROM_AIRPORT = AIRPORT_SERVICEalias0.AIRPORT_CODE ;",SELECT T1.flight_id FROM flight AS T1 JOIN fare AS T2 ON T1.flight_id = T2.flight_id JOIN class_of_service AS T3 ON T2.booking_class = T3.booking_class JOIN airport_service AS T4 ON T1.from_airport = T4.airport_code JOIN city AS T5 ON T4.city_code = T5.city_code WHERE T5.city_name = 'SAN FRANCISCO' AND T1.to_airport = 'PITTSBURGH' AND T1.flight_days LIKE '%MON%' AND T3.class_type = 'FIRST CLASS',Qwen2.5-Coder-7B-Instruct-4bit,8.895888090133667,,"(1054, ""Unknown column 'T3.class_type' in 'WHERE'"")",,0.0014801025390625,False,False,False
atis,hard,show me wednesday afternoon flights from DENVER to SAN FRANCISCO,"SELECT DISTINCT FLIGHTalias0.FLIGHT_ID FROM AIRPORT_SERVICE AS AIRPORT_SERVICEalias0 , AIRPORT_SERVICE AS AIRPORT_SERVICEalias1 , CITY AS CITYalias0 , CITY AS CITYalias1 , DATE_DAY AS DATE_DAYalias0 , DAYS AS DAYSalias0 , FLIGHT AS FLIGHTalias0 WHERE ( ( CITYalias1.CITY_CODE = AIRPORT_SERVICEalias1.CITY_CODE AND CITYalias1.CITY_NAME = ""SAN FRANCISCO"" AND DATE_DAYalias0.DAY_NUMBER = 23 AND DATE_DAYalias0.MONTH_NUMBER = 4 AND DATE_DAYalias0.YEAR = 1991 AND DAYSalias0.DAY_NAME = DATE_DAYalias0.DAY_NAME AND FLIGHTalias0.FLIGHT_DAYS = DAYSalias0.DAYS_CODE AND FLIGHTalias0.TO_AIRPORT = AIRPORT_SERVICEalias1.AIRPORT_CODE ) AND CITYalias0.CITY_CODE = AIRPORT_SERVICEalias0.CITY_CODE AND CITYalias0.CITY_NAME = ""DENVER"" AND FLIGHTalias0.FROM_AIRPORT = AIRPORT_SERVICEalias0.AIRPORT_CODE ) AND FLIGHTalias0.DEPARTURE_TIME BETWEEN 1200 AND 1800 ;","SELECT T1.flight_id, T1.departure_time, T1.arrival_time FROM flight AS T1 JOIN flight_days AS T2 ON T1.flight_days = T2.days_code WHERE T2.day_name = 'Wednesday' AND T1.from_airport = 'DEN' AND T1.to_airport = 'SFO' AND T1.departure_time BETWEEN '12:00' AND '18:00';",Qwen2.5-Coder-7B-Instruct-4bit,7.5152428150177,,"(1146, ""Table 'atis.flight_days' doesn't exist"")",,0.0010001659393310547,False,False,False
atis,hard,show me cheap flights from BALTIMORE to DALLAS,"SELECT DISTINCT FLIGHTalias0.FLIGHT_ID FROM AIRPORT_SERVICE AS AIRPORT_SERVICEalias0 , AIRPORT_SERVICE AS AIRPORT_SERVICEalias1 , AIRPORT_SERVICE AS AIRPORT_SERVICEalias2 , CITY AS CITYalias0 , CITY AS CITYalias1 , CITY AS CITYalias2 , FARE AS FAREalias0 , FLIGHT AS FLIGHTalias0 , FLIGHT_FARE AS FLIGHT_FAREalias0 WHERE ( ( CITYalias0.CITY_CODE = AIRPORT_SERVICEalias0.CITY_CODE AND CITYalias0.CITY_NAME = ""BALTIMORE"" AND FLIGHTalias0.FROM_AIRPORT = AIRPORT_SERVICEalias0.AIRPORT_CODE ) AND CITYalias2.CITY_CODE = AIRPORT_SERVICEalias2.CITY_CODE AND CITYalias2.CITY_NAME = ""DALLAS"" AND FLIGHTalias0.TO_AIRPORT = AIRPORT_SERVICEalias2.AIRPORT_CODE ) AND FAREalias0.ONE_DIRECTION_COST = ( SELECT MIN( FAREalias1.ONE_DIRECTION_COST ) FROM AIRPORT_SERVICE AS AIRPORT_SERVICEalias3 , AIRPORT_SERVICE AS AIRPORT_SERVICEalias4 , AIRPORT_SERVICE AS AIRPORT_SERVICEalias5 , CITY AS CITYalias3 , CITY AS CITYalias4 , CITY AS CITYalias5 , FARE AS FAREalias1 , FLIGHT AS FLIGHTalias1 , FLIGHT_FARE AS FLIGHT_FAREalias1 WHERE CITYalias3.CITY_CODE = AIRPORT_SERVICEalias3.CITY_CODE AND CITYalias3.CITY_NAME = ""BALTIMORE"" AND CITYalias5.CITY_CODE = AIRPORT_SERVICEalias5.CITY_CODE AND CITYalias5.CITY_NAME = ""DALLAS"" AND FLIGHT_FAREalias1.FARE_ID = FAREalias1.FARE_ID AND FLIGHTalias1.FLIGHT_ID = FLIGHT_FAREalias1.FLIGHT_ID AND FLIGHTalias1.FROM_AIRPORT = AIRPORT_SERVICEalias3.AIRPORT_CODE AND FLIGHTalias1.TO_AIRPORT = AIRPORT_SERVICEalias5.AIRPORT_CODE ) AND FLIGHT_FAREalias0.FARE_ID = FAREalias0.FARE_ID AND FLIGHTalias0.FLIGHT_ID = FLIGHT_FAREalias0.FLIGHT_ID ;","SELECT T1.fare_id, T2.from_airport, T2.to_airport, T2.one_direction_cost, T2.round_trip_cost 
FROM fare AS T1 
JOIN flight_fare AS T2 ON T1.fare_id = T2.fare_id 
WHERE T2.from_airport = 'BALTIMORE' AND T2.to_airport = 'DALLAS' AND T2.one_direction_cost < 500;",Qwen2.5-Coder-7B-Instruct-4bit,7.100858926773071,,"(1054, ""Unknown column 'T2.from_airport' in 'SELECT'"")",,0.0033736228942871094,False,False,False
atis,hard,what are the flights from PITTSBURGH to DENVER,"SELECT DISTINCT FLIGHTalias0.FLIGHT_ID FROM AIRPORT_SERVICE AS AIRPORT_SERVICEalias0 , AIRPORT_SERVICE AS AIRPORT_SERVICEalias1 , CITY AS CITYalias0 , CITY AS CITYalias1 , FLIGHT AS FLIGHTalias0 WHERE CITYalias0.CITY_CODE = AIRPORT_SERVICEalias0.CITY_CODE AND CITYalias0.CITY_NAME = ""PITTSBURGH"" AND CITYalias1.CITY_CODE = AIRPORT_SERVICEalias1.CITY_CODE AND CITYalias1.CITY_NAME = ""DENVER"" AND FLIGHTalias0.FROM_AIRPORT = AIRPORT_SERVICEalias0.AIRPORT_CODE AND FLIGHTalias0.TO_AIRPORT = AIRPORT_SERVICEalias1.AIRPORT_CODE ;",SELECT T1.flight_id FROM flight AS T1 JOIN airport AS T2 ON T1.from_airport = T2.airport_code JOIN airport AS T3 ON T1.to_airport = T3.airport_code JOIN city AS T4 ON T2.city_code = T4.city_code WHERE T4.city_name = 'PITTSBURGH' AND T3.city_name = 'DENVER';,Qwen2.5-Coder-7B-Instruct-4bit,6.488625764846802,,"(1054, ""Unknown column 'T3.city_name' in 'WHERE'"")",,0.0,False,False,False
atis,hard,list all flights from BALTIMORE to SAN FRANCISCO on friday,"SELECT DISTINCT FLIGHTalias0.FLIGHT_ID FROM AIRPORT_SERVICE AS AIRPORT_SERVICEalias0 , AIRPORT_SERVICE AS AIRPORT_SERVICEalias1 , CITY AS CITYalias0 , CITY AS CITYalias1 , DATE_DAY AS DATE_DAYalias0 , DAYS AS DAYSalias0 , FLIGHT AS FLIGHTalias0 WHERE ( CITYalias1.CITY_CODE = AIRPORT_SERVICEalias1.CITY_CODE AND CITYalias1.CITY_NAME = ""SAN FRANCISCO"" AND DATE_DAYalias0.DAY_NUMBER = 25 AND DATE_DAYalias0.MONTH_NUMBER = 6 AND DATE_DAYalias0.YEAR = 1991 AND DAYSalias0.DAY_NAME = DATE_DAYalias0.DAY_NAME AND FLIGHTalias0.FLIGHT_DAYS = DAYSalias0.DAYS_CODE AND FLIGHTalias0.TO_AIRPORT = AIRPORT_SERVICEalias1.AIRPORT_CODE ) AND CITYalias0.CITY_CODE = AIRPORT_SERVICEalias0.CITY_CODE AND CITYalias0.CITY_NAME = ""BALTIMORE"" AND FLIGHTalias0.FROM_AIRPORT = AIRPORT_SERVICEalias0.AIRPORT_CODE ;",SELECT T1.flight_id FROM flight AS T1 JOIN date_day AS T2 ON T1.flight_days = T2.days_code JOIN airport AS T3 ON T1.from_airport = T3.airport_code JOIN airport AS T4 ON T1.to_airport = T4.airport_code WHERE T3.airport_name = 'BALTIMORE' AND T4.airport_name = 'SAN FRANCISCO' AND T2.day_name = 'FRIDAY';,Qwen2.5-Coder-7B-Instruct-4bit,7.886758804321289,,"(1054, ""Unknown column 'T2.days_code' in 'ON'"")",,0.0,False,False,False
atis,hard,can i get from DALLAS to SAN FRANCISCO leaving in the morning and arriving in the morning,"SELECT DISTINCT FLIGHTalias0.FLIGHT_ID FROM AIRPORT_SERVICE AS AIRPORT_SERVICEalias0 , AIRPORT_SERVICE AS AIRPORT_SERVICEalias1 , CITY AS CITYalias0 , CITY AS CITYalias1 , FLIGHT AS FLIGHTalias0 WHERE ( ( ( FLIGHTalias0.ARRIVAL_TIME <= 1200 AND FLIGHTalias0.ARRIVAL_TIME >= 0 ) AND CITYalias1.CITY_CODE = AIRPORT_SERVICEalias1.CITY_CODE AND CITYalias1.CITY_NAME = ""SAN FRANCISCO"" AND FLIGHTalias0.TO_AIRPORT = AIRPORT_SERVICEalias1.AIRPORT_CODE ) AND CITYalias0.CITY_CODE = AIRPORT_SERVICEalias0.CITY_CODE AND CITYalias0.CITY_NAME = ""DALLAS"" AND FLIGHTalias0.FROM_AIRPORT = AIRPORT_SERVICEalias0.AIRPORT_CODE ) AND FLIGHTalias0.DEPARTURE_TIME BETWEEN 0 AND 1200 ;",SELECT * FROM flight WHERE from_airport = 'DAL' AND to_airport = 'SFO' AND departure_time >= '06:00' AND arrival_time <= '12:00';,Qwen2.5-Coder-7B-Instruct-4bit,3.744428396224976,,,,0.0015017986297607422,False,False,False
atis,hard,what are the flights from BOSTON to BALTIMORE,"SELECT DISTINCT FLIGHTalias0.FLIGHT_ID FROM AIRPORT_SERVICE AS AIRPORT_SERVICEalias0 , AIRPORT_SERVICE AS AIRPORT_SERVICEalias1 , CITY AS CITYalias0 , CITY AS CITYalias1 , FLIGHT AS FLIGHTalias0 WHERE CITYalias0.CITY_CODE = AIRPORT_SERVICEalias0.CITY_CODE AND CITYalias0.CITY_NAME = ""BOSTON"" AND CITYalias1.CITY_CODE = AIRPORT_SERVICEalias1.CITY_CODE AND CITYalias1.CITY_NAME = ""BALTIMORE"" AND FLIGHTalias0.FROM_AIRPORT = AIRPORT_SERVICEalias0.AIRPORT_CODE AND FLIGHTalias0.TO_AIRPORT = AIRPORT_SERVICEalias1.AIRPORT_CODE ;",SELECT T1.flight_id FROM flight AS T1 JOIN airport AS T2 ON T1.from_airport = T2.airport_code JOIN airport AS T3 ON T1.to_airport = T3.airport_code JOIN city AS T4 ON T2.city_code = T4.city_code WHERE T4.city_name = 'BOSTON' AND T3.city_name = 'BALTIMORE';,Qwen2.5-Coder-7B-Instruct-4bit,6.398231506347656,,"(1054, ""Unknown column 'T3.city_name' in 'WHERE'"")",,0.0,False,False,False
atis,hard,do any US flights leave from SAN FRANCISCO,"SELECT DISTINCT FLIGHTalias0.FLIGHT_ID FROM AIRPORT_SERVICE AS AIRPORT_SERVICEalias0 , AIRPORT_SERVICE AS AIRPORT_SERVICEalias1 , CITY AS CITYalias0 , CITY AS CITYalias1 , FLIGHT AS FLIGHTalias0 WHERE ( CITYalias0.CITY_CODE = AIRPORT_SERVICEalias0.CITY_CODE AND CITYalias0.CITY_NAME = ""SAN FRANCISCO"" AND CITYalias1.CITY_CODE = AIRPORT_SERVICEalias1.CITY_CODE AND FLIGHTalias0.FROM_AIRPORT = AIRPORT_SERVICEalias0.AIRPORT_CODE AND FLIGHTalias0.TO_AIRPORT = AIRPORT_SERVICEalias1.AIRPORT_CODE ) AND FLIGHTalias0.AIRLINE_CODE = ""US"" ;",SELECT DISTINCT T1.from_airport FROM flight AS T1 JOIN airport AS T2 ON T1.from_airport = T2.airport_code WHERE T2.airport_name = 'SAN FRANCISCO' AND T2.country_name = 'USA';,Qwen2.5-Coder-7B-Instruct-4bit,4.542129755020142,,,,0.0,False,False,False
atis,hard,what flights leave BALTIMORE for BOSTON after 600 o'clock on friday,"SELECT DISTINCT FLIGHTalias0.FLIGHT_ID FROM AIRPORT_SERVICE AS AIRPORT_SERVICEalias0 , AIRPORT_SERVICE AS AIRPORT_SERVICEalias1 , CITY AS CITYalias0 , CITY AS CITYalias1 , DATE_DAY AS DATE_DAYalias0 , DAYS AS DAYSalias0 , FLIGHT AS FLIGHTalias0 WHERE ( ( DATE_DAYalias0.DAY_NUMBER = 25 AND DATE_DAYalias0.MONTH_NUMBER = 6 AND DATE_DAYalias0.YEAR = 1991 AND DAYSalias0.DAY_NAME = DATE_DAYalias0.DAY_NAME AND FLIGHTalias0.DEPARTURE_TIME > 600 AND FLIGHTalias0.FLIGHT_DAYS = DAYSalias0.DAYS_CODE ) AND CITYalias1.CITY_CODE = AIRPORT_SERVICEalias1.CITY_CODE AND CITYalias1.CITY_NAME = ""BOSTON"" AND FLIGHTalias0.TO_AIRPORT = AIRPORT_SERVICEalias1.AIRPORT_CODE ) AND CITYalias0.CITY_CODE = AIRPORT_SERVICEalias0.CITY_CODE AND CITYalias0.CITY_NAME = ""BALTIMORE"" AND FLIGHTalias0.FROM_AIRPORT = AIRPORT_SERVICEalias0.AIRPORT_CODE ;",SELECT T1.flight_id FROM flight AS T1 JOIN airport AS T2 ON T1.from_airport = T2.airport_code JOIN airport AS T3 ON T1.to_airport = T3.airport_code JOIN city AS T4 ON T4.city_code = T2.city_code JOIN days AS T5 ON T5.days_code = T1.flight_days WHERE T4.city_name = 'BALTIMORE' AND T3.city_name = 'BOSTON' AND T1.departure_time > '18:00' AND T5.day_name = 'FRIDAY';,Qwen2.5-Coder-7B-Instruct-4bit,9.293482303619385,,"(1054, ""Unknown column 'T3.city_name' in 'WHERE'"")",,0.0,False,False,False
atis,hard,may i have a listing of flights from MILWAUKEE to TACOMA WASHINGTON departing in the evening,"SELECT DISTINCT FLIGHTalias0.FLIGHT_ID FROM AIRPORT_SERVICE AS AIRPORT_SERVICEalias0 , AIRPORT_SERVICE AS AIRPORT_SERVICEalias1 , CITY AS CITYalias0 , CITY AS CITYalias1 , FLIGHT AS FLIGHTalias0 , STATE AS STATEalias0 WHERE ( CITYalias0.CITY_CODE = AIRPORT_SERVICEalias0.CITY_CODE AND CITYalias0.CITY_NAME = ""MILWAUKEE"" AND CITYalias1.CITY_CODE = AIRPORT_SERVICEalias1.CITY_CODE AND CITYalias1.CITY_NAME = ""TACOMA"" AND FLIGHTalias0.FROM_AIRPORT = AIRPORT_SERVICEalias0.AIRPORT_CODE AND FLIGHTalias0.TO_AIRPORT = AIRPORT_SERVICEalias1.AIRPORT_CODE AND STATEalias0.STATE_CODE = CITYalias1.STATE_CODE AND STATEalias0.STATE_NAME = ""WASHINGTON"" ) AND FLIGHTalias0.DEPARTURE_TIME BETWEEN 1800 AND 2200 ;",SELECT * FROM flight WHERE from_airport IN (SELECT airport_code FROM airport WHERE airport_name = 'MILWAUKEE') AND to_airport IN (SELECT airport_code FROM airport WHERE airport_name = 'TACOMA WASHINGTON') AND departure_time BETWEEN '18:00' AND '23:59';,Qwen2.5-Coder-7B-Instruct-4bit,5.362877130508423,,,,0.0,False,False,False
atis,hard,please tell me how many nonstop flights there are from BOSTON to ATLANTA,"SELECT COUNT( DISTINCT FLIGHTalias0.FLIGHT_ID ) FROM AIRPORT_SERVICE AS AIRPORT_SERVICEalias0 , AIRPORT_SERVICE AS AIRPORT_SERVICEalias1 , CITY AS CITYalias0 , CITY AS CITYalias1 , FLIGHT AS FLIGHTalias0 WHERE ( CITYalias0.CITY_CODE = AIRPORT_SERVICEalias0.CITY_CODE AND CITYalias0.CITY_NAME = ""BOSTON"" AND CITYalias1.CITY_CODE = AIRPORT_SERVICEalias1.CITY_CODE AND CITYalias1.CITY_NAME = ""ATLANTA"" AND FLIGHTalias0.FROM_AIRPORT = AIRPORT_SERVICEalias0.AIRPORT_CODE AND FLIGHTalias0.TO_AIRPORT = AIRPORT_SERVICEalias1.AIRPORT_CODE ) AND FLIGHTalias0.STOPS = 0 ;",SELECT COUNT(*) FROM flight JOIN airport AS departure_airport ON flight.from_airport = departure_airport.airport_code JOIN airport AS arrival_airport ON flight.to_airport = arrival_airport.airport_code JOIN city ON departure_airport.city_code = city.city_code WHERE city.city_name = 'BOSTON' AND arrival_airport.airport_name = 'ATLANTA' AND flight.stops = 0;,Qwen2.5-Coder-7B-Instruct-4bit,6.697198152542114,,"(1054, ""Unknown column 'departure_airport.city_code' in 'ON'"")",,0.0,False,False,False
atis,hard,show me the earliest flights from BOSTON to DENVER on wednesday,"SELECT DISTINCT FLIGHTalias0.FLIGHT_ID FROM AIRPORT_SERVICE AS AIRPORT_SERVICEalias0 , AIRPORT_SERVICE AS AIRPORT_SERVICEalias1 , CITY AS CITYalias0 , CITY AS CITYalias1 , FLIGHT AS FLIGHTalias0 WHERE ( CITYalias0.CITY_CODE = AIRPORT_SERVICEalias0.CITY_CODE AND CITYalias0.CITY_NAME = ""BOSTON"" AND CITYalias1.CITY_CODE = AIRPORT_SERVICEalias1.CITY_CODE AND CITYalias1.CITY_NAME = ""DENVER"" AND FLIGHTalias0.FROM_AIRPORT = AIRPORT_SERVICEalias0.AIRPORT_CODE AND FLIGHTalias0.TO_AIRPORT = AIRPORT_SERVICEalias1.AIRPORT_CODE ) AND FLIGHTalias0.DEPARTURE_TIME = ( SELECT MIN( FLIGHTalias1.DEPARTURE_TIME ) FROM AIRPORT_SERVICE AS AIRPORT_SERVICEalias2 , AIRPORT_SERVICE AS AIRPORT_SERVICEalias3 , CITY AS CITYalias2 , CITY AS CITYalias3 , FLIGHT AS FLIGHTalias1 WHERE CITYalias2.CITY_CODE = AIRPORT_SERVICEalias2.CITY_CODE AND CITYalias2.CITY_NAME = ""BOSTON"" AND CITYalias3.CITY_CODE = AIRPORT_SERVICEalias3.CITY_CODE AND CITYalias3.CITY_NAME = ""DENVER"" AND FLIGHTalias1.FROM_AIRPORT = AIRPORT_SERVICEalias2.AIRPORT_CODE AND FLIGHTalias1.TO_AIRPORT = AIRPORT_SERVICEalias3.AIRPORT_CODE ) ;",SELECT MIN(f.departure_time) as earliest_departure FROM flight f JOIN airport a ON f.from_airport = a.airport_code JOIN city c ON a.city_code = c.city_code WHERE c.city_name = 'BOSTON' AND f.to_airport = (SELECT airport_code FROM airport WHERE airport_name = 'DENVER') AND f.flight_days LIKE '%WED%',Qwen2.5-Coder-7B-Instruct-4bit,6.034994125366211,,"(1054, ""Unknown column 'a.city_code' in 'ON'"")",,0.0,False,False,False
atis,hard,is there a nonstop flight from DENVER to SAN FRANCISCO,"SELECT DISTINCT FLIGHTalias0.FLIGHT_ID FROM AIRPORT_SERVICE AS AIRPORT_SERVICEalias0 , AIRPORT_SERVICE AS AIRPORT_SERVICEalias1 , CITY AS CITYalias0 , CITY AS CITYalias1 , FLIGHT AS FLIGHTalias0 WHERE ( CITYalias0.CITY_CODE = AIRPORT_SERVICEalias0.CITY_CODE AND CITYalias0.CITY_NAME = ""DENVER"" AND CITYalias1.CITY_CODE = AIRPORT_SERVICEalias1.CITY_CODE AND CITYalias1.CITY_NAME = ""SAN FRANCISCO"" AND FLIGHTalias0.FROM_AIRPORT = AIRPORT_SERVICEalias0.AIRPORT_CODE AND FLIGHTalias0.TO_AIRPORT = AIRPORT_SERVICEalias1.AIRPORT_CODE ) AND FLIGHTalias0.STOPS = 0 ;",SELECT EXISTS(SELECT 1 FROM flight WHERE from_airport = 'DEN' AND to_airport = 'SFO' AND stops = 0);,Qwen2.5-Coder-7B-Instruct-4bit,2.89253568649292,,,,0.0,False,False,False
atis,hard,what is the latest flight leaving LAS VEGAS for ONTARIO,"SELECT DISTINCT FLIGHTalias0.FLIGHT_ID FROM AIRPORT_SERVICE AS AIRPORT_SERVICEalias0 , AIRPORT_SERVICE AS AIRPORT_SERVICEalias1 , CITY AS CITYalias0 , CITY AS CITYalias1 , FLIGHT AS FLIGHTalias0 WHERE ( CITYalias0.CITY_CODE = AIRPORT_SERVICEalias0.CITY_CODE AND CITYalias0.CITY_NAME = ""LAS VEGAS"" AND CITYalias1.CITY_CODE = AIRPORT_SERVICEalias1.CITY_CODE AND CITYalias1.CITY_NAME = ""ONTARIO"" AND FLIGHTalias0.FROM_AIRPORT = AIRPORT_SERVICEalias0.AIRPORT_CODE AND FLIGHTalias0.TO_AIRPORT = AIRPORT_SERVICEalias1.AIRPORT_CODE ) AND FLIGHTalias0.DEPARTURE_TIME = ( SELECT MAX( FLIGHTalias1.DEPARTURE_TIME ) FROM AIRPORT_SERVICE AS AIRPORT_SERVICEalias2 , AIRPORT_SERVICE AS AIRPORT_SERVICEalias3 , CITY AS CITYalias2 , CITY AS CITYalias3 , FLIGHT AS FLIGHTalias1 WHERE CITYalias2.CITY_CODE = AIRPORT_SERVICEalias2.CITY_CODE AND CITYalias2.CITY_NAME = ""LAS VEGAS"" AND CITYalias3.CITY_CODE = AIRPORT_SERVICEalias3.CITY_CODE AND CITYalias3.CITY_NAME = ""ONTARIO"" AND FLIGHTalias1.FROM_AIRPORT = AIRPORT_SERVICEalias2.AIRPORT_CODE AND FLIGHTalias1.TO_AIRPORT = AIRPORT_SERVICEalias3.AIRPORT_CODE ) ;",SELECT MAX(departure_time) FROM flight JOIN airport ON flight.from_airport = airport.airport_code WHERE airport_name = 'LAS VEGAS' AND to_airport = 'ONTARIO';,Qwen2.5-Coder-7B-Instruct-4bit,4.04330849647522,,,,0.0010607242584228516,False,False,False
atis,hard,what are the flights from MILWAUKEE to ORLANDO on wednesday,"SELECT DISTINCT FLIGHTalias0.FLIGHT_ID FROM AIRPORT_SERVICE AS AIRPORT_SERVICEalias0 , AIRPORT_SERVICE AS AIRPORT_SERVICEalias1 , CITY AS CITYalias0 , CITY AS CITYalias1 , DATE_DAY AS DATE_DAYalias0 , DAYS AS DAYSalias0 , FLIGHT AS FLIGHTalias0 WHERE ( CITYalias1.CITY_CODE = AIRPORT_SERVICEalias1.CITY_CODE AND CITYalias1.CITY_NAME = ""ORLANDO"" AND DATE_DAYalias0.DAY_NUMBER = 23 AND DATE_DAYalias0.MONTH_NUMBER = 4 AND DATE_DAYalias0.YEAR = 1991 AND DAYSalias0.DAY_NAME = DATE_DAYalias0.DAY_NAME AND FLIGHTalias0.FLIGHT_DAYS = DAYSalias0.DAYS_CODE AND FLIGHTalias0.TO_AIRPORT = AIRPORT_SERVICEalias1.AIRPORT_CODE ) AND CITYalias0.CITY_CODE = AIRPORT_SERVICEalias0.CITY_CODE AND CITYalias0.CITY_NAME = ""MILWAUKEE"" AND FLIGHTalias0.FROM_AIRPORT = AIRPORT_SERVICEalias0.AIRPORT_CODE ;",SELECT T1.flight_id FROM flight AS T1 JOIN airport AS T2 ON T1.from_airport = T2.airport_code JOIN airport AS T3 ON T1.to_airport = T3.airport_code JOIN days AS T4 ON T1.flight_days & T4.days_code > 0 WHERE T2.airport_name = 'MILWAUKEE' AND T3.airport_name = 'ORLANDO' AND T4.day_name = 'WEDNESDAY';,Qwen2.5-Coder-7B-Instruct-4bit,7.649404048919678,,,,0.0,False,False,False
atis,hard,show me the flights from BOSTON to PITTSBURGH on WEDNESDAY and THURSDAY,"SELECT DISTINCT FLIGHTalias0.FLIGHT_ID FROM AIRPORT_SERVICE AS AIRPORT_SERVICEalias0 , AIRPORT_SERVICE AS AIRPORT_SERVICEalias1 , CITY AS CITYalias0 , CITY AS CITYalias1 , DAYS AS DAYSalias0 , DAYS AS DAYSalias1 , FLIGHT AS FLIGHTalias0 WHERE ( ( DAYSalias0.DAY_NAME = ""WEDNESDAY"" AND DAYSalias1.DAY_NAME = ""THURSDAY"" AND FLIGHTalias0.FLIGHT_DAYS = DAYSalias0.DAYS_CODE AND FLIGHTalias0.FLIGHT_DAYS = DAYSalias1.DAYS_CODE ) AND CITYalias1.CITY_CODE = AIRPORT_SERVICEalias1.CITY_CODE AND CITYalias1.CITY_NAME = ""PITTSBURGH"" AND FLIGHTalias0.TO_AIRPORT = AIRPORT_SERVICEalias1.AIRPORT_CODE ) AND CITYalias0.CITY_CODE = AIRPORT_SERVICEalias0.CITY_CODE AND CITYalias0.CITY_NAME = ""BOSTON"" AND FLIGHTalias0.FROM_AIRPORT = AIRPORT_SERVICEalias0.AIRPORT_CODE ;","SELECT T1.flight_id FROM flight AS T1 JOIN airport AS T2 ON T1.from_airport = T2.airport_code JOIN airport AS T3 ON T1.to_airport = T3.airport_code JOIN city AS T4 ON T4.city_code = T2.city_code JOIN days AS T5 ON T5.days_code = T1.flight_days WHERE T4.city_name = 'BOSTON' AND T3.city_name = 'PITTSBURGH' AND T5.day_name IN ('WEDNESDAY', 'THURSDAY')",Qwen2.5-Coder-7B-Instruct-4bit,9.198611974716188,,"(1054, ""Unknown column 'T3.city_name' in 'WHERE'"")",,0.0,False,False,False
atis,hard,requesting flight information from BOSTON to DENVER on wednesday,"SELECT DISTINCT FLIGHTalias0.FLIGHT_ID FROM AIRPORT_SERVICE AS AIRPORT_SERVICEalias0 , AIRPORT_SERVICE AS AIRPORT_SERVICEalias1 , CITY AS CITYalias0 , CITY AS CITYalias1 , DATE_DAY AS DATE_DAYalias0 , DAYS AS DAYSalias0 , FLIGHT AS FLIGHTalias0 WHERE ( CITYalias1.CITY_CODE = AIRPORT_SERVICEalias1.CITY_CODE AND CITYalias1.CITY_NAME = ""DENVER"" AND DATE_DAYalias0.DAY_NUMBER = 23 AND DATE_DAYalias0.MONTH_NUMBER = 4 AND DATE_DAYalias0.YEAR = 1991 AND DAYSalias0.DAY_NAME = DATE_DAYalias0.DAY_NAME AND FLIGHTalias0.FLIGHT_DAYS = DAYSalias0.DAYS_CODE AND FLIGHTalias0.TO_AIRPORT = AIRPORT_SERVICEalias1.AIRPORT_CODE ) AND CITYalias0.CITY_CODE = AIRPORT_SERVICEalias0.CITY_CODE AND CITYalias0.CITY_NAME = ""BOSTON"" AND FLIGHTalias0.FROM_AIRPORT = AIRPORT_SERVICEalias0.AIRPORT_CODE ;","SELECT f.flight_id, f.departure_time, f.arrival_time, f.cruising_speed, f.range_miles 
FROM flight f 
JOIN airport a1 ON f.from_airport = a1.airport_code 
JOIN airport a2 ON f.to_airport = a2.airport_code 
JOIN airport_service as1 ON a1.airport_code = as1.airport_code 
JOIN airport_service as2 ON a2.airport_code = as2.airport_code 
JOIN city c ON as1.city_code = c.city_code 
WHERE c.city_name = 'BOSTON' AND a2.airport_name = 'DENVER' AND f.flight_days LIKE '%WED%'",Qwen2.5-Coder-7B-Instruct-4bit,10.632937908172607,,"(1054, ""Unknown column 'f.cruising_speed' in 'SELECT'"")",,0.0,False,False,False
atis,hard,please show me the flights from BOSTON to SAN FRANCISCO,"SELECT DISTINCT FLIGHTalias0.FLIGHT_ID FROM AIRPORT_SERVICE AS AIRPORT_SERVICEalias0 , AIRPORT_SERVICE AS AIRPORT_SERVICEalias1 , CITY AS CITYalias0 , CITY AS CITYalias1 , FLIGHT AS FLIGHTalias0 WHERE CITYalias0.CITY_CODE = AIRPORT_SERVICEalias0.CITY_CODE AND CITYalias0.CITY_NAME = ""BOSTON"" AND CITYalias1.CITY_CODE = AIRPORT_SERVICEalias1.CITY_CODE AND CITYalias1.CITY_NAME = ""SAN FRANCISCO"" AND FLIGHTalias0.FROM_AIRPORT = AIRPORT_SERVICEalias0.AIRPORT_CODE AND FLIGHTalias0.TO_AIRPORT = AIRPORT_SERVICEalias1.AIRPORT_CODE ;","SELECT T1.flight_id, T1.departure_time, T1.arrival_time FROM flight AS T1 JOIN airport AS T2 ON T1.from_airport = T2.airport_code JOIN airport AS T3 ON T1.to_airport = T3.airport_code JOIN city AS T4 ON T2.city_code = T4.city_code WHERE T4.city_name = 'BOSTON' AND T3.city_name = 'SAN FRANCISCO';",Qwen2.5-Coder-7B-Instruct-4bit,6.9841039180755615,,"(1054, ""Unknown column 'T3.city_name' in 'WHERE'"")",,0.0013031959533691406,False,False,False
atis,hard,do you have any airlines that would stop at DENVER on the way from BALTIMORE to SAN FRANCISCO,"SELECT DISTINCT AIRLINEalias0.AIRLINE_CODE FROM AIRLINE AS AIRLINEalias0 , AIRPORT_SERVICE AS AIRPORT_SERVICEalias0 , AIRPORT_SERVICE AS AIRPORT_SERVICEalias1 , AIRPORT_SERVICE AS AIRPORT_SERVICEalias2 , CITY AS CITYalias0 , CITY AS CITYalias1 , CITY AS CITYalias2 , FLIGHT AS FLIGHTalias0 , FLIGHT_STOP AS FLIGHT_STOPalias0 WHERE ( CITYalias1.CITY_CODE = AIRPORT_SERVICEalias1.CITY_CODE AND CITYalias1.CITY_NAME = ""SAN FRANCISCO"" AND CITYalias2.CITY_CODE = AIRPORT_SERVICEalias2.CITY_CODE AND CITYalias2.CITY_NAME = ""DENVER"" AND FLIGHT_STOPalias0.STOP_AIRPORT = AIRPORT_SERVICEalias2.AIRPORT_CODE AND FLIGHTalias0.FLIGHT_ID = FLIGHT_STOPalias0.FLIGHT_ID AND FLIGHTalias0.TO_AIRPORT = AIRPORT_SERVICEalias1.AIRPORT_CODE ) AND CITYalias0.CITY_CODE = AIRPORT_SERVICEalias0.CITY_CODE AND CITYalias0.CITY_NAME = ""BALTIMORE"" AND FLIGHTalias0.AIRLINE_CODE = AIRLINEalias0.AIRLINE_CODE AND FLIGHTalias0.FROM_AIRPORT = AIRPORT_SERVICEalias0.AIRPORT_CODE ;",SELECT DISTINCT T1.flight_id FROM flight AS T1 JOIN flight_stop AS T2 ON T1.flight_id = T2.flight_id WHERE T2.stop_airport = 'DENVER' AND T1.from_airport = 'BALTIMORE' AND T1.to_airport = 'SAN FRANCISCO';,Qwen2.5-Coder-7B-Instruct-4bit,5.714461803436279,,,,0.0,False,False,False
atis,hard,find travel arrangements for a round trip flight from DALLAS to PITTSBURGH arriving after 2000,"SELECT DISTINCT FLIGHTalias0.FLIGHT_ID FROM AIRPORT_SERVICE AS AIRPORT_SERVICEalias0 , AIRPORT_SERVICE AS AIRPORT_SERVICEalias1 , CITY AS CITYalias0 , CITY AS CITYalias1 , FARE AS FAREalias0 , FLIGHT AS FLIGHTalias0 , FLIGHT_FARE AS FLIGHT_FAREalias0 WHERE ( ( FAREalias0.ROUND_TRIP_COST IS NOT NULL AND FLIGHT_FAREalias0.FARE_ID = FAREalias0.FARE_ID AND FLIGHTalias0.ARRIVAL_TIME > 2000 AND FLIGHTalias0.FLIGHT_ID = FLIGHT_FAREalias0.FLIGHT_ID ) AND CITYalias1.CITY_CODE = AIRPORT_SERVICEalias1.CITY_CODE AND CITYalias1.CITY_NAME = ""PITTSBURGH"" AND FLIGHTalias0.TO_AIRPORT = AIRPORT_SERVICEalias1.AIRPORT_CODE ) AND CITYalias0.CITY_CODE = AIRPORT_SERVICEalias0.CITY_CODE AND CITYalias0.CITY_NAME = ""DALLAS"" AND FLIGHTalias0.FROM_AIRPORT = AIRPORT_SERVICEalias0.AIRPORT_CODE ;","SELECT T1.flight_id, T1.departure_time, T1.arrival_time, T2.round_trip_cost 
FROM flight AS T1 
JOIN flight_fare AS T2 ON T1.flight_id = T2.flight_id 
WHERE T1.from_airport = 'DAL' AND T1.to_airport = 'PIT' AND T1.arrival_time > '2000-01-01';",Qwen2.5-Coder-7B-Instruct-4bit,6.746359825134277,,"(1054, ""Unknown column 'T2.round_trip_cost' in 'SELECT'"")",,0.0,False,False,False
atis,hard,what flights are there from DENVER to ATLANTA,"SELECT DISTINCT FLIGHTalias0.FLIGHT_ID FROM AIRPORT_SERVICE AS AIRPORT_SERVICEalias0 , AIRPORT_SERVICE AS AIRPORT_SERVICEalias1 , CITY AS CITYalias0 , CITY AS CITYalias1 , FLIGHT AS FLIGHTalias0 WHERE CITYalias0.CITY_CODE = AIRPORT_SERVICEalias0.CITY_CODE AND CITYalias0.CITY_NAME = ""DENVER"" AND CITYalias1.CITY_CODE = AIRPORT_SERVICEalias1.CITY_CODE AND CITYalias1.CITY_NAME = ""ATLANTA"" AND FLIGHTalias0.FROM_AIRPORT = AIRPORT_SERVICEalias0.AIRPORT_CODE AND FLIGHTalias0.TO_AIRPORT = AIRPORT_SERVICEalias1.AIRPORT_CODE ;",SELECT T1.flight_id FROM flight AS T1 JOIN airport AS T2 ON T1.from_airport = T2.airport_code JOIN airport AS T3 ON T1.to_airport = T3.airport_code WHERE T2.airport_name = 'DENVER' AND T3.airport_name = 'ATLANTA';,Qwen2.5-Coder-7B-Instruct-4bit,5.750905990600586,,,,0.0020673274993896484,False,False,False
atis,hard,list flights between OAKLAND and SAN FRANCISCO,"SELECT DISTINCT FLIGHTalias0.FLIGHT_ID FROM AIRPORT_SERVICE AS AIRPORT_SERVICEalias0 , AIRPORT_SERVICE AS AIRPORT_SERVICEalias1 , CITY AS CITYalias0 , CITY AS CITYalias1 , FLIGHT AS FLIGHTalias0 WHERE CITYalias0.CITY_CODE = AIRPORT_SERVICEalias0.CITY_CODE AND CITYalias0.CITY_NAME = ""OAKLAND"" AND CITYalias1.CITY_CODE = AIRPORT_SERVICEalias1.CITY_CODE AND CITYalias1.CITY_NAME = ""SAN FRANCISCO"" AND FLIGHTalias0.FROM_AIRPORT = AIRPORT_SERVICEalias0.AIRPORT_CODE AND FLIGHTalias0.TO_AIRPORT = AIRPORT_SERVICEalias1.AIRPORT_CODE ;",SELECT * FROM flight WHERE from_airport = 'OAK' AND to_airport = 'SFO';,Qwen2.5-Coder-7B-Instruct-4bit,2.332642078399658,,,,0.0009953975677490234,True,True,True
atis,hard,give me morning flights from ATLANTA to BALTIMORE,"SELECT DISTINCT FLIGHTalias0.FLIGHT_ID FROM AIRPORT_SERVICE AS AIRPORT_SERVICEalias0 , AIRPORT_SERVICE AS AIRPORT_SERVICEalias1 , CITY AS CITYalias0 , CITY AS CITYalias1 , FLIGHT AS FLIGHTalias0 WHERE ( CITYalias0.CITY_CODE = AIRPORT_SERVICEalias0.CITY_CODE AND CITYalias0.CITY_NAME = ""ATLANTA"" AND CITYalias1.CITY_CODE = AIRPORT_SERVICEalias1.CITY_CODE AND CITYalias1.CITY_NAME = ""BALTIMORE"" AND FLIGHTalias0.FROM_AIRPORT = AIRPORT_SERVICEalias0.AIRPORT_CODE AND FLIGHTalias0.TO_AIRPORT = AIRPORT_SERVICEalias1.AIRPORT_CODE ) AND FLIGHTalias0.DEPARTURE_TIME BETWEEN 0 AND 1200 ;","SELECT T1.flight_id, T1.departure_time FROM flight AS T1 JOIN airport AS T2 ON T1.from_airport = T2.airport_code JOIN airport AS T3 ON T1.to_airport = T3.airport_code WHERE T2.airport_name = 'ATLANTA' AND T3.airport_name = 'BALTIMORE' AND T1.departure_time BETWEEN '05:00:00' AND '11:59:59';",Qwen2.5-Coder-7B-Instruct-4bit,8.06553864479065,,,,0.0,False,False,False
atis,hard,what are the flights available after 1500 between DENVER and SAN FRANCISCO,"SELECT DISTINCT FLIGHTalias0.FLIGHT_ID FROM AIRPORT_SERVICE AS AIRPORT_SERVICEalias0 , AIRPORT_SERVICE AS AIRPORT_SERVICEalias1 , CITY AS CITYalias0 , CITY AS CITYalias1 , FLIGHT AS FLIGHTalias0 WHERE ( CITYalias1.CITY_CODE = AIRPORT_SERVICEalias1.CITY_CODE AND CITYalias1.CITY_NAME = ""SAN FRANCISCO"" AND FLIGHTalias0.DEPARTURE_TIME > 1500 AND FLIGHTalias0.TO_AIRPORT = AIRPORT_SERVICEalias1.AIRPORT_CODE ) AND CITYalias0.CITY_CODE = AIRPORT_SERVICEalias0.CITY_CODE AND CITYalias0.CITY_NAME = ""DENVER"" AND FLIGHTalias0.FROM_AIRPORT = AIRPORT_SERVICEalias0.AIRPORT_CODE ;",SELECT * FROM flight WHERE departure_time > '1500' AND from_airport = 'DENVER' AND to_airport = 'SAN FRANCISCO';,Qwen2.5-Coder-7B-Instruct-4bit,3.0789694786071777,,,,0.0012073516845703125,False,False,False
atis,hard,i want to fly from ATLANTA to PHILADELPHIA nonstop,"SELECT DISTINCT FLIGHTalias0.FLIGHT_ID FROM AIRPORT_SERVICE AS AIRPORT_SERVICEalias0 , AIRPORT_SERVICE AS AIRPORT_SERVICEalias1 , CITY AS CITYalias0 , CITY AS CITYalias1 , FLIGHT AS FLIGHTalias0 WHERE ( CITYalias0.CITY_CODE = AIRPORT_SERVICEalias0.CITY_CODE AND CITYalias0.CITY_NAME = ""ATLANTA"" AND CITYalias1.CITY_CODE = AIRPORT_SERVICEalias1.CITY_CODE AND CITYalias1.CITY_NAME = ""PHILADELPHIA"" AND FLIGHTalias0.FROM_AIRPORT = AIRPORT_SERVICEalias0.AIRPORT_CODE AND FLIGHTalias0.TO_AIRPORT = AIRPORT_SERVICEalias1.AIRPORT_CODE ) AND FLIGHTalias0.STOPS = 0 ;",SELECT * FROM flight WHERE from_airport = 'ATL' AND to_airport = 'PHL' AND stops = 0;,Qwen2.5-Coder-7B-Instruct-4bit,2.6992878913879395,,,,0.001308441162109375,False,True,False
atis,hard,show me flights from NEW YORK to MIAMI,"SELECT DISTINCT FLIGHTalias0.FLIGHT_ID FROM AIRPORT_SERVICE AS AIRPORT_SERVICEalias0 , AIRPORT_SERVICE AS AIRPORT_SERVICEalias1 , CITY AS CITYalias0 , CITY AS CITYalias1 , FLIGHT AS FLIGHTalias0 WHERE CITYalias0.CITY_CODE = AIRPORT_SERVICEalias0.CITY_CODE AND CITYalias0.CITY_NAME = ""NEW YORK"" AND CITYalias1.CITY_CODE = AIRPORT_SERVICEalias1.CITY_CODE AND CITYalias1.CITY_NAME = ""MIAMI"" AND FLIGHTalias0.FROM_AIRPORT = AIRPORT_SERVICEalias0.AIRPORT_CODE AND FLIGHTalias0.TO_AIRPORT = AIRPORT_SERVICEalias1.AIRPORT_CODE ;","SELECT T1.flight_id, T1.departure_time, T1.arrival_time FROM flight AS T1 JOIN airport AS T2 ON T1.from_airport = T2.airport_code JOIN airport AS T3 ON T1.to_airport = T3.airport_code JOIN city AS T4 ON T2.city_code = T4.city_code WHERE T4.city_name = 'NEW YORK' AND T3.city_name = 'MIAMI';",Qwen2.5-Coder-7B-Instruct-4bit,7.307346820831299,,"(1054, ""Unknown column 'T3.city_name' in 'WHERE'"")",,0.001505136489868164,False,False,False
atis,hard,i want to see the cheapest flights from DENVER to ATLANTA,"SELECT DISTINCT FLIGHTalias0.FLIGHT_ID FROM AIRPORT_SERVICE AS AIRPORT_SERVICEalias0 , AIRPORT_SERVICE AS AIRPORT_SERVICEalias1 , CITY AS CITYalias0 , CITY AS CITYalias1 , FARE AS FAREalias0 , FLIGHT AS FLIGHTalias0 , FLIGHT_FARE AS FLIGHT_FAREalias0 WHERE ( CITYalias0.CITY_CODE = AIRPORT_SERVICEalias0.CITY_CODE AND CITYalias0.CITY_NAME = ""DENVER"" AND CITYalias1.CITY_CODE = AIRPORT_SERVICEalias1.CITY_CODE AND CITYalias1.CITY_NAME = ""ATLANTA"" AND FLIGHTalias0.FROM_AIRPORT = AIRPORT_SERVICEalias0.AIRPORT_CODE AND FLIGHTalias0.TO_AIRPORT = AIRPORT_SERVICEalias1.AIRPORT_CODE ) AND FAREalias0.ONE_DIRECTION_COST = ( SELECT MIN( FAREalias1.ONE_DIRECTION_COST ) FROM AIRPORT_SERVICE AS AIRPORT_SERVICEalias2 , AIRPORT_SERVICE AS AIRPORT_SERVICEalias3 , CITY AS CITYalias2 , CITY AS CITYalias3 , FARE AS FAREalias1 , FLIGHT AS FLIGHTalias1 , FLIGHT_FARE AS FLIGHT_FAREalias1 WHERE CITYalias2.CITY_CODE = AIRPORT_SERVICEalias2.CITY_CODE AND CITYalias2.CITY_NAME = ""DENVER"" AND CITYalias3.CITY_CODE = AIRPORT_SERVICEalias3.CITY_CODE AND CITYalias3.CITY_NAME = ""ATLANTA"" AND FLIGHT_FAREalias1.FARE_ID = FAREalias1.FARE_ID AND FLIGHTalias1.FLIGHT_ID = FLIGHT_FAREalias1.FLIGHT_ID AND FLIGHTalias1.FROM_AIRPORT = AIRPORT_SERVICEalias2.AIRPORT_CODE AND FLIGHTalias1.TO_AIRPORT = AIRPORT_SERVICEalias3.AIRPORT_CODE ) AND FLIGHT_FAREalias0.FARE_ID = FAREalias0.FARE_ID AND FLIGHTalias0.FLIGHT_ID = FLIGHT_FAREalias0.FLIGHT_ID ;","SELECT T1.fare_id, T2.one_direction_cost, T2.round_trip_cost FROM fare AS T1 JOIN flight_fare AS T2 ON T1.fare_id = T2.fare_id WHERE T1.from_airport = 'DEN' AND T1.to_airport = 'ATL';",Qwen2.5-Coder-7B-Instruct-4bit,4.8525121212005615,,"(1054, ""Unknown column 'T2.one_direction_cost' in 'SELECT'"")",,0.0,False,False,False
atis,hard,display all flights from DALLAS to BOSTON on 7 30,"SELECT DISTINCT FLIGHTalias0.FLIGHT_ID FROM AIRPORT_SERVICE AS AIRPORT_SERVICEalias0 , AIRPORT_SERVICE AS AIRPORT_SERVICEalias1 , CITY AS CITYalias0 , CITY AS CITYalias1 , DATE_DAY AS DATE_DAYalias0 , DAYS AS DAYSalias0 , FLIGHT AS FLIGHTalias0 WHERE ( CITYalias1.CITY_CODE = AIRPORT_SERVICEalias1.CITY_CODE AND CITYalias1.CITY_NAME = ""BOSTON"" AND DATE_DAYalias0.DAY_NUMBER = 30 AND DATE_DAYalias0.MONTH_NUMBER = 7 AND DATE_DAYalias0.YEAR = 1991 AND DAYSalias0.DAY_NAME = DATE_DAYalias0.DAY_NAME AND FLIGHTalias0.FLIGHT_DAYS = DAYSalias0.DAYS_CODE AND FLIGHTalias0.TO_AIRPORT = AIRPORT_SERVICEalias1.AIRPORT_CODE ) AND CITYalias0.CITY_CODE = AIRPORT_SERVICEalias0.CITY_CODE AND CITYalias0.CITY_NAME = ""DALLAS"" AND FLIGHTalias0.FROM_AIRPORT = AIRPORT_SERVICEalias0.AIRPORT_CODE ;","SELECT * FROM flight WHERE from_airport IN (SELECT airport_code FROM airport WHERE airport_name = 'DALLAS') AND to_airport IN (SELECT airport_code FROM airport WHERE airport_name = 'BOSTON') AND DATE_FORMAT(departure_time, '%m %d') = '07 30';",Qwen2.5-Coder-7B-Instruct-4bit,5.623587131500244,,,,0.0028722286224365234,False,False,False
atis,hard,i would like to fly on TW from BALTIMORE to SAN FRANCISCO,"SELECT DISTINCT FLIGHTalias0.FLIGHT_ID FROM AIRPORT_SERVICE AS AIRPORT_SERVICEalias0 , AIRPORT_SERVICE AS AIRPORT_SERVICEalias1 , CITY AS CITYalias0 , CITY AS CITYalias1 , FLIGHT AS FLIGHTalias0 WHERE ( CITYalias0.CITY_CODE = AIRPORT_SERVICEalias0.CITY_CODE AND CITYalias0.CITY_NAME = ""SAN FRANCISCO"" AND CITYalias1.CITY_CODE = AIRPORT_SERVICEalias1.CITY_CODE AND CITYalias1.CITY_NAME = ""BALTIMORE"" AND FLIGHTalias0.TO_AIRPORT = AIRPORT_SERVICEalias0.AIRPORT_CODE AND FLIGHTalias0.FROM_AIRPORT = AIRPORT_SERVICEalias1.AIRPORT_CODE ) AND FLIGHTalias0.AIRLINE_CODE = ""TW"" ;",SELECT T1.flight_id FROM flight AS T1 JOIN airline AS T2 ON T1.airline_code = T2.airline_code WHERE T2.airline_name = 'TW' AND T1.from_airport = 'BALTIMORE' AND T1.to_airport = 'SAN FRANCISCO';,Qwen2.5-Coder-7B-Instruct-4bit,4.981085538864136,,,,0.0,False,False,False
atis,hard,list all flights from MEMPHIS to SEATTLE,"SELECT DISTINCT FLIGHTalias0.FLIGHT_ID FROM AIRPORT_SERVICE AS AIRPORT_SERVICEalias0 , AIRPORT_SERVICE AS AIRPORT_SERVICEalias1 , CITY AS CITYalias0 , CITY AS CITYalias1 , FLIGHT AS FLIGHTalias0 WHERE CITYalias0.CITY_CODE = AIRPORT_SERVICEalias0.CITY_CODE AND CITYalias0.CITY_NAME = ""MEMPHIS"" AND CITYalias1.CITY_CODE = AIRPORT_SERVICEalias1.CITY_CODE AND CITYalias1.CITY_NAME = ""SEATTLE"" AND FLIGHTalias0.FROM_AIRPORT = AIRPORT_SERVICEalias0.AIRPORT_CODE AND FLIGHTalias0.TO_AIRPORT = AIRPORT_SERVICEalias1.AIRPORT_CODE ;","SELECT T1.flight_id, T1.departure_time, T1.arrival_time FROM flight AS T1 JOIN airport AS T2 ON T1.from_airport = T2.airport_code JOIN airport AS T3 ON T1.to_airport = T3.airport_code JOIN city AS T4 ON T2.city_code = T4.city_code JOIN city AS T5 ON T3.city_code = T5.city_code WHERE T4.city_name = 'MEMPHIS' AND T5.city_name = 'SEATTLE';",Qwen2.5-Coder-7B-Instruct-4bit,8.49247670173645,,"(1054, ""Unknown column 'T2.city_code' in 'ON'"")",,0.0,False,False,False
atis,hard,hi i need to go from NEWARK to NASHVILLE on AA leaving around 630pm,"SELECT DISTINCT FLIGHTalias0.FLIGHT_ID FROM AIRPORT_SERVICE AS AIRPORT_SERVICEalias0 , AIRPORT_SERVICE AS AIRPORT_SERVICEalias1 , CITY AS CITYalias0 , CITY AS CITYalias1 , FLIGHT AS FLIGHTalias0 WHERE ( ( ( FLIGHTalias0.DEPARTURE_TIME <= 1900 AND FLIGHTalias0.DEPARTURE_TIME >= 1800 ) AND CITYalias1.CITY_CODE = AIRPORT_SERVICEalias1.CITY_CODE AND CITYalias1.CITY_NAME = ""NASHVILLE"" AND FLIGHTalias0.TO_AIRPORT = AIRPORT_SERVICEalias1.AIRPORT_CODE ) AND CITYalias0.CITY_CODE = AIRPORT_SERVICEalias0.CITY_CODE AND CITYalias0.CITY_NAME = ""NEWARK"" AND FLIGHTalias0.FROM_AIRPORT = AIRPORT_SERVICEalias0.AIRPORT_CODE ) AND FLIGHTalias0.AIRLINE_CODE = ""AA"" ;",SELECT T1.flight_id FROM flight AS T1 JOIN airline AS T2 ON T1.airline_code = T2.airline_code WHERE T1.from_airport = 'NEWARK' AND T1.to_airport = 'NASHVILLE' AND T2.airline_name = 'AA' AND T1.departure_time LIKE '%18:30%';,Qwen2.5-Coder-7B-Instruct-4bit,5.809768438339233,,,,0.0,False,False,False
atis,hard,what type of aircraft is used for the AA flight leaving at 1619,"SELECT DISTINCT AIRCRAFTalias0.AIRCRAFT_CODE FROM AIRCRAFT AS AIRCRAFTalias0 WHERE AIRCRAFTalias0.AIRCRAFT_CODE IN ( SELECT EQUIPMENT_SEQUENCEalias0.AIRCRAFT_CODE FROM EQUIPMENT_SEQUENCE AS EQUIPMENT_SEQUENCEalias0 WHERE EQUIPMENT_SEQUENCEalias0.AIRCRAFT_CODE_SEQUENCE IN ( SELECT FLIGHTalias0.AIRCRAFT_CODE_SEQUENCE FROM FLIGHT AS FLIGHTalias0 WHERE ( ( ( FLIGHTalias0.DEPARTURE_TIME = 1619 AND FLIGHTalias0.TO_AIRPORT IN ( SELECT AIRPORT_SERVICEalias1.AIRPORT_CODE FROM AIRPORT_SERVICE AS AIRPORT_SERVICEalias1 WHERE AIRPORT_SERVICEalias1.CITY_CODE IN ( SELECT CITYalias1.CITY_CODE FROM CITY AS CITYalias1 WHERE CITYalias1.CITY_NAME = ""BURBANK"" ) ) ) AND FLIGHTalias0.FROM_AIRPORT IN ( SELECT AIRPORT_SERVICEalias0.AIRPORT_CODE FROM AIRPORT_SERVICE AS AIRPORT_SERVICEalias0 WHERE AIRPORT_SERVICEalias0.CITY_CODE IN ( SELECT CITYalias0.CITY_CODE FROM CITY AS CITYalias0 WHERE CITYalias0.CITY_NAME = ""CINCINNATI"" ) ) ) AND FLIGHTalias0.AIRLINE_CODE = ""AA"" ) ) ) ;",SELECT T3.basic_type FROM flight AS T1 JOIN aircraft AS T3 ON T1.aircraft_code_sequence = T3.aircraft_code WHERE T1.departure_time = '1619' AND T1.flight_number = 'AA';,Qwen2.5-Coder-7B-Instruct-4bit,4.452755451202393,,,,0.0,False,False,False
atis,hard,show me the flights from TORONTO to CINCINNATI,"SELECT DISTINCT FLIGHTalias0.FLIGHT_ID FROM AIRPORT_SERVICE AS AIRPORT_SERVICEalias0 , AIRPORT_SERVICE AS AIRPORT_SERVICEalias1 , CITY AS CITYalias0 , CITY AS CITYalias1 , FLIGHT AS FLIGHTalias0 WHERE CITYalias0.CITY_CODE = AIRPORT_SERVICEalias0.CITY_CODE AND CITYalias0.CITY_NAME = ""TORONTO"" AND CITYalias1.CITY_CODE = AIRPORT_SERVICEalias1.CITY_CODE AND CITYalias1.CITY_NAME = ""CINCINNATI"" AND FLIGHTalias0.FROM_AIRPORT = AIRPORT_SERVICEalias0.AIRPORT_CODE AND FLIGHTalias0.TO_AIRPORT = AIRPORT_SERVICEalias1.AIRPORT_CODE ;","SELECT T1.flight_id, T1.departure_time, T1.arrival_time FROM flight AS T1 JOIN airport AS T2 ON T1.from_airport = T2.airport_code JOIN airport AS T3 ON T1.to_airport = T3.airport_code WHERE T2.airport_name = 'TORONTO' AND T3.airport_name = 'CINCINNATI';",Qwen2.5-Coder-7B-Instruct-4bit,6.215920925140381,,,,0.0,False,False,False
atis,hard,which airlines have connections between PITTSBURGH and BALTIMORE,"SELECT DISTINCT AIRLINEalias0.AIRLINE_CODE FROM AIRLINE AS AIRLINEalias0 , AIRPORT_SERVICE AS AIRPORT_SERVICEalias0 , AIRPORT_SERVICE AS AIRPORT_SERVICEalias1 , CITY AS CITYalias0 , CITY AS CITYalias1 , FLIGHT AS FLIGHTalias0 WHERE CITYalias0.CITY_CODE = AIRPORT_SERVICEalias0.CITY_CODE AND CITYalias0.CITY_NAME = ""PITTSBURGH"" AND CITYalias1.CITY_CODE = AIRPORT_SERVICEalias1.CITY_CODE AND CITYalias1.CITY_NAME = ""BALTIMORE"" AND FLIGHTalias0.AIRLINE_CODE = AIRLINEalias0.AIRLINE_CODE AND FLIGHTalias0.FROM_AIRPORT = AIRPORT_SERVICEalias0.AIRPORT_CODE AND FLIGHTalias0.TO_AIRPORT = AIRPORT_SERVICEalias1.AIRPORT_CODE ;",SELECT DISTINCT T1.flight_number FROM flight AS T1 JOIN airport AS T2 ON T1.from_airport = T2.airport_code JOIN airport AS T3 ON T1.to_airport = T3.airport_code JOIN city AS T4 ON T2.city_code = T4.city_code JOIN city AS T5 ON T3.city_code = T5.city_code WHERE T4.city_name = 'PITTSBURGH' AND T5.city_name = 'BALTIMORE';,Qwen2.5-Coder-7B-Instruct-4bit,7.918994426727295,,"(1054, ""Unknown column 'T2.city_code' in 'ON'"")",,0.003615856170654297,False,False,False
atis,hard,show me all the flights that arrive in BALTIMORE from anywhere between 1850 and 2400,"SELECT DISTINCT FLIGHTalias0.FLIGHT_ID FROM AIRPORT_SERVICE AS AIRPORT_SERVICEalias0 , AIRPORT_SERVICE AS AIRPORT_SERVICEalias1 , CITY AS CITYalias0 , CITY AS CITYalias1 , FLIGHT AS FLIGHTalias0 WHERE ( ( ( FLIGHTalias0.ARRIVAL_TIME <= 2400 AND FLIGHTalias0.ARRIVAL_TIME >= 1850 ) OR FLIGHTalias0.ARRIVAL_TIME = 0 ) AND CITYalias1.CITY_CODE = AIRPORT_SERVICEalias1.CITY_CODE AND FLIGHTalias0.FROM_AIRPORT = AIRPORT_SERVICEalias1.AIRPORT_CODE ) AND CITYalias0.CITY_CODE = AIRPORT_SERVICEalias0.CITY_CODE AND CITYalias0.CITY_NAME = ""BALTIMORE"" AND FLIGHTalias0.TO_AIRPORT = AIRPORT_SERVICEalias0.AIRPORT_CODE ;",SELECT * FROM flight WHERE arrival_time BETWEEN 1850 AND 2400 AND to_airport IN (SELECT airport_code FROM airport WHERE airport_name = 'BALTIMORE');,Qwen2.5-Coder-7B-Instruct-4bit,3.4442169666290283,,,,0.0013494491577148438,False,False,False
atis,hard,i'd like to know the information from BOSTON to PHILADELPHIA nonstop,"SELECT DISTINCT FLIGHTalias0.FLIGHT_ID FROM AIRPORT_SERVICE AS AIRPORT_SERVICEalias0 , AIRPORT_SERVICE AS AIRPORT_SERVICEalias1 , CITY AS CITYalias0 , CITY AS CITYalias1 , FLIGHT AS FLIGHTalias0 WHERE ( CITYalias0.CITY_CODE = AIRPORT_SERVICEalias0.CITY_CODE AND CITYalias0.CITY_NAME = ""BOSTON"" AND CITYalias1.CITY_CODE = AIRPORT_SERVICEalias1.CITY_CODE AND CITYalias1.CITY_NAME = ""PHILADELPHIA"" AND FLIGHTalias0.FROM_AIRPORT = AIRPORT_SERVICEalias0.AIRPORT_CODE AND FLIGHTalias0.TO_AIRPORT = AIRPORT_SERVICEalias1.AIRPORT_CODE ) AND FLIGHTalias0.STOPS = 0 ;","SELECT T1.flight_id, T1.from_airport, T1.to_airport, T1.departure_time, T1.arrival_time, T2.airline_name 
FROM flight AS T1 
JOIN airline AS T2 ON T1.airline_code = T2.airline_code 
WHERE T1.from_airport = 'BOS' AND T1.to_airport = 'PHL' AND T1.stops = 0;",Qwen2.5-Coder-7B-Instruct-4bit,7.104533433914185,,,,0.0,False,True,False
atis,hard,could you please show me all flights from MILWAUKEE to MONTREAL,"SELECT DISTINCT FLIGHTalias0.FLIGHT_ID FROM AIRPORT_SERVICE AS AIRPORT_SERVICEalias0 , AIRPORT_SERVICE AS AIRPORT_SERVICEalias1 , CITY AS CITYalias0 , CITY AS CITYalias1 , FLIGHT AS FLIGHTalias0 WHERE CITYalias0.CITY_CODE = AIRPORT_SERVICEalias0.CITY_CODE AND CITYalias0.CITY_NAME = ""MILWAUKEE"" AND CITYalias1.CITY_CODE = AIRPORT_SERVICEalias1.CITY_CODE AND CITYalias1.CITY_NAME = ""MONTREAL"" AND FLIGHTalias0.FROM_AIRPORT = AIRPORT_SERVICEalias0.AIRPORT_CODE AND FLIGHTalias0.TO_AIRPORT = AIRPORT_SERVICEalias1.AIRPORT_CODE ;","SELECT T1.flight_id, T1.departure_time, T1.arrival_time FROM flight AS T1 JOIN airport AS T2 ON T1.from_airport = T2.airport_code JOIN airport AS T3 ON T1.to_airport = T3.airport_code JOIN city AS T4 ON T2.city_code = T4.city_code JOIN city AS T5 ON T3.city_code = T5.city_code WHERE T4.city_name = 'MILWAUKEE' AND T5.city_name = 'MONTREAL';",Qwen2.5-Coder-7B-Instruct-4bit,8.105384826660156,,"(1054, ""Unknown column 'T2.city_code' in 'ON'"")",,0.00218963623046875,False,False,False
atis,hard,show me flights from BALTIMORE to DALLAS,"SELECT DISTINCT FLIGHTalias0.FLIGHT_ID FROM AIRPORT_SERVICE AS AIRPORT_SERVICEalias0 , AIRPORT_SERVICE AS AIRPORT_SERVICEalias1 , CITY AS CITYalias0 , CITY AS CITYalias1 , FLIGHT AS FLIGHTalias0 WHERE CITYalias0.CITY_CODE = AIRPORT_SERVICEalias0.CITY_CODE AND CITYalias0.CITY_NAME = ""BALTIMORE"" AND CITYalias1.CITY_CODE = AIRPORT_SERVICEalias1.CITY_CODE AND CITYalias1.CITY_NAME = ""DALLAS"" AND FLIGHTalias0.FROM_AIRPORT = AIRPORT_SERVICEalias0.AIRPORT_CODE AND FLIGHTalias0.TO_AIRPORT = AIRPORT_SERVICEalias1.AIRPORT_CODE ;","SELECT T1.flight_id, T1.departure_time, T1.arrival_time FROM flight AS T1 JOIN airport AS T2 ON T1.from_airport = T2.airport_code JOIN airport AS T3 ON T1.to_airport = T3.airport_code WHERE T2.airport_name = 'BALTIMORE' AND T3.airport_name = 'DALLAS';",Qwen2.5-Coder-7B-Instruct-4bit,6.700941324234009,,,,0.0012493133544921875,False,False,False
atis,medium,show me the flights into DAL,"SELECT DISTINCT FLIGHTalias0.FLIGHT_ID FROM AIRPORT AS AIRPORTalias0 , AIRPORT_SERVICE AS AIRPORT_SERVICEalias0 , CITY AS CITYalias0 , FLIGHT AS FLIGHTalias0 WHERE AIRPORTalias0.AIRPORT_CODE = ""DAL"" AND CITYalias0.CITY_CODE = AIRPORT_SERVICEalias0.CITY_CODE AND FLIGHTalias0.FROM_AIRPORT = AIRPORT_SERVICEalias0.AIRPORT_CODE AND FLIGHTalias0.TO_AIRPORT = AIRPORTalias0.AIRPORT_CODE ;",SELECT * FROM flight WHERE to_airport = 'DAL';,Qwen2.5-Coder-7B-Instruct-4bit,1.694279670715332,,,,0.0010051727294921875,False,True,False
atis,medium,show me flights from anywhere to PHILADELPHIA arriving after 2100,"SELECT DISTINCT FLIGHTalias0.FLIGHT_ID FROM AIRPORT_SERVICE AS AIRPORT_SERVICEalias0 , CITY AS CITYalias0 , FLIGHT AS FLIGHTalias0 WHERE CITYalias0.CITY_CODE = AIRPORT_SERVICEalias0.CITY_CODE AND CITYalias0.CITY_NAME = ""PHILADELPHIA"" AND FLIGHTalias0.ARRIVAL_TIME > 2100 AND FLIGHTalias0.TO_AIRPORT = AIRPORT_SERVICEalias0.AIRPORT_CODE ;",SELECT * FROM flight WHERE to_airport IN (SELECT airport_code FROM airport WHERE airport_name = 'PHILADELPHIA') AND arrival_time > '2100';,Qwen2.5-Coder-7B-Instruct-4bit,3.315805435180664,,,,0.0009999275207519531,False,False,False
atis,medium,list the airlines with flights to or from DENVER,"SELECT DISTINCT AIRLINEalias0.AIRLINE_CODE FROM AIRLINE AS AIRLINEalias0 , AIRPORT_SERVICE AS AIRPORT_SERVICEalias0 , CITY AS CITYalias0 , FLIGHT AS FLIGHTalias0 WHERE CITYalias0.CITY_CODE = AIRPORT_SERVICEalias0.CITY_CODE AND CITYalias0.CITY_NAME = ""DENVER"" AND FLIGHTalias0.AIRLINE_CODE = AIRLINEalias0.AIRLINE_CODE AND FLIGHTalias0.FROM_AIRPORT = AIRPORT_SERVICEalias0.AIRPORT_CODE ;",SELECT DISTINCT T1.airline_name FROM airline AS T1 JOIN flight AS T2 ON T1.airline_code = T2.airline_code JOIN airport AS T3 ON T3.airport_code = T2.from_airport OR T3.airport_code = T2.to_airport WHERE T3.airport_name = 'DENVER',Qwen2.5-Coder-7B-Instruct-4bit,5.896638631820679,,,,0.001992940902709961,False,False,False
atis,medium,what price is a LIMOUSINE service in BOSTON,"SELECT DISTINCT GROUND_SERVICEalias0.GROUND_FARE FROM CITY AS CITYalias0 , GROUND_SERVICE AS GROUND_SERVICEalias0 WHERE CITYalias0.CITY_NAME = ""BOSTON"" AND GROUND_SERVICEalias0.CITY_CODE = CITYalias0.CITY_CODE AND GROUND_SERVICEalias0.TRANSPORT_TYPE = ""LIMOUSINE"" ;",SELECT T1.ground_fare FROM ground_service AS T1 JOIN city AS T2 ON T1.city_code = T2.city_code WHERE T2.city_name = 'BOSTON' AND T1.transport_type = 'LIMOUSINE';,Qwen2.5-Coder-7B-Instruct-4bit,4.208886861801148,,,,0.001527547836303711,True,True,False
atis,medium,find me a flight leaving BOSTON at 0 o'clock,"SELECT DISTINCT FLIGHTalias0.FLIGHT_ID FROM AIRPORT_SERVICE AS AIRPORT_SERVICEalias0 , CITY AS CITYalias0 , FLIGHT AS FLIGHTalias0 WHERE CITYalias0.CITY_CODE = AIRPORT_SERVICEalias0.CITY_CODE AND CITYalias0.CITY_NAME = ""BOSTON"" AND FLIGHTalias0.DEPARTURE_TIME = 0 AND FLIGHTalias0.FROM_AIRPORT = AIRPORT_SERVICEalias0.AIRPORT_CODE ;",SELECT T1.flight_id FROM flight AS T1 JOIN airport AS T2 ON T1.from_airport = T2.airport_code JOIN city AS T3 ON T2.city_code = T3.city_code WHERE T3.city_name = 'BOSTON' AND T1.departure_time = '00:00';,Qwen2.5-Coder-7B-Instruct-4bit,5.242490291595459,,"(1054, ""Unknown column 'T2.city_code' in 'ON'"")",,0.0,False,False,False
atis,medium,i'd like a LIMOUSINE in DENVER on august seventh,"SELECT DISTINCT GROUND_SERVICEalias0.TRANSPORT_TYPE FROM CITY AS CITYalias0 , GROUND_SERVICE AS GROUND_SERVICEalias0 WHERE CITYalias0.CITY_NAME = ""DENVER"" AND GROUND_SERVICEalias0.CITY_CODE = CITYalias0.CITY_CODE AND GROUND_SERVICEalias0.TRANSPORT_TYPE = ""LIMOUSINE"" ;",SELECT T1.meal_description FROM food_service AS T1 JOIN meal_compartment AS T2 ON T1.meal_code = T2.meal_code WHERE T2.compartment = 'LIMOUSINE' AND T1.meal_number IN ( SELECT meal_number FROM flight_stop AS T3 JOIN city AS T4 ON T3.stop_airport = T4.city_code WHERE T4.city_name = 'DENVER' AND T3.stop_days = '08/07' ),Qwen2.5-Coder-7B-Instruct-4bit,7.764249324798584,,"(1146, ""Table 'atis.meal_compartment' doesn't exist"")",,0.0017960071563720703,False,False,False
atis,medium,please list the ground transportation from LGA into NEW YORK,"SELECT DISTINCT GROUND_SERVICEalias0.TRANSPORT_TYPE FROM GROUND_SERVICE AS GROUND_SERVICEalias0 WHERE ( GROUND_SERVICEalias0.AIRPORT_CODE IN ( SELECT AIRPORTalias0.AIRPORT_CODE FROM AIRPORT AS AIRPORTalias0 WHERE AIRPORTalias0.AIRPORT_CODE = ""LGA"" ) AND GROUND_SERVICEalias0.CITY_CODE IN ( SELECT CITYalias0.CITY_CODE FROM CITY AS CITYalias0 WHERE CITYalias0.CITY_NAME = ""NEW YORK"" ) ) ;",SELECT T1.transport_type FROM ground_service AS T1 JOIN airport AS T2 ON T1.airport_code = T2.airport_code WHERE T2.airport_name = 'LGA' AND T1.city_code IN (SELECT city_code FROM city WHERE city_name = 'NEW YORK'),Qwen2.5-Coder-7B-Instruct-4bit,4.675764322280884,,,,0.0,False,False,False
atis,medium,what NW flights leave DENVER before 1200,"SELECT DISTINCT FLIGHTalias0.FLIGHT_ID FROM AIRPORT_SERVICE AS AIRPORT_SERVICEalias0 , CITY AS CITYalias0 , FLIGHT AS FLIGHTalias0 WHERE ( CITYalias0.CITY_CODE = AIRPORT_SERVICEalias0.CITY_CODE AND CITYalias0.CITY_NAME = ""DENVER"" AND FLIGHTalias0.DEPARTURE_TIME < 1200 AND FLIGHTalias0.FROM_AIRPORT = AIRPORT_SERVICEalias0.AIRPORT_CODE ) AND FLIGHTalias0.AIRLINE_CODE = ""NW"" ;",SELECT T1.flight_id FROM flight AS T1 JOIN airport AS T2 ON T1.from_airport = T2.airport_code WHERE T2.airport_name = 'DENVER' AND T1.departure_time < '1200' AND T1.dual_carrier LIKE '%NW%',Qwen2.5-Coder-7B-Instruct-4bit,5.434097290039063,,,,0.0020041465759277344,False,False,False
custom_advising,hard,Which instructors have taught more course offerings than the average number of offerings per instructor?,"SELECT oi.INSTRUCTOR_ID, COUNT(*) AS offering_count FROM OFFERING_INSTRUCTOR oi GROUP BY oi.INSTRUCTOR_ID HAVING COUNT(*) > ( SELECT AVG(cnt) FROM ( SELECT COUNT(*) AS cnt FROM OFFERING_INSTRUCTOR GROUP BY INSTRUCTOR_ID ) AS counts ) ;","SELECT i.INSTRUCTOR_ID, i.NAME FROM INSTRUCTOR i JOIN OFFERING_INSTRUCTOR oi ON i.INSTRUCTOR_ID = oi.INSTRUCTOR_ID GROUP BY i.INSTRUCTOR_ID, i.NAME HAVING COUNT(oi.OFFERING_ID) > (SELECT AVG(num_offerings) FROM (SELECT COUNT(OFFERING_ID) AS num_offerings FROM OFFERING_INSTRUCTOR GROUP BY INSTRUCTOR_ID) subquery);",Qwen2.5-Coder-7B-Instruct-4bit,6.119590759277344,,,,0.16906404495239258,False,False,False
custom_advising,medium,Find students whose total GPA is higher than the average GPA of students in the same program.,"SELECT s.student_id, s.firstname, s.lastname, s.total_gpa FROM STUDENT s WHERE s.total_gpa > ( SELECT AVG(s2.total_gpa) FROM STUDENT s2 WHERE s2.program_id = s.program_id ) ;","SELECT s.student_id, s.firstname, s.lastname, s.total_gpa 
FROM STUDENT s 
WHERE s.total_gpa > (SELECT AVG(total_gpa) 
                     FROM STUDENT 
                     WHERE program_id = s.program_id);",Qwen2.5-Coder-7B-Instruct-4bit,4.62499213218689,,,,0.010483741760253906,True,True,False
custom_atis,hard,Which airlines operate more flights than the average number of flights per airline?,"SELECT airline_code, COUNT(*) AS flight_count FROM flight GROUP BY airline_code HAVING COUNT(*) > ( SELECT AVG(cnt) FROM ( SELECT COUNT(*) AS cnt FROM flight GROUP BY airline_code ) AS airline_counts ) ;",SELECT airline_name FROM airline WHERE airline_code IN (SELECT airline_code FROM flight GROUP BY airline_code HAVING COUNT(*) > (SELECT AVG(num_flights) FROM (SELECT COUNT(*) AS num_flights FROM flight GROUP BY airline_code) AS avg_flights)),Qwen2.5-Coder-7B-Instruct-4bit,4.293734550476074,,,,0.0,False,False,False
custom_atis,medium,"For each route (from airport to airport) that has more than one airline offering a fare, show the cheapest one-direction cost.","SELECT from_airport, to_airport, MIN(one_direction_cost) AS cheapest_fare FROM fare GROUP BY from_airport, to_airport HAVING COUNT(DISTINCT fare_airline) > 1 ;","SELECT T1.from_airport, T1.to_airport, MIN(T1.one_direction_cost) as min_one_direction_cost FROM fare AS T1 GROUP BY T1.from_airport, T1.to_airport HAVING COUNT(DISTINCT T1.fare_airline) > 1;",Qwen2.5-Coder-7B-Instruct-4bit,4.836948394775391,,,,0.06156110763549805,True,True,False
custom_geography,easy,Which pairs of neighboring states both have a population density (population/area) above 100?,"SELECT b.STATE_NAME, b.BORDER FROM border_info b JOIN state s1 ON b.STATE_NAME = s1.STATE_NAME JOIN state s2 ON b.BORDER = s2.STATE_NAME WHERE (s1.POPULATION / s1.AREA) > 100 AND (s2.POPULATION / s2.AREA) > 100 ;","SELECT s1.state_name, s2.state_name FROM state s1 JOIN border_info b ON s1.state_name = b.state_name JOIN state s2 ON b.border = s2.state_name WHERE s1.density > 100 AND s2.density > 100;",Qwen2.5-Coder-7B-Instruct-4bit,4.707046747207642,,,,0.004071235656738281,True,True,False
custom_geography,hard,"Which states have both a lake and a mountain, and border at least 3 other states?",SELECT DISTINCT s.STATE_NAME FROM state s WHERE s.STATE_NAME IN (SELECT STATE_NAME FROM lake) AND s.STATE_NAME IN (SELECT STATE_NAME FROM mountain) AND ( SELECT COUNT(*) FROM border_info b WHERE b.STATE_NAME = s.STATE_NAME ) >= 3 ;,"SELECT s.state_name 
FROM state s 
WHERE EXISTS (
    SELECT 1 
    FROM lake l 
    WHERE l.state_name = s.state_name
) 
AND EXISTS (
    SELECT 1 
    FROM mountain m 
    WHERE m.state_name = s.state_name
) 
AND (
    SELECT COUNT(*) 
    FROM border b 
    WHERE b.state_name = s.state_name
) >= 3;",Qwen2.5-Coder-7B-Instruct-4bit,5.893809080123901,,"(1146, ""Table 'geography.border' doesn't exist"")",,0.002838134765625,False,False,False
custom_geography,medium,List states where the capital is NOT the most populous city in that state.,SELECT s.STATE_NAME FROM state s WHERE s.CAPITAL != ( SELECT c.CITY_NAME FROM city c WHERE c.STATE_NAME = s.STATE_NAME ORDER BY c.POPULATION DESC LIMIT 1 ) ;,SELECT state_name FROM state WHERE capital != (SELECT city_name FROM city WHERE state_name = state.state_name ORDER BY population DESC LIMIT 1);,Qwen2.5-Coder-7B-Instruct-4bit,2.468630075454712,,,,0.0,True,True,False
geography,easy,what states does the colorado river run through,"SELECT RIVERalias0.TRAVERSE FROM RIVER AS RIVERalias0 WHERE RIVERalias0.RIVER_NAME = ""colorado"" ;",SELECT state_name FROM river WHERE river_name = 'colorado';,Qwen2.5-Coder-7B-Instruct-4bit,1.520516872406006,,"(1054, ""Unknown column 'state_name' in 'SELECT'"")",,0.0007059574127197266,False,False,False
geography,easy,how many people live in new york,"SELECT STATEalias0.POPULATION FROM STATE AS STATEalias0 WHERE STATEalias0.STATE_NAME = ""new york"" ;",SELECT population FROM city WHERE city_name = 'new york';,Qwen2.5-Coder-7B-Instruct-4bit,1.1420085430145264,,,,0.0014557838439941406,False,False,False
geography,easy,what is the highest point in rhode island,"SELECT HIGHLOWalias0.HIGHEST_POINT FROM HIGHLOW AS HIGHLOWalias0 WHERE HIGHLOWalias0.STATE_NAME = ""rhode island"" ;",SELECT highest_point FROM highlow WHERE state_name = 'rhode island';,Qwen2.5-Coder-7B-Instruct-4bit,1.3168766498565674,,,,0.0012357234954833984,True,True,False
geography,easy,how long is the colorado river,"SELECT DISTINCT RIVERalias0.LENGTH FROM RIVER AS RIVERalias0 WHERE RIVERalias0.RIVER_NAME = ""colorado"" ;",SELECT length FROM river WHERE river_name = 'colorado';,Qwen2.5-Coder-7B-Instruct-4bit,1.1306073665618896,,,,0.0,True,True,False
geography,easy,how many citizens live in california,"SELECT STATEalias0.POPULATION FROM STATE AS STATEalias0 WHERE STATEalias0.STATE_NAME = ""california"" ;",SELECT population FROM state WHERE state_name = 'california';,Qwen2.5-Coder-7B-Instruct-4bit,1.1471807956695557,,,,0.0,True,True,False
geography,easy,what is the river that cross over ohio,"SELECT RIVERalias0.RIVER_NAME FROM RIVER AS RIVERalias0 WHERE RIVERalias0.TRAVERSE = ""ohio"" ;",SELECT river_name FROM river WHERE traverse LIKE '%ohio%',Qwen2.5-Coder-7B-Instruct-4bit,1.1434195041656494,,,,0.0,True,True,False
geography,easy,what is the population of alaska,"SELECT STATEalias0.POPULATION FROM STATE AS STATEalias0 WHERE STATEalias0.STATE_NAME = ""alaska"" ;",SELECT population FROM state WHERE state_name = 'alaska';,Qwen2.5-Coder-7B-Instruct-4bit,1.1500978469848633,,,,0.0011992454528808594,True,True,False
geography,easy,what states border delaware,"SELECT BORDER_INFOalias0.BORDER FROM BORDER_INFO AS BORDER_INFOalias0 WHERE BORDER_INFOalias0.STATE_NAME = ""delaware"" ;",SELECT state_name FROM border_info WHERE border LIKE '%delaware%' OR border LIKE '%delaware%',Qwen2.5-Coder-7B-Instruct-4bit,1.6442382335662842,,,,0.001123666763305664,True,True,False
geography,easy,how many states border at least one other state,SELECT COUNT( DISTINCT BORDER_INFOalias0.STATE_NAME ) FROM BORDER_INFO AS BORDER_INFOalias0 ;,SELECT COUNT(*) FROM border_info WHERE border > 0;,Qwen2.5-Coder-7B-Instruct-4bit,1.140397310256958,,,,0.0009999275207519531,False,False,False
geography,easy,how many states does iowa border,"SELECT COUNT( BORDER_INFOalias0.BORDER ) FROM BORDER_INFO AS BORDER_INFOalias0 WHERE BORDER_INFOalias0.STATE_NAME = ""iowa"" ;",SELECT COUNT(*) FROM border_info WHERE state_name = 'iowa';,Qwen2.5-Coder-7B-Instruct-4bit,1.5279719829559326,,,,0.001104593276977539,True,True,False
geography,easy,what is the size of texas,"SELECT STATEalias0.AREA FROM STATE AS STATEalias0 WHERE STATEalias0.STATE_NAME = ""texas"" ;",SELECT area FROM state WHERE state_name = 'texas';,Qwen2.5-Coder-7B-Instruct-4bit,1.3215959072113037,,,,0.001252889633178711,True,True,False
geography,easy,what is the highest point in kansas,"SELECT HIGHLOWalias0.HIGHEST_POINT FROM HIGHLOW AS HIGHLOWalias0 WHERE HIGHLOWalias0.STATE_NAME = ""kansas"" ;",SELECT highest_point FROM highlow WHERE state_name = 'kansas';,Qwen2.5-Coder-7B-Instruct-4bit,1.262303590774536,,,,0.0012135505676269531,True,True,False
geography,easy,what states border the mississippi river,"SELECT RIVERalias0.TRAVERSE FROM RIVER AS RIVERalias0 WHERE RIVERalias0.RIVER_NAME = ""mississippi"" ;",SELECT T1.state_name FROM border_info AS T1 JOIN river AS T2 ON T1.border = T2.river_name WHERE T2.river_name = 'mississippi';,Qwen2.5-Coder-7B-Instruct-4bit,2.712319612503052,,,,0.0010006427764892578,False,False,False
geography,easy,what states border ohio,"SELECT BORDER_INFOalias0.BORDER FROM BORDER_INFO AS BORDER_INFOalias0 WHERE BORDER_INFOalias0.STATE_NAME = ""ohio"" ;",SELECT state_name FROM border_info WHERE border LIKE '%ohio%' OR border LIKE '%ohio%',Qwen2.5-Coder-7B-Instruct-4bit,1.6555867195129397,,,,0.0,True,True,False
geography,hard,what is the longest river in the united states,SELECT RIVERalias0.RIVER_NAME FROM RIVER AS RIVERalias0 WHERE RIVERalias0.LENGTH = ( SELECT MAX( RIVERalias1.LENGTH ) FROM RIVER AS RIVERalias1 ) ;,SELECT river_name FROM river ORDER BY length DESC LIMIT 1;,Qwen2.5-Coder-7B-Instruct-4bit,1.2108571529388428,,,,0.0,True,True,False
geography,hard,what state borders the least states excluding alaska and excluding hawaii,"SELECT STATEalias0.STATE_NAME FROM STATE AS STATEalias0 LEFT OUTER JOIN BORDER_INFO AS BORDER_INFOalias0 ON STATEalias0.STATE_NAME = BORDER_INFOalias0.STATE_NAME WHERE STATEalias0.STATE_NAME <> ""alaska"" AND STATEalias0.STATE_NAME <> ""hawaii"" GROUP BY STATEalias0.STATE_NAME HAVING COUNT( BORDER_INFOalias0.BORDER ) = ( SELECT MIN( DERIVED_TABLEalias0.DERIVED_FIELDalias0 ) FROM ( SELECT COUNT( BORDER_INFOalias1.BORDER ) AS DERIVED_FIELDalias0 , STATEalias1.STATE_NAME FROM STATE AS STATEalias1 LEFT OUTER JOIN BORDER_INFO AS BORDER_INFOalias1 ON STATEalias1.STATE_NAME = BORDER_INFOalias1.STATE_NAME WHERE STATEalias1.STATE_NAME <> ""alaska"" AND STATEalias1.STATE_NAME <> ""hawaii"" GROUP BY STATEalias1.STATE_NAME ) AS DERIVED_TABLEalias0 ) ;","SELECT state_name FROM border_info GROUP BY state_name HAVING COUNT(border) = 1 EXCEPT SELECT state_name FROM border_info WHERE state_name IN ('alaska', 'hawaii') ORDER BY COUNT(border) ASC LIMIT 1;",Qwen2.5-Coder-7B-Instruct-4bit,3.668149709701538,,"(1054, ""Unknown column 'border' in 'ORDER BY'"")",,0.00848698616027832,False,False,False
geography,hard,which rivers run through the state with the largest city in the us,SELECT RIVERalias0.RIVER_NAME FROM RIVER AS RIVERalias0 WHERE RIVERalias0.TRAVERSE IN ( SELECT CITYalias0.STATE_NAME FROM CITY AS CITYalias0 WHERE CITYalias0.POPULATION = ( SELECT MAX( CITYalias1.POPULATION ) FROM CITY AS CITYalias1 ) ) ;,SELECT river_name FROM river WHERE traverse LIKE '%(SELECT city_name FROM city ORDER BY population DESC LIMIT 1)%',Qwen2.5-Coder-7B-Instruct-4bit,2.1968162059783936,,,,0.0031778812408447266,False,False,False
geography,hard,what is the population of the capital of the largest state through which the mississippi runs,"SELECT CITYalias0.POPULATION FROM CITY AS CITYalias0 WHERE CITYalias0.CITY_NAME = ( SELECT STATEalias0.CAPITAL FROM STATE AS STATEalias0 WHERE STATEalias0.AREA = ( SELECT MAX( STATEalias1.AREA ) FROM RIVER AS RIVERalias0 , STATE AS STATEalias1 WHERE RIVERalias0.RIVER_NAME = ""mississippi"" AND STATEalias1.STATE_NAME = RIVERalias0.TRAVERSE ) ) ;",SELECT T1.population FROM state AS T1 JOIN city AS T2 ON T1.state_name = T2.state_name WHERE T2.city_name = (SELECT capital FROM state ORDER BY area DESC LIMIT 1) AND T2.traverse LIKE '%mississippi%',Qwen2.5-Coder-7B-Instruct-4bit,3.685159206390381,,"(1054, ""Unknown column 'T2.traverse' in 'WHERE'"")",,0.0018544197082519531,False,False,False
geography,hard,what is the biggest city in nebraska,"SELECT CITYalias0.CITY_NAME FROM CITY AS CITYalias0 WHERE CITYalias0.POPULATION = ( SELECT MAX( CITYalias1.POPULATION ) FROM CITY AS CITYalias1 WHERE CITYalias1.STATE_NAME = ""nebraska"" ) AND CITYalias0.STATE_NAME = ""nebraska"" ;",SELECT city_name FROM city WHERE state_name = 'nebraska' ORDER BY population DESC LIMIT 1;,Qwen2.5-Coder-7B-Instruct-4bit,1.7362706661224363,,,,0.0,True,True,False
geography,hard,what is the longest river that passes the states that border the state that borders the most states,"SELECT DISTINCT RIVERalias0.RIVER_NAME FROM RIVER AS RIVERalias0 WHERE RIVERalias0.LENGTH IN ( SELECT MAX( DERIVED_TABLEalias1.DERIVED_FIELDalias0 ) FROM ( SELECT MAX( RIVERalias1.LENGTH ) AS DERIVED_FIELDalias0 , RIVERalias1.TRAVERSE FROM RIVER AS RIVERalias1 WHERE RIVERalias1.TRAVERSE IN ( SELECT BORDER_INFOalias0.STATE_NAME FROM BORDER_INFO AS BORDER_INFOalias0 WHERE BORDER_INFOalias0.BORDER IN ( SELECT BORDER_INFOalias1.BORDER FROM BORDER_INFO AS BORDER_INFOalias1 GROUP BY BORDER_INFOalias1.BORDER HAVING COUNT( 1 ) = ( SELECT MAX( DERIVED_TABLEalias0.DERIVED_FIELDalias1 ) FROM ( SELECT BORDER_INFOalias2.BORDER , COUNT( 1 ) AS DERIVED_FIELDalias1 FROM BORDER_INFO AS BORDER_INFOalias2 GROUP BY BORDER_INFOalias2.BORDER ) AS DERIVED_TABLEalias0 ) ) ) GROUP BY RIVERalias1.TRAVERSE ) AS DERIVED_TABLEalias1 ) ;",SELECT MAX(length) FROM river WHERE river_name IN (SELECT river_name FROM state JOIN border ON state.state_name = border.border WHERE border.border IN (SELECT border FROM state ORDER BY COUNT(border) DESC LIMIT 1)),Qwen2.5-Coder-7B-Instruct-4bit,3.1720669269561768,,"(1235, ""This version of MariaDB doesn't yet support 'LIMIT & IN/ALL/ANY/SOME subquery'"")",,0.0,False,False,False
geography,hard,what is the most dense state in the usa,SELECT STATEalias0.STATE_NAME FROM STATE AS STATEalias0 WHERE STATEalias0.DENSITY = ( SELECT MAX( STATEalias1.DENSITY ) FROM STATE AS STATEalias1 ) ;,SELECT state_name FROM state WHERE country_name = 'usa' ORDER BY density DESC LIMIT 1;,Qwen2.5-Coder-7B-Instruct-4bit,1.9396758079528809,,,,0.0037746429443359375,True,True,False
geography,hard,what state which the mississippi runs through has the largest population,"SELECT STATEalias0.STATE_NAME FROM STATE AS STATEalias0 WHERE STATEalias0.POPULATION = ( SELECT MAX( STATEalias1.POPULATION ) FROM STATE AS STATEalias1 WHERE STATEalias1.STATE_NAME IN ( SELECT RIVERalias0.TRAVERSE FROM RIVER AS RIVERalias0 WHERE RIVERalias0.RIVER_NAME = ""mississippi"" ) ) AND STATEalias0.STATE_NAME IN ( SELECT RIVERalias1.TRAVERSE FROM RIVER AS RIVERalias1 WHERE RIVERalias1.RIVER_NAME = ""mississippi"" ) ;",SELECT T1.state_name FROM state AS T1 JOIN river AS T2 ON T1.state_name = T2.traverse WHERE T2.river_name = 'mississippi' ORDER BY T1.population DESC LIMIT 1;,Qwen2.5-Coder-7B-Instruct-4bit,3.475781917572021,,,,0.00415349006652832,True,True,False
geography,hard,which states does the longest river cross,SELECT RIVERalias0.TRAVERSE FROM RIVER AS RIVERalias0 WHERE RIVERalias0.LENGTH = ( SELECT MAX( RIVERalias1.LENGTH ) FROM RIVER AS RIVERalias1 ) ;,SELECT state_name FROM river ORDER BY length DESC LIMIT 1;,Qwen2.5-Coder-7B-Instruct-4bit,1.2045083045959473,,"(1054, ""Unknown column 'state_name' in 'SELECT'"")",,0.0,False,False,False
geography,medium,what state has the smallest urban population,SELECT CITYalias0.STATE_NAME FROM CITY AS CITYalias0 GROUP BY CITYalias0.STATE_NAME ORDER BY SUM( CITYalias0.POPULATION ) LIMIT 1 ;,SELECT T1.state_name FROM city AS T1 JOIN state AS T2 ON T1.state_name = T2.state_name GROUP BY T1.state_name ORDER BY SUM(T1.population) ASC LIMIT 1;,Qwen2.5-Coder-7B-Instruct-4bit,3.0740811824798584,,,,0.008139848709106445,True,True,False
geography,medium,what are the populations of states through which the mississippi river runs,"SELECT STATEalias0.POPULATION FROM STATE AS STATEalias0 WHERE STATEalias0.STATE_NAME IN ( SELECT RIVERalias0.TRAVERSE FROM RIVER AS RIVERalias0 WHERE RIVERalias0.RIVER_NAME = ""mississippi"" ) ;",SELECT T1.population FROM state AS T1 JOIN river AS T2 ON T1.state_name = T2.traverse WHERE T2.river_name = 'mississippi';,Qwen2.5-Coder-7B-Instruct-4bit,2.612018823623657,,,,0.0,True,True,False
