dataset,difficulty,question,gold_sql,schema_description
advising,easy,Are there courses worth 3 credits ?,"SELECT DISTINCT COURSEalias0.NAME , COURSEalias0.NUMBER FROM COURSE AS COURSEalias0 WHERE COURSEalias0.CREDITS = 3 AND COURSEalias0.DEPARTMENT = """" ;","Table: AREA(course_id, area)
Table: COMMENT_INSTRUCTOR(instructor_id, student_id, score, comment_text)
Table: COURSE(COURSE_ID, NAME, DEPARTMENT, NUMBER, CREDITS, ADVISORY_REQUIREMENT, ENFORCED_REQUIREMENT, DESCRIPTION, NUM_SEMESTERS, NUM_ENROLLED, HAS_DISCUSSION, HAS_LAB, HAS_PROJECTS, HAS_EXAMS, NUM_REVIEWS, CLARITY_SCORE, EASINESS_SCORE, HELPFULNESS_SCORE)
Table: COURSE_OFFERING(OFFERING_ID, COURSE_ID, SEMESTER, SECTION_NUMBER, START_TIME, END_TIME, MONDAY, TUESDAY, WEDNESDAY, THURSDAY, FRIDAY, SATURDAY, SUNDAY, HAS_FINAL_PROJECT, HAS_FINAL_EXAM, TEXTBOOK, CLASS_ADDRESS, ALLOW_AUDIT)
Table: COURSE_PREREQUISITE(pre_course_id, course_id)
Table: COURSE_TAGS_COUNT(COURSE_ID, CLEAR_GRADING, POP_QUIZ, GROUP_PROJECTS, INSPIRATIONAL, LONG_LECTURES, EXTRA_CREDIT, FEW_TESTS, GOOD_FEEDBACK, TOUGH_TESTS, HEAVY_PAPERS, CARES_FOR_STUDENTS, HEAVY_ASSIGNMENTS, RESPECTED, PARTICIPATION, HEAVY_READING, TOUGH_GRADER, HILARIOUS, WOULD_TAKE_AGAIN, GOOD_LECTURE, NO_SKIP)
Table: GSI(course_offering_id, student_id)
Table: INSTRUCTOR(INSTRUCTOR_ID, NAME, UNIQNAME)
Table: OFFERING_INSTRUCTOR(OFFERING_INSTRUCTOR_ID, OFFERING_ID, INSTRUCTOR_ID)
Table: PROGRAM(program_id, name, college, introduction)
Table: PROGRAM_COURSE(program_id, course_id, workload, category)
Table: PROGRAM_REQUIREMENT(program_id, category, min_credit, additional_req)
Table: SEMESTER(semester_id, semester, year)
Table: STUDENT(student_id, lastname, firstname, program_id, declare_major, total_credit, total_gpa, entered_as, admit_term, predicted_graduation_semester, degree, minor, internship)
Table: STUDENT_RECORD(student_id, course_id, semester, grade, how, transfer_source, earn_credit, repeat_term, test_id, offering_id)

Example:
Question: what courses are related to artificial intelligence
SQL: SELECT DISTINCT c.NAME FROM COURSE c JOIN AREA a ON c.COURSE_ID = a.COURSE_ID WHERE a.AREA LIKE '%artificial intelligence%';"
advising,easy,Present me all Professional Biophysics courses of 6 credits .,"SELECT DISTINCT COURSEalias0.DEPARTMENT , COURSEalias0.NAME , COURSEalias0.NUMBER FROM COURSE AS COURSEalias0 WHERE ( COURSEalias0.DESCRIPTION LIKE ""%Professional Biophysics%"" OR COURSEalias0.NAME LIKE ""%Professional Biophysics%"" ) AND COURSEalias0.CREDITS = 6 ;","Table: AREA(course_id, area)
Table: COMMENT_INSTRUCTOR(instructor_id, student_id, score, comment_text)
Table: COURSE(COURSE_ID, NAME, DEPARTMENT, NUMBER, CREDITS, ADVISORY_REQUIREMENT, ENFORCED_REQUIREMENT, DESCRIPTION, NUM_SEMESTERS, NUM_ENROLLED, HAS_DISCUSSION, HAS_LAB, HAS_PROJECTS, HAS_EXAMS, NUM_REVIEWS, CLARITY_SCORE, EASINESS_SCORE, HELPFULNESS_SCORE)
Table: COURSE_OFFERING(OFFERING_ID, COURSE_ID, SEMESTER, SECTION_NUMBER, START_TIME, END_TIME, MONDAY, TUESDAY, WEDNESDAY, THURSDAY, FRIDAY, SATURDAY, SUNDAY, HAS_FINAL_PROJECT, HAS_FINAL_EXAM, TEXTBOOK, CLASS_ADDRESS, ALLOW_AUDIT)
Table: COURSE_PREREQUISITE(pre_course_id, course_id)
Table: COURSE_TAGS_COUNT(COURSE_ID, CLEAR_GRADING, POP_QUIZ, GROUP_PROJECTS, INSPIRATIONAL, LONG_LECTURES, EXTRA_CREDIT, FEW_TESTS, GOOD_FEEDBACK, TOUGH_TESTS, HEAVY_PAPERS, CARES_FOR_STUDENTS, HEAVY_ASSIGNMENTS, RESPECTED, PARTICIPATION, HEAVY_READING, TOUGH_GRADER, HILARIOUS, WOULD_TAKE_AGAIN, GOOD_LECTURE, NO_SKIP)
Table: GSI(course_offering_id, student_id)
Table: INSTRUCTOR(INSTRUCTOR_ID, NAME, UNIQNAME)
Table: OFFERING_INSTRUCTOR(OFFERING_INSTRUCTOR_ID, OFFERING_ID, INSTRUCTOR_ID)
Table: PROGRAM(program_id, name, college, introduction)
Table: PROGRAM_COURSE(program_id, course_id, workload, category)
Table: PROGRAM_REQUIREMENT(program_id, category, min_credit, additional_req)
Table: SEMESTER(semester_id, semester, year)
Table: STUDENT(student_id, lastname, firstname, program_id, declare_major, total_credit, total_gpa, entered_as, admit_term, predicted_graduation_semester, degree, minor, internship)
Table: STUDENT_RECORD(student_id, course_id, semester, grade, how, transfer_source, earn_credit, repeat_term, test_id, offering_id)

Example:
Question: what courses are related to artificial intelligence
SQL: SELECT DISTINCT c.NAME FROM COURSE c JOIN AREA a ON c.COURSE_ID = a.COURSE_ID WHERE a.AREA LIKE '%artificial intelligence%';"
advising,easy,What are the upper elective courses for CS ?,"SELECT DISTINCT COURSEalias0.DEPARTMENT , COURSEalias0.NAME , COURSEalias0.NUMBER FROM COURSE AS COURSEalias0 , PROGRAM_COURSE AS PROGRAM_COURSEalias0 WHERE PROGRAM_COURSEalias0.CATEGORY LIKE ""%ULCS%"" AND PROGRAM_COURSEalias0.COURSE_ID = COURSEalias0.COURSE_ID ;","Table: AREA(course_id, area)
Table: COMMENT_INSTRUCTOR(instructor_id, student_id, score, comment_text)
Table: COURSE(COURSE_ID, NAME, DEPARTMENT, NUMBER, CREDITS, ADVISORY_REQUIREMENT, ENFORCED_REQUIREMENT, DESCRIPTION, NUM_SEMESTERS, NUM_ENROLLED, HAS_DISCUSSION, HAS_LAB, HAS_PROJECTS, HAS_EXAMS, NUM_REVIEWS, CLARITY_SCORE, EASINESS_SCORE, HELPFULNESS_SCORE)
Table: COURSE_OFFERING(OFFERING_ID, COURSE_ID, SEMESTER, SECTION_NUMBER, START_TIME, END_TIME, MONDAY, TUESDAY, WEDNESDAY, THURSDAY, FRIDAY, SATURDAY, SUNDAY, HAS_FINAL_PROJECT, HAS_FINAL_EXAM, TEXTBOOK, CLASS_ADDRESS, ALLOW_AUDIT)
Table: COURSE_PREREQUISITE(pre_course_id, course_id)
Table: COURSE_TAGS_COUNT(COURSE_ID, CLEAR_GRADING, POP_QUIZ, GROUP_PROJECTS, INSPIRATIONAL, LONG_LECTURES, EXTRA_CREDIT, FEW_TESTS, GOOD_FEEDBACK, TOUGH_TESTS, HEAVY_PAPERS, CARES_FOR_STUDENTS, HEAVY_ASSIGNMENTS, RESPECTED, PARTICIPATION, HEAVY_READING, TOUGH_GRADER, HILARIOUS, WOULD_TAKE_AGAIN, GOOD_LECTURE, NO_SKIP)
Table: GSI(course_offering_id, student_id)
Table: INSTRUCTOR(INSTRUCTOR_ID, NAME, UNIQNAME)
Table: OFFERING_INSTRUCTOR(OFFERING_INSTRUCTOR_ID, OFFERING_ID, INSTRUCTOR_ID)
Table: PROGRAM(program_id, name, college, introduction)
Table: PROGRAM_COURSE(program_id, course_id, workload, category)
Table: PROGRAM_REQUIREMENT(program_id, category, min_credit, additional_req)
Table: SEMESTER(semester_id, semester, year)
Table: STUDENT(student_id, lastname, firstname, program_id, declare_major, total_credit, total_gpa, entered_as, admit_term, predicted_graduation_semester, degree, minor, internship)
Table: STUDENT_RECORD(student_id, course_id, semester, grade, how, transfer_source, earn_credit, repeat_term, test_id, offering_id)

Example:
Question: what courses are related to artificial intelligence
SQL: SELECT DISTINCT c.NAME FROM COURSE c JOIN AREA a ON c.COURSE_ID = a.COURSE_ID WHERE a.AREA LIKE '%artificial intelligence%';"
advising,easy,The classes that I took before did any of them consist of Core classes ?,"SELECT DISTINCT COURSEalias0.DEPARTMENT , COURSEalias0.NAME , COURSEalias0.NUMBER FROM COURSE AS COURSEalias0 INNER JOIN STUDENT_RECORD AS STUDENT_RECORDalias0 ON STUDENT_RECORDalias0.COURSE_ID = COURSEalias0.COURSE_ID INNER JOIN PROGRAM_COURSE AS PROGRAM_COURSEalias0 ON STUDENT_RECORDalias0.COURSE_ID = PROGRAM_COURSEalias0.COURSE_ID WHERE PROGRAM_COURSEalias0.CATEGORY LIKE ""%Core%"" AND STUDENT_RECORDalias0.STUDENT_ID = 1 ;","Table: AREA(course_id, area)
Table: COMMENT_INSTRUCTOR(instructor_id, student_id, score, comment_text)
Table: COURSE(COURSE_ID, NAME, DEPARTMENT, NUMBER, CREDITS, ADVISORY_REQUIREMENT, ENFORCED_REQUIREMENT, DESCRIPTION, NUM_SEMESTERS, NUM_ENROLLED, HAS_DISCUSSION, HAS_LAB, HAS_PROJECTS, HAS_EXAMS, NUM_REVIEWS, CLARITY_SCORE, EASINESS_SCORE, HELPFULNESS_SCORE)
Table: COURSE_OFFERING(OFFERING_ID, COURSE_ID, SEMESTER, SECTION_NUMBER, START_TIME, END_TIME, MONDAY, TUESDAY, WEDNESDAY, THURSDAY, FRIDAY, SATURDAY, SUNDAY, HAS_FINAL_PROJECT, HAS_FINAL_EXAM, TEXTBOOK, CLASS_ADDRESS, ALLOW_AUDIT)
Table: COURSE_PREREQUISITE(pre_course_id, course_id)
Table: COURSE_TAGS_COUNT(COURSE_ID, CLEAR_GRADING, POP_QUIZ, GROUP_PROJECTS, INSPIRATIONAL, LONG_LECTURES, EXTRA_CREDIT, FEW_TESTS, GOOD_FEEDBACK, TOUGH_TESTS, HEAVY_PAPERS, CARES_FOR_STUDENTS, HEAVY_ASSIGNMENTS, RESPECTED, PARTICIPATION, HEAVY_READING, TOUGH_GRADER, HILARIOUS, WOULD_TAKE_AGAIN, GOOD_LECTURE, NO_SKIP)
Table: GSI(course_offering_id, student_id)
Table: INSTRUCTOR(INSTRUCTOR_ID, NAME, UNIQNAME)
Table: OFFERING_INSTRUCTOR(OFFERING_INSTRUCTOR_ID, OFFERING_ID, INSTRUCTOR_ID)
Table: PROGRAM(program_id, name, college, introduction)
Table: PROGRAM_COURSE(program_id, course_id, workload, category)
Table: PROGRAM_REQUIREMENT(program_id, category, min_credit, additional_req)
Table: SEMESTER(semester_id, semester, year)
Table: STUDENT(student_id, lastname, firstname, program_id, declare_major, total_credit, total_gpa, entered_as, admit_term, predicted_graduation_semester, degree, minor, internship)
Table: STUDENT_RECORD(student_id, course_id, semester, grade, how, transfer_source, earn_credit, repeat_term, test_id, offering_id)

Example:
Question: what courses are related to artificial intelligence
SQL: SELECT DISTINCT c.NAME FROM COURSE c JOIN AREA a ON c.COURSE_ID = a.COURSE_ID WHERE a.AREA LIKE '%artificial intelligence%';"
advising,easy,Useful courses to take before taking CEE 830 ?,"SELECT DISTINCT COURSEalias0.ADVISORY_REQUIREMENT FROM COURSE AS COURSEalias0 WHERE COURSEalias0.DEPARTMENT = ""CEE"" AND COURSEalias0.NUMBER = 830 ;","Table: AREA(course_id, area)
Table: COMMENT_INSTRUCTOR(instructor_id, student_id, score, comment_text)
Table: COURSE(COURSE_ID, NAME, DEPARTMENT, NUMBER, CREDITS, ADVISORY_REQUIREMENT, ENFORCED_REQUIREMENT, DESCRIPTION, NUM_SEMESTERS, NUM_ENROLLED, HAS_DISCUSSION, HAS_LAB, HAS_PROJECTS, HAS_EXAMS, NUM_REVIEWS, CLARITY_SCORE, EASINESS_SCORE, HELPFULNESS_SCORE)
Table: COURSE_OFFERING(OFFERING_ID, COURSE_ID, SEMESTER, SECTION_NUMBER, START_TIME, END_TIME, MONDAY, TUESDAY, WEDNESDAY, THURSDAY, FRIDAY, SATURDAY, SUNDAY, HAS_FINAL_PROJECT, HAS_FINAL_EXAM, TEXTBOOK, CLASS_ADDRESS, ALLOW_AUDIT)
Table: COURSE_PREREQUISITE(pre_course_id, course_id)
Table: COURSE_TAGS_COUNT(COURSE_ID, CLEAR_GRADING, POP_QUIZ, GROUP_PROJECTS, INSPIRATIONAL, LONG_LECTURES, EXTRA_CREDIT, FEW_TESTS, GOOD_FEEDBACK, TOUGH_TESTS, HEAVY_PAPERS, CARES_FOR_STUDENTS, HEAVY_ASSIGNMENTS, RESPECTED, PARTICIPATION, HEAVY_READING, TOUGH_GRADER, HILARIOUS, WOULD_TAKE_AGAIN, GOOD_LECTURE, NO_SKIP)
Table: GSI(course_offering_id, student_id)
Table: INSTRUCTOR(INSTRUCTOR_ID, NAME, UNIQNAME)
Table: OFFERING_INSTRUCTOR(OFFERING_INSTRUCTOR_ID, OFFERING_ID, INSTRUCTOR_ID)
Table: PROGRAM(program_id, name, college, introduction)
Table: PROGRAM_COURSE(program_id, course_id, workload, category)
Table: PROGRAM_REQUIREMENT(program_id, category, min_credit, additional_req)
Table: SEMESTER(semester_id, semester, year)
Table: STUDENT(student_id, lastname, firstname, program_id, declare_major, total_credit, total_gpa, entered_as, admit_term, predicted_graduation_semester, degree, minor, internship)
Table: STUDENT_RECORD(student_id, course_id, semester, grade, how, transfer_source, earn_credit, repeat_term, test_id, offering_id)

Example:
Question: what courses are related to artificial intelligence
SQL: SELECT DISTINCT c.NAME FROM COURSE c JOIN AREA a ON c.COURSE_ID = a.COURSE_ID WHERE a.AREA LIKE '%artificial intelligence%';"
advising,easy,I have how many credits so far ?,SELECT DISTINCT STUDENTalias0.TOTAL_CREDIT FROM STUDENT AS STUDENTalias0 WHERE STUDENTalias0.STUDENT_ID = 1 ;,"Table: AREA(course_id, area)
Table: COMMENT_INSTRUCTOR(instructor_id, student_id, score, comment_text)
Table: COURSE(COURSE_ID, NAME, DEPARTMENT, NUMBER, CREDITS, ADVISORY_REQUIREMENT, ENFORCED_REQUIREMENT, DESCRIPTION, NUM_SEMESTERS, NUM_ENROLLED, HAS_DISCUSSION, HAS_LAB, HAS_PROJECTS, HAS_EXAMS, NUM_REVIEWS, CLARITY_SCORE, EASINESS_SCORE, HELPFULNESS_SCORE)
Table: COURSE_OFFERING(OFFERING_ID, COURSE_ID, SEMESTER, SECTION_NUMBER, START_TIME, END_TIME, MONDAY, TUESDAY, WEDNESDAY, THURSDAY, FRIDAY, SATURDAY, SUNDAY, HAS_FINAL_PROJECT, HAS_FINAL_EXAM, TEXTBOOK, CLASS_ADDRESS, ALLOW_AUDIT)
Table: COURSE_PREREQUISITE(pre_course_id, course_id)
Table: COURSE_TAGS_COUNT(COURSE_ID, CLEAR_GRADING, POP_QUIZ, GROUP_PROJECTS, INSPIRATIONAL, LONG_LECTURES, EXTRA_CREDIT, FEW_TESTS, GOOD_FEEDBACK, TOUGH_TESTS, HEAVY_PAPERS, CARES_FOR_STUDENTS, HEAVY_ASSIGNMENTS, RESPECTED, PARTICIPATION, HEAVY_READING, TOUGH_GRADER, HILARIOUS, WOULD_TAKE_AGAIN, GOOD_LECTURE, NO_SKIP)
Table: GSI(course_offering_id, student_id)
Table: INSTRUCTOR(INSTRUCTOR_ID, NAME, UNIQNAME)
Table: OFFERING_INSTRUCTOR(OFFERING_INSTRUCTOR_ID, OFFERING_ID, INSTRUCTOR_ID)
Table: PROGRAM(program_id, name, college, introduction)
Table: PROGRAM_COURSE(program_id, course_id, workload, category)
Table: PROGRAM_REQUIREMENT(program_id, category, min_credit, additional_req)
Table: SEMESTER(semester_id, semester, year)
Table: STUDENT(student_id, lastname, firstname, program_id, declare_major, total_credit, total_gpa, entered_as, admit_term, predicted_graduation_semester, degree, minor, internship)
Table: STUDENT_RECORD(student_id, course_id, semester, grade, how, transfer_source, earn_credit, repeat_term, test_id, offering_id)

Example:
Question: what courses are related to artificial intelligence
SQL: SELECT DISTINCT c.NAME FROM COURSE c JOIN AREA a ON c.COURSE_ID = a.COURSE_ID WHERE a.AREA LIKE '%artificial intelligence%';"
advising,easy,Which courses would be useful to take before taking TCHNCLCM 610 ?,"SELECT DISTINCT COURSEalias0.ADVISORY_REQUIREMENT FROM COURSE AS COURSEalias0 WHERE COURSEalias0.DEPARTMENT = ""TCHNCLCM"" AND COURSEalias0.NUMBER = 610 ;","Table: AREA(course_id, area)
Table: COMMENT_INSTRUCTOR(instructor_id, student_id, score, comment_text)
Table: COURSE(COURSE_ID, NAME, DEPARTMENT, NUMBER, CREDITS, ADVISORY_REQUIREMENT, ENFORCED_REQUIREMENT, DESCRIPTION, NUM_SEMESTERS, NUM_ENROLLED, HAS_DISCUSSION, HAS_LAB, HAS_PROJECTS, HAS_EXAMS, NUM_REVIEWS, CLARITY_SCORE, EASINESS_SCORE, HELPFULNESS_SCORE)
Table: COURSE_OFFERING(OFFERING_ID, COURSE_ID, SEMESTER, SECTION_NUMBER, START_TIME, END_TIME, MONDAY, TUESDAY, WEDNESDAY, THURSDAY, FRIDAY, SATURDAY, SUNDAY, HAS_FINAL_PROJECT, HAS_FINAL_EXAM, TEXTBOOK, CLASS_ADDRESS, ALLOW_AUDIT)
Table: COURSE_PREREQUISITE(pre_course_id, course_id)
Table: COURSE_TAGS_COUNT(COURSE_ID, CLEAR_GRADING, POP_QUIZ, GROUP_PROJECTS, INSPIRATIONAL, LONG_LECTURES, EXTRA_CREDIT, FEW_TESTS, GOOD_FEEDBACK, TOUGH_TESTS, HEAVY_PAPERS, CARES_FOR_STUDENTS, HEAVY_ASSIGNMENTS, RESPECTED, PARTICIPATION, HEAVY_READING, TOUGH_GRADER, HILARIOUS, WOULD_TAKE_AGAIN, GOOD_LECTURE, NO_SKIP)
Table: GSI(course_offering_id, student_id)
Table: INSTRUCTOR(INSTRUCTOR_ID, NAME, UNIQNAME)
Table: OFFERING_INSTRUCTOR(OFFERING_INSTRUCTOR_ID, OFFERING_ID, INSTRUCTOR_ID)
Table: PROGRAM(program_id, name, college, introduction)
Table: PROGRAM_COURSE(program_id, course_id, workload, category)
Table: PROGRAM_REQUIREMENT(program_id, category, min_credit, additional_req)
Table: SEMESTER(semester_id, semester, year)
Table: STUDENT(student_id, lastname, firstname, program_id, declare_major, total_credit, total_gpa, entered_as, admit_term, predicted_graduation_semester, degree, minor, internship)
Table: STUDENT_RECORD(student_id, course_id, semester, grade, how, transfer_source, earn_credit, repeat_term, test_id, offering_id)

Example:
Question: what courses are related to artificial intelligence
SQL: SELECT DISTINCT c.NAME FROM COURSE c JOIN AREA a ON c.COURSE_ID = a.COURSE_ID WHERE a.AREA LIKE '%artificial intelligence%';"
advising,easy,"On average , how difficult are the Other classes ?","SELECT AVG( PROGRAM_COURSEalias0.WORKLOAD ) FROM PROGRAM_COURSE AS PROGRAM_COURSEalias0 WHERE PROGRAM_COURSEalias0.CATEGORY LIKE ""%Other%"" ;","Table: AREA(course_id, area)
Table: COMMENT_INSTRUCTOR(instructor_id, student_id, score, comment_text)
Table: COURSE(COURSE_ID, NAME, DEPARTMENT, NUMBER, CREDITS, ADVISORY_REQUIREMENT, ENFORCED_REQUIREMENT, DESCRIPTION, NUM_SEMESTERS, NUM_ENROLLED, HAS_DISCUSSION, HAS_LAB, HAS_PROJECTS, HAS_EXAMS, NUM_REVIEWS, CLARITY_SCORE, EASINESS_SCORE, HELPFULNESS_SCORE)
Table: COURSE_OFFERING(OFFERING_ID, COURSE_ID, SEMESTER, SECTION_NUMBER, START_TIME, END_TIME, MONDAY, TUESDAY, WEDNESDAY, THURSDAY, FRIDAY, SATURDAY, SUNDAY, HAS_FINAL_PROJECT, HAS_FINAL_EXAM, TEXTBOOK, CLASS_ADDRESS, ALLOW_AUDIT)
Table: COURSE_PREREQUISITE(pre_course_id, course_id)
Table: COURSE_TAGS_COUNT(COURSE_ID, CLEAR_GRADING, POP_QUIZ, GROUP_PROJECTS, INSPIRATIONAL, LONG_LECTURES, EXTRA_CREDIT, FEW_TESTS, GOOD_FEEDBACK, TOUGH_TESTS, HEAVY_PAPERS, CARES_FOR_STUDENTS, HEAVY_ASSIGNMENTS, RESPECTED, PARTICIPATION, HEAVY_READING, TOUGH_GRADER, HILARIOUS, WOULD_TAKE_AGAIN, GOOD_LECTURE, NO_SKIP)
Table: GSI(course_offering_id, student_id)
Table: INSTRUCTOR(INSTRUCTOR_ID, NAME, UNIQNAME)
Table: OFFERING_INSTRUCTOR(OFFERING_INSTRUCTOR_ID, OFFERING_ID, INSTRUCTOR_ID)
Table: PROGRAM(program_id, name, college, introduction)
Table: PROGRAM_COURSE(program_id, course_id, workload, category)
Table: PROGRAM_REQUIREMENT(program_id, category, min_credit, additional_req)
Table: SEMESTER(semester_id, semester, year)
Table: STUDENT(student_id, lastname, firstname, program_id, declare_major, total_credit, total_gpa, entered_as, admit_term, predicted_graduation_semester, degree, minor, internship)
Table: STUDENT_RECORD(student_id, course_id, semester, grade, how, transfer_source, earn_credit, repeat_term, test_id, offering_id)

Example:
Question: what courses are related to artificial intelligence
SQL: SELECT DISTINCT c.NAME FROM COURSE c JOIN AREA a ON c.COURSE_ID = a.COURSE_ID WHERE a.AREA LIKE '%artificial intelligence%';"
advising,easy,"Of the upper-level classes , which ones are 8 credits ?","SELECT DISTINCT COURSEalias0.DEPARTMENT , COURSEalias0.NAME , COURSEalias0.NUMBER FROM COURSE AS COURSEalias0 INNER JOIN PROGRAM_COURSE AS PROGRAM_COURSEalias0 ON PROGRAM_COURSEalias0.COURSE_ID = COURSEalias0.COURSE_ID WHERE COURSEalias0.CREDITS = 8 AND PROGRAM_COURSEalias0.CATEGORY LIKE ""ULCS"" ;","Table: AREA(course_id, area)
Table: COMMENT_INSTRUCTOR(instructor_id, student_id, score, comment_text)
Table: COURSE(COURSE_ID, NAME, DEPARTMENT, NUMBER, CREDITS, ADVISORY_REQUIREMENT, ENFORCED_REQUIREMENT, DESCRIPTION, NUM_SEMESTERS, NUM_ENROLLED, HAS_DISCUSSION, HAS_LAB, HAS_PROJECTS, HAS_EXAMS, NUM_REVIEWS, CLARITY_SCORE, EASINESS_SCORE, HELPFULNESS_SCORE)
Table: COURSE_OFFERING(OFFERING_ID, COURSE_ID, SEMESTER, SECTION_NUMBER, START_TIME, END_TIME, MONDAY, TUESDAY, WEDNESDAY, THURSDAY, FRIDAY, SATURDAY, SUNDAY, HAS_FINAL_PROJECT, HAS_FINAL_EXAM, TEXTBOOK, CLASS_ADDRESS, ALLOW_AUDIT)
Table: COURSE_PREREQUISITE(pre_course_id, course_id)
Table: COURSE_TAGS_COUNT(COURSE_ID, CLEAR_GRADING, POP_QUIZ, GROUP_PROJECTS, INSPIRATIONAL, LONG_LECTURES, EXTRA_CREDIT, FEW_TESTS, GOOD_FEEDBACK, TOUGH_TESTS, HEAVY_PAPERS, CARES_FOR_STUDENTS, HEAVY_ASSIGNMENTS, RESPECTED, PARTICIPATION, HEAVY_READING, TOUGH_GRADER, HILARIOUS, WOULD_TAKE_AGAIN, GOOD_LECTURE, NO_SKIP)
Table: GSI(course_offering_id, student_id)
Table: INSTRUCTOR(INSTRUCTOR_ID, NAME, UNIQNAME)
Table: OFFERING_INSTRUCTOR(OFFERING_INSTRUCTOR_ID, OFFERING_ID, INSTRUCTOR_ID)
Table: PROGRAM(program_id, name, college, introduction)
Table: PROGRAM_COURSE(program_id, course_id, workload, category)
Table: PROGRAM_REQUIREMENT(program_id, category, min_credit, additional_req)
Table: SEMESTER(semester_id, semester, year)
Table: STUDENT(student_id, lastname, firstname, program_id, declare_major, total_credit, total_gpa, entered_as, admit_term, predicted_graduation_semester, degree, minor, internship)
Table: STUDENT_RECORD(student_id, course_id, semester, grade, how, transfer_source, earn_credit, repeat_term, test_id, offering_id)

Example:
Question: what courses are related to artificial intelligence
SQL: SELECT DISTINCT c.NAME FROM COURSE c JOIN AREA a ON c.COURSE_ID = a.COURSE_ID WHERE a.AREA LIKE '%artificial intelligence%';"
advising,easy,The average difficulty for Other class is ?,"SELECT AVG( PROGRAM_COURSEalias0.WORKLOAD ) FROM PROGRAM_COURSE AS PROGRAM_COURSEalias0 WHERE PROGRAM_COURSEalias0.CATEGORY LIKE ""%Other%"" ;","Table: AREA(course_id, area)
Table: COMMENT_INSTRUCTOR(instructor_id, student_id, score, comment_text)
Table: COURSE(COURSE_ID, NAME, DEPARTMENT, NUMBER, CREDITS, ADVISORY_REQUIREMENT, ENFORCED_REQUIREMENT, DESCRIPTION, NUM_SEMESTERS, NUM_ENROLLED, HAS_DISCUSSION, HAS_LAB, HAS_PROJECTS, HAS_EXAMS, NUM_REVIEWS, CLARITY_SCORE, EASINESS_SCORE, HELPFULNESS_SCORE)
Table: COURSE_OFFERING(OFFERING_ID, COURSE_ID, SEMESTER, SECTION_NUMBER, START_TIME, END_TIME, MONDAY, TUESDAY, WEDNESDAY, THURSDAY, FRIDAY, SATURDAY, SUNDAY, HAS_FINAL_PROJECT, HAS_FINAL_EXAM, TEXTBOOK, CLASS_ADDRESS, ALLOW_AUDIT)
Table: COURSE_PREREQUISITE(pre_course_id, course_id)
Table: COURSE_TAGS_COUNT(COURSE_ID, CLEAR_GRADING, POP_QUIZ, GROUP_PROJECTS, INSPIRATIONAL, LONG_LECTURES, EXTRA_CREDIT, FEW_TESTS, GOOD_FEEDBACK, TOUGH_TESTS, HEAVY_PAPERS, CARES_FOR_STUDENTS, HEAVY_ASSIGNMENTS, RESPECTED, PARTICIPATION, HEAVY_READING, TOUGH_GRADER, HILARIOUS, WOULD_TAKE_AGAIN, GOOD_LECTURE, NO_SKIP)
Table: GSI(course_offering_id, student_id)
Table: INSTRUCTOR(INSTRUCTOR_ID, NAME, UNIQNAME)
Table: OFFERING_INSTRUCTOR(OFFERING_INSTRUCTOR_ID, OFFERING_ID, INSTRUCTOR_ID)
Table: PROGRAM(program_id, name, college, introduction)
Table: PROGRAM_COURSE(program_id, course_id, workload, category)
Table: PROGRAM_REQUIREMENT(program_id, category, min_credit, additional_req)
Table: SEMESTER(semester_id, semester, year)
Table: STUDENT(student_id, lastname, firstname, program_id, declare_major, total_credit, total_gpa, entered_as, admit_term, predicted_graduation_semester, degree, minor, internship)
Table: STUDENT_RECORD(student_id, course_id, semester, grade, how, transfer_source, earn_credit, repeat_term, test_id, offering_id)

Example:
Question: what courses are related to artificial intelligence
SQL: SELECT DISTINCT c.NAME FROM COURSE c JOIN AREA a ON c.COURSE_ID = a.COURSE_ID WHERE a.AREA LIKE '%artificial intelligence%';"
advising,easy,"What are the advisory prerequisites for taking Dante , Petrarca , Boccaccio ?","SELECT DISTINCT COURSEalias0.ADVISORY_REQUIREMENT FROM COURSE AS COURSEalias0 WHERE COURSEalias0.NAME LIKE ""%Dante , Petrarca , Boccaccio%"" ;","Table: AREA(course_id, area)
Table: COMMENT_INSTRUCTOR(instructor_id, student_id, score, comment_text)
Table: COURSE(COURSE_ID, NAME, DEPARTMENT, NUMBER, CREDITS, ADVISORY_REQUIREMENT, ENFORCED_REQUIREMENT, DESCRIPTION, NUM_SEMESTERS, NUM_ENROLLED, HAS_DISCUSSION, HAS_LAB, HAS_PROJECTS, HAS_EXAMS, NUM_REVIEWS, CLARITY_SCORE, EASINESS_SCORE, HELPFULNESS_SCORE)
Table: COURSE_OFFERING(OFFERING_ID, COURSE_ID, SEMESTER, SECTION_NUMBER, START_TIME, END_TIME, MONDAY, TUESDAY, WEDNESDAY, THURSDAY, FRIDAY, SATURDAY, SUNDAY, HAS_FINAL_PROJECT, HAS_FINAL_EXAM, TEXTBOOK, CLASS_ADDRESS, ALLOW_AUDIT)
Table: COURSE_PREREQUISITE(pre_course_id, course_id)
Table: COURSE_TAGS_COUNT(COURSE_ID, CLEAR_GRADING, POP_QUIZ, GROUP_PROJECTS, INSPIRATIONAL, LONG_LECTURES, EXTRA_CREDIT, FEW_TESTS, GOOD_FEEDBACK, TOUGH_TESTS, HEAVY_PAPERS, CARES_FOR_STUDENTS, HEAVY_ASSIGNMENTS, RESPECTED, PARTICIPATION, HEAVY_READING, TOUGH_GRADER, HILARIOUS, WOULD_TAKE_AGAIN, GOOD_LECTURE, NO_SKIP)
Table: GSI(course_offering_id, student_id)
Table: INSTRUCTOR(INSTRUCTOR_ID, NAME, UNIQNAME)
Table: OFFERING_INSTRUCTOR(OFFERING_INSTRUCTOR_ID, OFFERING_ID, INSTRUCTOR_ID)
Table: PROGRAM(program_id, name, college, introduction)
Table: PROGRAM_COURSE(program_id, course_id, workload, category)
Table: PROGRAM_REQUIREMENT(program_id, category, min_credit, additional_req)
Table: SEMESTER(semester_id, semester, year)
Table: STUDENT(student_id, lastname, firstname, program_id, declare_major, total_credit, total_gpa, entered_as, admit_term, predicted_graduation_semester, degree, minor, internship)
Table: STUDENT_RECORD(student_id, course_id, semester, grade, how, transfer_source, earn_credit, repeat_term, test_id, offering_id)

Example:
Question: what courses are related to artificial intelligence
SQL: SELECT DISTINCT c.NAME FROM COURSE c JOIN AREA a ON c.COURSE_ID = a.COURSE_ID WHERE a.AREA LIKE '%artificial intelligence%';"
advising,easy,What is my GPA at present ?,SELECT DISTINCT STUDENTalias0.TOTAL_GPA FROM STUDENT AS STUDENTalias0 WHERE STUDENTalias0.STUDENT_ID = 1 ;,"Table: AREA(course_id, area)
Table: COMMENT_INSTRUCTOR(instructor_id, student_id, score, comment_text)
Table: COURSE(COURSE_ID, NAME, DEPARTMENT, NUMBER, CREDITS, ADVISORY_REQUIREMENT, ENFORCED_REQUIREMENT, DESCRIPTION, NUM_SEMESTERS, NUM_ENROLLED, HAS_DISCUSSION, HAS_LAB, HAS_PROJECTS, HAS_EXAMS, NUM_REVIEWS, CLARITY_SCORE, EASINESS_SCORE, HELPFULNESS_SCORE)
Table: COURSE_OFFERING(OFFERING_ID, COURSE_ID, SEMESTER, SECTION_NUMBER, START_TIME, END_TIME, MONDAY, TUESDAY, WEDNESDAY, THURSDAY, FRIDAY, SATURDAY, SUNDAY, HAS_FINAL_PROJECT, HAS_FINAL_EXAM, TEXTBOOK, CLASS_ADDRESS, ALLOW_AUDIT)
Table: COURSE_PREREQUISITE(pre_course_id, course_id)
Table: COURSE_TAGS_COUNT(COURSE_ID, CLEAR_GRADING, POP_QUIZ, GROUP_PROJECTS, INSPIRATIONAL, LONG_LECTURES, EXTRA_CREDIT, FEW_TESTS, GOOD_FEEDBACK, TOUGH_TESTS, HEAVY_PAPERS, CARES_FOR_STUDENTS, HEAVY_ASSIGNMENTS, RESPECTED, PARTICIPATION, HEAVY_READING, TOUGH_GRADER, HILARIOUS, WOULD_TAKE_AGAIN, GOOD_LECTURE, NO_SKIP)
Table: GSI(course_offering_id, student_id)
Table: INSTRUCTOR(INSTRUCTOR_ID, NAME, UNIQNAME)
Table: OFFERING_INSTRUCTOR(OFFERING_INSTRUCTOR_ID, OFFERING_ID, INSTRUCTOR_ID)
Table: PROGRAM(program_id, name, college, introduction)
Table: PROGRAM_COURSE(program_id, course_id, workload, category)
Table: PROGRAM_REQUIREMENT(program_id, category, min_credit, additional_req)
Table: SEMESTER(semester_id, semester, year)
Table: STUDENT(student_id, lastname, firstname, program_id, declare_major, total_credit, total_gpa, entered_as, admit_term, predicted_graduation_semester, degree, minor, internship)
Table: STUDENT_RECORD(student_id, course_id, semester, grade, how, transfer_source, earn_credit, repeat_term, test_id, offering_id)

Example:
Question: what courses are related to artificial intelligence
SQL: SELECT DISTINCT c.NAME FROM COURSE c JOIN AREA a ON c.COURSE_ID = a.COURSE_ID WHERE a.AREA LIKE '%artificial intelligence%';"
advising,easy,Which courses would be helpful to take before taking MILSCI 302 ?,"SELECT DISTINCT COURSEalias0.ADVISORY_REQUIREMENT FROM COURSE AS COURSEalias0 WHERE COURSEalias0.DEPARTMENT = ""MILSCI"" AND COURSEalias0.NUMBER = 302 ;","Table: AREA(course_id, area)
Table: COMMENT_INSTRUCTOR(instructor_id, student_id, score, comment_text)
Table: COURSE(COURSE_ID, NAME, DEPARTMENT, NUMBER, CREDITS, ADVISORY_REQUIREMENT, ENFORCED_REQUIREMENT, DESCRIPTION, NUM_SEMESTERS, NUM_ENROLLED, HAS_DISCUSSION, HAS_LAB, HAS_PROJECTS, HAS_EXAMS, NUM_REVIEWS, CLARITY_SCORE, EASINESS_SCORE, HELPFULNESS_SCORE)
Table: COURSE_OFFERING(OFFERING_ID, COURSE_ID, SEMESTER, SECTION_NUMBER, START_TIME, END_TIME, MONDAY, TUESDAY, WEDNESDAY, THURSDAY, FRIDAY, SATURDAY, SUNDAY, HAS_FINAL_PROJECT, HAS_FINAL_EXAM, TEXTBOOK, CLASS_ADDRESS, ALLOW_AUDIT)
Table: COURSE_PREREQUISITE(pre_course_id, course_id)
Table: COURSE_TAGS_COUNT(COURSE_ID, CLEAR_GRADING, POP_QUIZ, GROUP_PROJECTS, INSPIRATIONAL, LONG_LECTURES, EXTRA_CREDIT, FEW_TESTS, GOOD_FEEDBACK, TOUGH_TESTS, HEAVY_PAPERS, CARES_FOR_STUDENTS, HEAVY_ASSIGNMENTS, RESPECTED, PARTICIPATION, HEAVY_READING, TOUGH_GRADER, HILARIOUS, WOULD_TAKE_AGAIN, GOOD_LECTURE, NO_SKIP)
Table: GSI(course_offering_id, student_id)
Table: INSTRUCTOR(INSTRUCTOR_ID, NAME, UNIQNAME)
Table: OFFERING_INSTRUCTOR(OFFERING_INSTRUCTOR_ID, OFFERING_ID, INSTRUCTOR_ID)
Table: PROGRAM(program_id, name, college, introduction)
Table: PROGRAM_COURSE(program_id, course_id, workload, category)
Table: PROGRAM_REQUIREMENT(program_id, category, min_credit, additional_req)
Table: SEMESTER(semester_id, semester, year)
Table: STUDENT(student_id, lastname, firstname, program_id, declare_major, total_credit, total_gpa, entered_as, admit_term, predicted_graduation_semester, degree, minor, internship)
Table: STUDENT_RECORD(student_id, course_id, semester, grade, how, transfer_source, earn_credit, repeat_term, test_id, offering_id)

Example:
Question: what courses are related to artificial intelligence
SQL: SELECT DISTINCT c.NAME FROM COURSE c JOIN AREA a ON c.COURSE_ID = a.COURSE_ID WHERE a.AREA LIKE '%artificial intelligence%';"
advising,easy,"Before taking ROMLANG 498 , which courses would be useful for me ?","SELECT DISTINCT COURSEalias0.ADVISORY_REQUIREMENT FROM COURSE AS COURSEalias0 WHERE COURSEalias0.DEPARTMENT = ""ROMLANG"" AND COURSEalias0.NUMBER = 498 ;","Table: AREA(course_id, area)
Table: COMMENT_INSTRUCTOR(instructor_id, student_id, score, comment_text)
Table: COURSE(COURSE_ID, NAME, DEPARTMENT, NUMBER, CREDITS, ADVISORY_REQUIREMENT, ENFORCED_REQUIREMENT, DESCRIPTION, NUM_SEMESTERS, NUM_ENROLLED, HAS_DISCUSSION, HAS_LAB, HAS_PROJECTS, HAS_EXAMS, NUM_REVIEWS, CLARITY_SCORE, EASINESS_SCORE, HELPFULNESS_SCORE)
Table: COURSE_OFFERING(OFFERING_ID, COURSE_ID, SEMESTER, SECTION_NUMBER, START_TIME, END_TIME, MONDAY, TUESDAY, WEDNESDAY, THURSDAY, FRIDAY, SATURDAY, SUNDAY, HAS_FINAL_PROJECT, HAS_FINAL_EXAM, TEXTBOOK, CLASS_ADDRESS, ALLOW_AUDIT)
Table: COURSE_PREREQUISITE(pre_course_id, course_id)
Table: COURSE_TAGS_COUNT(COURSE_ID, CLEAR_GRADING, POP_QUIZ, GROUP_PROJECTS, INSPIRATIONAL, LONG_LECTURES, EXTRA_CREDIT, FEW_TESTS, GOOD_FEEDBACK, TOUGH_TESTS, HEAVY_PAPERS, CARES_FOR_STUDENTS, HEAVY_ASSIGNMENTS, RESPECTED, PARTICIPATION, HEAVY_READING, TOUGH_GRADER, HILARIOUS, WOULD_TAKE_AGAIN, GOOD_LECTURE, NO_SKIP)
Table: GSI(course_offering_id, student_id)
Table: INSTRUCTOR(INSTRUCTOR_ID, NAME, UNIQNAME)
Table: OFFERING_INSTRUCTOR(OFFERING_INSTRUCTOR_ID, OFFERING_ID, INSTRUCTOR_ID)
Table: PROGRAM(program_id, name, college, introduction)
Table: PROGRAM_COURSE(program_id, course_id, workload, category)
Table: PROGRAM_REQUIREMENT(program_id, category, min_credit, additional_req)
Table: SEMESTER(semester_id, semester, year)
Table: STUDENT(student_id, lastname, firstname, program_id, declare_major, total_credit, total_gpa, entered_as, admit_term, predicted_graduation_semester, degree, minor, internship)
Table: STUDENT_RECORD(student_id, course_id, semester, grade, how, transfer_source, earn_credit, repeat_term, test_id, offering_id)

Example:
Question: what courses are related to artificial intelligence
SQL: SELECT DISTINCT c.NAME FROM COURSE c JOIN AREA a ON c.COURSE_ID = a.COURSE_ID WHERE a.AREA LIKE '%artificial intelligence%';"
advising,easy,Which courses are useful to take before taking MEDCHEM 528 ?,"SELECT DISTINCT COURSEalias0.ADVISORY_REQUIREMENT FROM COURSE AS COURSEalias0 WHERE COURSEalias0.DEPARTMENT = ""MEDCHEM"" AND COURSEalias0.NUMBER = 528 ;","Table: AREA(course_id, area)
Table: COMMENT_INSTRUCTOR(instructor_id, student_id, score, comment_text)
Table: COURSE(COURSE_ID, NAME, DEPARTMENT, NUMBER, CREDITS, ADVISORY_REQUIREMENT, ENFORCED_REQUIREMENT, DESCRIPTION, NUM_SEMESTERS, NUM_ENROLLED, HAS_DISCUSSION, HAS_LAB, HAS_PROJECTS, HAS_EXAMS, NUM_REVIEWS, CLARITY_SCORE, EASINESS_SCORE, HELPFULNESS_SCORE)
Table: COURSE_OFFERING(OFFERING_ID, COURSE_ID, SEMESTER, SECTION_NUMBER, START_TIME, END_TIME, MONDAY, TUESDAY, WEDNESDAY, THURSDAY, FRIDAY, SATURDAY, SUNDAY, HAS_FINAL_PROJECT, HAS_FINAL_EXAM, TEXTBOOK, CLASS_ADDRESS, ALLOW_AUDIT)
Table: COURSE_PREREQUISITE(pre_course_id, course_id)
Table: COURSE_TAGS_COUNT(COURSE_ID, CLEAR_GRADING, POP_QUIZ, GROUP_PROJECTS, INSPIRATIONAL, LONG_LECTURES, EXTRA_CREDIT, FEW_TESTS, GOOD_FEEDBACK, TOUGH_TESTS, HEAVY_PAPERS, CARES_FOR_STUDENTS, HEAVY_ASSIGNMENTS, RESPECTED, PARTICIPATION, HEAVY_READING, TOUGH_GRADER, HILARIOUS, WOULD_TAKE_AGAIN, GOOD_LECTURE, NO_SKIP)
Table: GSI(course_offering_id, student_id)
Table: INSTRUCTOR(INSTRUCTOR_ID, NAME, UNIQNAME)
Table: OFFERING_INSTRUCTOR(OFFERING_INSTRUCTOR_ID, OFFERING_ID, INSTRUCTOR_ID)
Table: PROGRAM(program_id, name, college, introduction)
Table: PROGRAM_COURSE(program_id, course_id, workload, category)
Table: PROGRAM_REQUIREMENT(program_id, category, min_credit, additional_req)
Table: SEMESTER(semester_id, semester, year)
Table: STUDENT(student_id, lastname, firstname, program_id, declare_major, total_credit, total_gpa, entered_as, admit_term, predicted_graduation_semester, degree, minor, internship)
Table: STUDENT_RECORD(student_id, course_id, semester, grade, how, transfer_source, earn_credit, repeat_term, test_id, offering_id)

Example:
Question: what courses are related to artificial intelligence
SQL: SELECT DISTINCT c.NAME FROM COURSE c JOIN AREA a ON c.COURSE_ID = a.COURSE_ID WHERE a.AREA LIKE '%artificial intelligence%';"
advising,easy,Can you name courses that would prepare me for taking PHARMACY 562 ?,"SELECT DISTINCT COURSEalias0.ADVISORY_REQUIREMENT FROM COURSE AS COURSEalias0 WHERE COURSEalias0.DEPARTMENT = ""PHARMACY"" AND COURSEalias0.NUMBER = 562 ;","Table: AREA(course_id, area)
Table: COMMENT_INSTRUCTOR(instructor_id, student_id, score, comment_text)
Table: COURSE(COURSE_ID, NAME, DEPARTMENT, NUMBER, CREDITS, ADVISORY_REQUIREMENT, ENFORCED_REQUIREMENT, DESCRIPTION, NUM_SEMESTERS, NUM_ENROLLED, HAS_DISCUSSION, HAS_LAB, HAS_PROJECTS, HAS_EXAMS, NUM_REVIEWS, CLARITY_SCORE, EASINESS_SCORE, HELPFULNESS_SCORE)
Table: COURSE_OFFERING(OFFERING_ID, COURSE_ID, SEMESTER, SECTION_NUMBER, START_TIME, END_TIME, MONDAY, TUESDAY, WEDNESDAY, THURSDAY, FRIDAY, SATURDAY, SUNDAY, HAS_FINAL_PROJECT, HAS_FINAL_EXAM, TEXTBOOK, CLASS_ADDRESS, ALLOW_AUDIT)
Table: COURSE_PREREQUISITE(pre_course_id, course_id)
Table: COURSE_TAGS_COUNT(COURSE_ID, CLEAR_GRADING, POP_QUIZ, GROUP_PROJECTS, INSPIRATIONAL, LONG_LECTURES, EXTRA_CREDIT, FEW_TESTS, GOOD_FEEDBACK, TOUGH_TESTS, HEAVY_PAPERS, CARES_FOR_STUDENTS, HEAVY_ASSIGNMENTS, RESPECTED, PARTICIPATION, HEAVY_READING, TOUGH_GRADER, HILARIOUS, WOULD_TAKE_AGAIN, GOOD_LECTURE, NO_SKIP)
Table: GSI(course_offering_id, student_id)
Table: INSTRUCTOR(INSTRUCTOR_ID, NAME, UNIQNAME)
Table: OFFERING_INSTRUCTOR(OFFERING_INSTRUCTOR_ID, OFFERING_ID, INSTRUCTOR_ID)
Table: PROGRAM(program_id, name, college, introduction)
Table: PROGRAM_COURSE(program_id, course_id, workload, category)
Table: PROGRAM_REQUIREMENT(program_id, category, min_credit, additional_req)
Table: SEMESTER(semester_id, semester, year)
Table: STUDENT(student_id, lastname, firstname, program_id, declare_major, total_credit, total_gpa, entered_as, admit_term, predicted_graduation_semester, degree, minor, internship)
Table: STUDENT_RECORD(student_id, course_id, semester, grade, how, transfer_source, earn_credit, repeat_term, test_id, offering_id)

Example:
Question: what courses are related to artificial intelligence
SQL: SELECT DISTINCT c.NAME FROM COURSE c JOIN AREA a ON c.COURSE_ID = a.COURSE_ID WHERE a.AREA LIKE '%artificial intelligence%';"
advising,easy,How large is course 533 ?,"SELECT DISTINCT COURSEalias0.NUM_ENROLLED FROM COURSE AS COURSEalias0 WHERE COURSEalias0.DEPARTMENT = """" AND COURSEalias0.NUMBER = 533 ;","Table: AREA(course_id, area)
Table: COMMENT_INSTRUCTOR(instructor_id, student_id, score, comment_text)
Table: COURSE(COURSE_ID, NAME, DEPARTMENT, NUMBER, CREDITS, ADVISORY_REQUIREMENT, ENFORCED_REQUIREMENT, DESCRIPTION, NUM_SEMESTERS, NUM_ENROLLED, HAS_DISCUSSION, HAS_LAB, HAS_PROJECTS, HAS_EXAMS, NUM_REVIEWS, CLARITY_SCORE, EASINESS_SCORE, HELPFULNESS_SCORE)
Table: COURSE_OFFERING(OFFERING_ID, COURSE_ID, SEMESTER, SECTION_NUMBER, START_TIME, END_TIME, MONDAY, TUESDAY, WEDNESDAY, THURSDAY, FRIDAY, SATURDAY, SUNDAY, HAS_FINAL_PROJECT, HAS_FINAL_EXAM, TEXTBOOK, CLASS_ADDRESS, ALLOW_AUDIT)
Table: COURSE_PREREQUISITE(pre_course_id, course_id)
Table: COURSE_TAGS_COUNT(COURSE_ID, CLEAR_GRADING, POP_QUIZ, GROUP_PROJECTS, INSPIRATIONAL, LONG_LECTURES, EXTRA_CREDIT, FEW_TESTS, GOOD_FEEDBACK, TOUGH_TESTS, HEAVY_PAPERS, CARES_FOR_STUDENTS, HEAVY_ASSIGNMENTS, RESPECTED, PARTICIPATION, HEAVY_READING, TOUGH_GRADER, HILARIOUS, WOULD_TAKE_AGAIN, GOOD_LECTURE, NO_SKIP)
Table: GSI(course_offering_id, student_id)
Table: INSTRUCTOR(INSTRUCTOR_ID, NAME, UNIQNAME)
Table: OFFERING_INSTRUCTOR(OFFERING_INSTRUCTOR_ID, OFFERING_ID, INSTRUCTOR_ID)
Table: PROGRAM(program_id, name, college, introduction)
Table: PROGRAM_COURSE(program_id, course_id, workload, category)
Table: PROGRAM_REQUIREMENT(program_id, category, min_credit, additional_req)
Table: SEMESTER(semester_id, semester, year)
Table: STUDENT(student_id, lastname, firstname, program_id, declare_major, total_credit, total_gpa, entered_as, admit_term, predicted_graduation_semester, degree, minor, internship)
Table: STUDENT_RECORD(student_id, course_id, semester, grade, how, transfer_source, earn_credit, repeat_term, test_id, offering_id)

Example:
Question: what courses are related to artificial intelligence
SQL: SELECT DISTINCT c.NAME FROM COURSE c JOIN AREA a ON c.COURSE_ID = a.COURSE_ID WHERE a.AREA LIKE '%artificial intelligence%';"
advising,easy,Are there any advisory prerequisites for Cognition and Environment ?,"SELECT DISTINCT COURSEalias0.ADVISORY_REQUIREMENT FROM COURSE AS COURSEalias0 WHERE COURSEalias0.NAME LIKE ""%Cognition and Environment%"" ;","Table: AREA(course_id, area)
Table: COMMENT_INSTRUCTOR(instructor_id, student_id, score, comment_text)
Table: COURSE(COURSE_ID, NAME, DEPARTMENT, NUMBER, CREDITS, ADVISORY_REQUIREMENT, ENFORCED_REQUIREMENT, DESCRIPTION, NUM_SEMESTERS, NUM_ENROLLED, HAS_DISCUSSION, HAS_LAB, HAS_PROJECTS, HAS_EXAMS, NUM_REVIEWS, CLARITY_SCORE, EASINESS_SCORE, HELPFULNESS_SCORE)
Table: COURSE_OFFERING(OFFERING_ID, COURSE_ID, SEMESTER, SECTION_NUMBER, START_TIME, END_TIME, MONDAY, TUESDAY, WEDNESDAY, THURSDAY, FRIDAY, SATURDAY, SUNDAY, HAS_FINAL_PROJECT, HAS_FINAL_EXAM, TEXTBOOK, CLASS_ADDRESS, ALLOW_AUDIT)
Table: COURSE_PREREQUISITE(pre_course_id, course_id)
Table: COURSE_TAGS_COUNT(COURSE_ID, CLEAR_GRADING, POP_QUIZ, GROUP_PROJECTS, INSPIRATIONAL, LONG_LECTURES, EXTRA_CREDIT, FEW_TESTS, GOOD_FEEDBACK, TOUGH_TESTS, HEAVY_PAPERS, CARES_FOR_STUDENTS, HEAVY_ASSIGNMENTS, RESPECTED, PARTICIPATION, HEAVY_READING, TOUGH_GRADER, HILARIOUS, WOULD_TAKE_AGAIN, GOOD_LECTURE, NO_SKIP)
Table: GSI(course_offering_id, student_id)
Table: INSTRUCTOR(INSTRUCTOR_ID, NAME, UNIQNAME)
Table: OFFERING_INSTRUCTOR(OFFERING_INSTRUCTOR_ID, OFFERING_ID, INSTRUCTOR_ID)
Table: PROGRAM(program_id, name, college, introduction)
Table: PROGRAM_COURSE(program_id, course_id, workload, category)
Table: PROGRAM_REQUIREMENT(program_id, category, min_credit, additional_req)
Table: SEMESTER(semester_id, semester, year)
Table: STUDENT(student_id, lastname, firstname, program_id, declare_major, total_credit, total_gpa, entered_as, admit_term, predicted_graduation_semester, degree, minor, internship)
Table: STUDENT_RECORD(student_id, course_id, semester, grade, how, transfer_source, earn_credit, repeat_term, test_id, offering_id)

Example:
Question: what courses are related to artificial intelligence
SQL: SELECT DISTINCT c.NAME FROM COURSE c JOIN AREA a ON c.COURSE_ID = a.COURSE_ID WHERE a.AREA LIKE '%artificial intelligence%';"
advising,easy,"If I take PHARMACY 426 , what classes will I be able to take ?","SELECT DISTINCT COURSEalias0.DEPARTMENT , COURSEalias0.NAME , COURSEalias0.NUMBER FROM COURSE AS COURSEalias0 INNER JOIN COURSE_PREREQUISITE AS COURSE_PREREQUISITEalias0 ON COURSEalias0.COURSE_ID = COURSE_PREREQUISITEalias0.COURSE_ID INNER JOIN COURSE AS COURSEalias1 ON COURSEalias1.COURSE_ID = COURSE_PREREQUISITEalias0.PRE_COURSE_ID WHERE COURSEalias1.DEPARTMENT = ""PHARMACY"" AND COURSEalias1.NUMBER = 426 ;","Table: AREA(course_id, area)
Table: COMMENT_INSTRUCTOR(instructor_id, student_id, score, comment_text)
Table: COURSE(COURSE_ID, NAME, DEPARTMENT, NUMBER, CREDITS, ADVISORY_REQUIREMENT, ENFORCED_REQUIREMENT, DESCRIPTION, NUM_SEMESTERS, NUM_ENROLLED, HAS_DISCUSSION, HAS_LAB, HAS_PROJECTS, HAS_EXAMS, NUM_REVIEWS, CLARITY_SCORE, EASINESS_SCORE, HELPFULNESS_SCORE)
Table: COURSE_OFFERING(OFFERING_ID, COURSE_ID, SEMESTER, SECTION_NUMBER, START_TIME, END_TIME, MONDAY, TUESDAY, WEDNESDAY, THURSDAY, FRIDAY, SATURDAY, SUNDAY, HAS_FINAL_PROJECT, HAS_FINAL_EXAM, TEXTBOOK, CLASS_ADDRESS, ALLOW_AUDIT)
Table: COURSE_PREREQUISITE(pre_course_id, course_id)
Table: COURSE_TAGS_COUNT(COURSE_ID, CLEAR_GRADING, POP_QUIZ, GROUP_PROJECTS, INSPIRATIONAL, LONG_LECTURES, EXTRA_CREDIT, FEW_TESTS, GOOD_FEEDBACK, TOUGH_TESTS, HEAVY_PAPERS, CARES_FOR_STUDENTS, HEAVY_ASSIGNMENTS, RESPECTED, PARTICIPATION, HEAVY_READING, TOUGH_GRADER, HILARIOUS, WOULD_TAKE_AGAIN, GOOD_LECTURE, NO_SKIP)
Table: GSI(course_offering_id, student_id)
Table: INSTRUCTOR(INSTRUCTOR_ID, NAME, UNIQNAME)
Table: OFFERING_INSTRUCTOR(OFFERING_INSTRUCTOR_ID, OFFERING_ID, INSTRUCTOR_ID)
Table: PROGRAM(program_id, name, college, introduction)
Table: PROGRAM_COURSE(program_id, course_id, workload, category)
Table: PROGRAM_REQUIREMENT(program_id, category, min_credit, additional_req)
Table: SEMESTER(semester_id, semester, year)
Table: STUDENT(student_id, lastname, firstname, program_id, declare_major, total_credit, total_gpa, entered_as, admit_term, predicted_graduation_semester, degree, minor, internship)
Table: STUDENT_RECORD(student_id, course_id, semester, grade, how, transfer_source, earn_credit, repeat_term, test_id, offering_id)

Example:
Question: what courses are related to artificial intelligence
SQL: SELECT DISTINCT c.NAME FROM COURSE c JOIN AREA a ON c.COURSE_ID = a.COURSE_ID WHERE a.AREA LIKE '%artificial intelligence%';"
advising,easy,Which department is Upper-Level Writing in ?,"SELECT DISTINCT COURSEalias0.DEPARTMENT FROM COURSE AS COURSEalias0 WHERE COURSEalias0.NAME LIKE ""%Upper-Level Writing%"" ;","Table: AREA(course_id, area)
Table: COMMENT_INSTRUCTOR(instructor_id, student_id, score, comment_text)
Table: COURSE(COURSE_ID, NAME, DEPARTMENT, NUMBER, CREDITS, ADVISORY_REQUIREMENT, ENFORCED_REQUIREMENT, DESCRIPTION, NUM_SEMESTERS, NUM_ENROLLED, HAS_DISCUSSION, HAS_LAB, HAS_PROJECTS, HAS_EXAMS, NUM_REVIEWS, CLARITY_SCORE, EASINESS_SCORE, HELPFULNESS_SCORE)
Table: COURSE_OFFERING(OFFERING_ID, COURSE_ID, SEMESTER, SECTION_NUMBER, START_TIME, END_TIME, MONDAY, TUESDAY, WEDNESDAY, THURSDAY, FRIDAY, SATURDAY, SUNDAY, HAS_FINAL_PROJECT, HAS_FINAL_EXAM, TEXTBOOK, CLASS_ADDRESS, ALLOW_AUDIT)
Table: COURSE_PREREQUISITE(pre_course_id, course_id)
Table: COURSE_TAGS_COUNT(COURSE_ID, CLEAR_GRADING, POP_QUIZ, GROUP_PROJECTS, INSPIRATIONAL, LONG_LECTURES, EXTRA_CREDIT, FEW_TESTS, GOOD_FEEDBACK, TOUGH_TESTS, HEAVY_PAPERS, CARES_FOR_STUDENTS, HEAVY_ASSIGNMENTS, RESPECTED, PARTICIPATION, HEAVY_READING, TOUGH_GRADER, HILARIOUS, WOULD_TAKE_AGAIN, GOOD_LECTURE, NO_SKIP)
Table: GSI(course_offering_id, student_id)
Table: INSTRUCTOR(INSTRUCTOR_ID, NAME, UNIQNAME)
Table: OFFERING_INSTRUCTOR(OFFERING_INSTRUCTOR_ID, OFFERING_ID, INSTRUCTOR_ID)
Table: PROGRAM(program_id, name, college, introduction)
Table: PROGRAM_COURSE(program_id, course_id, workload, category)
Table: PROGRAM_REQUIREMENT(program_id, category, min_credit, additional_req)
Table: SEMESTER(semester_id, semester, year)
Table: STUDENT(student_id, lastname, firstname, program_id, declare_major, total_credit, total_gpa, entered_as, admit_term, predicted_graduation_semester, degree, minor, internship)
Table: STUDENT_RECORD(student_id, course_id, semester, grade, how, transfer_source, earn_credit, repeat_term, test_id, offering_id)

Example:
Question: what courses are related to artificial intelligence
SQL: SELECT DISTINCT c.NAME FROM COURSE c JOIN AREA a ON c.COURSE_ID = a.COURSE_ID WHERE a.AREA LIKE '%artificial intelligence%';"
advising,easy,Can I get 7 credits from taking any of these courses ?,"SELECT DISTINCT COURSEalias0.NAME , COURSEalias0.NUMBER FROM COURSE AS COURSEalias0 WHERE COURSEalias0.CREDITS = 7 AND COURSEalias0.DEPARTMENT = """" ;","Table: AREA(course_id, area)
Table: COMMENT_INSTRUCTOR(instructor_id, student_id, score, comment_text)
Table: COURSE(COURSE_ID, NAME, DEPARTMENT, NUMBER, CREDITS, ADVISORY_REQUIREMENT, ENFORCED_REQUIREMENT, DESCRIPTION, NUM_SEMESTERS, NUM_ENROLLED, HAS_DISCUSSION, HAS_LAB, HAS_PROJECTS, HAS_EXAMS, NUM_REVIEWS, CLARITY_SCORE, EASINESS_SCORE, HELPFULNESS_SCORE)
Table: COURSE_OFFERING(OFFERING_ID, COURSE_ID, SEMESTER, SECTION_NUMBER, START_TIME, END_TIME, MONDAY, TUESDAY, WEDNESDAY, THURSDAY, FRIDAY, SATURDAY, SUNDAY, HAS_FINAL_PROJECT, HAS_FINAL_EXAM, TEXTBOOK, CLASS_ADDRESS, ALLOW_AUDIT)
Table: COURSE_PREREQUISITE(pre_course_id, course_id)
Table: COURSE_TAGS_COUNT(COURSE_ID, CLEAR_GRADING, POP_QUIZ, GROUP_PROJECTS, INSPIRATIONAL, LONG_LECTURES, EXTRA_CREDIT, FEW_TESTS, GOOD_FEEDBACK, TOUGH_TESTS, HEAVY_PAPERS, CARES_FOR_STUDENTS, HEAVY_ASSIGNMENTS, RESPECTED, PARTICIPATION, HEAVY_READING, TOUGH_GRADER, HILARIOUS, WOULD_TAKE_AGAIN, GOOD_LECTURE, NO_SKIP)
Table: GSI(course_offering_id, student_id)
Table: INSTRUCTOR(INSTRUCTOR_ID, NAME, UNIQNAME)
Table: OFFERING_INSTRUCTOR(OFFERING_INSTRUCTOR_ID, OFFERING_ID, INSTRUCTOR_ID)
Table: PROGRAM(program_id, name, college, introduction)
Table: PROGRAM_COURSE(program_id, course_id, workload, category)
Table: PROGRAM_REQUIREMENT(program_id, category, min_credit, additional_req)
Table: SEMESTER(semester_id, semester, year)
Table: STUDENT(student_id, lastname, firstname, program_id, declare_major, total_credit, total_gpa, entered_as, admit_term, predicted_graduation_semester, degree, minor, internship)
Table: STUDENT_RECORD(student_id, course_id, semester, grade, how, transfer_source, earn_credit, repeat_term, test_id, offering_id)

Example:
Question: what courses are related to artificial intelligence
SQL: SELECT DISTINCT c.NAME FROM COURSE c JOIN AREA a ON c.COURSE_ID = a.COURSE_ID WHERE a.AREA LIKE '%artificial intelligence%';"
advising,easy,Display to me what is required for a CS-LSA degree .,"SELECT DISTINCT PROGRAM_REQUIREMENTalias0.ADDITIONAL_REQ , PROGRAM_REQUIREMENTalias0.CATEGORY , PROGRAM_REQUIREMENTalias0.MIN_CREDIT , PROGRAMalias0.NAME FROM PROGRAM AS PROGRAMalias0 , PROGRAM_REQUIREMENT AS PROGRAM_REQUIREMENTalias0 WHERE PROGRAMalias0.NAME LIKE ""%CS-LSA%"" AND PROGRAMalias0.PROGRAM_ID = PROGRAM_REQUIREMENTalias0.PROGRAM_ID ;","Table: AREA(course_id, area)
Table: COMMENT_INSTRUCTOR(instructor_id, student_id, score, comment_text)
Table: COURSE(COURSE_ID, NAME, DEPARTMENT, NUMBER, CREDITS, ADVISORY_REQUIREMENT, ENFORCED_REQUIREMENT, DESCRIPTION, NUM_SEMESTERS, NUM_ENROLLED, HAS_DISCUSSION, HAS_LAB, HAS_PROJECTS, HAS_EXAMS, NUM_REVIEWS, CLARITY_SCORE, EASINESS_SCORE, HELPFULNESS_SCORE)
Table: COURSE_OFFERING(OFFERING_ID, COURSE_ID, SEMESTER, SECTION_NUMBER, START_TIME, END_TIME, MONDAY, TUESDAY, WEDNESDAY, THURSDAY, FRIDAY, SATURDAY, SUNDAY, HAS_FINAL_PROJECT, HAS_FINAL_EXAM, TEXTBOOK, CLASS_ADDRESS, ALLOW_AUDIT)
Table: COURSE_PREREQUISITE(pre_course_id, course_id)
Table: COURSE_TAGS_COUNT(COURSE_ID, CLEAR_GRADING, POP_QUIZ, GROUP_PROJECTS, INSPIRATIONAL, LONG_LECTURES, EXTRA_CREDIT, FEW_TESTS, GOOD_FEEDBACK, TOUGH_TESTS, HEAVY_PAPERS, CARES_FOR_STUDENTS, HEAVY_ASSIGNMENTS, RESPECTED, PARTICIPATION, HEAVY_READING, TOUGH_GRADER, HILARIOUS, WOULD_TAKE_AGAIN, GOOD_LECTURE, NO_SKIP)
Table: GSI(course_offering_id, student_id)
Table: INSTRUCTOR(INSTRUCTOR_ID, NAME, UNIQNAME)
Table: OFFERING_INSTRUCTOR(OFFERING_INSTRUCTOR_ID, OFFERING_ID, INSTRUCTOR_ID)
Table: PROGRAM(program_id, name, college, introduction)
Table: PROGRAM_COURSE(program_id, course_id, workload, category)
Table: PROGRAM_REQUIREMENT(program_id, category, min_credit, additional_req)
Table: SEMESTER(semester_id, semester, year)
Table: STUDENT(student_id, lastname, firstname, program_id, declare_major, total_credit, total_gpa, entered_as, admit_term, predicted_graduation_semester, degree, minor, internship)
Table: STUDENT_RECORD(student_id, course_id, semester, grade, how, transfer_source, earn_credit, repeat_term, test_id, offering_id)

Example:
Question: what courses are related to artificial intelligence
SQL: SELECT DISTINCT c.NAME FROM COURSE c JOIN AREA a ON c.COURSE_ID = a.COURSE_ID WHERE a.AREA LIKE '%artificial intelligence%';"
advising,easy,What upper level classes produce 10 credits ?,"SELECT DISTINCT COURSEalias0.DEPARTMENT , COURSEalias0.NAME , COURSEalias0.NUMBER FROM COURSE AS COURSEalias0 INNER JOIN PROGRAM_COURSE AS PROGRAM_COURSEalias0 ON PROGRAM_COURSEalias0.COURSE_ID = COURSEalias0.COURSE_ID WHERE COURSEalias0.CREDITS = 10 AND PROGRAM_COURSEalias0.CATEGORY LIKE ""ULCS"" ;","Table: AREA(course_id, area)
Table: COMMENT_INSTRUCTOR(instructor_id, student_id, score, comment_text)
Table: COURSE(COURSE_ID, NAME, DEPARTMENT, NUMBER, CREDITS, ADVISORY_REQUIREMENT, ENFORCED_REQUIREMENT, DESCRIPTION, NUM_SEMESTERS, NUM_ENROLLED, HAS_DISCUSSION, HAS_LAB, HAS_PROJECTS, HAS_EXAMS, NUM_REVIEWS, CLARITY_SCORE, EASINESS_SCORE, HELPFULNESS_SCORE)
Table: COURSE_OFFERING(OFFERING_ID, COURSE_ID, SEMESTER, SECTION_NUMBER, START_TIME, END_TIME, MONDAY, TUESDAY, WEDNESDAY, THURSDAY, FRIDAY, SATURDAY, SUNDAY, HAS_FINAL_PROJECT, HAS_FINAL_EXAM, TEXTBOOK, CLASS_ADDRESS, ALLOW_AUDIT)
Table: COURSE_PREREQUISITE(pre_course_id, course_id)
Table: COURSE_TAGS_COUNT(COURSE_ID, CLEAR_GRADING, POP_QUIZ, GROUP_PROJECTS, INSPIRATIONAL, LONG_LECTURES, EXTRA_CREDIT, FEW_TESTS, GOOD_FEEDBACK, TOUGH_TESTS, HEAVY_PAPERS, CARES_FOR_STUDENTS, HEAVY_ASSIGNMENTS, RESPECTED, PARTICIPATION, HEAVY_READING, TOUGH_GRADER, HILARIOUS, WOULD_TAKE_AGAIN, GOOD_LECTURE, NO_SKIP)
Table: GSI(course_offering_id, student_id)
Table: INSTRUCTOR(INSTRUCTOR_ID, NAME, UNIQNAME)
Table: OFFERING_INSTRUCTOR(OFFERING_INSTRUCTOR_ID, OFFERING_ID, INSTRUCTOR_ID)
Table: PROGRAM(program_id, name, college, introduction)
Table: PROGRAM_COURSE(program_id, course_id, workload, category)
Table: PROGRAM_REQUIREMENT(program_id, category, min_credit, additional_req)
Table: SEMESTER(semester_id, semester, year)
Table: STUDENT(student_id, lastname, firstname, program_id, declare_major, total_credit, total_gpa, entered_as, admit_term, predicted_graduation_semester, degree, minor, internship)
Table: STUDENT_RECORD(student_id, course_id, semester, grade, how, transfer_source, earn_credit, repeat_term, test_id, offering_id)

Example:
Question: what courses are related to artificial intelligence
SQL: SELECT DISTINCT c.NAME FROM COURSE c JOIN AREA a ON c.COURSE_ID = a.COURSE_ID WHERE a.AREA LIKE '%artificial intelligence%';"
advising,easy,Does 399 have a project assigned to it ?,"SELECT DISTINCT COURSEalias0.HAS_PROJECTS FROM COURSE AS COURSEalias0 WHERE COURSEalias0.DEPARTMENT = """" AND COURSEalias0.NUMBER = 399 ;","Table: AREA(course_id, area)
Table: COMMENT_INSTRUCTOR(instructor_id, student_id, score, comment_text)
Table: COURSE(COURSE_ID, NAME, DEPARTMENT, NUMBER, CREDITS, ADVISORY_REQUIREMENT, ENFORCED_REQUIREMENT, DESCRIPTION, NUM_SEMESTERS, NUM_ENROLLED, HAS_DISCUSSION, HAS_LAB, HAS_PROJECTS, HAS_EXAMS, NUM_REVIEWS, CLARITY_SCORE, EASINESS_SCORE, HELPFULNESS_SCORE)
Table: COURSE_OFFERING(OFFERING_ID, COURSE_ID, SEMESTER, SECTION_NUMBER, START_TIME, END_TIME, MONDAY, TUESDAY, WEDNESDAY, THURSDAY, FRIDAY, SATURDAY, SUNDAY, HAS_FINAL_PROJECT, HAS_FINAL_EXAM, TEXTBOOK, CLASS_ADDRESS, ALLOW_AUDIT)
Table: COURSE_PREREQUISITE(pre_course_id, course_id)
Table: COURSE_TAGS_COUNT(COURSE_ID, CLEAR_GRADING, POP_QUIZ, GROUP_PROJECTS, INSPIRATIONAL, LONG_LECTURES, EXTRA_CREDIT, FEW_TESTS, GOOD_FEEDBACK, TOUGH_TESTS, HEAVY_PAPERS, CARES_FOR_STUDENTS, HEAVY_ASSIGNMENTS, RESPECTED, PARTICIPATION, HEAVY_READING, TOUGH_GRADER, HILARIOUS, WOULD_TAKE_AGAIN, GOOD_LECTURE, NO_SKIP)
Table: GSI(course_offering_id, student_id)
Table: INSTRUCTOR(INSTRUCTOR_ID, NAME, UNIQNAME)
Table: OFFERING_INSTRUCTOR(OFFERING_INSTRUCTOR_ID, OFFERING_ID, INSTRUCTOR_ID)
Table: PROGRAM(program_id, name, college, introduction)
Table: PROGRAM_COURSE(program_id, course_id, workload, category)
Table: PROGRAM_REQUIREMENT(program_id, category, min_credit, additional_req)
Table: SEMESTER(semester_id, semester, year)
Table: STUDENT(student_id, lastname, firstname, program_id, declare_major, total_credit, total_gpa, entered_as, admit_term, predicted_graduation_semester, degree, minor, internship)
Table: STUDENT_RECORD(student_id, course_id, semester, grade, how, transfer_source, earn_credit, repeat_term, test_id, offering_id)

Example:
Question: what courses are related to artificial intelligence
SQL: SELECT DISTINCT c.NAME FROM COURSE c JOIN AREA a ON c.COURSE_ID = a.COURSE_ID WHERE a.AREA LIKE '%artificial intelligence%';"
advising,hard,Which classes are available as Other from the classes next semester ?,"SELECT DISTINCT COURSEalias0.DEPARTMENT , COURSEalias0.NAME , COURSEalias0.NUMBER FROM COURSE AS COURSEalias0 , COURSE_OFFERING AS COURSE_OFFERINGalias0 , PROGRAM_COURSE AS PROGRAM_COURSEalias0 , SEMESTER AS SEMESTERalias0 WHERE COURSEalias0.COURSE_ID = COURSE_OFFERINGalias0.COURSE_ID AND PROGRAM_COURSEalias0.CATEGORY LIKE ""%Other%"" AND PROGRAM_COURSEalias0.COURSE_ID = COURSEalias0.COURSE_ID AND SEMESTERalias0.SEMESTER = ""FA"" AND SEMESTERalias0.SEMESTER_ID = COURSE_OFFERINGalias0.SEMESTER AND SEMESTERalias0.YEAR = 2016 GROUP BY COURSEalias0.DEPARTMENT , COURSEalias0.NUMBER ;","Table: AREA(course_id, area)
Table: COMMENT_INSTRUCTOR(instructor_id, student_id, score, comment_text)
Table: COURSE(COURSE_ID, NAME, DEPARTMENT, NUMBER, CREDITS, ADVISORY_REQUIREMENT, ENFORCED_REQUIREMENT, DESCRIPTION, NUM_SEMESTERS, NUM_ENROLLED, HAS_DISCUSSION, HAS_LAB, HAS_PROJECTS, HAS_EXAMS, NUM_REVIEWS, CLARITY_SCORE, EASINESS_SCORE, HELPFULNESS_SCORE)
Table: COURSE_OFFERING(OFFERING_ID, COURSE_ID, SEMESTER, SECTION_NUMBER, START_TIME, END_TIME, MONDAY, TUESDAY, WEDNESDAY, THURSDAY, FRIDAY, SATURDAY, SUNDAY, HAS_FINAL_PROJECT, HAS_FINAL_EXAM, TEXTBOOK, CLASS_ADDRESS, ALLOW_AUDIT)
Table: COURSE_PREREQUISITE(pre_course_id, course_id)
Table: COURSE_TAGS_COUNT(COURSE_ID, CLEAR_GRADING, POP_QUIZ, GROUP_PROJECTS, INSPIRATIONAL, LONG_LECTURES, EXTRA_CREDIT, FEW_TESTS, GOOD_FEEDBACK, TOUGH_TESTS, HEAVY_PAPERS, CARES_FOR_STUDENTS, HEAVY_ASSIGNMENTS, RESPECTED, PARTICIPATION, HEAVY_READING, TOUGH_GRADER, HILARIOUS, WOULD_TAKE_AGAIN, GOOD_LECTURE, NO_SKIP)
Table: GSI(course_offering_id, student_id)
Table: INSTRUCTOR(INSTRUCTOR_ID, NAME, UNIQNAME)
Table: OFFERING_INSTRUCTOR(OFFERING_INSTRUCTOR_ID, OFFERING_ID, INSTRUCTOR_ID)
Table: PROGRAM(program_id, name, college, introduction)
Table: PROGRAM_COURSE(program_id, course_id, workload, category)
Table: PROGRAM_REQUIREMENT(program_id, category, min_credit, additional_req)
Table: SEMESTER(semester_id, semester, year)
Table: STUDENT(student_id, lastname, firstname, program_id, declare_major, total_credit, total_gpa, entered_as, admit_term, predicted_graduation_semester, degree, minor, internship)
Table: STUDENT_RECORD(student_id, course_id, semester, grade, how, transfer_source, earn_credit, repeat_term, test_id, offering_id)

Example:
Question: what courses are related to artificial intelligence
SQL: SELECT DISTINCT c.NAME FROM COURSE c JOIN AREA a ON c.COURSE_ID = a.COURSE_ID WHERE a.AREA LIKE '%artificial intelligence%';"
advising,hard,Which is less demanding out of EECS 545 and EECS 562 ?,"SELECT DISTINCT COURSEalias0.NUMBER FROM COURSE AS COURSEalias0 INNER JOIN PROGRAM_COURSE AS PROGRAM_COURSEalias0 ON PROGRAM_COURSEalias0.COURSE_ID = COURSEalias0.COURSE_ID WHERE ( COURSEalias0.NUMBER = 545 OR COURSEalias0.NUMBER = 562 ) AND PROGRAM_COURSEalias0.WORKLOAD = ( SELECT MIN( PROGRAM_COURSEalias1.WORKLOAD ) FROM PROGRAM_COURSE AS PROGRAM_COURSEalias1 INNER JOIN COURSE AS COURSEalias1 ON PROGRAM_COURSEalias1.COURSE_ID = COURSEalias1.COURSE_ID WHERE ( COURSEalias1.NUMBER = 545 OR COURSEalias1.NUMBER = 562 ) AND COURSEalias1.DEPARTMENT = ""EECS"" ) ;","Table: AREA(course_id, area)
Table: COMMENT_INSTRUCTOR(instructor_id, student_id, score, comment_text)
Table: COURSE(COURSE_ID, NAME, DEPARTMENT, NUMBER, CREDITS, ADVISORY_REQUIREMENT, ENFORCED_REQUIREMENT, DESCRIPTION, NUM_SEMESTERS, NUM_ENROLLED, HAS_DISCUSSION, HAS_LAB, HAS_PROJECTS, HAS_EXAMS, NUM_REVIEWS, CLARITY_SCORE, EASINESS_SCORE, HELPFULNESS_SCORE)
Table: COURSE_OFFERING(OFFERING_ID, COURSE_ID, SEMESTER, SECTION_NUMBER, START_TIME, END_TIME, MONDAY, TUESDAY, WEDNESDAY, THURSDAY, FRIDAY, SATURDAY, SUNDAY, HAS_FINAL_PROJECT, HAS_FINAL_EXAM, TEXTBOOK, CLASS_ADDRESS, ALLOW_AUDIT)
Table: COURSE_PREREQUISITE(pre_course_id, course_id)
Table: COURSE_TAGS_COUNT(COURSE_ID, CLEAR_GRADING, POP_QUIZ, GROUP_PROJECTS, INSPIRATIONAL, LONG_LECTURES, EXTRA_CREDIT, FEW_TESTS, GOOD_FEEDBACK, TOUGH_TESTS, HEAVY_PAPERS, CARES_FOR_STUDENTS, HEAVY_ASSIGNMENTS, RESPECTED, PARTICIPATION, HEAVY_READING, TOUGH_GRADER, HILARIOUS, WOULD_TAKE_AGAIN, GOOD_LECTURE, NO_SKIP)
Table: GSI(course_offering_id, student_id)
Table: INSTRUCTOR(INSTRUCTOR_ID, NAME, UNIQNAME)
Table: OFFERING_INSTRUCTOR(OFFERING_INSTRUCTOR_ID, OFFERING_ID, INSTRUCTOR_ID)
Table: PROGRAM(program_id, name, college, introduction)
Table: PROGRAM_COURSE(program_id, course_id, workload, category)
Table: PROGRAM_REQUIREMENT(program_id, category, min_credit, additional_req)
Table: SEMESTER(semester_id, semester, year)
Table: STUDENT(student_id, lastname, firstname, program_id, declare_major, total_credit, total_gpa, entered_as, admit_term, predicted_graduation_semester, degree, minor, internship)
Table: STUDENT_RECORD(student_id, course_id, semester, grade, how, transfer_source, earn_credit, repeat_term, test_id, offering_id)

Example:
Question: what courses are related to artificial intelligence
SQL: SELECT DISTINCT c.NAME FROM COURSE c JOIN AREA a ON c.COURSE_ID = a.COURSE_ID WHERE a.AREA LIKE '%artificial intelligence%';"
advising,hard,"Before noon , what upper level electives are offered ?","SELECT DISTINCT COURSEalias0.DEPARTMENT , COURSEalias0.NAME , COURSEalias0.NUMBER FROM COURSE AS COURSEalias0 , COURSE_OFFERING AS COURSE_OFFERINGalias0 , PROGRAM_COURSE AS PROGRAM_COURSEalias0 , SEMESTER AS SEMESTERalias0 WHERE COURSE_OFFERINGalias0.END_TIME <= ""12:00:00"" AND COURSEalias0.COURSE_ID = COURSE_OFFERINGalias0.COURSE_ID AND PROGRAM_COURSEalias0.CATEGORY LIKE ""%ULCS%"" AND PROGRAM_COURSEalias0.COURSE_ID = COURSEalias0.COURSE_ID AND SEMESTERalias0.SEMESTER = ""WN"" AND SEMESTERalias0.SEMESTER_ID = COURSE_OFFERINGalias0.SEMESTER AND SEMESTERalias0.YEAR = 2016 ;","Table: AREA(course_id, area)
Table: COMMENT_INSTRUCTOR(instructor_id, student_id, score, comment_text)
Table: COURSE(COURSE_ID, NAME, DEPARTMENT, NUMBER, CREDITS, ADVISORY_REQUIREMENT, ENFORCED_REQUIREMENT, DESCRIPTION, NUM_SEMESTERS, NUM_ENROLLED, HAS_DISCUSSION, HAS_LAB, HAS_PROJECTS, HAS_EXAMS, NUM_REVIEWS, CLARITY_SCORE, EASINESS_SCORE, HELPFULNESS_SCORE)
Table: COURSE_OFFERING(OFFERING_ID, COURSE_ID, SEMESTER, SECTION_NUMBER, START_TIME, END_TIME, MONDAY, TUESDAY, WEDNESDAY, THURSDAY, FRIDAY, SATURDAY, SUNDAY, HAS_FINAL_PROJECT, HAS_FINAL_EXAM, TEXTBOOK, CLASS_ADDRESS, ALLOW_AUDIT)
Table: COURSE_PREREQUISITE(pre_course_id, course_id)
Table: COURSE_TAGS_COUNT(COURSE_ID, CLEAR_GRADING, POP_QUIZ, GROUP_PROJECTS, INSPIRATIONAL, LONG_LECTURES, EXTRA_CREDIT, FEW_TESTS, GOOD_FEEDBACK, TOUGH_TESTS, HEAVY_PAPERS, CARES_FOR_STUDENTS, HEAVY_ASSIGNMENTS, RESPECTED, PARTICIPATION, HEAVY_READING, TOUGH_GRADER, HILARIOUS, WOULD_TAKE_AGAIN, GOOD_LECTURE, NO_SKIP)
Table: GSI(course_offering_id, student_id)
Table: INSTRUCTOR(INSTRUCTOR_ID, NAME, UNIQNAME)
Table: OFFERING_INSTRUCTOR(OFFERING_INSTRUCTOR_ID, OFFERING_ID, INSTRUCTOR_ID)
Table: PROGRAM(program_id, name, college, introduction)
Table: PROGRAM_COURSE(program_id, course_id, workload, category)
Table: PROGRAM_REQUIREMENT(program_id, category, min_credit, additional_req)
Table: SEMESTER(semester_id, semester, year)
Table: STUDENT(student_id, lastname, firstname, program_id, declare_major, total_credit, total_gpa, entered_as, admit_term, predicted_graduation_semester, degree, minor, internship)
Table: STUDENT_RECORD(student_id, course_id, semester, grade, how, transfer_source, earn_credit, repeat_term, test_id, offering_id)

Example:
Question: what courses are related to artificial intelligence
SQL: SELECT DISTINCT c.NAME FROM COURSE c JOIN AREA a ON c.COURSE_ID = a.COURSE_ID WHERE a.AREA LIKE '%artificial intelligence%';"
advising,hard,Are there any classes Dr. Stefan Cieply has taught before ?,"SELECT DISTINCT COURSEalias0.DEPARTMENT , COURSEalias0.NAME , COURSEalias0.NUMBER FROM COURSE AS COURSEalias0 , COURSE_OFFERING AS COURSE_OFFERINGalias0 , INSTRUCTOR AS INSTRUCTORalias0 , OFFERING_INSTRUCTOR AS OFFERING_INSTRUCTORalias0 WHERE COURSE_OFFERINGalias0.SEMESTER < ( SELECT SEMESTERalias0.SEMESTER_ID FROM SEMESTER AS SEMESTERalias0 WHERE SEMESTERalias0.SEMESTER = ""WN"" AND SEMESTERalias0.YEAR = 2016 ) AND COURSEalias0.COURSE_ID = COURSE_OFFERINGalias0.COURSE_ID AND INSTRUCTORalias0.NAME LIKE ""%Stefan Cieply%"" AND OFFERING_INSTRUCTORalias0.INSTRUCTOR_ID = INSTRUCTORalias0.INSTRUCTOR_ID AND OFFERING_INSTRUCTORalias0.OFFERING_ID = COURSE_OFFERINGalias0.OFFERING_ID ;","Table: AREA(course_id, area)
Table: COMMENT_INSTRUCTOR(instructor_id, student_id, score, comment_text)
Table: COURSE(COURSE_ID, NAME, DEPARTMENT, NUMBER, CREDITS, ADVISORY_REQUIREMENT, ENFORCED_REQUIREMENT, DESCRIPTION, NUM_SEMESTERS, NUM_ENROLLED, HAS_DISCUSSION, HAS_LAB, HAS_PROJECTS, HAS_EXAMS, NUM_REVIEWS, CLARITY_SCORE, EASINESS_SCORE, HELPFULNESS_SCORE)
Table: COURSE_OFFERING(OFFERING_ID, COURSE_ID, SEMESTER, SECTION_NUMBER, START_TIME, END_TIME, MONDAY, TUESDAY, WEDNESDAY, THURSDAY, FRIDAY, SATURDAY, SUNDAY, HAS_FINAL_PROJECT, HAS_FINAL_EXAM, TEXTBOOK, CLASS_ADDRESS, ALLOW_AUDIT)
Table: COURSE_PREREQUISITE(pre_course_id, course_id)
Table: COURSE_TAGS_COUNT(COURSE_ID, CLEAR_GRADING, POP_QUIZ, GROUP_PROJECTS, INSPIRATIONAL, LONG_LECTURES, EXTRA_CREDIT, FEW_TESTS, GOOD_FEEDBACK, TOUGH_TESTS, HEAVY_PAPERS, CARES_FOR_STUDENTS, HEAVY_ASSIGNMENTS, RESPECTED, PARTICIPATION, HEAVY_READING, TOUGH_GRADER, HILARIOUS, WOULD_TAKE_AGAIN, GOOD_LECTURE, NO_SKIP)
Table: GSI(course_offering_id, student_id)
Table: INSTRUCTOR(INSTRUCTOR_ID, NAME, UNIQNAME)
Table: OFFERING_INSTRUCTOR(OFFERING_INSTRUCTOR_ID, OFFERING_ID, INSTRUCTOR_ID)
Table: PROGRAM(program_id, name, college, introduction)
Table: PROGRAM_COURSE(program_id, course_id, workload, category)
Table: PROGRAM_REQUIREMENT(program_id, category, min_credit, additional_req)
Table: SEMESTER(semester_id, semester, year)
Table: STUDENT(student_id, lastname, firstname, program_id, declare_major, total_credit, total_gpa, entered_as, admit_term, predicted_graduation_semester, degree, minor, internship)
Table: STUDENT_RECORD(student_id, course_id, semester, grade, how, transfer_source, earn_credit, repeat_term, test_id, offering_id)

Example:
Question: what courses are related to artificial intelligence
SQL: SELECT DISTINCT c.NAME FROM COURSE c JOIN AREA a ON c.COURSE_ID = a.COURSE_ID WHERE a.AREA LIKE '%artificial intelligence%';"
advising,hard,"Between EECS 519 and EECS 537 , which is easier ?","SELECT DISTINCT COURSEalias0.NUMBER FROM COURSE AS COURSEalias0 INNER JOIN PROGRAM_COURSE AS PROGRAM_COURSEalias0 ON PROGRAM_COURSEalias0.COURSE_ID = COURSEalias0.COURSE_ID WHERE ( COURSEalias0.NUMBER = 519 OR COURSEalias0.NUMBER = 537 ) AND PROGRAM_COURSEalias0.WORKLOAD = ( SELECT MIN( PROGRAM_COURSEalias1.WORKLOAD ) FROM PROGRAM_COURSE AS PROGRAM_COURSEalias1 INNER JOIN COURSE AS COURSEalias1 ON PROGRAM_COURSEalias1.COURSE_ID = COURSEalias1.COURSE_ID WHERE ( COURSEalias1.NUMBER = 519 OR COURSEalias1.NUMBER = 537 ) AND COURSEalias1.DEPARTMENT = ""EECS"" ) ;","Table: AREA(course_id, area)
Table: COMMENT_INSTRUCTOR(instructor_id, student_id, score, comment_text)
Table: COURSE(COURSE_ID, NAME, DEPARTMENT, NUMBER, CREDITS, ADVISORY_REQUIREMENT, ENFORCED_REQUIREMENT, DESCRIPTION, NUM_SEMESTERS, NUM_ENROLLED, HAS_DISCUSSION, HAS_LAB, HAS_PROJECTS, HAS_EXAMS, NUM_REVIEWS, CLARITY_SCORE, EASINESS_SCORE, HELPFULNESS_SCORE)
Table: COURSE_OFFERING(OFFERING_ID, COURSE_ID, SEMESTER, SECTION_NUMBER, START_TIME, END_TIME, MONDAY, TUESDAY, WEDNESDAY, THURSDAY, FRIDAY, SATURDAY, SUNDAY, HAS_FINAL_PROJECT, HAS_FINAL_EXAM, TEXTBOOK, CLASS_ADDRESS, ALLOW_AUDIT)
Table: COURSE_PREREQUISITE(pre_course_id, course_id)
Table: COURSE_TAGS_COUNT(COURSE_ID, CLEAR_GRADING, POP_QUIZ, GROUP_PROJECTS, INSPIRATIONAL, LONG_LECTURES, EXTRA_CREDIT, FEW_TESTS, GOOD_FEEDBACK, TOUGH_TESTS, HEAVY_PAPERS, CARES_FOR_STUDENTS, HEAVY_ASSIGNMENTS, RESPECTED, PARTICIPATION, HEAVY_READING, TOUGH_GRADER, HILARIOUS, WOULD_TAKE_AGAIN, GOOD_LECTURE, NO_SKIP)
Table: GSI(course_offering_id, student_id)
Table: INSTRUCTOR(INSTRUCTOR_ID, NAME, UNIQNAME)
Table: OFFERING_INSTRUCTOR(OFFERING_INSTRUCTOR_ID, OFFERING_ID, INSTRUCTOR_ID)
Table: PROGRAM(program_id, name, college, introduction)
Table: PROGRAM_COURSE(program_id, course_id, workload, category)
Table: PROGRAM_REQUIREMENT(program_id, category, min_credit, additional_req)
Table: SEMESTER(semester_id, semester, year)
Table: STUDENT(student_id, lastname, firstname, program_id, declare_major, total_credit, total_gpa, entered_as, admit_term, predicted_graduation_semester, degree, minor, internship)
Table: STUDENT_RECORD(student_id, course_id, semester, grade, how, transfer_source, earn_credit, repeat_term, test_id, offering_id)

Example:
Question: what courses are related to artificial intelligence
SQL: SELECT DISTINCT c.NAME FROM COURSE c JOIN AREA a ON c.COURSE_ID = a.COURSE_ID WHERE a.AREA LIKE '%artificial intelligence%';"
advising,hard,Which 400 / 500 -level POLSCI courses have the smallest workloads ?,"SELECT DISTINCT COURSEalias0.DEPARTMENT , COURSEalias0.NAME , COURSEalias0.NUMBER , PROGRAM_COURSEalias0.WORKLOAD FROM COURSE AS COURSEalias0 INNER JOIN PROGRAM_COURSE AS PROGRAM_COURSEalias0 WHERE ( ( COURSEalias0.NUMBER < 400 + 100 AND COURSEalias0.NUMBER >= 400 ) OR ( COURSEalias0.NUMBER < 500 + 100 AND COURSEalias0.NUMBER >= 500 ) ) AND COURSEalias0.DEPARTMENT = ""POLSCI"" AND PROGRAM_COURSEalias0.WORKLOAD = ( SELECT MIN( PROGRAM_COURSEalias1.WORKLOAD ) FROM COURSE AS COURSEalias1 INNER JOIN PROGRAM_COURSE AS PROGRAM_COURSEalias1 WHERE ( ( COURSEalias1.NUMBER < 400 + 100 AND COURSEalias1.NUMBER >= 400 ) OR ( COURSEalias1.NUMBER < 500 + 100 AND COURSEalias1.NUMBER >= 500 ) ) AND COURSEalias1.DEPARTMENT = ""POLSCI"" ) ;","Table: AREA(course_id, area)
Table: COMMENT_INSTRUCTOR(instructor_id, student_id, score, comment_text)
Table: COURSE(COURSE_ID, NAME, DEPARTMENT, NUMBER, CREDITS, ADVISORY_REQUIREMENT, ENFORCED_REQUIREMENT, DESCRIPTION, NUM_SEMESTERS, NUM_ENROLLED, HAS_DISCUSSION, HAS_LAB, HAS_PROJECTS, HAS_EXAMS, NUM_REVIEWS, CLARITY_SCORE, EASINESS_SCORE, HELPFULNESS_SCORE)
Table: COURSE_OFFERING(OFFERING_ID, COURSE_ID, SEMESTER, SECTION_NUMBER, START_TIME, END_TIME, MONDAY, TUESDAY, WEDNESDAY, THURSDAY, FRIDAY, SATURDAY, SUNDAY, HAS_FINAL_PROJECT, HAS_FINAL_EXAM, TEXTBOOK, CLASS_ADDRESS, ALLOW_AUDIT)
Table: COURSE_PREREQUISITE(pre_course_id, course_id)
Table: COURSE_TAGS_COUNT(COURSE_ID, CLEAR_GRADING, POP_QUIZ, GROUP_PROJECTS, INSPIRATIONAL, LONG_LECTURES, EXTRA_CREDIT, FEW_TESTS, GOOD_FEEDBACK, TOUGH_TESTS, HEAVY_PAPERS, CARES_FOR_STUDENTS, HEAVY_ASSIGNMENTS, RESPECTED, PARTICIPATION, HEAVY_READING, TOUGH_GRADER, HILARIOUS, WOULD_TAKE_AGAIN, GOOD_LECTURE, NO_SKIP)
Table: GSI(course_offering_id, student_id)
Table: INSTRUCTOR(INSTRUCTOR_ID, NAME, UNIQNAME)
Table: OFFERING_INSTRUCTOR(OFFERING_INSTRUCTOR_ID, OFFERING_ID, INSTRUCTOR_ID)
Table: PROGRAM(program_id, name, college, introduction)
Table: PROGRAM_COURSE(program_id, course_id, workload, category)
Table: PROGRAM_REQUIREMENT(program_id, category, min_credit, additional_req)
Table: SEMESTER(semester_id, semester, year)
Table: STUDENT(student_id, lastname, firstname, program_id, declare_major, total_credit, total_gpa, entered_as, admit_term, predicted_graduation_semester, degree, minor, internship)
Table: STUDENT_RECORD(student_id, course_id, semester, grade, how, transfer_source, earn_credit, repeat_term, test_id, offering_id)

Example:
Question: what courses are related to artificial intelligence
SQL: SELECT DISTINCT c.NAME FROM COURSE c JOIN AREA a ON c.COURSE_ID = a.COURSE_ID WHERE a.AREA LIKE '%artificial intelligence%';"
advising,hard,In which area have most of my C 's been earned ?,"SELECT DISTINCT DERIVED_TABLEalias0.DERIVED_FIELDalias1 FROM ( SELECT AREAalias0.AREA AS DERIVED_FIELDalias0 , COUNT( * ) AS DERIVED_FIELDalias1 FROM AREA AS AREAalias0 INNER JOIN STUDENT_RECORD AS STUDENT_RECORDalias0 ON STUDENT_RECORDalias0.COURSE_ID = AREAalias0.COURSE_ID WHERE STUDENT_RECORDalias0.GRADE LIKE ""C"" AND STUDENT_RECORDalias0.STUDENT_ID = 1 GROUP BY AREAalias0.AREA ) AS DERIVED_TABLEalias0 WHERE DERIVED_TABLEalias0.DERIVED_FIELDalias1 = ( SELECT COUNT( * ) AS DERIVED_FIELDalias2 FROM AREA AS AREAalias1 , STUDENT_RECORD AS STUDENT_RECORDalias1 WHERE STUDENT_RECORDalias1.COURSE_ID = AREAalias1.COURSE_ID AND STUDENT_RECORDalias1.GRADE LIKE ""C"" AND STUDENT_RECORDalias1.STUDENT_ID = 1 GROUP BY AREAalias1.AREA ORDER BY DERIVED_FIELDalias2 DESC LIMIT 1 ) ;","Table: AREA(course_id, area)
Table: COMMENT_INSTRUCTOR(instructor_id, student_id, score, comment_text)
Table: COURSE(COURSE_ID, NAME, DEPARTMENT, NUMBER, CREDITS, ADVISORY_REQUIREMENT, ENFORCED_REQUIREMENT, DESCRIPTION, NUM_SEMESTERS, NUM_ENROLLED, HAS_DISCUSSION, HAS_LAB, HAS_PROJECTS, HAS_EXAMS, NUM_REVIEWS, CLARITY_SCORE, EASINESS_SCORE, HELPFULNESS_SCORE)
Table: COURSE_OFFERING(OFFERING_ID, COURSE_ID, SEMESTER, SECTION_NUMBER, START_TIME, END_TIME, MONDAY, TUESDAY, WEDNESDAY, THURSDAY, FRIDAY, SATURDAY, SUNDAY, HAS_FINAL_PROJECT, HAS_FINAL_EXAM, TEXTBOOK, CLASS_ADDRESS, ALLOW_AUDIT)
Table: COURSE_PREREQUISITE(pre_course_id, course_id)
Table: COURSE_TAGS_COUNT(COURSE_ID, CLEAR_GRADING, POP_QUIZ, GROUP_PROJECTS, INSPIRATIONAL, LONG_LECTURES, EXTRA_CREDIT, FEW_TESTS, GOOD_FEEDBACK, TOUGH_TESTS, HEAVY_PAPERS, CARES_FOR_STUDENTS, HEAVY_ASSIGNMENTS, RESPECTED, PARTICIPATION, HEAVY_READING, TOUGH_GRADER, HILARIOUS, WOULD_TAKE_AGAIN, GOOD_LECTURE, NO_SKIP)
Table: GSI(course_offering_id, student_id)
Table: INSTRUCTOR(INSTRUCTOR_ID, NAME, UNIQNAME)
Table: OFFERING_INSTRUCTOR(OFFERING_INSTRUCTOR_ID, OFFERING_ID, INSTRUCTOR_ID)
Table: PROGRAM(program_id, name, college, introduction)
Table: PROGRAM_COURSE(program_id, course_id, workload, category)
Table: PROGRAM_REQUIREMENT(program_id, category, min_credit, additional_req)
Table: SEMESTER(semester_id, semester, year)
Table: STUDENT(student_id, lastname, firstname, program_id, declare_major, total_credit, total_gpa, entered_as, admit_term, predicted_graduation_semester, degree, minor, internship)
Table: STUDENT_RECORD(student_id, course_id, semester, grade, how, transfer_source, earn_credit, repeat_term, test_id, offering_id)

Example:
Question: what courses are related to artificial intelligence
SQL: SELECT DISTINCT c.NAME FROM COURSE c JOIN AREA a ON c.COURSE_ID = a.COURSE_ID WHERE a.AREA LIKE '%artificial intelligence%';"
advising,hard,What courses can be taken for PreMajor next semester ?,"SELECT DISTINCT COURSEalias0.DEPARTMENT , COURSEalias0.NAME , COURSEalias0.NUMBER FROM COURSE AS COURSEalias0 , COURSE_OFFERING AS COURSE_OFFERINGalias0 , PROGRAM AS PROGRAMalias0 , PROGRAM_COURSE AS PROGRAM_COURSEalias0 , SEMESTER AS SEMESTERalias0 WHERE COURSEalias0.COURSE_ID = COURSE_OFFERINGalias0.COURSE_ID AND PROGRAM_COURSEalias0.CATEGORY LIKE ""%PreMajor%"" AND PROGRAM_COURSEalias0.COURSE_ID = COURSEalias0.COURSE_ID AND PROGRAMalias0.NAME LIKE ""%CS-LSA%"" AND PROGRAMalias0.PROGRAM_ID = PROGRAM_COURSEalias0.PROGRAM_ID AND SEMESTERalias0.SEMESTER = ""FA"" AND SEMESTERalias0.SEMESTER_ID = COURSE_OFFERINGalias0.SEMESTER AND SEMESTERalias0.YEAR = 2016 ;","Table: AREA(course_id, area)
Table: COMMENT_INSTRUCTOR(instructor_id, student_id, score, comment_text)
Table: COURSE(COURSE_ID, NAME, DEPARTMENT, NUMBER, CREDITS, ADVISORY_REQUIREMENT, ENFORCED_REQUIREMENT, DESCRIPTION, NUM_SEMESTERS, NUM_ENROLLED, HAS_DISCUSSION, HAS_LAB, HAS_PROJECTS, HAS_EXAMS, NUM_REVIEWS, CLARITY_SCORE, EASINESS_SCORE, HELPFULNESS_SCORE)
Table: COURSE_OFFERING(OFFERING_ID, COURSE_ID, SEMESTER, SECTION_NUMBER, START_TIME, END_TIME, MONDAY, TUESDAY, WEDNESDAY, THURSDAY, FRIDAY, SATURDAY, SUNDAY, HAS_FINAL_PROJECT, HAS_FINAL_EXAM, TEXTBOOK, CLASS_ADDRESS, ALLOW_AUDIT)
Table: COURSE_PREREQUISITE(pre_course_id, course_id)
Table: COURSE_TAGS_COUNT(COURSE_ID, CLEAR_GRADING, POP_QUIZ, GROUP_PROJECTS, INSPIRATIONAL, LONG_LECTURES, EXTRA_CREDIT, FEW_TESTS, GOOD_FEEDBACK, TOUGH_TESTS, HEAVY_PAPERS, CARES_FOR_STUDENTS, HEAVY_ASSIGNMENTS, RESPECTED, PARTICIPATION, HEAVY_READING, TOUGH_GRADER, HILARIOUS, WOULD_TAKE_AGAIN, GOOD_LECTURE, NO_SKIP)
Table: GSI(course_offering_id, student_id)
Table: INSTRUCTOR(INSTRUCTOR_ID, NAME, UNIQNAME)
Table: OFFERING_INSTRUCTOR(OFFERING_INSTRUCTOR_ID, OFFERING_ID, INSTRUCTOR_ID)
Table: PROGRAM(program_id, name, college, introduction)
Table: PROGRAM_COURSE(program_id, course_id, workload, category)
Table: PROGRAM_REQUIREMENT(program_id, category, min_credit, additional_req)
Table: SEMESTER(semester_id, semester, year)
Table: STUDENT(student_id, lastname, firstname, program_id, declare_major, total_credit, total_gpa, entered_as, admit_term, predicted_graduation_semester, degree, minor, internship)
Table: STUDENT_RECORD(student_id, course_id, semester, grade, how, transfer_source, earn_credit, repeat_term, test_id, offering_id)

Example:
Question: what courses are related to artificial intelligence
SQL: SELECT DISTINCT c.NAME FROM COURSE c JOIN AREA a ON c.COURSE_ID = a.COURSE_ID WHERE a.AREA LIKE '%artificial intelligence%';"
advising,hard,Did Prof. Wayne High teach PATH 699 in Summer 2015 ?,"SELECT COUNT( * ) > 0 FROM COURSE AS COURSEalias0 , COURSE_OFFERING AS COURSE_OFFERINGalias0 , INSTRUCTOR AS INSTRUCTORalias0 , OFFERING_INSTRUCTOR AS OFFERING_INSTRUCTORalias0 , SEMESTER AS SEMESTERalias0 WHERE COURSEalias0.COURSE_ID = COURSE_OFFERINGalias0.COURSE_ID AND COURSEalias0.DEPARTMENT = ""PATH"" AND COURSEalias0.NUMBER = 699 AND INSTRUCTORalias0.NAME LIKE ""%Wayne High%"" AND OFFERING_INSTRUCTORalias0.INSTRUCTOR_ID = INSTRUCTORalias0.INSTRUCTOR_ID AND OFFERING_INSTRUCTORalias0.OFFERING_ID = COURSE_OFFERINGalias0.OFFERING_ID AND SEMESTERalias0.SEMESTER = ""Summer"" AND SEMESTERalias0.SEMESTER_ID = COURSE_OFFERINGalias0.SEMESTER AND SEMESTERalias0.YEAR = 2015 ;","Table: AREA(course_id, area)
Table: COMMENT_INSTRUCTOR(instructor_id, student_id, score, comment_text)
Table: COURSE(COURSE_ID, NAME, DEPARTMENT, NUMBER, CREDITS, ADVISORY_REQUIREMENT, ENFORCED_REQUIREMENT, DESCRIPTION, NUM_SEMESTERS, NUM_ENROLLED, HAS_DISCUSSION, HAS_LAB, HAS_PROJECTS, HAS_EXAMS, NUM_REVIEWS, CLARITY_SCORE, EASINESS_SCORE, HELPFULNESS_SCORE)
Table: COURSE_OFFERING(OFFERING_ID, COURSE_ID, SEMESTER, SECTION_NUMBER, START_TIME, END_TIME, MONDAY, TUESDAY, WEDNESDAY, THURSDAY, FRIDAY, SATURDAY, SUNDAY, HAS_FINAL_PROJECT, HAS_FINAL_EXAM, TEXTBOOK, CLASS_ADDRESS, ALLOW_AUDIT)
Table: COURSE_PREREQUISITE(pre_course_id, course_id)
Table: COURSE_TAGS_COUNT(COURSE_ID, CLEAR_GRADING, POP_QUIZ, GROUP_PROJECTS, INSPIRATIONAL, LONG_LECTURES, EXTRA_CREDIT, FEW_TESTS, GOOD_FEEDBACK, TOUGH_TESTS, HEAVY_PAPERS, CARES_FOR_STUDENTS, HEAVY_ASSIGNMENTS, RESPECTED, PARTICIPATION, HEAVY_READING, TOUGH_GRADER, HILARIOUS, WOULD_TAKE_AGAIN, GOOD_LECTURE, NO_SKIP)
Table: GSI(course_offering_id, student_id)
Table: INSTRUCTOR(INSTRUCTOR_ID, NAME, UNIQNAME)
Table: OFFERING_INSTRUCTOR(OFFERING_INSTRUCTOR_ID, OFFERING_ID, INSTRUCTOR_ID)
Table: PROGRAM(program_id, name, college, introduction)
Table: PROGRAM_COURSE(program_id, course_id, workload, category)
Table: PROGRAM_REQUIREMENT(program_id, category, min_credit, additional_req)
Table: SEMESTER(semester_id, semester, year)
Table: STUDENT(student_id, lastname, firstname, program_id, declare_major, total_credit, total_gpa, entered_as, admit_term, predicted_graduation_semester, degree, minor, internship)
Table: STUDENT_RECORD(student_id, course_id, semester, grade, how, transfer_source, earn_credit, repeat_term, test_id, offering_id)

Example:
Question: what courses are related to artificial intelligence
SQL: SELECT DISTINCT c.NAME FROM COURSE c JOIN AREA a ON c.COURSE_ID = a.COURSE_ID WHERE a.AREA LIKE '%artificial intelligence%';"
advising,hard,What number of 10 -credit upper-level NEAREAST classes are being offered this Spring-Summer ?,"SELECT COUNT( DISTINCT COURSEalias0.COURSE_ID ) FROM COURSE AS COURSEalias0 , COURSE_OFFERING AS COURSE_OFFERINGalias0 , PROGRAM_COURSE AS PROGRAM_COURSEalias0 , SEMESTER AS SEMESTERalias0 WHERE COURSEalias0.COURSE_ID = COURSE_OFFERINGalias0.COURSE_ID AND COURSEalias0.CREDITS = 10 AND COURSEalias0.DEPARTMENT = ""NEAREAST"" AND PROGRAM_COURSEalias0.CATEGORY LIKE ""%ULCS%"" AND PROGRAM_COURSEalias0.COURSE_ID = COURSEalias0.COURSE_ID AND SEMESTERalias0.SEMESTER = ""Spring-Summer"" AND SEMESTERalias0.SEMESTER_ID = COURSE_OFFERINGalias0.SEMESTER AND SEMESTERalias0.YEAR = 2016 ;","Table: AREA(course_id, area)
Table: COMMENT_INSTRUCTOR(instructor_id, student_id, score, comment_text)
Table: COURSE(COURSE_ID, NAME, DEPARTMENT, NUMBER, CREDITS, ADVISORY_REQUIREMENT, ENFORCED_REQUIREMENT, DESCRIPTION, NUM_SEMESTERS, NUM_ENROLLED, HAS_DISCUSSION, HAS_LAB, HAS_PROJECTS, HAS_EXAMS, NUM_REVIEWS, CLARITY_SCORE, EASINESS_SCORE, HELPFULNESS_SCORE)
Table: COURSE_OFFERING(OFFERING_ID, COURSE_ID, SEMESTER, SECTION_NUMBER, START_TIME, END_TIME, MONDAY, TUESDAY, WEDNESDAY, THURSDAY, FRIDAY, SATURDAY, SUNDAY, HAS_FINAL_PROJECT, HAS_FINAL_EXAM, TEXTBOOK, CLASS_ADDRESS, ALLOW_AUDIT)
Table: COURSE_PREREQUISITE(pre_course_id, course_id)
Table: COURSE_TAGS_COUNT(COURSE_ID, CLEAR_GRADING, POP_QUIZ, GROUP_PROJECTS, INSPIRATIONAL, LONG_LECTURES, EXTRA_CREDIT, FEW_TESTS, GOOD_FEEDBACK, TOUGH_TESTS, HEAVY_PAPERS, CARES_FOR_STUDENTS, HEAVY_ASSIGNMENTS, RESPECTED, PARTICIPATION, HEAVY_READING, TOUGH_GRADER, HILARIOUS, WOULD_TAKE_AGAIN, GOOD_LECTURE, NO_SKIP)
Table: GSI(course_offering_id, student_id)
Table: INSTRUCTOR(INSTRUCTOR_ID, NAME, UNIQNAME)
Table: OFFERING_INSTRUCTOR(OFFERING_INSTRUCTOR_ID, OFFERING_ID, INSTRUCTOR_ID)
Table: PROGRAM(program_id, name, college, introduction)
Table: PROGRAM_COURSE(program_id, course_id, workload, category)
Table: PROGRAM_REQUIREMENT(program_id, category, min_credit, additional_req)
Table: SEMESTER(semester_id, semester, year)
Table: STUDENT(student_id, lastname, firstname, program_id, declare_major, total_credit, total_gpa, entered_as, admit_term, predicted_graduation_semester, degree, minor, internship)
Table: STUDENT_RECORD(student_id, course_id, semester, grade, how, transfer_source, earn_credit, repeat_term, test_id, offering_id)

Example:
Question: what courses are related to artificial intelligence
SQL: SELECT DISTINCT c.NAME FROM COURSE c JOIN AREA a ON c.COURSE_ID = a.COURSE_ID WHERE a.AREA LIKE '%artificial intelligence%';"
advising,hard,"During the Fall and Winter term , how many 500 level classes are offered ?","SELECT COUNT( DISTINCT COURSEalias0.DEPARTMENT , COURSEalias0.NAME , COURSEalias0.NUMBER , SEMESTERalias0.SEMESTER ) FROM COURSE AS COURSEalias0 , COURSE_OFFERING AS COURSE_OFFERINGalias0 , SEMESTER AS SEMESTERalias0 WHERE COURSEalias0.COURSE_ID = COURSE_OFFERINGalias0.COURSE_ID AND COURSEalias0.DEPARTMENT = ""department0"" AND COURSEalias0.NUMBER BETWEEN 500 AND 500 + 100 AND SEMESTERalias0.SEMESTER IN ( ""FA"" , ""WN"" ) AND SEMESTERalias0.SEMESTER_ID = COURSE_OFFERINGalias0.SEMESTER AND SEMESTERalias0.YEAR = 2016 ;","Table: AREA(course_id, area)
Table: COMMENT_INSTRUCTOR(instructor_id, student_id, score, comment_text)
Table: COURSE(COURSE_ID, NAME, DEPARTMENT, NUMBER, CREDITS, ADVISORY_REQUIREMENT, ENFORCED_REQUIREMENT, DESCRIPTION, NUM_SEMESTERS, NUM_ENROLLED, HAS_DISCUSSION, HAS_LAB, HAS_PROJECTS, HAS_EXAMS, NUM_REVIEWS, CLARITY_SCORE, EASINESS_SCORE, HELPFULNESS_SCORE)
Table: COURSE_OFFERING(OFFERING_ID, COURSE_ID, SEMESTER, SECTION_NUMBER, START_TIME, END_TIME, MONDAY, TUESDAY, WEDNESDAY, THURSDAY, FRIDAY, SATURDAY, SUNDAY, HAS_FINAL_PROJECT, HAS_FINAL_EXAM, TEXTBOOK, CLASS_ADDRESS, ALLOW_AUDIT)
Table: COURSE_PREREQUISITE(pre_course_id, course_id)
Table: COURSE_TAGS_COUNT(COURSE_ID, CLEAR_GRADING, POP_QUIZ, GROUP_PROJECTS, INSPIRATIONAL, LONG_LECTURES, EXTRA_CREDIT, FEW_TESTS, GOOD_FEEDBACK, TOUGH_TESTS, HEAVY_PAPERS, CARES_FOR_STUDENTS, HEAVY_ASSIGNMENTS, RESPECTED, PARTICIPATION, HEAVY_READING, TOUGH_GRADER, HILARIOUS, WOULD_TAKE_AGAIN, GOOD_LECTURE, NO_SKIP)
Table: GSI(course_offering_id, student_id)
Table: INSTRUCTOR(INSTRUCTOR_ID, NAME, UNIQNAME)
Table: OFFERING_INSTRUCTOR(OFFERING_INSTRUCTOR_ID, OFFERING_ID, INSTRUCTOR_ID)
Table: PROGRAM(program_id, name, college, introduction)
Table: PROGRAM_COURSE(program_id, course_id, workload, category)
Table: PROGRAM_REQUIREMENT(program_id, category, min_credit, additional_req)
Table: SEMESTER(semester_id, semester, year)
Table: STUDENT(student_id, lastname, firstname, program_id, declare_major, total_credit, total_gpa, entered_as, admit_term, predicted_graduation_semester, degree, minor, internship)
Table: STUDENT_RECORD(student_id, course_id, semester, grade, how, transfer_source, earn_credit, repeat_term, test_id, offering_id)

Example:
Question: what courses are related to artificial intelligence
SQL: SELECT DISTINCT c.NAME FROM COURSE c JOIN AREA a ON c.COURSE_ID = a.COURSE_ID WHERE a.AREA LIKE '%artificial intelligence%';"
advising,hard,Dr. Yu-jui Huang has taught which classes ?,"SELECT DISTINCT COURSEalias0.DEPARTMENT , COURSEalias0.NAME , COURSEalias0.NUMBER FROM COURSE AS COURSEalias0 , COURSE_OFFERING AS COURSE_OFFERINGalias0 , INSTRUCTOR AS INSTRUCTORalias0 , OFFERING_INSTRUCTOR AS OFFERING_INSTRUCTORalias0 WHERE COURSE_OFFERINGalias0.SEMESTER < ( SELECT SEMESTERalias0.SEMESTER_ID FROM SEMESTER AS SEMESTERalias0 WHERE SEMESTERalias0.SEMESTER = ""WN"" AND SEMESTERalias0.YEAR = 2016 ) AND COURSEalias0.COURSE_ID = COURSE_OFFERINGalias0.COURSE_ID AND INSTRUCTORalias0.NAME LIKE ""%Yu-jui Huang%"" AND OFFERING_INSTRUCTORalias0.INSTRUCTOR_ID = INSTRUCTORalias0.INSTRUCTOR_ID AND OFFERING_INSTRUCTORalias0.OFFERING_ID = COURSE_OFFERINGalias0.OFFERING_ID ;","Table: AREA(course_id, area)
Table: COMMENT_INSTRUCTOR(instructor_id, student_id, score, comment_text)
Table: COURSE(COURSE_ID, NAME, DEPARTMENT, NUMBER, CREDITS, ADVISORY_REQUIREMENT, ENFORCED_REQUIREMENT, DESCRIPTION, NUM_SEMESTERS, NUM_ENROLLED, HAS_DISCUSSION, HAS_LAB, HAS_PROJECTS, HAS_EXAMS, NUM_REVIEWS, CLARITY_SCORE, EASINESS_SCORE, HELPFULNESS_SCORE)
Table: COURSE_OFFERING(OFFERING_ID, COURSE_ID, SEMESTER, SECTION_NUMBER, START_TIME, END_TIME, MONDAY, TUESDAY, WEDNESDAY, THURSDAY, FRIDAY, SATURDAY, SUNDAY, HAS_FINAL_PROJECT, HAS_FINAL_EXAM, TEXTBOOK, CLASS_ADDRESS, ALLOW_AUDIT)
Table: COURSE_PREREQUISITE(pre_course_id, course_id)
Table: COURSE_TAGS_COUNT(COURSE_ID, CLEAR_GRADING, POP_QUIZ, GROUP_PROJECTS, INSPIRATIONAL, LONG_LECTURES, EXTRA_CREDIT, FEW_TESTS, GOOD_FEEDBACK, TOUGH_TESTS, HEAVY_PAPERS, CARES_FOR_STUDENTS, HEAVY_ASSIGNMENTS, RESPECTED, PARTICIPATION, HEAVY_READING, TOUGH_GRADER, HILARIOUS, WOULD_TAKE_AGAIN, GOOD_LECTURE, NO_SKIP)
Table: GSI(course_offering_id, student_id)
Table: INSTRUCTOR(INSTRUCTOR_ID, NAME, UNIQNAME)
Table: OFFERING_INSTRUCTOR(OFFERING_INSTRUCTOR_ID, OFFERING_ID, INSTRUCTOR_ID)
Table: PROGRAM(program_id, name, college, introduction)
Table: PROGRAM_COURSE(program_id, course_id, workload, category)
Table: PROGRAM_REQUIREMENT(program_id, category, min_credit, additional_req)
Table: SEMESTER(semester_id, semester, year)
Table: STUDENT(student_id, lastname, firstname, program_id, declare_major, total_credit, total_gpa, entered_as, admit_term, predicted_graduation_semester, degree, minor, internship)
Table: STUDENT_RECORD(student_id, course_id, semester, grade, how, transfer_source, earn_credit, repeat_term, test_id, offering_id)

Example:
Question: what courses are related to artificial intelligence
SQL: SELECT DISTINCT c.NAME FROM COURSE c JOIN AREA a ON c.COURSE_ID = a.COURSE_ID WHERE a.AREA LIKE '%artificial intelligence%';"
advising,hard,Is it ok to take 300 -level classes in Spring or Summer term ?,"SELECT DISTINCT COURSEalias0.DEPARTMENT , COURSEalias0.NAME , COURSEalias0.NUMBER , SEMESTERalias0.SEMESTER FROM ( SELECT STUDENT_RECORDalias0.COURSE_ID FROM STUDENT_RECORD AS STUDENT_RECORDalias0 WHERE STUDENT_RECORDalias0.EARN_CREDIT = ""Y"" AND STUDENT_RECORDalias0.STUDENT_ID = 1 ) AS DERIVED_TABLEalias0 , COURSE AS COURSEalias0 , COURSE_OFFERING AS COURSE_OFFERINGalias0 , SEMESTER AS SEMESTERalias0 WHERE COURSEalias0.COURSE_ID = COURSE_OFFERINGalias0.COURSE_ID AND COURSEalias0.COURSE_ID NOT IN ( DERIVED_TABLEalias0.COURSE_ID ) AND COURSEalias0.COURSE_ID NOT IN ( SELECT DISTINCT COURSE_PREREQUISITEalias0.COURSE_ID FROM COURSE_PREREQUISITE AS COURSE_PREREQUISITEalias0 WHERE COURSE_PREREQUISITEalias0.PRE_COURSE_ID NOT IN ( DERIVED_TABLEalias0.COURSE_ID ) ) AND COURSEalias0.DEPARTMENT = """" AND COURSEalias0.NUMBER BETWEEN 300 AND 300 + 100 AND SEMESTERalias0.SEMESTER IN ( ""SP"" , ""SS"" , ""SU"" ) AND SEMESTERalias0.SEMESTER_ID = COURSE_OFFERINGalias0.SEMESTER AND SEMESTERalias0.YEAR = 2016 ;","Table: AREA(course_id, area)
Table: COMMENT_INSTRUCTOR(instructor_id, student_id, score, comment_text)
Table: COURSE(COURSE_ID, NAME, DEPARTMENT, NUMBER, CREDITS, ADVISORY_REQUIREMENT, ENFORCED_REQUIREMENT, DESCRIPTION, NUM_SEMESTERS, NUM_ENROLLED, HAS_DISCUSSION, HAS_LAB, HAS_PROJECTS, HAS_EXAMS, NUM_REVIEWS, CLARITY_SCORE, EASINESS_SCORE, HELPFULNESS_SCORE)
Table: COURSE_OFFERING(OFFERING_ID, COURSE_ID, SEMESTER, SECTION_NUMBER, START_TIME, END_TIME, MONDAY, TUESDAY, WEDNESDAY, THURSDAY, FRIDAY, SATURDAY, SUNDAY, HAS_FINAL_PROJECT, HAS_FINAL_EXAM, TEXTBOOK, CLASS_ADDRESS, ALLOW_AUDIT)
Table: COURSE_PREREQUISITE(pre_course_id, course_id)
Table: COURSE_TAGS_COUNT(COURSE_ID, CLEAR_GRADING, POP_QUIZ, GROUP_PROJECTS, INSPIRATIONAL, LONG_LECTURES, EXTRA_CREDIT, FEW_TESTS, GOOD_FEEDBACK, TOUGH_TESTS, HEAVY_PAPERS, CARES_FOR_STUDENTS, HEAVY_ASSIGNMENTS, RESPECTED, PARTICIPATION, HEAVY_READING, TOUGH_GRADER, HILARIOUS, WOULD_TAKE_AGAIN, GOOD_LECTURE, NO_SKIP)
Table: GSI(course_offering_id, student_id)
Table: INSTRUCTOR(INSTRUCTOR_ID, NAME, UNIQNAME)
Table: OFFERING_INSTRUCTOR(OFFERING_INSTRUCTOR_ID, OFFERING_ID, INSTRUCTOR_ID)
Table: PROGRAM(program_id, name, college, introduction)
Table: PROGRAM_COURSE(program_id, course_id, workload, category)
Table: PROGRAM_REQUIREMENT(program_id, category, min_credit, additional_req)
Table: SEMESTER(semester_id, semester, year)
Table: STUDENT(student_id, lastname, firstname, program_id, declare_major, total_credit, total_gpa, entered_as, admit_term, predicted_graduation_semester, degree, minor, internship)
Table: STUDENT_RECORD(student_id, course_id, semester, grade, how, transfer_source, earn_credit, repeat_term, test_id, offering_id)

Example:
Question: what courses are related to artificial intelligence
SQL: SELECT DISTINCT c.NAME FROM COURSE c JOIN AREA a ON c.COURSE_ID = a.COURSE_ID WHERE a.AREA LIKE '%artificial intelligence%';"
advising,hard,What past classes has Dr. Nicole Appleberry taught ?,"SELECT DISTINCT COURSEalias0.DEPARTMENT , COURSEalias0.NAME , COURSEalias0.NUMBER FROM COURSE AS COURSEalias0 , COURSE_OFFERING AS COURSE_OFFERINGalias0 , INSTRUCTOR AS INSTRUCTORalias0 , OFFERING_INSTRUCTOR AS OFFERING_INSTRUCTORalias0 WHERE COURSE_OFFERINGalias0.SEMESTER < ( SELECT SEMESTERalias0.SEMESTER_ID FROM SEMESTER AS SEMESTERalias0 WHERE SEMESTERalias0.SEMESTER = ""WN"" AND SEMESTERalias0.YEAR = 2016 ) AND COURSEalias0.COURSE_ID = COURSE_OFFERINGalias0.COURSE_ID AND INSTRUCTORalias0.NAME LIKE ""%Nicole Appleberry%"" AND OFFERING_INSTRUCTORalias0.INSTRUCTOR_ID = INSTRUCTORalias0.INSTRUCTOR_ID AND OFFERING_INSTRUCTORalias0.OFFERING_ID = COURSE_OFFERINGalias0.OFFERING_ID ;","Table: AREA(course_id, area)
Table: COMMENT_INSTRUCTOR(instructor_id, student_id, score, comment_text)
Table: COURSE(COURSE_ID, NAME, DEPARTMENT, NUMBER, CREDITS, ADVISORY_REQUIREMENT, ENFORCED_REQUIREMENT, DESCRIPTION, NUM_SEMESTERS, NUM_ENROLLED, HAS_DISCUSSION, HAS_LAB, HAS_PROJECTS, HAS_EXAMS, NUM_REVIEWS, CLARITY_SCORE, EASINESS_SCORE, HELPFULNESS_SCORE)
Table: COURSE_OFFERING(OFFERING_ID, COURSE_ID, SEMESTER, SECTION_NUMBER, START_TIME, END_TIME, MONDAY, TUESDAY, WEDNESDAY, THURSDAY, FRIDAY, SATURDAY, SUNDAY, HAS_FINAL_PROJECT, HAS_FINAL_EXAM, TEXTBOOK, CLASS_ADDRESS, ALLOW_AUDIT)
Table: COURSE_PREREQUISITE(pre_course_id, course_id)
Table: COURSE_TAGS_COUNT(COURSE_ID, CLEAR_GRADING, POP_QUIZ, GROUP_PROJECTS, INSPIRATIONAL, LONG_LECTURES, EXTRA_CREDIT, FEW_TESTS, GOOD_FEEDBACK, TOUGH_TESTS, HEAVY_PAPERS, CARES_FOR_STUDENTS, HEAVY_ASSIGNMENTS, RESPECTED, PARTICIPATION, HEAVY_READING, TOUGH_GRADER, HILARIOUS, WOULD_TAKE_AGAIN, GOOD_LECTURE, NO_SKIP)
Table: GSI(course_offering_id, student_id)
Table: INSTRUCTOR(INSTRUCTOR_ID, NAME, UNIQNAME)
Table: OFFERING_INSTRUCTOR(OFFERING_INSTRUCTOR_ID, OFFERING_ID, INSTRUCTOR_ID)
Table: PROGRAM(program_id, name, college, introduction)
Table: PROGRAM_COURSE(program_id, course_id, workload, category)
Table: PROGRAM_REQUIREMENT(program_id, category, min_credit, additional_req)
Table: SEMESTER(semester_id, semester, year)
Table: STUDENT(student_id, lastname, firstname, program_id, declare_major, total_credit, total_gpa, entered_as, admit_term, predicted_graduation_semester, degree, minor, internship)
Table: STUDENT_RECORD(student_id, course_id, semester, grade, how, transfer_source, earn_credit, repeat_term, test_id, offering_id)

Example:
Question: what courses are related to artificial intelligence
SQL: SELECT DISTINCT c.NAME FROM COURSE c JOIN AREA a ON c.COURSE_ID = a.COURSE_ID WHERE a.AREA LIKE '%artificial intelligence%';"
advising,hard,"For RCCORE 203 , how many sections are offered after 10 A.M. ?","SELECT COUNT( * ) FROM COURSE AS COURSEalias0 , COURSE_OFFERING AS COURSE_OFFERINGalias0 , SEMESTER AS SEMESTERalias0 WHERE COURSE_OFFERINGalias0.START_TIME > ""10:00:00"" AND COURSEalias0.COURSE_ID = COURSE_OFFERINGalias0.COURSE_ID AND COURSEalias0.DEPARTMENT = ""RCCORE"" AND COURSEalias0.NUMBER = 203 AND SEMESTERalias0.SEMESTER = ""WN"" AND SEMESTERalias0.SEMESTER_ID = COURSE_OFFERINGalias0.SEMESTER AND SEMESTERalias0.YEAR = 2016 ;","Table: AREA(course_id, area)
Table: COMMENT_INSTRUCTOR(instructor_id, student_id, score, comment_text)
Table: COURSE(COURSE_ID, NAME, DEPARTMENT, NUMBER, CREDITS, ADVISORY_REQUIREMENT, ENFORCED_REQUIREMENT, DESCRIPTION, NUM_SEMESTERS, NUM_ENROLLED, HAS_DISCUSSION, HAS_LAB, HAS_PROJECTS, HAS_EXAMS, NUM_REVIEWS, CLARITY_SCORE, EASINESS_SCORE, HELPFULNESS_SCORE)
Table: COURSE_OFFERING(OFFERING_ID, COURSE_ID, SEMESTER, SECTION_NUMBER, START_TIME, END_TIME, MONDAY, TUESDAY, WEDNESDAY, THURSDAY, FRIDAY, SATURDAY, SUNDAY, HAS_FINAL_PROJECT, HAS_FINAL_EXAM, TEXTBOOK, CLASS_ADDRESS, ALLOW_AUDIT)
Table: COURSE_PREREQUISITE(pre_course_id, course_id)
Table: COURSE_TAGS_COUNT(COURSE_ID, CLEAR_GRADING, POP_QUIZ, GROUP_PROJECTS, INSPIRATIONAL, LONG_LECTURES, EXTRA_CREDIT, FEW_TESTS, GOOD_FEEDBACK, TOUGH_TESTS, HEAVY_PAPERS, CARES_FOR_STUDENTS, HEAVY_ASSIGNMENTS, RESPECTED, PARTICIPATION, HEAVY_READING, TOUGH_GRADER, HILARIOUS, WOULD_TAKE_AGAIN, GOOD_LECTURE, NO_SKIP)
Table: GSI(course_offering_id, student_id)
Table: INSTRUCTOR(INSTRUCTOR_ID, NAME, UNIQNAME)
Table: OFFERING_INSTRUCTOR(OFFERING_INSTRUCTOR_ID, OFFERING_ID, INSTRUCTOR_ID)
Table: PROGRAM(program_id, name, college, introduction)
Table: PROGRAM_COURSE(program_id, course_id, workload, category)
Table: PROGRAM_REQUIREMENT(program_id, category, min_credit, additional_req)
Table: SEMESTER(semester_id, semester, year)
Table: STUDENT(student_id, lastname, firstname, program_id, declare_major, total_credit, total_gpa, entered_as, admit_term, predicted_graduation_semester, degree, minor, internship)
Table: STUDENT_RECORD(student_id, course_id, semester, grade, how, transfer_source, earn_credit, repeat_term, test_id, offering_id)

Example:
Question: what courses are related to artificial intelligence
SQL: SELECT DISTINCT c.NAME FROM COURSE c JOIN AREA a ON c.COURSE_ID = a.COURSE_ID WHERE a.AREA LIKE '%artificial intelligence%';"
advising,hard,Are there any morning sessions for MENAS 334 ?,"SELECT COUNT( * ) > 0 FROM COURSE AS COURSEalias0 , COURSE_OFFERING AS COURSE_OFFERINGalias0 , SEMESTER AS SEMESTERalias0 WHERE COURSE_OFFERINGalias0.START_TIME < ""12:00:00"" AND COURSE_OFFERINGalias0.START_TIME >= ""08:00:00"" AND COURSEalias0.COURSE_ID = COURSE_OFFERINGalias0.COURSE_ID AND COURSEalias0.DEPARTMENT = ""MENAS"" AND COURSEalias0.NUMBER = 334 AND SEMESTERalias0.SEMESTER = """" AND SEMESTERalias0.SEMESTER_ID = COURSE_OFFERINGalias0.SEMESTER AND SEMESTERalias0.YEAR =  ;","Table: AREA(course_id, area)
Table: COMMENT_INSTRUCTOR(instructor_id, student_id, score, comment_text)
Table: COURSE(COURSE_ID, NAME, DEPARTMENT, NUMBER, CREDITS, ADVISORY_REQUIREMENT, ENFORCED_REQUIREMENT, DESCRIPTION, NUM_SEMESTERS, NUM_ENROLLED, HAS_DISCUSSION, HAS_LAB, HAS_PROJECTS, HAS_EXAMS, NUM_REVIEWS, CLARITY_SCORE, EASINESS_SCORE, HELPFULNESS_SCORE)
Table: COURSE_OFFERING(OFFERING_ID, COURSE_ID, SEMESTER, SECTION_NUMBER, START_TIME, END_TIME, MONDAY, TUESDAY, WEDNESDAY, THURSDAY, FRIDAY, SATURDAY, SUNDAY, HAS_FINAL_PROJECT, HAS_FINAL_EXAM, TEXTBOOK, CLASS_ADDRESS, ALLOW_AUDIT)
Table: COURSE_PREREQUISITE(pre_course_id, course_id)
Table: COURSE_TAGS_COUNT(COURSE_ID, CLEAR_GRADING, POP_QUIZ, GROUP_PROJECTS, INSPIRATIONAL, LONG_LECTURES, EXTRA_CREDIT, FEW_TESTS, GOOD_FEEDBACK, TOUGH_TESTS, HEAVY_PAPERS, CARES_FOR_STUDENTS, HEAVY_ASSIGNMENTS, RESPECTED, PARTICIPATION, HEAVY_READING, TOUGH_GRADER, HILARIOUS, WOULD_TAKE_AGAIN, GOOD_LECTURE, NO_SKIP)
Table: GSI(course_offering_id, student_id)
Table: INSTRUCTOR(INSTRUCTOR_ID, NAME, UNIQNAME)
Table: OFFERING_INSTRUCTOR(OFFERING_INSTRUCTOR_ID, OFFERING_ID, INSTRUCTOR_ID)
Table: PROGRAM(program_id, name, college, introduction)
Table: PROGRAM_COURSE(program_id, course_id, workload, category)
Table: PROGRAM_REQUIREMENT(program_id, category, min_credit, additional_req)
Table: SEMESTER(semester_id, semester, year)
Table: STUDENT(student_id, lastname, firstname, program_id, declare_major, total_credit, total_gpa, entered_as, admit_term, predicted_graduation_semester, degree, minor, internship)
Table: STUDENT_RECORD(student_id, course_id, semester, grade, how, transfer_source, earn_credit, repeat_term, test_id, offering_id)

Example:
Question: what courses are related to artificial intelligence
SQL: SELECT DISTINCT c.NAME FROM COURSE c JOIN AREA a ON c.COURSE_ID = a.COURSE_ID WHERE a.AREA LIKE '%artificial intelligence%';"
advising,hard,In the Fall of 2017 how many professors will teach MICRBIOL 995 ?,"SELECT COUNT( DISTINCT INSTRUCTORalias0.INSTRUCTOR_ID ) FROM COURSE AS COURSEalias0 , COURSE_OFFERING AS COURSE_OFFERINGalias0 , INSTRUCTOR AS INSTRUCTORalias0 , OFFERING_INSTRUCTOR AS OFFERING_INSTRUCTORalias0 , SEMESTER AS SEMESTERalias0 WHERE COURSEalias0.COURSE_ID = COURSE_OFFERINGalias0.COURSE_ID AND COURSEalias0.DEPARTMENT = ""MICRBIOL"" AND COURSEalias0.NUMBER = 995 AND OFFERING_INSTRUCTORalias0.INSTRUCTOR_ID = INSTRUCTORalias0.INSTRUCTOR_ID AND OFFERING_INSTRUCTORalias0.OFFERING_ID = COURSE_OFFERINGalias0.OFFERING_ID AND SEMESTERalias0.SEMESTER = ""Fall"" AND SEMESTERalias0.SEMESTER_ID = COURSE_OFFERINGalias0.SEMESTER AND SEMESTERalias0.YEAR = 2017 ;","Table: AREA(course_id, area)
Table: COMMENT_INSTRUCTOR(instructor_id, student_id, score, comment_text)
Table: COURSE(COURSE_ID, NAME, DEPARTMENT, NUMBER, CREDITS, ADVISORY_REQUIREMENT, ENFORCED_REQUIREMENT, DESCRIPTION, NUM_SEMESTERS, NUM_ENROLLED, HAS_DISCUSSION, HAS_LAB, HAS_PROJECTS, HAS_EXAMS, NUM_REVIEWS, CLARITY_SCORE, EASINESS_SCORE, HELPFULNESS_SCORE)
Table: COURSE_OFFERING(OFFERING_ID, COURSE_ID, SEMESTER, SECTION_NUMBER, START_TIME, END_TIME, MONDAY, TUESDAY, WEDNESDAY, THURSDAY, FRIDAY, SATURDAY, SUNDAY, HAS_FINAL_PROJECT, HAS_FINAL_EXAM, TEXTBOOK, CLASS_ADDRESS, ALLOW_AUDIT)
Table: COURSE_PREREQUISITE(pre_course_id, course_id)
Table: COURSE_TAGS_COUNT(COURSE_ID, CLEAR_GRADING, POP_QUIZ, GROUP_PROJECTS, INSPIRATIONAL, LONG_LECTURES, EXTRA_CREDIT, FEW_TESTS, GOOD_FEEDBACK, TOUGH_TESTS, HEAVY_PAPERS, CARES_FOR_STUDENTS, HEAVY_ASSIGNMENTS, RESPECTED, PARTICIPATION, HEAVY_READING, TOUGH_GRADER, HILARIOUS, WOULD_TAKE_AGAIN, GOOD_LECTURE, NO_SKIP)
Table: GSI(course_offering_id, student_id)
Table: INSTRUCTOR(INSTRUCTOR_ID, NAME, UNIQNAME)
Table: OFFERING_INSTRUCTOR(OFFERING_INSTRUCTOR_ID, OFFERING_ID, INSTRUCTOR_ID)
Table: PROGRAM(program_id, name, college, introduction)
Table: PROGRAM_COURSE(program_id, course_id, workload, category)
Table: PROGRAM_REQUIREMENT(program_id, category, min_credit, additional_req)
Table: SEMESTER(semester_id, semester, year)
Table: STUDENT(student_id, lastname, firstname, program_id, declare_major, total_credit, total_gpa, entered_as, admit_term, predicted_graduation_semester, degree, minor, internship)
Table: STUDENT_RECORD(student_id, course_id, semester, grade, how, transfer_source, earn_credit, repeat_term, test_id, offering_id)

Example:
Question: what courses are related to artificial intelligence
SQL: SELECT DISTINCT c.NAME FROM COURSE c JOIN AREA a ON c.COURSE_ID = a.COURSE_ID WHERE a.AREA LIKE '%artificial intelligence%';"
advising,hard,What classes does Prof. Ej Westlake teach in Spring 2005 ?,"SELECT DISTINCT COURSEalias0.DEPARTMENT , COURSEalias0.NAME , COURSEalias0.NUMBER FROM COURSE AS COURSEalias0 , COURSE_OFFERING AS COURSE_OFFERINGalias0 , INSTRUCTOR AS INSTRUCTORalias0 , OFFERING_INSTRUCTOR AS OFFERING_INSTRUCTORalias0 , SEMESTER AS SEMESTERalias0 WHERE COURSEalias0.COURSE_ID = COURSE_OFFERINGalias0.COURSE_ID AND INSTRUCTORalias0.NAME LIKE ""%Ej Westlake%"" AND OFFERING_INSTRUCTORalias0.INSTRUCTOR_ID = INSTRUCTORalias0.INSTRUCTOR_ID AND OFFERING_INSTRUCTORalias0.OFFERING_ID = COURSE_OFFERINGalias0.OFFERING_ID AND SEMESTERalias0.SEMESTER = ""Spring"" AND SEMESTERalias0.SEMESTER_ID = COURSE_OFFERINGalias0.SEMESTER AND SEMESTERalias0.YEAR = 2005 ;","Table: AREA(course_id, area)
Table: COMMENT_INSTRUCTOR(instructor_id, student_id, score, comment_text)
Table: COURSE(COURSE_ID, NAME, DEPARTMENT, NUMBER, CREDITS, ADVISORY_REQUIREMENT, ENFORCED_REQUIREMENT, DESCRIPTION, NUM_SEMESTERS, NUM_ENROLLED, HAS_DISCUSSION, HAS_LAB, HAS_PROJECTS, HAS_EXAMS, NUM_REVIEWS, CLARITY_SCORE, EASINESS_SCORE, HELPFULNESS_SCORE)
Table: COURSE_OFFERING(OFFERING_ID, COURSE_ID, SEMESTER, SECTION_NUMBER, START_TIME, END_TIME, MONDAY, TUESDAY, WEDNESDAY, THURSDAY, FRIDAY, SATURDAY, SUNDAY, HAS_FINAL_PROJECT, HAS_FINAL_EXAM, TEXTBOOK, CLASS_ADDRESS, ALLOW_AUDIT)
Table: COURSE_PREREQUISITE(pre_course_id, course_id)
Table: COURSE_TAGS_COUNT(COURSE_ID, CLEAR_GRADING, POP_QUIZ, GROUP_PROJECTS, INSPIRATIONAL, LONG_LECTURES, EXTRA_CREDIT, FEW_TESTS, GOOD_FEEDBACK, TOUGH_TESTS, HEAVY_PAPERS, CARES_FOR_STUDENTS, HEAVY_ASSIGNMENTS, RESPECTED, PARTICIPATION, HEAVY_READING, TOUGH_GRADER, HILARIOUS, WOULD_TAKE_AGAIN, GOOD_LECTURE, NO_SKIP)
Table: GSI(course_offering_id, student_id)
Table: INSTRUCTOR(INSTRUCTOR_ID, NAME, UNIQNAME)
Table: OFFERING_INSTRUCTOR(OFFERING_INSTRUCTOR_ID, OFFERING_ID, INSTRUCTOR_ID)
Table: PROGRAM(program_id, name, college, introduction)
Table: PROGRAM_COURSE(program_id, course_id, workload, category)
Table: PROGRAM_REQUIREMENT(program_id, category, min_credit, additional_req)
Table: SEMESTER(semester_id, semester, year)
Table: STUDENT(student_id, lastname, firstname, program_id, declare_major, total_credit, total_gpa, entered_as, admit_term, predicted_graduation_semester, degree, minor, internship)
Table: STUDENT_RECORD(student_id, course_id, semester, grade, how, transfer_source, earn_credit, repeat_term, test_id, offering_id)

Example:
Question: what courses are related to artificial intelligence
SQL: SELECT DISTINCT c.NAME FROM COURSE c JOIN AREA a ON c.COURSE_ID = a.COURSE_ID WHERE a.AREA LIKE '%artificial intelligence%';"
advising,hard,Prior to taking ROMLANG 250 what courses do I need to take ?,"SELECT DISTINCT COURSEalias0.DEPARTMENT , COURSEalias0.NAME , COURSEalias0.NUMBER FROM COURSE AS COURSEalias0 , COURSE AS COURSEalias1 , COURSE_PREREQUISITE AS COURSE_PREREQUISITEalias0 WHERE COURSEalias0.COURSE_ID = COURSE_PREREQUISITEalias0.PRE_COURSE_ID AND COURSEalias0.COURSE_ID NOT IN ( SELECT STUDENT_RECORDalias0.COURSE_ID FROM STUDENT_RECORD AS STUDENT_RECORDalias0 WHERE STUDENT_RECORDalias0.STUDENT_ID = 1 ) AND COURSEalias1.COURSE_ID = COURSE_PREREQUISITEalias0.COURSE_ID AND COURSEalias1.DEPARTMENT = ""ROMLANG"" AND COURSEalias1.NUMBER = 250 ;","Table: AREA(course_id, area)
Table: COMMENT_INSTRUCTOR(instructor_id, student_id, score, comment_text)
Table: COURSE(COURSE_ID, NAME, DEPARTMENT, NUMBER, CREDITS, ADVISORY_REQUIREMENT, ENFORCED_REQUIREMENT, DESCRIPTION, NUM_SEMESTERS, NUM_ENROLLED, HAS_DISCUSSION, HAS_LAB, HAS_PROJECTS, HAS_EXAMS, NUM_REVIEWS, CLARITY_SCORE, EASINESS_SCORE, HELPFULNESS_SCORE)
Table: COURSE_OFFERING(OFFERING_ID, COURSE_ID, SEMESTER, SECTION_NUMBER, START_TIME, END_TIME, MONDAY, TUESDAY, WEDNESDAY, THURSDAY, FRIDAY, SATURDAY, SUNDAY, HAS_FINAL_PROJECT, HAS_FINAL_EXAM, TEXTBOOK, CLASS_ADDRESS, ALLOW_AUDIT)
Table: COURSE_PREREQUISITE(pre_course_id, course_id)
Table: COURSE_TAGS_COUNT(COURSE_ID, CLEAR_GRADING, POP_QUIZ, GROUP_PROJECTS, INSPIRATIONAL, LONG_LECTURES, EXTRA_CREDIT, FEW_TESTS, GOOD_FEEDBACK, TOUGH_TESTS, HEAVY_PAPERS, CARES_FOR_STUDENTS, HEAVY_ASSIGNMENTS, RESPECTED, PARTICIPATION, HEAVY_READING, TOUGH_GRADER, HILARIOUS, WOULD_TAKE_AGAIN, GOOD_LECTURE, NO_SKIP)
Table: GSI(course_offering_id, student_id)
Table: INSTRUCTOR(INSTRUCTOR_ID, NAME, UNIQNAME)
Table: OFFERING_INSTRUCTOR(OFFERING_INSTRUCTOR_ID, OFFERING_ID, INSTRUCTOR_ID)
Table: PROGRAM(program_id, name, college, introduction)
Table: PROGRAM_COURSE(program_id, course_id, workload, category)
Table: PROGRAM_REQUIREMENT(program_id, category, min_credit, additional_req)
Table: SEMESTER(semester_id, semester, year)
Table: STUDENT(student_id, lastname, firstname, program_id, declare_major, total_credit, total_gpa, entered_as, admit_term, predicted_graduation_semester, degree, minor, internship)
Table: STUDENT_RECORD(student_id, course_id, semester, grade, how, transfer_source, earn_credit, repeat_term, test_id, offering_id)

Example:
Question: what courses are related to artificial intelligence
SQL: SELECT DISTINCT c.NAME FROM COURSE c JOIN AREA a ON c.COURSE_ID = a.COURSE_ID WHERE a.AREA LIKE '%artificial intelligence%';"
advising,hard,"This Winter , will STRATEGY 398 be available for me ?","SELECT COUNT( * ) > 0 FROM ( SELECT STUDENT_RECORDalias0.COURSE_ID FROM STUDENT_RECORD AS STUDENT_RECORDalias0 WHERE STUDENT_RECORDalias0.EARN_CREDIT = ""Y"" AND STUDENT_RECORDalias0.STUDENT_ID = 1 ) AS DERIVED_TABLEalias0 , COURSE AS COURSEalias0 , COURSE_OFFERING AS COURSE_OFFERINGalias0 , SEMESTER AS SEMESTERalias0 WHERE COURSEalias0.COURSE_ID = COURSE_OFFERINGalias0.COURSE_ID AND COURSEalias0.COURSE_ID NOT IN ( DERIVED_TABLEalias0.COURSE_ID ) AND COURSEalias0.COURSE_ID NOT IN ( SELECT DISTINCT COURSE_PREREQUISITEalias0.COURSE_ID FROM COURSE_PREREQUISITE AS COURSE_PREREQUISITEalias0 WHERE COURSE_PREREQUISITEalias0.PRE_COURSE_ID NOT IN ( DERIVED_TABLEalias0.COURSE_ID ) ) AND COURSEalias0.DEPARTMENT = ""STRATEGY"" AND COURSEalias0.NUMBER = 398 AND SEMESTERalias0.SEMESTER = ""Winter"" AND SEMESTERalias0.SEMESTER_ID = COURSE_OFFERINGalias0.SEMESTER AND SEMESTERalias0.YEAR = 2016 ;","Table: AREA(course_id, area)
Table: COMMENT_INSTRUCTOR(instructor_id, student_id, score, comment_text)
Table: COURSE(COURSE_ID, NAME, DEPARTMENT, NUMBER, CREDITS, ADVISORY_REQUIREMENT, ENFORCED_REQUIREMENT, DESCRIPTION, NUM_SEMESTERS, NUM_ENROLLED, HAS_DISCUSSION, HAS_LAB, HAS_PROJECTS, HAS_EXAMS, NUM_REVIEWS, CLARITY_SCORE, EASINESS_SCORE, HELPFULNESS_SCORE)
Table: COURSE_OFFERING(OFFERING_ID, COURSE_ID, SEMESTER, SECTION_NUMBER, START_TIME, END_TIME, MONDAY, TUESDAY, WEDNESDAY, THURSDAY, FRIDAY, SATURDAY, SUNDAY, HAS_FINAL_PROJECT, HAS_FINAL_EXAM, TEXTBOOK, CLASS_ADDRESS, ALLOW_AUDIT)
Table: COURSE_PREREQUISITE(pre_course_id, course_id)
Table: COURSE_TAGS_COUNT(COURSE_ID, CLEAR_GRADING, POP_QUIZ, GROUP_PROJECTS, INSPIRATIONAL, LONG_LECTURES, EXTRA_CREDIT, FEW_TESTS, GOOD_FEEDBACK, TOUGH_TESTS, HEAVY_PAPERS, CARES_FOR_STUDENTS, HEAVY_ASSIGNMENTS, RESPECTED, PARTICIPATION, HEAVY_READING, TOUGH_GRADER, HILARIOUS, WOULD_TAKE_AGAIN, GOOD_LECTURE, NO_SKIP)
Table: GSI(course_offering_id, student_id)
Table: INSTRUCTOR(INSTRUCTOR_ID, NAME, UNIQNAME)
Table: OFFERING_INSTRUCTOR(OFFERING_INSTRUCTOR_ID, OFFERING_ID, INSTRUCTOR_ID)
Table: PROGRAM(program_id, name, college, introduction)
Table: PROGRAM_COURSE(program_id, course_id, workload, category)
Table: PROGRAM_REQUIREMENT(program_id, category, min_credit, additional_req)
Table: SEMESTER(semester_id, semester, year)
Table: STUDENT(student_id, lastname, firstname, program_id, declare_major, total_credit, total_gpa, entered_as, admit_term, predicted_graduation_semester, degree, minor, internship)
Table: STUDENT_RECORD(student_id, course_id, semester, grade, how, transfer_source, earn_credit, repeat_term, test_id, offering_id)

Example:
Question: what courses are related to artificial intelligence
SQL: SELECT DISTINCT c.NAME FROM COURSE c JOIN AREA a ON c.COURSE_ID = a.COURSE_ID WHERE a.AREA LIKE '%artificial intelligence%';"
advising,hard,In the Fall of 2007 is 662 offered in the afternoon ?,"SELECT COUNT( * ) > 0 FROM COURSE AS COURSEalias0 , COURSE_OFFERING AS COURSE_OFFERINGalias0 , SEMESTER AS SEMESTERalias0 WHERE COURSE_OFFERINGalias0.START_TIME >= ""12:00:00"" AND COURSEalias0.COURSE_ID = COURSE_OFFERINGalias0.COURSE_ID AND COURSEalias0.DEPARTMENT = """" AND COURSEalias0.NUMBER = 662 AND SEMESTERalias0.SEMESTER = ""Fall"" AND SEMESTERalias0.SEMESTER_ID = COURSE_OFFERINGalias0.SEMESTER AND SEMESTERalias0.YEAR = 2007 ;","Table: AREA(course_id, area)
Table: COMMENT_INSTRUCTOR(instructor_id, student_id, score, comment_text)
Table: COURSE(COURSE_ID, NAME, DEPARTMENT, NUMBER, CREDITS, ADVISORY_REQUIREMENT, ENFORCED_REQUIREMENT, DESCRIPTION, NUM_SEMESTERS, NUM_ENROLLED, HAS_DISCUSSION, HAS_LAB, HAS_PROJECTS, HAS_EXAMS, NUM_REVIEWS, CLARITY_SCORE, EASINESS_SCORE, HELPFULNESS_SCORE)
Table: COURSE_OFFERING(OFFERING_ID, COURSE_ID, SEMESTER, SECTION_NUMBER, START_TIME, END_TIME, MONDAY, TUESDAY, WEDNESDAY, THURSDAY, FRIDAY, SATURDAY, SUNDAY, HAS_FINAL_PROJECT, HAS_FINAL_EXAM, TEXTBOOK, CLASS_ADDRESS, ALLOW_AUDIT)
Table: COURSE_PREREQUISITE(pre_course_id, course_id)
Table: COURSE_TAGS_COUNT(COURSE_ID, CLEAR_GRADING, POP_QUIZ, GROUP_PROJECTS, INSPIRATIONAL, LONG_LECTURES, EXTRA_CREDIT, FEW_TESTS, GOOD_FEEDBACK, TOUGH_TESTS, HEAVY_PAPERS, CARES_FOR_STUDENTS, HEAVY_ASSIGNMENTS, RESPECTED, PARTICIPATION, HEAVY_READING, TOUGH_GRADER, HILARIOUS, WOULD_TAKE_AGAIN, GOOD_LECTURE, NO_SKIP)
Table: GSI(course_offering_id, student_id)
Table: INSTRUCTOR(INSTRUCTOR_ID, NAME, UNIQNAME)
Table: OFFERING_INSTRUCTOR(OFFERING_INSTRUCTOR_ID, OFFERING_ID, INSTRUCTOR_ID)
Table: PROGRAM(program_id, name, college, introduction)
Table: PROGRAM_COURSE(program_id, course_id, workload, category)
Table: PROGRAM_REQUIREMENT(program_id, category, min_credit, additional_req)
Table: SEMESTER(semester_id, semester, year)
Table: STUDENT(student_id, lastname, firstname, program_id, declare_major, total_credit, total_gpa, entered_as, admit_term, predicted_graduation_semester, degree, minor, internship)
Table: STUDENT_RECORD(student_id, course_id, semester, grade, how, transfer_source, earn_credit, repeat_term, test_id, offering_id)

Example:
Question: what courses are related to artificial intelligence
SQL: SELECT DISTINCT c.NAME FROM COURSE c JOIN AREA a ON c.COURSE_ID = a.COURSE_ID WHERE a.AREA LIKE '%artificial intelligence%';"
advising,hard,Does Prof. Sreyoshi Das teach 546 next semester ?,"SELECT COUNT( * ) > 0 FROM COURSE AS COURSEalias0 , COURSE_OFFERING AS COURSE_OFFERINGalias0 , INSTRUCTOR AS INSTRUCTORalias0 , OFFERING_INSTRUCTOR AS OFFERING_INSTRUCTORalias0 , SEMESTER AS SEMESTERalias0 WHERE COURSEalias0.COURSE_ID = COURSE_OFFERINGalias0.COURSE_ID AND COURSEalias0.DEPARTMENT = """" AND COURSEalias0.NUMBER = 546 AND INSTRUCTORalias0.NAME LIKE ""%Sreyoshi Das%"" AND OFFERING_INSTRUCTORalias0.INSTRUCTOR_ID = INSTRUCTORalias0.INSTRUCTOR_ID AND OFFERING_INSTRUCTORalias0.OFFERING_ID = COURSE_OFFERINGalias0.OFFERING_ID AND SEMESTERalias0.SEMESTER = ""FA"" AND SEMESTERalias0.SEMESTER_ID = COURSE_OFFERINGalias0.SEMESTER AND SEMESTERalias0.YEAR = 2016 ;","Table: AREA(course_id, area)
Table: COMMENT_INSTRUCTOR(instructor_id, student_id, score, comment_text)
Table: COURSE(COURSE_ID, NAME, DEPARTMENT, NUMBER, CREDITS, ADVISORY_REQUIREMENT, ENFORCED_REQUIREMENT, DESCRIPTION, NUM_SEMESTERS, NUM_ENROLLED, HAS_DISCUSSION, HAS_LAB, HAS_PROJECTS, HAS_EXAMS, NUM_REVIEWS, CLARITY_SCORE, EASINESS_SCORE, HELPFULNESS_SCORE)
Table: COURSE_OFFERING(OFFERING_ID, COURSE_ID, SEMESTER, SECTION_NUMBER, START_TIME, END_TIME, MONDAY, TUESDAY, WEDNESDAY, THURSDAY, FRIDAY, SATURDAY, SUNDAY, HAS_FINAL_PROJECT, HAS_FINAL_EXAM, TEXTBOOK, CLASS_ADDRESS, ALLOW_AUDIT)
Table: COURSE_PREREQUISITE(pre_course_id, course_id)
Table: COURSE_TAGS_COUNT(COURSE_ID, CLEAR_GRADING, POP_QUIZ, GROUP_PROJECTS, INSPIRATIONAL, LONG_LECTURES, EXTRA_CREDIT, FEW_TESTS, GOOD_FEEDBACK, TOUGH_TESTS, HEAVY_PAPERS, CARES_FOR_STUDENTS, HEAVY_ASSIGNMENTS, RESPECTED, PARTICIPATION, HEAVY_READING, TOUGH_GRADER, HILARIOUS, WOULD_TAKE_AGAIN, GOOD_LECTURE, NO_SKIP)
Table: GSI(course_offering_id, student_id)
Table: INSTRUCTOR(INSTRUCTOR_ID, NAME, UNIQNAME)
Table: OFFERING_INSTRUCTOR(OFFERING_INSTRUCTOR_ID, OFFERING_ID, INSTRUCTOR_ID)
Table: PROGRAM(program_id, name, college, introduction)
Table: PROGRAM_COURSE(program_id, course_id, workload, category)
Table: PROGRAM_REQUIREMENT(program_id, category, min_credit, additional_req)
Table: SEMESTER(semester_id, semester, year)
Table: STUDENT(student_id, lastname, firstname, program_id, declare_major, total_credit, total_gpa, entered_as, admit_term, predicted_graduation_semester, degree, minor, internship)
Table: STUDENT_RECORD(student_id, course_id, semester, grade, how, transfer_source, earn_credit, repeat_term, test_id, offering_id)

Example:
Question: what courses are related to artificial intelligence
SQL: SELECT DISTINCT c.NAME FROM COURSE c JOIN AREA a ON c.COURSE_ID = a.COURSE_ID WHERE a.AREA LIKE '%artificial intelligence%';"
advising,hard,"Are there some easier web technology courses than SPACE 581 , that you could suggest ?","SELECT DISTINCT COURSEalias0.DEPARTMENT , COURSEalias0.NAME , COURSEalias0.NUMBER , PROGRAM_COURSEalias0.WORKLOAD FROM COURSE AS COURSEalias0 INNER JOIN AREA AS AREAalias0 ON COURSEalias0.COURSE_ID = AREAalias0.COURSE_ID INNER JOIN PROGRAM_COURSE AS PROGRAM_COURSEalias0 ON PROGRAM_COURSEalias0.COURSE_ID = COURSEalias0.COURSE_ID WHERE AREAalias0.AREA LIKE ""%web technology%"" AND PROGRAM_COURSEalias0.WORKLOAD < ( SELECT MIN( PROGRAM_COURSEalias1.WORKLOAD ) FROM COURSE AS COURSEalias1 INNER JOIN PROGRAM_COURSE AS PROGRAM_COURSEalias1 ON PROGRAM_COURSEalias1.COURSE_ID = COURSEalias1.COURSE_ID WHERE COURSEalias1.DEPARTMENT = ""SPACE"" AND COURSEalias1.NUMBER = 581 ) ORDER BY PROGRAM_COURSEalias0.WORKLOAD ;","Table: AREA(course_id, area)
Table: COMMENT_INSTRUCTOR(instructor_id, student_id, score, comment_text)
Table: COURSE(COURSE_ID, NAME, DEPARTMENT, NUMBER, CREDITS, ADVISORY_REQUIREMENT, ENFORCED_REQUIREMENT, DESCRIPTION, NUM_SEMESTERS, NUM_ENROLLED, HAS_DISCUSSION, HAS_LAB, HAS_PROJECTS, HAS_EXAMS, NUM_REVIEWS, CLARITY_SCORE, EASINESS_SCORE, HELPFULNESS_SCORE)
Table: COURSE_OFFERING(OFFERING_ID, COURSE_ID, SEMESTER, SECTION_NUMBER, START_TIME, END_TIME, MONDAY, TUESDAY, WEDNESDAY, THURSDAY, FRIDAY, SATURDAY, SUNDAY, HAS_FINAL_PROJECT, HAS_FINAL_EXAM, TEXTBOOK, CLASS_ADDRESS, ALLOW_AUDIT)
Table: COURSE_PREREQUISITE(pre_course_id, course_id)
Table: COURSE_TAGS_COUNT(COURSE_ID, CLEAR_GRADING, POP_QUIZ, GROUP_PROJECTS, INSPIRATIONAL, LONG_LECTURES, EXTRA_CREDIT, FEW_TESTS, GOOD_FEEDBACK, TOUGH_TESTS, HEAVY_PAPERS, CARES_FOR_STUDENTS, HEAVY_ASSIGNMENTS, RESPECTED, PARTICIPATION, HEAVY_READING, TOUGH_GRADER, HILARIOUS, WOULD_TAKE_AGAIN, GOOD_LECTURE, NO_SKIP)
Table: GSI(course_offering_id, student_id)
Table: INSTRUCTOR(INSTRUCTOR_ID, NAME, UNIQNAME)
Table: OFFERING_INSTRUCTOR(OFFERING_INSTRUCTOR_ID, OFFERING_ID, INSTRUCTOR_ID)
Table: PROGRAM(program_id, name, college, introduction)
Table: PROGRAM_COURSE(program_id, course_id, workload, category)
Table: PROGRAM_REQUIREMENT(program_id, category, min_credit, additional_req)
Table: SEMESTER(semester_id, semester, year)
Table: STUDENT(student_id, lastname, firstname, program_id, declare_major, total_credit, total_gpa, entered_as, admit_term, predicted_graduation_semester, degree, minor, internship)
Table: STUDENT_RECORD(student_id, course_id, semester, grade, how, transfer_source, earn_credit, repeat_term, test_id, offering_id)

Example:
Question: what courses are related to artificial intelligence
SQL: SELECT DISTINCT c.NAME FROM COURSE c JOIN AREA a ON c.COURSE_ID = a.COURSE_ID WHERE a.AREA LIKE '%artificial intelligence%';"
advising,hard,"For next Summer , after 11:45 A.M. , what upper level electives will be available ?","SELECT DISTINCT COURSEalias0.DEPARTMENT , COURSEalias0.NAME , COURSEalias0.NUMBER FROM COURSE AS COURSEalias0 , COURSE_OFFERING AS COURSE_OFFERINGalias0 , PROGRAM_COURSE AS PROGRAM_COURSEalias0 , SEMESTER AS SEMESTERalias0 WHERE COURSE_OFFERINGalias0.START_TIME > ""11:45"" AND COURSEalias0.COURSE_ID = COURSE_OFFERINGalias0.COURSE_ID AND PROGRAM_COURSEalias0.CATEGORY LIKE ""%ULCS%"" AND PROGRAM_COURSEalias0.COURSE_ID = COURSEalias0.COURSE_ID AND SEMESTERalias0.SEMESTER = ""Summer"" AND SEMESTERalias0.SEMESTER_ID = COURSE_OFFERINGalias0.SEMESTER AND SEMESTERalias0.YEAR = 2017 ;","Table: AREA(course_id, area)
Table: COMMENT_INSTRUCTOR(instructor_id, student_id, score, comment_text)
Table: COURSE(COURSE_ID, NAME, DEPARTMENT, NUMBER, CREDITS, ADVISORY_REQUIREMENT, ENFORCED_REQUIREMENT, DESCRIPTION, NUM_SEMESTERS, NUM_ENROLLED, HAS_DISCUSSION, HAS_LAB, HAS_PROJECTS, HAS_EXAMS, NUM_REVIEWS, CLARITY_SCORE, EASINESS_SCORE, HELPFULNESS_SCORE)
Table: COURSE_OFFERING(OFFERING_ID, COURSE_ID, SEMESTER, SECTION_NUMBER, START_TIME, END_TIME, MONDAY, TUESDAY, WEDNESDAY, THURSDAY, FRIDAY, SATURDAY, SUNDAY, HAS_FINAL_PROJECT, HAS_FINAL_EXAM, TEXTBOOK, CLASS_ADDRESS, ALLOW_AUDIT)
Table: COURSE_PREREQUISITE(pre_course_id, course_id)
Table: COURSE_TAGS_COUNT(COURSE_ID, CLEAR_GRADING, POP_QUIZ, GROUP_PROJECTS, INSPIRATIONAL, LONG_LECTURES, EXTRA_CREDIT, FEW_TESTS, GOOD_FEEDBACK, TOUGH_TESTS, HEAVY_PAPERS, CARES_FOR_STUDENTS, HEAVY_ASSIGNMENTS, RESPECTED, PARTICIPATION, HEAVY_READING, TOUGH_GRADER, HILARIOUS, WOULD_TAKE_AGAIN, GOOD_LECTURE, NO_SKIP)
Table: GSI(course_offering_id, student_id)
Table: INSTRUCTOR(INSTRUCTOR_ID, NAME, UNIQNAME)
Table: OFFERING_INSTRUCTOR(OFFERING_INSTRUCTOR_ID, OFFERING_ID, INSTRUCTOR_ID)
Table: PROGRAM(program_id, name, college, introduction)
Table: PROGRAM_COURSE(program_id, course_id, workload, category)
Table: PROGRAM_REQUIREMENT(program_id, category, min_credit, additional_req)
Table: SEMESTER(semester_id, semester, year)
Table: STUDENT(student_id, lastname, firstname, program_id, declare_major, total_credit, total_gpa, entered_as, admit_term, predicted_graduation_semester, degree, minor, internship)
Table: STUDENT_RECORD(student_id, course_id, semester, grade, how, transfer_source, earn_credit, repeat_term, test_id, offering_id)

Example:
Question: what courses are related to artificial intelligence
SQL: SELECT DISTINCT c.NAME FROM COURSE c JOIN AREA a ON c.COURSE_ID = a.COURSE_ID WHERE a.AREA LIKE '%artificial intelligence%';"
advising,hard,Is the only person who teaches Nutrition Prof. Pifer ?,"SELECT DISTINCT COURSEalias0.DEPARTMENT , COURSEalias0.NAME , COURSEalias0.NUMBER , INSTRUCTORalias0.NAME FROM COURSE AS COURSEalias0 , COURSE_OFFERING AS COURSE_OFFERINGalias0 , INSTRUCTOR AS INSTRUCTORalias0 , OFFERING_INSTRUCTOR AS OFFERING_INSTRUCTORalias0 WHERE COURSEalias0.COURSE_ID = COURSE_OFFERINGalias0.COURSE_ID AND COURSEalias0.NAME LIKE ""%Nutrition%"" AND INSTRUCTORalias0.NAME NOT LIKE ""%Pifer%"" AND OFFERING_INSTRUCTORalias0.INSTRUCTOR_ID = INSTRUCTORalias0.INSTRUCTOR_ID AND OFFERING_INSTRUCTORalias0.OFFERING_ID = COURSE_OFFERINGalias0.OFFERING_ID ;","Table: AREA(course_id, area)
Table: COMMENT_INSTRUCTOR(instructor_id, student_id, score, comment_text)
Table: COURSE(COURSE_ID, NAME, DEPARTMENT, NUMBER, CREDITS, ADVISORY_REQUIREMENT, ENFORCED_REQUIREMENT, DESCRIPTION, NUM_SEMESTERS, NUM_ENROLLED, HAS_DISCUSSION, HAS_LAB, HAS_PROJECTS, HAS_EXAMS, NUM_REVIEWS, CLARITY_SCORE, EASINESS_SCORE, HELPFULNESS_SCORE)
Table: COURSE_OFFERING(OFFERING_ID, COURSE_ID, SEMESTER, SECTION_NUMBER, START_TIME, END_TIME, MONDAY, TUESDAY, WEDNESDAY, THURSDAY, FRIDAY, SATURDAY, SUNDAY, HAS_FINAL_PROJECT, HAS_FINAL_EXAM, TEXTBOOK, CLASS_ADDRESS, ALLOW_AUDIT)
Table: COURSE_PREREQUISITE(pre_course_id, course_id)
Table: COURSE_TAGS_COUNT(COURSE_ID, CLEAR_GRADING, POP_QUIZ, GROUP_PROJECTS, INSPIRATIONAL, LONG_LECTURES, EXTRA_CREDIT, FEW_TESTS, GOOD_FEEDBACK, TOUGH_TESTS, HEAVY_PAPERS, CARES_FOR_STUDENTS, HEAVY_ASSIGNMENTS, RESPECTED, PARTICIPATION, HEAVY_READING, TOUGH_GRADER, HILARIOUS, WOULD_TAKE_AGAIN, GOOD_LECTURE, NO_SKIP)
Table: GSI(course_offering_id, student_id)
Table: INSTRUCTOR(INSTRUCTOR_ID, NAME, UNIQNAME)
Table: OFFERING_INSTRUCTOR(OFFERING_INSTRUCTOR_ID, OFFERING_ID, INSTRUCTOR_ID)
Table: PROGRAM(program_id, name, college, introduction)
Table: PROGRAM_COURSE(program_id, course_id, workload, category)
Table: PROGRAM_REQUIREMENT(program_id, category, min_credit, additional_req)
Table: SEMESTER(semester_id, semester, year)
Table: STUDENT(student_id, lastname, firstname, program_id, declare_major, total_credit, total_gpa, entered_as, admit_term, predicted_graduation_semester, degree, minor, internship)
Table: STUDENT_RECORD(student_id, course_id, semester, grade, how, transfer_source, earn_credit, repeat_term, test_id, offering_id)

Example:
Question: what courses are related to artificial intelligence
SQL: SELECT DISTINCT c.NAME FROM COURSE c JOIN AREA a ON c.COURSE_ID = a.COURSE_ID WHERE a.AREA LIKE '%artificial intelligence%';"
advising,hard,Is SOCADMIN 995 available to take every semester ?,"SELECT COUNT( * ) > 0 FROM SEMESTER AS SEMESTERalias0 WHERE SEMESTERalias0.SEMESTER NOT IN ( SELECT DISTINCT SEMESTERalias1.SEMESTER FROM COURSE AS COURSEalias0 , COURSE_OFFERING AS COURSE_OFFERINGalias0 , SEMESTER AS SEMESTERalias1 WHERE COURSEalias0.COURSE_ID = COURSE_OFFERINGalias0.COURSE_ID AND COURSEalias0.DEPARTMENT = ""SOCADMIN"" AND COURSEalias0.NUMBER = 995 AND SEMESTERalias1.SEMESTER_ID = COURSE_OFFERINGalias0.SEMESTER ) ;","Table: AREA(course_id, area)
Table: COMMENT_INSTRUCTOR(instructor_id, student_id, score, comment_text)
Table: COURSE(COURSE_ID, NAME, DEPARTMENT, NUMBER, CREDITS, ADVISORY_REQUIREMENT, ENFORCED_REQUIREMENT, DESCRIPTION, NUM_SEMESTERS, NUM_ENROLLED, HAS_DISCUSSION, HAS_LAB, HAS_PROJECTS, HAS_EXAMS, NUM_REVIEWS, CLARITY_SCORE, EASINESS_SCORE, HELPFULNESS_SCORE)
Table: COURSE_OFFERING(OFFERING_ID, COURSE_ID, SEMESTER, SECTION_NUMBER, START_TIME, END_TIME, MONDAY, TUESDAY, WEDNESDAY, THURSDAY, FRIDAY, SATURDAY, SUNDAY, HAS_FINAL_PROJECT, HAS_FINAL_EXAM, TEXTBOOK, CLASS_ADDRESS, ALLOW_AUDIT)
Table: COURSE_PREREQUISITE(pre_course_id, course_id)
Table: COURSE_TAGS_COUNT(COURSE_ID, CLEAR_GRADING, POP_QUIZ, GROUP_PROJECTS, INSPIRATIONAL, LONG_LECTURES, EXTRA_CREDIT, FEW_TESTS, GOOD_FEEDBACK, TOUGH_TESTS, HEAVY_PAPERS, CARES_FOR_STUDENTS, HEAVY_ASSIGNMENTS, RESPECTED, PARTICIPATION, HEAVY_READING, TOUGH_GRADER, HILARIOUS, WOULD_TAKE_AGAIN, GOOD_LECTURE, NO_SKIP)
Table: GSI(course_offering_id, student_id)
Table: INSTRUCTOR(INSTRUCTOR_ID, NAME, UNIQNAME)
Table: OFFERING_INSTRUCTOR(OFFERING_INSTRUCTOR_ID, OFFERING_ID, INSTRUCTOR_ID)
Table: PROGRAM(program_id, name, college, introduction)
Table: PROGRAM_COURSE(program_id, course_id, workload, category)
Table: PROGRAM_REQUIREMENT(program_id, category, min_credit, additional_req)
Table: SEMESTER(semester_id, semester, year)
Table: STUDENT(student_id, lastname, firstname, program_id, declare_major, total_credit, total_gpa, entered_as, admit_term, predicted_graduation_semester, degree, minor, internship)
Table: STUDENT_RECORD(student_id, course_id, semester, grade, how, transfer_source, earn_credit, repeat_term, test_id, offering_id)

Example:
Question: what courses are related to artificial intelligence
SQL: SELECT DISTINCT c.NAME FROM COURSE c JOIN AREA a ON c.COURSE_ID = a.COURSE_ID WHERE a.AREA LIKE '%artificial intelligence%';"
advising,hard,Is the class on Communication Networks only taught by Prof. Cieply ?,"SELECT DISTINCT COURSEalias0.DEPARTMENT , COURSEalias0.NAME , COURSEalias0.NUMBER , INSTRUCTORalias0.NAME FROM COURSE AS COURSEalias0 , COURSE_OFFERING AS COURSE_OFFERINGalias0 , INSTRUCTOR AS INSTRUCTORalias0 , OFFERING_INSTRUCTOR AS OFFERING_INSTRUCTORalias0 WHERE COURSEalias0.COURSE_ID = COURSE_OFFERINGalias0.COURSE_ID AND COURSEalias0.NAME LIKE ""%Communication Networks%"" AND INSTRUCTORalias0.NAME NOT LIKE ""%Cieply%"" AND OFFERING_INSTRUCTORalias0.INSTRUCTOR_ID = INSTRUCTORalias0.INSTRUCTOR_ID AND OFFERING_INSTRUCTORalias0.OFFERING_ID = COURSE_OFFERINGalias0.OFFERING_ID ;","Table: AREA(course_id, area)
Table: COMMENT_INSTRUCTOR(instructor_id, student_id, score, comment_text)
Table: COURSE(COURSE_ID, NAME, DEPARTMENT, NUMBER, CREDITS, ADVISORY_REQUIREMENT, ENFORCED_REQUIREMENT, DESCRIPTION, NUM_SEMESTERS, NUM_ENROLLED, HAS_DISCUSSION, HAS_LAB, HAS_PROJECTS, HAS_EXAMS, NUM_REVIEWS, CLARITY_SCORE, EASINESS_SCORE, HELPFULNESS_SCORE)
Table: COURSE_OFFERING(OFFERING_ID, COURSE_ID, SEMESTER, SECTION_NUMBER, START_TIME, END_TIME, MONDAY, TUESDAY, WEDNESDAY, THURSDAY, FRIDAY, SATURDAY, SUNDAY, HAS_FINAL_PROJECT, HAS_FINAL_EXAM, TEXTBOOK, CLASS_ADDRESS, ALLOW_AUDIT)
Table: COURSE_PREREQUISITE(pre_course_id, course_id)
Table: COURSE_TAGS_COUNT(COURSE_ID, CLEAR_GRADING, POP_QUIZ, GROUP_PROJECTS, INSPIRATIONAL, LONG_LECTURES, EXTRA_CREDIT, FEW_TESTS, GOOD_FEEDBACK, TOUGH_TESTS, HEAVY_PAPERS, CARES_FOR_STUDENTS, HEAVY_ASSIGNMENTS, RESPECTED, PARTICIPATION, HEAVY_READING, TOUGH_GRADER, HILARIOUS, WOULD_TAKE_AGAIN, GOOD_LECTURE, NO_SKIP)
Table: GSI(course_offering_id, student_id)
Table: INSTRUCTOR(INSTRUCTOR_ID, NAME, UNIQNAME)
Table: OFFERING_INSTRUCTOR(OFFERING_INSTRUCTOR_ID, OFFERING_ID, INSTRUCTOR_ID)
Table: PROGRAM(program_id, name, college, introduction)
Table: PROGRAM_COURSE(program_id, course_id, workload, category)
Table: PROGRAM_REQUIREMENT(program_id, category, min_credit, additional_req)
Table: SEMESTER(semester_id, semester, year)
Table: STUDENT(student_id, lastname, firstname, program_id, declare_major, total_credit, total_gpa, entered_as, admit_term, predicted_graduation_semester, degree, minor, internship)
Table: STUDENT_RECORD(student_id, course_id, semester, grade, how, transfer_source, earn_credit, repeat_term, test_id, offering_id)

Example:
Question: what courses are related to artificial intelligence
SQL: SELECT DISTINCT c.NAME FROM COURSE c JOIN AREA a ON c.COURSE_ID = a.COURSE_ID WHERE a.AREA LIKE '%artificial intelligence%';"
advising,hard,Is an Scientific Writing lab planned for this year ?,"SELECT COUNT( * ) > 0 FROM COURSE AS COURSEalias0 , COURSE_OFFERING AS COURSE_OFFERINGalias0 , SEMESTER AS SEMESTERalias0 WHERE ( COURSEalias0.DESCRIPTION LIKE ""%lab%"" OR COURSEalias0.NAME LIKE ""%lab%"" ) AND ( COURSEalias0.DESCRIPTION LIKE ""%Scientific Writing%"" OR COURSEalias0.NAME LIKE ""%Scientific Writing%"" ) AND COURSEalias0.COURSE_ID = COURSE_OFFERINGalias0.COURSE_ID AND SEMESTERalias0.SEMESTER_ID = COURSE_OFFERINGalias0.SEMESTER AND SEMESTERalias0.YEAR = 2016 ;","Table: AREA(course_id, area)
Table: COMMENT_INSTRUCTOR(instructor_id, student_id, score, comment_text)
Table: COURSE(COURSE_ID, NAME, DEPARTMENT, NUMBER, CREDITS, ADVISORY_REQUIREMENT, ENFORCED_REQUIREMENT, DESCRIPTION, NUM_SEMESTERS, NUM_ENROLLED, HAS_DISCUSSION, HAS_LAB, HAS_PROJECTS, HAS_EXAMS, NUM_REVIEWS, CLARITY_SCORE, EASINESS_SCORE, HELPFULNESS_SCORE)
Table: COURSE_OFFERING(OFFERING_ID, COURSE_ID, SEMESTER, SECTION_NUMBER, START_TIME, END_TIME, MONDAY, TUESDAY, WEDNESDAY, THURSDAY, FRIDAY, SATURDAY, SUNDAY, HAS_FINAL_PROJECT, HAS_FINAL_EXAM, TEXTBOOK, CLASS_ADDRESS, ALLOW_AUDIT)
Table: COURSE_PREREQUISITE(pre_course_id, course_id)
Table: COURSE_TAGS_COUNT(COURSE_ID, CLEAR_GRADING, POP_QUIZ, GROUP_PROJECTS, INSPIRATIONAL, LONG_LECTURES, EXTRA_CREDIT, FEW_TESTS, GOOD_FEEDBACK, TOUGH_TESTS, HEAVY_PAPERS, CARES_FOR_STUDENTS, HEAVY_ASSIGNMENTS, RESPECTED, PARTICIPATION, HEAVY_READING, TOUGH_GRADER, HILARIOUS, WOULD_TAKE_AGAIN, GOOD_LECTURE, NO_SKIP)
Table: GSI(course_offering_id, student_id)
Table: INSTRUCTOR(INSTRUCTOR_ID, NAME, UNIQNAME)
Table: OFFERING_INSTRUCTOR(OFFERING_INSTRUCTOR_ID, OFFERING_ID, INSTRUCTOR_ID)
Table: PROGRAM(program_id, name, college, introduction)
Table: PROGRAM_COURSE(program_id, course_id, workload, category)
Table: PROGRAM_REQUIREMENT(program_id, category, min_credit, additional_req)
Table: SEMESTER(semester_id, semester, year)
Table: STUDENT(student_id, lastname, firstname, program_id, declare_major, total_credit, total_gpa, entered_as, admit_term, predicted_graduation_semester, degree, minor, internship)
Table: STUDENT_RECORD(student_id, course_id, semester, grade, how, transfer_source, earn_credit, repeat_term, test_id, offering_id)

Example:
Question: what courses are related to artificial intelligence
SQL: SELECT DISTINCT c.NAME FROM COURSE c JOIN AREA a ON c.COURSE_ID = a.COURSE_ID WHERE a.AREA LIKE '%artificial intelligence%';"
advising,hard,Prof. Arus Harutyunyan has taught 753 how many times ?,"SELECT COUNT( * ) FROM COURSE AS COURSEalias0 , COURSE_OFFERING AS COURSE_OFFERINGalias0 , INSTRUCTOR AS INSTRUCTORalias0 , OFFERING_INSTRUCTOR AS OFFERING_INSTRUCTORalias0 WHERE COURSEalias0.COURSE_ID = COURSE_OFFERINGalias0.COURSE_ID AND COURSEalias0.NUMBER = 753 AND INSTRUCTORalias0.NAME LIKE ""%Arus Harutyunyan%"" AND OFFERING_INSTRUCTORalias0.INSTRUCTOR_ID = INSTRUCTORalias0.INSTRUCTOR_ID AND OFFERING_INSTRUCTORalias0.OFFERING_ID = COURSE_OFFERINGalias0.OFFERING_ID ;","Table: AREA(course_id, area)
Table: COMMENT_INSTRUCTOR(instructor_id, student_id, score, comment_text)
Table: COURSE(COURSE_ID, NAME, DEPARTMENT, NUMBER, CREDITS, ADVISORY_REQUIREMENT, ENFORCED_REQUIREMENT, DESCRIPTION, NUM_SEMESTERS, NUM_ENROLLED, HAS_DISCUSSION, HAS_LAB, HAS_PROJECTS, HAS_EXAMS, NUM_REVIEWS, CLARITY_SCORE, EASINESS_SCORE, HELPFULNESS_SCORE)
Table: COURSE_OFFERING(OFFERING_ID, COURSE_ID, SEMESTER, SECTION_NUMBER, START_TIME, END_TIME, MONDAY, TUESDAY, WEDNESDAY, THURSDAY, FRIDAY, SATURDAY, SUNDAY, HAS_FINAL_PROJECT, HAS_FINAL_EXAM, TEXTBOOK, CLASS_ADDRESS, ALLOW_AUDIT)
Table: COURSE_PREREQUISITE(pre_course_id, course_id)
Table: COURSE_TAGS_COUNT(COURSE_ID, CLEAR_GRADING, POP_QUIZ, GROUP_PROJECTS, INSPIRATIONAL, LONG_LECTURES, EXTRA_CREDIT, FEW_TESTS, GOOD_FEEDBACK, TOUGH_TESTS, HEAVY_PAPERS, CARES_FOR_STUDENTS, HEAVY_ASSIGNMENTS, RESPECTED, PARTICIPATION, HEAVY_READING, TOUGH_GRADER, HILARIOUS, WOULD_TAKE_AGAIN, GOOD_LECTURE, NO_SKIP)
Table: GSI(course_offering_id, student_id)
Table: INSTRUCTOR(INSTRUCTOR_ID, NAME, UNIQNAME)
Table: OFFERING_INSTRUCTOR(OFFERING_INSTRUCTOR_ID, OFFERING_ID, INSTRUCTOR_ID)
Table: PROGRAM(program_id, name, college, introduction)
Table: PROGRAM_COURSE(program_id, course_id, workload, category)
Table: PROGRAM_REQUIREMENT(program_id, category, min_credit, additional_req)
Table: SEMESTER(semester_id, semester, year)
Table: STUDENT(student_id, lastname, firstname, program_id, declare_major, total_credit, total_gpa, entered_as, admit_term, predicted_graduation_semester, degree, minor, internship)
Table: STUDENT_RECORD(student_id, course_id, semester, grade, how, transfer_source, earn_credit, repeat_term, test_id, offering_id)

Example:
Question: what courses are related to artificial intelligence
SQL: SELECT DISTINCT c.NAME FROM COURSE c JOIN AREA a ON c.COURSE_ID = a.COURSE_ID WHERE a.AREA LIKE '%artificial intelligence%';"
advising,hard,Which teachers have not taught ENVIRON 479 ?,"SELECT DISTINCT INSTRUCTORalias0.NAME FROM INSTRUCTOR AS INSTRUCTORalias0 WHERE INSTRUCTORalias0.NAME NOT IN ( SELECT INSTRUCTORalias1.NAME FROM COURSE AS COURSEalias0 INNER JOIN COURSE_OFFERING AS COURSE_OFFERINGalias0 ON COURSEalias0.COURSE_ID = COURSE_OFFERINGalias0.COURSE_ID INNER JOIN OFFERING_INSTRUCTOR AS OFFERING_INSTRUCTORalias0 ON OFFERING_INSTRUCTORalias0.OFFERING_ID = COURSE_OFFERINGalias0.OFFERING_ID INNER JOIN INSTRUCTOR AS INSTRUCTORalias1 ON OFFERING_INSTRUCTORalias0.INSTRUCTOR_ID = INSTRUCTORalias1.INSTRUCTOR_ID WHERE COURSEalias0.DEPARTMENT = ""ENVIRON"" AND COURSEalias0.NUMBER = 479 ) ;","Table: AREA(course_id, area)
Table: COMMENT_INSTRUCTOR(instructor_id, student_id, score, comment_text)
Table: COURSE(COURSE_ID, NAME, DEPARTMENT, NUMBER, CREDITS, ADVISORY_REQUIREMENT, ENFORCED_REQUIREMENT, DESCRIPTION, NUM_SEMESTERS, NUM_ENROLLED, HAS_DISCUSSION, HAS_LAB, HAS_PROJECTS, HAS_EXAMS, NUM_REVIEWS, CLARITY_SCORE, EASINESS_SCORE, HELPFULNESS_SCORE)
Table: COURSE_OFFERING(OFFERING_ID, COURSE_ID, SEMESTER, SECTION_NUMBER, START_TIME, END_TIME, MONDAY, TUESDAY, WEDNESDAY, THURSDAY, FRIDAY, SATURDAY, SUNDAY, HAS_FINAL_PROJECT, HAS_FINAL_EXAM, TEXTBOOK, CLASS_ADDRESS, ALLOW_AUDIT)
Table: COURSE_PREREQUISITE(pre_course_id, course_id)
Table: COURSE_TAGS_COUNT(COURSE_ID, CLEAR_GRADING, POP_QUIZ, GROUP_PROJECTS, INSPIRATIONAL, LONG_LECTURES, EXTRA_CREDIT, FEW_TESTS, GOOD_FEEDBACK, TOUGH_TESTS, HEAVY_PAPERS, CARES_FOR_STUDENTS, HEAVY_ASSIGNMENTS, RESPECTED, PARTICIPATION, HEAVY_READING, TOUGH_GRADER, HILARIOUS, WOULD_TAKE_AGAIN, GOOD_LECTURE, NO_SKIP)
Table: GSI(course_offering_id, student_id)
Table: INSTRUCTOR(INSTRUCTOR_ID, NAME, UNIQNAME)
Table: OFFERING_INSTRUCTOR(OFFERING_INSTRUCTOR_ID, OFFERING_ID, INSTRUCTOR_ID)
Table: PROGRAM(program_id, name, college, introduction)
Table: PROGRAM_COURSE(program_id, course_id, workload, category)
Table: PROGRAM_REQUIREMENT(program_id, category, min_credit, additional_req)
Table: SEMESTER(semester_id, semester, year)
Table: STUDENT(student_id, lastname, firstname, program_id, declare_major, total_credit, total_gpa, entered_as, admit_term, predicted_graduation_semester, degree, minor, internship)
Table: STUDENT_RECORD(student_id, course_id, semester, grade, how, transfer_source, earn_credit, repeat_term, test_id, offering_id)

Example:
Question: what courses are related to artificial intelligence
SQL: SELECT DISTINCT c.NAME FROM COURSE c JOIN AREA a ON c.COURSE_ID = a.COURSE_ID WHERE a.AREA LIKE '%artificial intelligence%';"
advising,hard,When Prof. Anne Greenberg teaches 663 are there classes on Friday ?,"SELECT COUNT( * ) = 0 FROM COURSE AS COURSEalias0 INNER JOIN COURSE_OFFERING AS COURSE_OFFERINGalias0 ON COURSEalias0.COURSE_ID = COURSE_OFFERINGalias0.COURSE_ID INNER JOIN OFFERING_INSTRUCTOR AS OFFERING_INSTRUCTORalias0 ON OFFERING_INSTRUCTORalias0.OFFERING_ID = COURSE_OFFERINGalias0.OFFERING_ID INNER JOIN INSTRUCTOR AS INSTRUCTORalias0 ON OFFERING_INSTRUCTORalias0.INSTRUCTOR_ID = INSTRUCTORalias0.INSTRUCTOR_ID WHERE COURSEalias0.NUMBER = 663 AND COURSE_OFFERINGalias0.FRIDAY = ""N"" AND INSTRUCTORalias0.NAME LIKE ""%Anne Greenberg%"" ;","Table: AREA(course_id, area)
Table: COMMENT_INSTRUCTOR(instructor_id, student_id, score, comment_text)
Table: COURSE(COURSE_ID, NAME, DEPARTMENT, NUMBER, CREDITS, ADVISORY_REQUIREMENT, ENFORCED_REQUIREMENT, DESCRIPTION, NUM_SEMESTERS, NUM_ENROLLED, HAS_DISCUSSION, HAS_LAB, HAS_PROJECTS, HAS_EXAMS, NUM_REVIEWS, CLARITY_SCORE, EASINESS_SCORE, HELPFULNESS_SCORE)
Table: COURSE_OFFERING(OFFERING_ID, COURSE_ID, SEMESTER, SECTION_NUMBER, START_TIME, END_TIME, MONDAY, TUESDAY, WEDNESDAY, THURSDAY, FRIDAY, SATURDAY, SUNDAY, HAS_FINAL_PROJECT, HAS_FINAL_EXAM, TEXTBOOK, CLASS_ADDRESS, ALLOW_AUDIT)
Table: COURSE_PREREQUISITE(pre_course_id, course_id)
Table: COURSE_TAGS_COUNT(COURSE_ID, CLEAR_GRADING, POP_QUIZ, GROUP_PROJECTS, INSPIRATIONAL, LONG_LECTURES, EXTRA_CREDIT, FEW_TESTS, GOOD_FEEDBACK, TOUGH_TESTS, HEAVY_PAPERS, CARES_FOR_STUDENTS, HEAVY_ASSIGNMENTS, RESPECTED, PARTICIPATION, HEAVY_READING, TOUGH_GRADER, HILARIOUS, WOULD_TAKE_AGAIN, GOOD_LECTURE, NO_SKIP)
Table: GSI(course_offering_id, student_id)
Table: INSTRUCTOR(INSTRUCTOR_ID, NAME, UNIQNAME)
Table: OFFERING_INSTRUCTOR(OFFERING_INSTRUCTOR_ID, OFFERING_ID, INSTRUCTOR_ID)
Table: PROGRAM(program_id, name, college, introduction)
Table: PROGRAM_COURSE(program_id, course_id, workload, category)
Table: PROGRAM_REQUIREMENT(program_id, category, min_credit, additional_req)
Table: SEMESTER(semester_id, semester, year)
Table: STUDENT(student_id, lastname, firstname, program_id, declare_major, total_credit, total_gpa, entered_as, admit_term, predicted_graduation_semester, degree, minor, internship)
Table: STUDENT_RECORD(student_id, course_id, semester, grade, how, transfer_source, earn_credit, repeat_term, test_id, offering_id)

Example:
Question: what courses are related to artificial intelligence
SQL: SELECT DISTINCT c.NAME FROM COURSE c JOIN AREA a ON c.COURSE_ID = a.COURSE_ID WHERE a.AREA LIKE '%artificial intelligence%';"
advising,hard,Are there any 400 -level courses in the Fall or Winter term that I can take ?,"SELECT DISTINCT COURSEalias0.DEPARTMENT , COURSEalias0.NAME , COURSEalias0.NUMBER , SEMESTERalias0.SEMESTER FROM ( SELECT STUDENT_RECORDalias0.COURSE_ID FROM STUDENT_RECORD AS STUDENT_RECORDalias0 WHERE STUDENT_RECORDalias0.EARN_CREDIT = ""Y"" AND STUDENT_RECORDalias0.STUDENT_ID = 1 ) AS DERIVED_TABLEalias0 , COURSE AS COURSEalias0 , COURSE_OFFERING AS COURSE_OFFERINGalias0 , SEMESTER AS SEMESTERalias0 WHERE ( ( SEMESTERalias0.SEMESTER = ""FA"" AND SEMESTERalias0.YEAR = 2016 ) OR ( SEMESTERalias0.SEMESTER = ""WN"" AND SEMESTERalias0.YEAR = 2017 ) ) AND COURSEalias0.COURSE_ID = COURSE_OFFERINGalias0.COURSE_ID AND COURSEalias0.COURSE_ID NOT IN ( DERIVED_TABLEalias0.COURSE_ID ) AND COURSEalias0.COURSE_ID NOT IN ( SELECT DISTINCT COURSE_PREREQUISITEalias0.COURSE_ID FROM COURSE_PREREQUISITE AS COURSE_PREREQUISITEalias0 WHERE COURSE_PREREQUISITEalias0.PRE_COURSE_ID NOT IN ( DERIVED_TABLEalias0.COURSE_ID ) ) AND COURSEalias0.DEPARTMENT = """" AND COURSEalias0.NUMBER BETWEEN 400 AND 400 + 100 AND SEMESTERalias0.SEMESTER_ID = COURSE_OFFERINGalias0.SEMESTER ;","Table: AREA(course_id, area)
Table: COMMENT_INSTRUCTOR(instructor_id, student_id, score, comment_text)
Table: COURSE(COURSE_ID, NAME, DEPARTMENT, NUMBER, CREDITS, ADVISORY_REQUIREMENT, ENFORCED_REQUIREMENT, DESCRIPTION, NUM_SEMESTERS, NUM_ENROLLED, HAS_DISCUSSION, HAS_LAB, HAS_PROJECTS, HAS_EXAMS, NUM_REVIEWS, CLARITY_SCORE, EASINESS_SCORE, HELPFULNESS_SCORE)
Table: COURSE_OFFERING(OFFERING_ID, COURSE_ID, SEMESTER, SECTION_NUMBER, START_TIME, END_TIME, MONDAY, TUESDAY, WEDNESDAY, THURSDAY, FRIDAY, SATURDAY, SUNDAY, HAS_FINAL_PROJECT, HAS_FINAL_EXAM, TEXTBOOK, CLASS_ADDRESS, ALLOW_AUDIT)
Table: COURSE_PREREQUISITE(pre_course_id, course_id)
Table: COURSE_TAGS_COUNT(COURSE_ID, CLEAR_GRADING, POP_QUIZ, GROUP_PROJECTS, INSPIRATIONAL, LONG_LECTURES, EXTRA_CREDIT, FEW_TESTS, GOOD_FEEDBACK, TOUGH_TESTS, HEAVY_PAPERS, CARES_FOR_STUDENTS, HEAVY_ASSIGNMENTS, RESPECTED, PARTICIPATION, HEAVY_READING, TOUGH_GRADER, HILARIOUS, WOULD_TAKE_AGAIN, GOOD_LECTURE, NO_SKIP)
Table: GSI(course_offering_id, student_id)
Table: INSTRUCTOR(INSTRUCTOR_ID, NAME, UNIQNAME)
Table: OFFERING_INSTRUCTOR(OFFERING_INSTRUCTOR_ID, OFFERING_ID, INSTRUCTOR_ID)
Table: PROGRAM(program_id, name, college, introduction)
Table: PROGRAM_COURSE(program_id, course_id, workload, category)
Table: PROGRAM_REQUIREMENT(program_id, category, min_credit, additional_req)
Table: SEMESTER(semester_id, semester, year)
Table: STUDENT(student_id, lastname, firstname, program_id, declare_major, total_credit, total_gpa, entered_as, admit_term, predicted_graduation_semester, degree, minor, internship)
Table: STUDENT_RECORD(student_id, course_id, semester, grade, how, transfer_source, earn_credit, repeat_term, test_id, offering_id)

Example:
Question: what courses are related to artificial intelligence
SQL: SELECT DISTINCT c.NAME FROM COURSE c JOIN AREA a ON c.COURSE_ID = a.COURSE_ID WHERE a.AREA LIKE '%artificial intelligence%';"
advising,hard,"Before I take CSP 100 , which other courses must I complete ?","SELECT DISTINCT COURSEalias0.DEPARTMENT , COURSEalias0.NAME , COURSEalias0.NUMBER FROM COURSE AS COURSEalias0 , COURSE AS COURSEalias1 , COURSE_PREREQUISITE AS COURSE_PREREQUISITEalias0 WHERE COURSEalias0.COURSE_ID = COURSE_PREREQUISITEalias0.PRE_COURSE_ID AND COURSEalias0.COURSE_ID NOT IN ( SELECT STUDENT_RECORDalias0.COURSE_ID FROM STUDENT_RECORD AS STUDENT_RECORDalias0 WHERE STUDENT_RECORDalias0.STUDENT_ID = 1 ) AND COURSEalias1.COURSE_ID = COURSE_PREREQUISITEalias0.COURSE_ID AND COURSEalias1.DEPARTMENT = ""CSP"" AND COURSEalias1.NUMBER = 100 ;","Table: AREA(course_id, area)
Table: COMMENT_INSTRUCTOR(instructor_id, student_id, score, comment_text)
Table: COURSE(COURSE_ID, NAME, DEPARTMENT, NUMBER, CREDITS, ADVISORY_REQUIREMENT, ENFORCED_REQUIREMENT, DESCRIPTION, NUM_SEMESTERS, NUM_ENROLLED, HAS_DISCUSSION, HAS_LAB, HAS_PROJECTS, HAS_EXAMS, NUM_REVIEWS, CLARITY_SCORE, EASINESS_SCORE, HELPFULNESS_SCORE)
Table: COURSE_OFFERING(OFFERING_ID, COURSE_ID, SEMESTER, SECTION_NUMBER, START_TIME, END_TIME, MONDAY, TUESDAY, WEDNESDAY, THURSDAY, FRIDAY, SATURDAY, SUNDAY, HAS_FINAL_PROJECT, HAS_FINAL_EXAM, TEXTBOOK, CLASS_ADDRESS, ALLOW_AUDIT)
Table: COURSE_PREREQUISITE(pre_course_id, course_id)
Table: COURSE_TAGS_COUNT(COURSE_ID, CLEAR_GRADING, POP_QUIZ, GROUP_PROJECTS, INSPIRATIONAL, LONG_LECTURES, EXTRA_CREDIT, FEW_TESTS, GOOD_FEEDBACK, TOUGH_TESTS, HEAVY_PAPERS, CARES_FOR_STUDENTS, HEAVY_ASSIGNMENTS, RESPECTED, PARTICIPATION, HEAVY_READING, TOUGH_GRADER, HILARIOUS, WOULD_TAKE_AGAIN, GOOD_LECTURE, NO_SKIP)
Table: GSI(course_offering_id, student_id)
Table: INSTRUCTOR(INSTRUCTOR_ID, NAME, UNIQNAME)
Table: OFFERING_INSTRUCTOR(OFFERING_INSTRUCTOR_ID, OFFERING_ID, INSTRUCTOR_ID)
Table: PROGRAM(program_id, name, college, introduction)
Table: PROGRAM_COURSE(program_id, course_id, workload, category)
Table: PROGRAM_REQUIREMENT(program_id, category, min_credit, additional_req)
Table: SEMESTER(semester_id, semester, year)
Table: STUDENT(student_id, lastname, firstname, program_id, declare_major, total_credit, total_gpa, entered_as, admit_term, predicted_graduation_semester, degree, minor, internship)
Table: STUDENT_RECORD(student_id, course_id, semester, grade, how, transfer_source, earn_credit, repeat_term, test_id, offering_id)

Example:
Question: what courses are related to artificial intelligence
SQL: SELECT DISTINCT c.NAME FROM COURSE c JOIN AREA a ON c.COURSE_ID = a.COURSE_ID WHERE a.AREA LIKE '%artificial intelligence%';"
advising,hard,In the Fall which upper level SW classes will there be ?,"SELECT DISTINCT COURSEalias0.DEPARTMENT , COURSEalias0.NAME , COURSEalias0.NUMBER FROM COURSE AS COURSEalias0 , COURSE_OFFERING AS COURSE_OFFERINGalias0 , PROGRAM_COURSE AS PROGRAM_COURSEalias0 , SEMESTER AS SEMESTERalias0 WHERE COURSEalias0.COURSE_ID = COURSE_OFFERINGalias0.COURSE_ID AND COURSEalias0.DEPARTMENT = ""SW"" AND PROGRAM_COURSEalias0.CATEGORY LIKE ""%ULCS%"" AND PROGRAM_COURSEalias0.COURSE_ID = COURSEalias0.COURSE_ID AND SEMESTERalias0.SEMESTER = ""Fall"" AND SEMESTERalias0.SEMESTER_ID = COURSE_OFFERINGalias0.SEMESTER AND SEMESTERalias0.YEAR = 2016 ;","Table: AREA(course_id, area)
Table: COMMENT_INSTRUCTOR(instructor_id, student_id, score, comment_text)
Table: COURSE(COURSE_ID, NAME, DEPARTMENT, NUMBER, CREDITS, ADVISORY_REQUIREMENT, ENFORCED_REQUIREMENT, DESCRIPTION, NUM_SEMESTERS, NUM_ENROLLED, HAS_DISCUSSION, HAS_LAB, HAS_PROJECTS, HAS_EXAMS, NUM_REVIEWS, CLARITY_SCORE, EASINESS_SCORE, HELPFULNESS_SCORE)
Table: COURSE_OFFERING(OFFERING_ID, COURSE_ID, SEMESTER, SECTION_NUMBER, START_TIME, END_TIME, MONDAY, TUESDAY, WEDNESDAY, THURSDAY, FRIDAY, SATURDAY, SUNDAY, HAS_FINAL_PROJECT, HAS_FINAL_EXAM, TEXTBOOK, CLASS_ADDRESS, ALLOW_AUDIT)
Table: COURSE_PREREQUISITE(pre_course_id, course_id)
Table: COURSE_TAGS_COUNT(COURSE_ID, CLEAR_GRADING, POP_QUIZ, GROUP_PROJECTS, INSPIRATIONAL, LONG_LECTURES, EXTRA_CREDIT, FEW_TESTS, GOOD_FEEDBACK, TOUGH_TESTS, HEAVY_PAPERS, CARES_FOR_STUDENTS, HEAVY_ASSIGNMENTS, RESPECTED, PARTICIPATION, HEAVY_READING, TOUGH_GRADER, HILARIOUS, WOULD_TAKE_AGAIN, GOOD_LECTURE, NO_SKIP)
Table: GSI(course_offering_id, student_id)
Table: INSTRUCTOR(INSTRUCTOR_ID, NAME, UNIQNAME)
Table: OFFERING_INSTRUCTOR(OFFERING_INSTRUCTOR_ID, OFFERING_ID, INSTRUCTOR_ID)
Table: PROGRAM(program_id, name, college, introduction)
Table: PROGRAM_COURSE(program_id, course_id, workload, category)
Table: PROGRAM_REQUIREMENT(program_id, category, min_credit, additional_req)
Table: SEMESTER(semester_id, semester, year)
Table: STUDENT(student_id, lastname, firstname, program_id, declare_major, total_credit, total_gpa, entered_as, admit_term, predicted_graduation_semester, degree, minor, internship)
Table: STUDENT_RECORD(student_id, course_id, semester, grade, how, transfer_source, earn_credit, repeat_term, test_id, offering_id)

Example:
Question: what courses are related to artificial intelligence
SQL: SELECT DISTINCT c.NAME FROM COURSE c JOIN AREA a ON c.COURSE_ID = a.COURSE_ID WHERE a.AREA LIKE '%artificial intelligence%';"
advising,hard,Class 746 has been taught by Prof. Beth Wilensky how many times ?,"SELECT COUNT( * ) FROM COURSE AS COURSEalias0 , COURSE_OFFERING AS COURSE_OFFERINGalias0 , INSTRUCTOR AS INSTRUCTORalias0 , OFFERING_INSTRUCTOR AS OFFERING_INSTRUCTORalias0 WHERE COURSEalias0.COURSE_ID = COURSE_OFFERINGalias0.COURSE_ID AND COURSEalias0.NUMBER = 746 AND INSTRUCTORalias0.NAME LIKE ""%Beth Wilensky%"" AND OFFERING_INSTRUCTORalias0.INSTRUCTOR_ID = INSTRUCTORalias0.INSTRUCTOR_ID AND OFFERING_INSTRUCTORalias0.OFFERING_ID = COURSE_OFFERINGalias0.OFFERING_ID ;","Table: AREA(course_id, area)
Table: COMMENT_INSTRUCTOR(instructor_id, student_id, score, comment_text)
Table: COURSE(COURSE_ID, NAME, DEPARTMENT, NUMBER, CREDITS, ADVISORY_REQUIREMENT, ENFORCED_REQUIREMENT, DESCRIPTION, NUM_SEMESTERS, NUM_ENROLLED, HAS_DISCUSSION, HAS_LAB, HAS_PROJECTS, HAS_EXAMS, NUM_REVIEWS, CLARITY_SCORE, EASINESS_SCORE, HELPFULNESS_SCORE)
Table: COURSE_OFFERING(OFFERING_ID, COURSE_ID, SEMESTER, SECTION_NUMBER, START_TIME, END_TIME, MONDAY, TUESDAY, WEDNESDAY, THURSDAY, FRIDAY, SATURDAY, SUNDAY, HAS_FINAL_PROJECT, HAS_FINAL_EXAM, TEXTBOOK, CLASS_ADDRESS, ALLOW_AUDIT)
Table: COURSE_PREREQUISITE(pre_course_id, course_id)
Table: COURSE_TAGS_COUNT(COURSE_ID, CLEAR_GRADING, POP_QUIZ, GROUP_PROJECTS, INSPIRATIONAL, LONG_LECTURES, EXTRA_CREDIT, FEW_TESTS, GOOD_FEEDBACK, TOUGH_TESTS, HEAVY_PAPERS, CARES_FOR_STUDENTS, HEAVY_ASSIGNMENTS, RESPECTED, PARTICIPATION, HEAVY_READING, TOUGH_GRADER, HILARIOUS, WOULD_TAKE_AGAIN, GOOD_LECTURE, NO_SKIP)
Table: GSI(course_offering_id, student_id)
Table: INSTRUCTOR(INSTRUCTOR_ID, NAME, UNIQNAME)
Table: OFFERING_INSTRUCTOR(OFFERING_INSTRUCTOR_ID, OFFERING_ID, INSTRUCTOR_ID)
Table: PROGRAM(program_id, name, college, introduction)
Table: PROGRAM_COURSE(program_id, course_id, workload, category)
Table: PROGRAM_REQUIREMENT(program_id, category, min_credit, additional_req)
Table: SEMESTER(semester_id, semester, year)
Table: STUDENT(student_id, lastname, firstname, program_id, declare_major, total_credit, total_gpa, entered_as, admit_term, predicted_graduation_semester, degree, minor, internship)
Table: STUDENT_RECORD(student_id, course_id, semester, grade, how, transfer_source, earn_credit, repeat_term, test_id, offering_id)

Example:
Question: what courses are related to artificial intelligence
SQL: SELECT DISTINCT c.NAME FROM COURSE c JOIN AREA a ON c.COURSE_ID = a.COURSE_ID WHERE a.AREA LIKE '%artificial intelligence%';"
advising,hard,"For RESTORA 868 , how many sections are after 10 A.M. ?","SELECT COUNT( * ) FROM COURSE AS COURSEalias0 , COURSE_OFFERING AS COURSE_OFFERINGalias0 , SEMESTER AS SEMESTERalias0 WHERE COURSE_OFFERINGalias0.START_TIME > ""10:00:00"" AND COURSEalias0.COURSE_ID = COURSE_OFFERINGalias0.COURSE_ID AND COURSEalias0.DEPARTMENT = ""RESTORA"" AND COURSEalias0.NUMBER = 868 AND SEMESTERalias0.SEMESTER = ""WN"" AND SEMESTERalias0.SEMESTER_ID = COURSE_OFFERINGalias0.SEMESTER AND SEMESTERalias0.YEAR = 2016 ;","Table: AREA(course_id, area)
Table: COMMENT_INSTRUCTOR(instructor_id, student_id, score, comment_text)
Table: COURSE(COURSE_ID, NAME, DEPARTMENT, NUMBER, CREDITS, ADVISORY_REQUIREMENT, ENFORCED_REQUIREMENT, DESCRIPTION, NUM_SEMESTERS, NUM_ENROLLED, HAS_DISCUSSION, HAS_LAB, HAS_PROJECTS, HAS_EXAMS, NUM_REVIEWS, CLARITY_SCORE, EASINESS_SCORE, HELPFULNESS_SCORE)
Table: COURSE_OFFERING(OFFERING_ID, COURSE_ID, SEMESTER, SECTION_NUMBER, START_TIME, END_TIME, MONDAY, TUESDAY, WEDNESDAY, THURSDAY, FRIDAY, SATURDAY, SUNDAY, HAS_FINAL_PROJECT, HAS_FINAL_EXAM, TEXTBOOK, CLASS_ADDRESS, ALLOW_AUDIT)
Table: COURSE_PREREQUISITE(pre_course_id, course_id)
Table: COURSE_TAGS_COUNT(COURSE_ID, CLEAR_GRADING, POP_QUIZ, GROUP_PROJECTS, INSPIRATIONAL, LONG_LECTURES, EXTRA_CREDIT, FEW_TESTS, GOOD_FEEDBACK, TOUGH_TESTS, HEAVY_PAPERS, CARES_FOR_STUDENTS, HEAVY_ASSIGNMENTS, RESPECTED, PARTICIPATION, HEAVY_READING, TOUGH_GRADER, HILARIOUS, WOULD_TAKE_AGAIN, GOOD_LECTURE, NO_SKIP)
Table: GSI(course_offering_id, student_id)
Table: INSTRUCTOR(INSTRUCTOR_ID, NAME, UNIQNAME)
Table: OFFERING_INSTRUCTOR(OFFERING_INSTRUCTOR_ID, OFFERING_ID, INSTRUCTOR_ID)
Table: PROGRAM(program_id, name, college, introduction)
Table: PROGRAM_COURSE(program_id, course_id, workload, category)
Table: PROGRAM_REQUIREMENT(program_id, category, min_credit, additional_req)
Table: SEMESTER(semester_id, semester, year)
Table: STUDENT(student_id, lastname, firstname, program_id, declare_major, total_credit, total_gpa, entered_as, admit_term, predicted_graduation_semester, degree, minor, internship)
Table: STUDENT_RECORD(student_id, course_id, semester, grade, how, transfer_source, earn_credit, repeat_term, test_id, offering_id)

Example:
Question: what courses are related to artificial intelligence
SQL: SELECT DISTINCT c.NAME FROM COURSE c JOIN AREA a ON c.COURSE_ID = a.COURSE_ID WHERE a.AREA LIKE '%artificial intelligence%';"
advising,hard,"For 200 -level classes in the Spring and Summer term , how many are offered ?","SELECT COUNT( DISTINCT COURSEalias0.COURSE_ID , SEMESTERalias0.SEMESTER ) FROM COURSE AS COURSEalias0 , COURSE_OFFERING AS COURSE_OFFERINGalias0 , SEMESTER AS SEMESTERalias0 WHERE COURSEalias0.COURSE_ID = COURSE_OFFERINGalias0.COURSE_ID AND COURSEalias0.DEPARTMENT = ""department0"" AND COURSEalias0.NUMBER BETWEEN 200 AND 200 + 100 AND SEMESTERalias0.SEMESTER IN ( ""SP"" , ""SS"" , ""SU"" ) AND SEMESTERalias0.SEMESTER_ID = COURSE_OFFERINGalias0.SEMESTER AND SEMESTERalias0.YEAR = 2016 ;","Table: AREA(course_id, area)
Table: COMMENT_INSTRUCTOR(instructor_id, student_id, score, comment_text)
Table: COURSE(COURSE_ID, NAME, DEPARTMENT, NUMBER, CREDITS, ADVISORY_REQUIREMENT, ENFORCED_REQUIREMENT, DESCRIPTION, NUM_SEMESTERS, NUM_ENROLLED, HAS_DISCUSSION, HAS_LAB, HAS_PROJECTS, HAS_EXAMS, NUM_REVIEWS, CLARITY_SCORE, EASINESS_SCORE, HELPFULNESS_SCORE)
Table: COURSE_OFFERING(OFFERING_ID, COURSE_ID, SEMESTER, SECTION_NUMBER, START_TIME, END_TIME, MONDAY, TUESDAY, WEDNESDAY, THURSDAY, FRIDAY, SATURDAY, SUNDAY, HAS_FINAL_PROJECT, HAS_FINAL_EXAM, TEXTBOOK, CLASS_ADDRESS, ALLOW_AUDIT)
Table: COURSE_PREREQUISITE(pre_course_id, course_id)
Table: COURSE_TAGS_COUNT(COURSE_ID, CLEAR_GRADING, POP_QUIZ, GROUP_PROJECTS, INSPIRATIONAL, LONG_LECTURES, EXTRA_CREDIT, FEW_TESTS, GOOD_FEEDBACK, TOUGH_TESTS, HEAVY_PAPERS, CARES_FOR_STUDENTS, HEAVY_ASSIGNMENTS, RESPECTED, PARTICIPATION, HEAVY_READING, TOUGH_GRADER, HILARIOUS, WOULD_TAKE_AGAIN, GOOD_LECTURE, NO_SKIP)
Table: GSI(course_offering_id, student_id)
Table: INSTRUCTOR(INSTRUCTOR_ID, NAME, UNIQNAME)
Table: OFFERING_INSTRUCTOR(OFFERING_INSTRUCTOR_ID, OFFERING_ID, INSTRUCTOR_ID)
Table: PROGRAM(program_id, name, college, introduction)
Table: PROGRAM_COURSE(program_id, course_id, workload, category)
Table: PROGRAM_REQUIREMENT(program_id, category, min_credit, additional_req)
Table: SEMESTER(semester_id, semester, year)
Table: STUDENT(student_id, lastname, firstname, program_id, declare_major, total_credit, total_gpa, entered_as, admit_term, predicted_graduation_semester, degree, minor, internship)
Table: STUDENT_RECORD(student_id, course_id, semester, grade, how, transfer_source, earn_credit, repeat_term, test_id, offering_id)

Example:
Question: what courses are related to artificial intelligence
SQL: SELECT DISTINCT c.NAME FROM COURSE c JOIN AREA a ON c.COURSE_ID = a.COURSE_ID WHERE a.AREA LIKE '%artificial intelligence%';"
advising,hard,In the Fall and Winter term how many classes offered are 100 -level classes ?,"SELECT COUNT( DISTINCT COURSEalias0.DEPARTMENT , COURSEalias0.NAME , COURSEalias0.NUMBER , SEMESTERalias0.SEMESTER ) FROM COURSE AS COURSEalias0 , COURSE_OFFERING AS COURSE_OFFERINGalias0 , SEMESTER AS SEMESTERalias0 WHERE COURSEalias0.COURSE_ID = COURSE_OFFERINGalias0.COURSE_ID AND COURSEalias0.DEPARTMENT = ""department0"" AND COURSEalias0.NUMBER BETWEEN 100 AND 100 + 100 AND SEMESTERalias0.SEMESTER IN ( ""FA"" , ""WN"" ) AND SEMESTERalias0.SEMESTER_ID = COURSE_OFFERINGalias0.SEMESTER AND SEMESTERalias0.YEAR = 2016 ;","Table: AREA(course_id, area)
Table: COMMENT_INSTRUCTOR(instructor_id, student_id, score, comment_text)
Table: COURSE(COURSE_ID, NAME, DEPARTMENT, NUMBER, CREDITS, ADVISORY_REQUIREMENT, ENFORCED_REQUIREMENT, DESCRIPTION, NUM_SEMESTERS, NUM_ENROLLED, HAS_DISCUSSION, HAS_LAB, HAS_PROJECTS, HAS_EXAMS, NUM_REVIEWS, CLARITY_SCORE, EASINESS_SCORE, HELPFULNESS_SCORE)
Table: COURSE_OFFERING(OFFERING_ID, COURSE_ID, SEMESTER, SECTION_NUMBER, START_TIME, END_TIME, MONDAY, TUESDAY, WEDNESDAY, THURSDAY, FRIDAY, SATURDAY, SUNDAY, HAS_FINAL_PROJECT, HAS_FINAL_EXAM, TEXTBOOK, CLASS_ADDRESS, ALLOW_AUDIT)
Table: COURSE_PREREQUISITE(pre_course_id, course_id)
Table: COURSE_TAGS_COUNT(COURSE_ID, CLEAR_GRADING, POP_QUIZ, GROUP_PROJECTS, INSPIRATIONAL, LONG_LECTURES, EXTRA_CREDIT, FEW_TESTS, GOOD_FEEDBACK, TOUGH_TESTS, HEAVY_PAPERS, CARES_FOR_STUDENTS, HEAVY_ASSIGNMENTS, RESPECTED, PARTICIPATION, HEAVY_READING, TOUGH_GRADER, HILARIOUS, WOULD_TAKE_AGAIN, GOOD_LECTURE, NO_SKIP)
Table: GSI(course_offering_id, student_id)
Table: INSTRUCTOR(INSTRUCTOR_ID, NAME, UNIQNAME)
Table: OFFERING_INSTRUCTOR(OFFERING_INSTRUCTOR_ID, OFFERING_ID, INSTRUCTOR_ID)
Table: PROGRAM(program_id, name, college, introduction)
Table: PROGRAM_COURSE(program_id, course_id, workload, category)
Table: PROGRAM_REQUIREMENT(program_id, category, min_credit, additional_req)
Table: SEMESTER(semester_id, semester, year)
Table: STUDENT(student_id, lastname, firstname, program_id, declare_major, total_credit, total_gpa, entered_as, admit_term, predicted_graduation_semester, degree, minor, internship)
Table: STUDENT_RECORD(student_id, course_id, semester, grade, how, transfer_source, earn_credit, repeat_term, test_id, offering_id)

Example:
Question: what courses are related to artificial intelligence
SQL: SELECT DISTINCT c.NAME FROM COURSE c JOIN AREA a ON c.COURSE_ID = a.COURSE_ID WHERE a.AREA LIKE '%artificial intelligence%';"
advising,hard,During Spring semester what BA upper level classes are there ?,"SELECT DISTINCT COURSEalias0.DEPARTMENT , COURSEalias0.NAME , COURSEalias0.NUMBER FROM COURSE AS COURSEalias0 , COURSE_OFFERING AS COURSE_OFFERINGalias0 , PROGRAM_COURSE AS PROGRAM_COURSEalias0 , SEMESTER AS SEMESTERalias0 WHERE COURSEalias0.COURSE_ID = COURSE_OFFERINGalias0.COURSE_ID AND COURSEalias0.DEPARTMENT = ""BA"" AND PROGRAM_COURSEalias0.CATEGORY LIKE ""%ULCS%"" AND PROGRAM_COURSEalias0.COURSE_ID = COURSEalias0.COURSE_ID AND SEMESTERalias0.SEMESTER = ""Spring"" AND SEMESTERalias0.SEMESTER_ID = COURSE_OFFERINGalias0.SEMESTER AND SEMESTERalias0.YEAR = 2016 ;","Table: AREA(course_id, area)
Table: COMMENT_INSTRUCTOR(instructor_id, student_id, score, comment_text)
Table: COURSE(COURSE_ID, NAME, DEPARTMENT, NUMBER, CREDITS, ADVISORY_REQUIREMENT, ENFORCED_REQUIREMENT, DESCRIPTION, NUM_SEMESTERS, NUM_ENROLLED, HAS_DISCUSSION, HAS_LAB, HAS_PROJECTS, HAS_EXAMS, NUM_REVIEWS, CLARITY_SCORE, EASINESS_SCORE, HELPFULNESS_SCORE)
Table: COURSE_OFFERING(OFFERING_ID, COURSE_ID, SEMESTER, SECTION_NUMBER, START_TIME, END_TIME, MONDAY, TUESDAY, WEDNESDAY, THURSDAY, FRIDAY, SATURDAY, SUNDAY, HAS_FINAL_PROJECT, HAS_FINAL_EXAM, TEXTBOOK, CLASS_ADDRESS, ALLOW_AUDIT)
Table: COURSE_PREREQUISITE(pre_course_id, course_id)
Table: COURSE_TAGS_COUNT(COURSE_ID, CLEAR_GRADING, POP_QUIZ, GROUP_PROJECTS, INSPIRATIONAL, LONG_LECTURES, EXTRA_CREDIT, FEW_TESTS, GOOD_FEEDBACK, TOUGH_TESTS, HEAVY_PAPERS, CARES_FOR_STUDENTS, HEAVY_ASSIGNMENTS, RESPECTED, PARTICIPATION, HEAVY_READING, TOUGH_GRADER, HILARIOUS, WOULD_TAKE_AGAIN, GOOD_LECTURE, NO_SKIP)
Table: GSI(course_offering_id, student_id)
Table: INSTRUCTOR(INSTRUCTOR_ID, NAME, UNIQNAME)
Table: OFFERING_INSTRUCTOR(OFFERING_INSTRUCTOR_ID, OFFERING_ID, INSTRUCTOR_ID)
Table: PROGRAM(program_id, name, college, introduction)
Table: PROGRAM_COURSE(program_id, course_id, workload, category)
Table: PROGRAM_REQUIREMENT(program_id, category, min_credit, additional_req)
Table: SEMESTER(semester_id, semester, year)
Table: STUDENT(student_id, lastname, firstname, program_id, declare_major, total_credit, total_gpa, entered_as, admit_term, predicted_graduation_semester, degree, minor, internship)
Table: STUDENT_RECORD(student_id, course_id, semester, grade, how, transfer_source, earn_credit, repeat_term, test_id, offering_id)

Example:
Question: what courses are related to artificial intelligence
SQL: SELECT DISTINCT c.NAME FROM COURSE c JOIN AREA a ON c.COURSE_ID = a.COURSE_ID WHERE a.AREA LIKE '%artificial intelligence%';"
advising,hard,"This Spring-Summer ( 2000 ) , what courses does Prof. Ami Antonucci teach ?","SELECT DISTINCT COURSEalias0.DEPARTMENT , COURSEalias0.NAME , COURSEalias0.NUMBER FROM COURSE AS COURSEalias0 , COURSE_OFFERING AS COURSE_OFFERINGalias0 , INSTRUCTOR AS INSTRUCTORalias0 , OFFERING_INSTRUCTOR AS OFFERING_INSTRUCTORalias0 , SEMESTER AS SEMESTERalias0 WHERE COURSEalias0.COURSE_ID = COURSE_OFFERINGalias0.COURSE_ID AND INSTRUCTORalias0.NAME LIKE ""%Ami Antonucci%"" AND OFFERING_INSTRUCTORalias0.INSTRUCTOR_ID = INSTRUCTORalias0.INSTRUCTOR_ID AND OFFERING_INSTRUCTORalias0.OFFERING_ID = COURSE_OFFERINGalias0.OFFERING_ID AND SEMESTERalias0.SEMESTER = ""Spring-Summer"" AND SEMESTERalias0.SEMESTER_ID = COURSE_OFFERINGalias0.SEMESTER AND SEMESTERalias0.YEAR = 2000 ;","Table: AREA(course_id, area)
Table: COMMENT_INSTRUCTOR(instructor_id, student_id, score, comment_text)
Table: COURSE(COURSE_ID, NAME, DEPARTMENT, NUMBER, CREDITS, ADVISORY_REQUIREMENT, ENFORCED_REQUIREMENT, DESCRIPTION, NUM_SEMESTERS, NUM_ENROLLED, HAS_DISCUSSION, HAS_LAB, HAS_PROJECTS, HAS_EXAMS, NUM_REVIEWS, CLARITY_SCORE, EASINESS_SCORE, HELPFULNESS_SCORE)
Table: COURSE_OFFERING(OFFERING_ID, COURSE_ID, SEMESTER, SECTION_NUMBER, START_TIME, END_TIME, MONDAY, TUESDAY, WEDNESDAY, THURSDAY, FRIDAY, SATURDAY, SUNDAY, HAS_FINAL_PROJECT, HAS_FINAL_EXAM, TEXTBOOK, CLASS_ADDRESS, ALLOW_AUDIT)
Table: COURSE_PREREQUISITE(pre_course_id, course_id)
Table: COURSE_TAGS_COUNT(COURSE_ID, CLEAR_GRADING, POP_QUIZ, GROUP_PROJECTS, INSPIRATIONAL, LONG_LECTURES, EXTRA_CREDIT, FEW_TESTS, GOOD_FEEDBACK, TOUGH_TESTS, HEAVY_PAPERS, CARES_FOR_STUDENTS, HEAVY_ASSIGNMENTS, RESPECTED, PARTICIPATION, HEAVY_READING, TOUGH_GRADER, HILARIOUS, WOULD_TAKE_AGAIN, GOOD_LECTURE, NO_SKIP)
Table: GSI(course_offering_id, student_id)
Table: INSTRUCTOR(INSTRUCTOR_ID, NAME, UNIQNAME)
Table: OFFERING_INSTRUCTOR(OFFERING_INSTRUCTOR_ID, OFFERING_ID, INSTRUCTOR_ID)
Table: PROGRAM(program_id, name, college, introduction)
Table: PROGRAM_COURSE(program_id, course_id, workload, category)
Table: PROGRAM_REQUIREMENT(program_id, category, min_credit, additional_req)
Table: SEMESTER(semester_id, semester, year)
Table: STUDENT(student_id, lastname, firstname, program_id, declare_major, total_credit, total_gpa, entered_as, admit_term, predicted_graduation_semester, degree, minor, internship)
Table: STUDENT_RECORD(student_id, course_id, semester, grade, how, transfer_source, earn_credit, repeat_term, test_id, offering_id)

Example:
Question: what courses are related to artificial intelligence
SQL: SELECT DISTINCT c.NAME FROM COURSE c JOIN AREA a ON c.COURSE_ID = a.COURSE_ID WHERE a.AREA LIKE '%artificial intelligence%';"
advising,hard,Is the 498 Winter class being taught by Prof. Gino Knodel ?,"SELECT COUNT( * ) > 0 FROM COURSE AS COURSEalias0 , COURSE_OFFERING AS COURSE_OFFERINGalias0 , INSTRUCTOR AS INSTRUCTORalias0 , OFFERING_INSTRUCTOR AS OFFERING_INSTRUCTORalias0 , SEMESTER AS SEMESTERalias0 WHERE COURSEalias0.COURSE_ID = COURSE_OFFERINGalias0.COURSE_ID AND COURSEalias0.DEPARTMENT = """" AND COURSEalias0.NUMBER = 498 AND INSTRUCTORalias0.NAME LIKE ""%Gino Knodel%"" AND OFFERING_INSTRUCTORalias0.INSTRUCTOR_ID = INSTRUCTORalias0.INSTRUCTOR_ID AND OFFERING_INSTRUCTORalias0.OFFERING_ID = COURSE_OFFERINGalias0.OFFERING_ID AND SEMESTERalias0.SEMESTER = ""Winter"" AND SEMESTERalias0.SEMESTER_ID = COURSE_OFFERINGalias0.SEMESTER AND SEMESTERalias0.YEAR = 2017 ;","Table: AREA(course_id, area)
Table: COMMENT_INSTRUCTOR(instructor_id, student_id, score, comment_text)
Table: COURSE(COURSE_ID, NAME, DEPARTMENT, NUMBER, CREDITS, ADVISORY_REQUIREMENT, ENFORCED_REQUIREMENT, DESCRIPTION, NUM_SEMESTERS, NUM_ENROLLED, HAS_DISCUSSION, HAS_LAB, HAS_PROJECTS, HAS_EXAMS, NUM_REVIEWS, CLARITY_SCORE, EASINESS_SCORE, HELPFULNESS_SCORE)
Table: COURSE_OFFERING(OFFERING_ID, COURSE_ID, SEMESTER, SECTION_NUMBER, START_TIME, END_TIME, MONDAY, TUESDAY, WEDNESDAY, THURSDAY, FRIDAY, SATURDAY, SUNDAY, HAS_FINAL_PROJECT, HAS_FINAL_EXAM, TEXTBOOK, CLASS_ADDRESS, ALLOW_AUDIT)
Table: COURSE_PREREQUISITE(pre_course_id, course_id)
Table: COURSE_TAGS_COUNT(COURSE_ID, CLEAR_GRADING, POP_QUIZ, GROUP_PROJECTS, INSPIRATIONAL, LONG_LECTURES, EXTRA_CREDIT, FEW_TESTS, GOOD_FEEDBACK, TOUGH_TESTS, HEAVY_PAPERS, CARES_FOR_STUDENTS, HEAVY_ASSIGNMENTS, RESPECTED, PARTICIPATION, HEAVY_READING, TOUGH_GRADER, HILARIOUS, WOULD_TAKE_AGAIN, GOOD_LECTURE, NO_SKIP)
Table: GSI(course_offering_id, student_id)
Table: INSTRUCTOR(INSTRUCTOR_ID, NAME, UNIQNAME)
Table: OFFERING_INSTRUCTOR(OFFERING_INSTRUCTOR_ID, OFFERING_ID, INSTRUCTOR_ID)
Table: PROGRAM(program_id, name, college, introduction)
Table: PROGRAM_COURSE(program_id, course_id, workload, category)
Table: PROGRAM_REQUIREMENT(program_id, category, min_credit, additional_req)
Table: SEMESTER(semester_id, semester, year)
Table: STUDENT(student_id, lastname, firstname, program_id, declare_major, total_credit, total_gpa, entered_as, admit_term, predicted_graduation_semester, degree, minor, internship)
Table: STUDENT_RECORD(student_id, course_id, semester, grade, how, transfer_source, earn_credit, repeat_term, test_id, offering_id)

Example:
Question: what courses are related to artificial intelligence
SQL: SELECT DISTINCT c.NAME FROM COURSE c JOIN AREA a ON c.COURSE_ID = a.COURSE_ID WHERE a.AREA LIKE '%artificial intelligence%';"
advising,hard,What is the easiest course that meets the Other requirement ?,"SELECT DISTINCT COURSEalias0.DEPARTMENT , COURSEalias0.NAME , COURSEalias0.NUMBER , PROGRAM_COURSEalias0.WORKLOAD , PROGRAM_COURSEalias0.WORKLOAD FROM COURSE AS COURSEalias0 , PROGRAM_COURSE AS PROGRAM_COURSEalias0 WHERE PROGRAM_COURSEalias0.CATEGORY LIKE ""%Other%"" AND PROGRAM_COURSEalias0.COURSE_ID = COURSEalias0.COURSE_ID AND PROGRAM_COURSEalias0.WORKLOAD = ( SELECT MIN( PROGRAM_COURSEalias1.WORKLOAD ) FROM PROGRAM_COURSE AS PROGRAM_COURSEalias1 WHERE PROGRAM_COURSEalias1.CATEGORY LIKE ""%Other%"" ) ;","Table: AREA(course_id, area)
Table: COMMENT_INSTRUCTOR(instructor_id, student_id, score, comment_text)
Table: COURSE(COURSE_ID, NAME, DEPARTMENT, NUMBER, CREDITS, ADVISORY_REQUIREMENT, ENFORCED_REQUIREMENT, DESCRIPTION, NUM_SEMESTERS, NUM_ENROLLED, HAS_DISCUSSION, HAS_LAB, HAS_PROJECTS, HAS_EXAMS, NUM_REVIEWS, CLARITY_SCORE, EASINESS_SCORE, HELPFULNESS_SCORE)
Table: COURSE_OFFERING(OFFERING_ID, COURSE_ID, SEMESTER, SECTION_NUMBER, START_TIME, END_TIME, MONDAY, TUESDAY, WEDNESDAY, THURSDAY, FRIDAY, SATURDAY, SUNDAY, HAS_FINAL_PROJECT, HAS_FINAL_EXAM, TEXTBOOK, CLASS_ADDRESS, ALLOW_AUDIT)
Table: COURSE_PREREQUISITE(pre_course_id, course_id)
Table: COURSE_TAGS_COUNT(COURSE_ID, CLEAR_GRADING, POP_QUIZ, GROUP_PROJECTS, INSPIRATIONAL, LONG_LECTURES, EXTRA_CREDIT, FEW_TESTS, GOOD_FEEDBACK, TOUGH_TESTS, HEAVY_PAPERS, CARES_FOR_STUDENTS, HEAVY_ASSIGNMENTS, RESPECTED, PARTICIPATION, HEAVY_READING, TOUGH_GRADER, HILARIOUS, WOULD_TAKE_AGAIN, GOOD_LECTURE, NO_SKIP)
Table: GSI(course_offering_id, student_id)
Table: INSTRUCTOR(INSTRUCTOR_ID, NAME, UNIQNAME)
Table: OFFERING_INSTRUCTOR(OFFERING_INSTRUCTOR_ID, OFFERING_ID, INSTRUCTOR_ID)
Table: PROGRAM(program_id, name, college, introduction)
Table: PROGRAM_COURSE(program_id, course_id, workload, category)
Table: PROGRAM_REQUIREMENT(program_id, category, min_credit, additional_req)
Table: SEMESTER(semester_id, semester, year)
Table: STUDENT(student_id, lastname, firstname, program_id, declare_major, total_credit, total_gpa, entered_as, admit_term, predicted_graduation_semester, degree, minor, internship)
Table: STUDENT_RECORD(student_id, course_id, semester, grade, how, transfer_source, earn_credit, repeat_term, test_id, offering_id)

Example:
Question: what courses are related to artificial intelligence
SQL: SELECT DISTINCT c.NAME FROM COURSE c JOIN AREA a ON c.COURSE_ID = a.COURSE_ID WHERE a.AREA LIKE '%artificial intelligence%';"
advising,hard,Are there any professors that do not teach classes with labs ?,"SELECT DISTINCT INSTRUCTORalias0.NAME FROM INSTRUCTOR AS INSTRUCTORalias0 , COURSE AS COURSEalias1 , COURSE_OFFERING AS COURSE_OFFERINGalias1 , OFFERING_INSTRUCTOR AS OFFERING_INSTRUCTORalias1 WHERE COURSEalias1.COURSE_ID = COURSE_OFFERINGalias1.COURSE_ID AND COURSEalias1.DEPARTMENT = """" AND COURSE_OFFERINGalias1.OFFERING_ID = OFFERING_INSTRUCTORalias1.OFFERING_ID AND INSTRUCTORalias0.INSTRUCTOR_ID = OFFERING_INSTRUCTORalias1.INSTRUCTOR_ID AND INSTRUCTORalias0.INSTRUCTOR_ID NOT IN ( SELECT DISTINCT OFFERING_INSTRUCTORalias0.INSTRUCTOR_ID FROM COURSE AS COURSEalias0 , COURSE_OFFERING AS COURSE_OFFERINGalias0 , OFFERING_INSTRUCTOR AS OFFERING_INSTRUCTORalias0 WHERE COURSEalias0.COURSE_ID = COURSE_OFFERINGalias0.COURSE_ID AND COURSEalias0.HAS_LAB = ""Y"" AND COURSE_OFFERINGalias0.OFFERING_ID = OFFERING_INSTRUCTORalias0.OFFERING_ID ) ;","Table: AREA(course_id, area)
Table: COMMENT_INSTRUCTOR(instructor_id, student_id, score, comment_text)
Table: COURSE(COURSE_ID, NAME, DEPARTMENT, NUMBER, CREDITS, ADVISORY_REQUIREMENT, ENFORCED_REQUIREMENT, DESCRIPTION, NUM_SEMESTERS, NUM_ENROLLED, HAS_DISCUSSION, HAS_LAB, HAS_PROJECTS, HAS_EXAMS, NUM_REVIEWS, CLARITY_SCORE, EASINESS_SCORE, HELPFULNESS_SCORE)
Table: COURSE_OFFERING(OFFERING_ID, COURSE_ID, SEMESTER, SECTION_NUMBER, START_TIME, END_TIME, MONDAY, TUESDAY, WEDNESDAY, THURSDAY, FRIDAY, SATURDAY, SUNDAY, HAS_FINAL_PROJECT, HAS_FINAL_EXAM, TEXTBOOK, CLASS_ADDRESS, ALLOW_AUDIT)
Table: COURSE_PREREQUISITE(pre_course_id, course_id)
Table: COURSE_TAGS_COUNT(COURSE_ID, CLEAR_GRADING, POP_QUIZ, GROUP_PROJECTS, INSPIRATIONAL, LONG_LECTURES, EXTRA_CREDIT, FEW_TESTS, GOOD_FEEDBACK, TOUGH_TESTS, HEAVY_PAPERS, CARES_FOR_STUDENTS, HEAVY_ASSIGNMENTS, RESPECTED, PARTICIPATION, HEAVY_READING, TOUGH_GRADER, HILARIOUS, WOULD_TAKE_AGAIN, GOOD_LECTURE, NO_SKIP)
Table: GSI(course_offering_id, student_id)
Table: INSTRUCTOR(INSTRUCTOR_ID, NAME, UNIQNAME)
Table: OFFERING_INSTRUCTOR(OFFERING_INSTRUCTOR_ID, OFFERING_ID, INSTRUCTOR_ID)
Table: PROGRAM(program_id, name, college, introduction)
Table: PROGRAM_COURSE(program_id, course_id, workload, category)
Table: PROGRAM_REQUIREMENT(program_id, category, min_credit, additional_req)
Table: SEMESTER(semester_id, semester, year)
Table: STUDENT(student_id, lastname, firstname, program_id, declare_major, total_credit, total_gpa, entered_as, admit_term, predicted_graduation_semester, degree, minor, internship)
Table: STUDENT_RECORD(student_id, course_id, semester, grade, how, transfer_source, earn_credit, repeat_term, test_id, offering_id)

Example:
Question: what courses are related to artificial intelligence
SQL: SELECT DISTINCT c.NAME FROM COURSE c JOIN AREA a ON c.COURSE_ID = a.COURSE_ID WHERE a.AREA LIKE '%artificial intelligence%';"
advising,hard,Which professor teaches BIOLOGY 172 ?,"SELECT DISTINCT INSTRUCTORalias0.NAME FROM COURSE AS COURSEalias0 , COURSE_OFFERING AS COURSE_OFFERINGalias0 , INSTRUCTOR AS INSTRUCTORalias0 , OFFERING_INSTRUCTOR AS OFFERING_INSTRUCTORalias0 WHERE COURSEalias0.COURSE_ID = COURSE_OFFERINGalias0.COURSE_ID AND COURSEalias0.DEPARTMENT = ""BIOLOGY"" AND COURSEalias0.NUMBER = 172 AND OFFERING_INSTRUCTORalias0.INSTRUCTOR_ID = INSTRUCTORalias0.INSTRUCTOR_ID AND OFFERING_INSTRUCTORalias0.OFFERING_ID = COURSE_OFFERINGalias0.OFFERING_ID ;","Table: AREA(course_id, area)
Table: COMMENT_INSTRUCTOR(instructor_id, student_id, score, comment_text)
Table: COURSE(COURSE_ID, NAME, DEPARTMENT, NUMBER, CREDITS, ADVISORY_REQUIREMENT, ENFORCED_REQUIREMENT, DESCRIPTION, NUM_SEMESTERS, NUM_ENROLLED, HAS_DISCUSSION, HAS_LAB, HAS_PROJECTS, HAS_EXAMS, NUM_REVIEWS, CLARITY_SCORE, EASINESS_SCORE, HELPFULNESS_SCORE)
Table: COURSE_OFFERING(OFFERING_ID, COURSE_ID, SEMESTER, SECTION_NUMBER, START_TIME, END_TIME, MONDAY, TUESDAY, WEDNESDAY, THURSDAY, FRIDAY, SATURDAY, SUNDAY, HAS_FINAL_PROJECT, HAS_FINAL_EXAM, TEXTBOOK, CLASS_ADDRESS, ALLOW_AUDIT)
Table: COURSE_PREREQUISITE(pre_course_id, course_id)
Table: COURSE_TAGS_COUNT(COURSE_ID, CLEAR_GRADING, POP_QUIZ, GROUP_PROJECTS, INSPIRATIONAL, LONG_LECTURES, EXTRA_CREDIT, FEW_TESTS, GOOD_FEEDBACK, TOUGH_TESTS, HEAVY_PAPERS, CARES_FOR_STUDENTS, HEAVY_ASSIGNMENTS, RESPECTED, PARTICIPATION, HEAVY_READING, TOUGH_GRADER, HILARIOUS, WOULD_TAKE_AGAIN, GOOD_LECTURE, NO_SKIP)
Table: GSI(course_offering_id, student_id)
Table: INSTRUCTOR(INSTRUCTOR_ID, NAME, UNIQNAME)
Table: OFFERING_INSTRUCTOR(OFFERING_INSTRUCTOR_ID, OFFERING_ID, INSTRUCTOR_ID)
Table: PROGRAM(program_id, name, college, introduction)
Table: PROGRAM_COURSE(program_id, course_id, workload, category)
Table: PROGRAM_REQUIREMENT(program_id, category, min_credit, additional_req)
Table: SEMESTER(semester_id, semester, year)
Table: STUDENT(student_id, lastname, firstname, program_id, declare_major, total_credit, total_gpa, entered_as, admit_term, predicted_graduation_semester, degree, minor, internship)
Table: STUDENT_RECORD(student_id, course_id, semester, grade, how, transfer_source, earn_credit, repeat_term, test_id, offering_id)

Example:
Question: what courses are related to artificial intelligence
SQL: SELECT DISTINCT c.NAME FROM COURSE c JOIN AREA a ON c.COURSE_ID = a.COURSE_ID WHERE a.AREA LIKE '%artificial intelligence%';"
advising,hard,Is LHC 688 offered in Fall 2000 ?,"SELECT COUNT( * ) > 0 FROM COURSE AS COURSEalias0 , COURSE_OFFERING AS COURSE_OFFERINGalias0 , SEMESTER AS SEMESTERalias0 WHERE COURSEalias0.COURSE_ID = COURSE_OFFERINGalias0.COURSE_ID AND COURSEalias0.DEPARTMENT = ""LHC"" AND COURSEalias0.NUMBER = 688 AND SEMESTERalias0.SEMESTER = ""Fall"" AND SEMESTERalias0.SEMESTER_ID = COURSE_OFFERINGalias0.SEMESTER AND SEMESTERalias0.YEAR = 2000 ;","Table: AREA(course_id, area)
Table: COMMENT_INSTRUCTOR(instructor_id, student_id, score, comment_text)
Table: COURSE(COURSE_ID, NAME, DEPARTMENT, NUMBER, CREDITS, ADVISORY_REQUIREMENT, ENFORCED_REQUIREMENT, DESCRIPTION, NUM_SEMESTERS, NUM_ENROLLED, HAS_DISCUSSION, HAS_LAB, HAS_PROJECTS, HAS_EXAMS, NUM_REVIEWS, CLARITY_SCORE, EASINESS_SCORE, HELPFULNESS_SCORE)
Table: COURSE_OFFERING(OFFERING_ID, COURSE_ID, SEMESTER, SECTION_NUMBER, START_TIME, END_TIME, MONDAY, TUESDAY, WEDNESDAY, THURSDAY, FRIDAY, SATURDAY, SUNDAY, HAS_FINAL_PROJECT, HAS_FINAL_EXAM, TEXTBOOK, CLASS_ADDRESS, ALLOW_AUDIT)
Table: COURSE_PREREQUISITE(pre_course_id, course_id)
Table: COURSE_TAGS_COUNT(COURSE_ID, CLEAR_GRADING, POP_QUIZ, GROUP_PROJECTS, INSPIRATIONAL, LONG_LECTURES, EXTRA_CREDIT, FEW_TESTS, GOOD_FEEDBACK, TOUGH_TESTS, HEAVY_PAPERS, CARES_FOR_STUDENTS, HEAVY_ASSIGNMENTS, RESPECTED, PARTICIPATION, HEAVY_READING, TOUGH_GRADER, HILARIOUS, WOULD_TAKE_AGAIN, GOOD_LECTURE, NO_SKIP)
Table: GSI(course_offering_id, student_id)
Table: INSTRUCTOR(INSTRUCTOR_ID, NAME, UNIQNAME)
Table: OFFERING_INSTRUCTOR(OFFERING_INSTRUCTOR_ID, OFFERING_ID, INSTRUCTOR_ID)
Table: PROGRAM(program_id, name, college, introduction)
Table: PROGRAM_COURSE(program_id, course_id, workload, category)
Table: PROGRAM_REQUIREMENT(program_id, category, min_credit, additional_req)
Table: SEMESTER(semester_id, semester, year)
Table: STUDENT(student_id, lastname, firstname, program_id, declare_major, total_credit, total_gpa, entered_as, admit_term, predicted_graduation_semester, degree, minor, internship)
Table: STUDENT_RECORD(student_id, course_id, semester, grade, how, transfer_source, earn_credit, repeat_term, test_id, offering_id)

Example:
Question: what courses are related to artificial intelligence
SQL: SELECT DISTINCT c.NAME FROM COURSE c JOIN AREA a ON c.COURSE_ID = a.COURSE_ID WHERE a.AREA LIKE '%artificial intelligence%';"
advising,hard,"Next semester , which classes are Dr. Zehra Igsiz teaching ?","SELECT DISTINCT COURSEalias0.DEPARTMENT , COURSEalias0.NAME , COURSEalias0.NUMBER FROM COURSE AS COURSEalias0 , COURSE_OFFERING AS COURSE_OFFERINGalias0 , INSTRUCTOR AS INSTRUCTORalias0 , OFFERING_INSTRUCTOR AS OFFERING_INSTRUCTORalias0 , SEMESTER AS SEMESTERalias0 WHERE COURSEalias0.COURSE_ID = COURSE_OFFERINGalias0.COURSE_ID AND INSTRUCTORalias0.NAME LIKE ""%Zehra Igsiz%"" AND OFFERING_INSTRUCTORalias0.INSTRUCTOR_ID = INSTRUCTORalias0.INSTRUCTOR_ID AND OFFERING_INSTRUCTORalias0.OFFERING_ID = COURSE_OFFERINGalias0.OFFERING_ID AND SEMESTERalias0.SEMESTER = ""FA"" AND SEMESTERalias0.SEMESTER_ID = COURSE_OFFERINGalias0.SEMESTER AND SEMESTERalias0.YEAR = 2016 ;","Table: AREA(course_id, area)
Table: COMMENT_INSTRUCTOR(instructor_id, student_id, score, comment_text)
Table: COURSE(COURSE_ID, NAME, DEPARTMENT, NUMBER, CREDITS, ADVISORY_REQUIREMENT, ENFORCED_REQUIREMENT, DESCRIPTION, NUM_SEMESTERS, NUM_ENROLLED, HAS_DISCUSSION, HAS_LAB, HAS_PROJECTS, HAS_EXAMS, NUM_REVIEWS, CLARITY_SCORE, EASINESS_SCORE, HELPFULNESS_SCORE)
Table: COURSE_OFFERING(OFFERING_ID, COURSE_ID, SEMESTER, SECTION_NUMBER, START_TIME, END_TIME, MONDAY, TUESDAY, WEDNESDAY, THURSDAY, FRIDAY, SATURDAY, SUNDAY, HAS_FINAL_PROJECT, HAS_FINAL_EXAM, TEXTBOOK, CLASS_ADDRESS, ALLOW_AUDIT)
Table: COURSE_PREREQUISITE(pre_course_id, course_id)
Table: COURSE_TAGS_COUNT(COURSE_ID, CLEAR_GRADING, POP_QUIZ, GROUP_PROJECTS, INSPIRATIONAL, LONG_LECTURES, EXTRA_CREDIT, FEW_TESTS, GOOD_FEEDBACK, TOUGH_TESTS, HEAVY_PAPERS, CARES_FOR_STUDENTS, HEAVY_ASSIGNMENTS, RESPECTED, PARTICIPATION, HEAVY_READING, TOUGH_GRADER, HILARIOUS, WOULD_TAKE_AGAIN, GOOD_LECTURE, NO_SKIP)
Table: GSI(course_offering_id, student_id)
Table: INSTRUCTOR(INSTRUCTOR_ID, NAME, UNIQNAME)
Table: OFFERING_INSTRUCTOR(OFFERING_INSTRUCTOR_ID, OFFERING_ID, INSTRUCTOR_ID)
Table: PROGRAM(program_id, name, college, introduction)
Table: PROGRAM_COURSE(program_id, course_id, workload, category)
Table: PROGRAM_REQUIREMENT(program_id, category, min_credit, additional_req)
Table: SEMESTER(semester_id, semester, year)
Table: STUDENT(student_id, lastname, firstname, program_id, declare_major, total_credit, total_gpa, entered_as, admit_term, predicted_graduation_semester, degree, minor, internship)
Table: STUDENT_RECORD(student_id, course_id, semester, grade, how, transfer_source, earn_credit, repeat_term, test_id, offering_id)

Example:
Question: what courses are related to artificial intelligence
SQL: SELECT DISTINCT c.NAME FROM COURSE c JOIN AREA a ON c.COURSE_ID = a.COURSE_ID WHERE a.AREA LIKE '%artificial intelligence%';"
advising,hard,How many 300 -level classes are being offered in Fall and Winter term ?,"SELECT COUNT( DISTINCT COURSEalias0.COURSE_ID , SEMESTERalias0.SEMESTER ) FROM COURSE AS COURSEalias0 , COURSE_OFFERING AS COURSE_OFFERINGalias0 , SEMESTER AS SEMESTERalias0 WHERE COURSEalias0.COURSE_ID = COURSE_OFFERINGalias0.COURSE_ID AND COURSEalias0.DEPARTMENT = """" AND COURSEalias0.NUMBER BETWEEN 300 AND 300 + 100 AND SEMESTERalias0.SEMESTER IN ( ""FA"" , ""WN"" ) AND SEMESTERalias0.SEMESTER_ID = COURSE_OFFERINGalias0.SEMESTER AND SEMESTERalias0.YEAR = 2016 ;","Table: AREA(course_id, area)
Table: COMMENT_INSTRUCTOR(instructor_id, student_id, score, comment_text)
Table: COURSE(COURSE_ID, NAME, DEPARTMENT, NUMBER, CREDITS, ADVISORY_REQUIREMENT, ENFORCED_REQUIREMENT, DESCRIPTION, NUM_SEMESTERS, NUM_ENROLLED, HAS_DISCUSSION, HAS_LAB, HAS_PROJECTS, HAS_EXAMS, NUM_REVIEWS, CLARITY_SCORE, EASINESS_SCORE, HELPFULNESS_SCORE)
Table: COURSE_OFFERING(OFFERING_ID, COURSE_ID, SEMESTER, SECTION_NUMBER, START_TIME, END_TIME, MONDAY, TUESDAY, WEDNESDAY, THURSDAY, FRIDAY, SATURDAY, SUNDAY, HAS_FINAL_PROJECT, HAS_FINAL_EXAM, TEXTBOOK, CLASS_ADDRESS, ALLOW_AUDIT)
Table: COURSE_PREREQUISITE(pre_course_id, course_id)
Table: COURSE_TAGS_COUNT(COURSE_ID, CLEAR_GRADING, POP_QUIZ, GROUP_PROJECTS, INSPIRATIONAL, LONG_LECTURES, EXTRA_CREDIT, FEW_TESTS, GOOD_FEEDBACK, TOUGH_TESTS, HEAVY_PAPERS, CARES_FOR_STUDENTS, HEAVY_ASSIGNMENTS, RESPECTED, PARTICIPATION, HEAVY_READING, TOUGH_GRADER, HILARIOUS, WOULD_TAKE_AGAIN, GOOD_LECTURE, NO_SKIP)
Table: GSI(course_offering_id, student_id)
Table: INSTRUCTOR(INSTRUCTOR_ID, NAME, UNIQNAME)
Table: OFFERING_INSTRUCTOR(OFFERING_INSTRUCTOR_ID, OFFERING_ID, INSTRUCTOR_ID)
Table: PROGRAM(program_id, name, college, introduction)
Table: PROGRAM_COURSE(program_id, course_id, workload, category)
Table: PROGRAM_REQUIREMENT(program_id, category, min_credit, additional_req)
Table: SEMESTER(semester_id, semester, year)
Table: STUDENT(student_id, lastname, firstname, program_id, declare_major, total_credit, total_gpa, entered_as, admit_term, predicted_graduation_semester, degree, minor, internship)
Table: STUDENT_RECORD(student_id, course_id, semester, grade, how, transfer_source, earn_credit, repeat_term, test_id, offering_id)

Example:
Question: what courses are related to artificial intelligence
SQL: SELECT DISTINCT c.NAME FROM COURSE c JOIN AREA a ON c.COURSE_ID = a.COURSE_ID WHERE a.AREA LIKE '%artificial intelligence%';"
advising,hard,Please help me find computing infrastructure courses that are more facile than ACC 630 .,"SELECT DISTINCT COURSEalias0.DEPARTMENT , COURSEalias0.NAME , COURSEalias0.NUMBER , PROGRAM_COURSEalias0.WORKLOAD FROM COURSE AS COURSEalias0 INNER JOIN AREA AS AREAalias0 ON COURSEalias0.COURSE_ID = AREAalias0.COURSE_ID INNER JOIN PROGRAM_COURSE AS PROGRAM_COURSEalias0 ON PROGRAM_COURSEalias0.COURSE_ID = COURSEalias0.COURSE_ID WHERE AREAalias0.AREA LIKE ""%computing infrastructure%"" AND PROGRAM_COURSEalias0.WORKLOAD < ( SELECT MIN( PROGRAM_COURSEalias1.WORKLOAD ) FROM COURSE AS COURSEalias1 INNER JOIN PROGRAM_COURSE AS PROGRAM_COURSEalias1 ON PROGRAM_COURSEalias1.COURSE_ID = COURSEalias1.COURSE_ID WHERE COURSEalias1.DEPARTMENT = ""ACC"" AND COURSEalias1.NUMBER = 630 ) ORDER BY PROGRAM_COURSEalias0.WORKLOAD ;","Table: AREA(course_id, area)
Table: COMMENT_INSTRUCTOR(instructor_id, student_id, score, comment_text)
Table: COURSE(COURSE_ID, NAME, DEPARTMENT, NUMBER, CREDITS, ADVISORY_REQUIREMENT, ENFORCED_REQUIREMENT, DESCRIPTION, NUM_SEMESTERS, NUM_ENROLLED, HAS_DISCUSSION, HAS_LAB, HAS_PROJECTS, HAS_EXAMS, NUM_REVIEWS, CLARITY_SCORE, EASINESS_SCORE, HELPFULNESS_SCORE)
Table: COURSE_OFFERING(OFFERING_ID, COURSE_ID, SEMESTER, SECTION_NUMBER, START_TIME, END_TIME, MONDAY, TUESDAY, WEDNESDAY, THURSDAY, FRIDAY, SATURDAY, SUNDAY, HAS_FINAL_PROJECT, HAS_FINAL_EXAM, TEXTBOOK, CLASS_ADDRESS, ALLOW_AUDIT)
Table: COURSE_PREREQUISITE(pre_course_id, course_id)
Table: COURSE_TAGS_COUNT(COURSE_ID, CLEAR_GRADING, POP_QUIZ, GROUP_PROJECTS, INSPIRATIONAL, LONG_LECTURES, EXTRA_CREDIT, FEW_TESTS, GOOD_FEEDBACK, TOUGH_TESTS, HEAVY_PAPERS, CARES_FOR_STUDENTS, HEAVY_ASSIGNMENTS, RESPECTED, PARTICIPATION, HEAVY_READING, TOUGH_GRADER, HILARIOUS, WOULD_TAKE_AGAIN, GOOD_LECTURE, NO_SKIP)
Table: GSI(course_offering_id, student_id)
Table: INSTRUCTOR(INSTRUCTOR_ID, NAME, UNIQNAME)
Table: OFFERING_INSTRUCTOR(OFFERING_INSTRUCTOR_ID, OFFERING_ID, INSTRUCTOR_ID)
Table: PROGRAM(program_id, name, college, introduction)
Table: PROGRAM_COURSE(program_id, course_id, workload, category)
Table: PROGRAM_REQUIREMENT(program_id, category, min_credit, additional_req)
Table: SEMESTER(semester_id, semester, year)
Table: STUDENT(student_id, lastname, firstname, program_id, declare_major, total_credit, total_gpa, entered_as, admit_term, predicted_graduation_semester, degree, minor, internship)
Table: STUDENT_RECORD(student_id, course_id, semester, grade, how, transfer_source, earn_credit, repeat_term, test_id, offering_id)

Example:
Question: what courses are related to artificial intelligence
SQL: SELECT DISTINCT c.NAME FROM COURSE c JOIN AREA a ON c.COURSE_ID = a.COURSE_ID WHERE a.AREA LIKE '%artificial intelligence%';"
advising,hard,Which class is a prereq for lots of other classes and offered this semester ?,"SELECT COUNT( DISTINCT COURSE_PREREQUISITEalias0.COURSE_ID ) , COURSEalias0.DEPARTMENT , COURSEalias0.NAME , COURSEalias0.NUMBER FROM COURSE AS COURSEalias0 , COURSE_OFFERING AS COURSE_OFFERINGalias0 , COURSE_PREREQUISITE AS COURSE_PREREQUISITEalias0 , SEMESTER AS SEMESTERalias0 WHERE COURSEalias0.COURSE_ID = COURSE_OFFERINGalias0.COURSE_ID AND COURSEalias0.COURSE_ID = COURSE_PREREQUISITEalias0.PRE_COURSE_ID AND COURSEalias0.DEPARTMENT = """" AND SEMESTERalias0.SEMESTER = ""WN"" AND SEMESTERalias0.SEMESTER_ID = COURSE_OFFERINGalias0.SEMESTER AND SEMESTERalias0.YEAR = 2016 GROUP BY COURSE_PREREQUISITEalias0.PRE_COURSE_ID ORDER BY COUNT( COURSE_PREREQUISITEalias0.COURSE_ID ) DESC ;","Table: AREA(course_id, area)
Table: COMMENT_INSTRUCTOR(instructor_id, student_id, score, comment_text)
Table: COURSE(COURSE_ID, NAME, DEPARTMENT, NUMBER, CREDITS, ADVISORY_REQUIREMENT, ENFORCED_REQUIREMENT, DESCRIPTION, NUM_SEMESTERS, NUM_ENROLLED, HAS_DISCUSSION, HAS_LAB, HAS_PROJECTS, HAS_EXAMS, NUM_REVIEWS, CLARITY_SCORE, EASINESS_SCORE, HELPFULNESS_SCORE)
Table: COURSE_OFFERING(OFFERING_ID, COURSE_ID, SEMESTER, SECTION_NUMBER, START_TIME, END_TIME, MONDAY, TUESDAY, WEDNESDAY, THURSDAY, FRIDAY, SATURDAY, SUNDAY, HAS_FINAL_PROJECT, HAS_FINAL_EXAM, TEXTBOOK, CLASS_ADDRESS, ALLOW_AUDIT)
Table: COURSE_PREREQUISITE(pre_course_id, course_id)
Table: COURSE_TAGS_COUNT(COURSE_ID, CLEAR_GRADING, POP_QUIZ, GROUP_PROJECTS, INSPIRATIONAL, LONG_LECTURES, EXTRA_CREDIT, FEW_TESTS, GOOD_FEEDBACK, TOUGH_TESTS, HEAVY_PAPERS, CARES_FOR_STUDENTS, HEAVY_ASSIGNMENTS, RESPECTED, PARTICIPATION, HEAVY_READING, TOUGH_GRADER, HILARIOUS, WOULD_TAKE_AGAIN, GOOD_LECTURE, NO_SKIP)
Table: GSI(course_offering_id, student_id)
Table: INSTRUCTOR(INSTRUCTOR_ID, NAME, UNIQNAME)
Table: OFFERING_INSTRUCTOR(OFFERING_INSTRUCTOR_ID, OFFERING_ID, INSTRUCTOR_ID)
Table: PROGRAM(program_id, name, college, introduction)
Table: PROGRAM_COURSE(program_id, course_id, workload, category)
Table: PROGRAM_REQUIREMENT(program_id, category, min_credit, additional_req)
Table: SEMESTER(semester_id, semester, year)
Table: STUDENT(student_id, lastname, firstname, program_id, declare_major, total_credit, total_gpa, entered_as, admit_term, predicted_graduation_semester, degree, minor, internship)
Table: STUDENT_RECORD(student_id, course_id, semester, grade, how, transfer_source, earn_credit, repeat_term, test_id, offering_id)

Example:
Question: what courses are related to artificial intelligence
SQL: SELECT DISTINCT c.NAME FROM COURSE c JOIN AREA a ON c.COURSE_ID = a.COURSE_ID WHERE a.AREA LIKE '%artificial intelligence%';"
advising,hard,"Of the two classes , which is easier , EECS 566 or EECS 792 ?","SELECT DISTINCT COURSEalias0.NUMBER FROM COURSE AS COURSEalias0 INNER JOIN PROGRAM_COURSE AS PROGRAM_COURSEalias0 ON PROGRAM_COURSEalias0.COURSE_ID = COURSEalias0.COURSE_ID WHERE ( COURSEalias0.NUMBER = 566 OR COURSEalias0.NUMBER = 792 ) AND PROGRAM_COURSEalias0.WORKLOAD = ( SELECT MIN( PROGRAM_COURSEalias1.WORKLOAD ) FROM PROGRAM_COURSE AS PROGRAM_COURSEalias1 INNER JOIN COURSE AS COURSEalias1 ON PROGRAM_COURSEalias1.COURSE_ID = COURSEalias1.COURSE_ID WHERE ( COURSEalias1.NUMBER = 566 OR COURSEalias1.NUMBER = 792 ) AND COURSEalias1.DEPARTMENT = ""EECS"" ) ;","Table: AREA(course_id, area)
Table: COMMENT_INSTRUCTOR(instructor_id, student_id, score, comment_text)
Table: COURSE(COURSE_ID, NAME, DEPARTMENT, NUMBER, CREDITS, ADVISORY_REQUIREMENT, ENFORCED_REQUIREMENT, DESCRIPTION, NUM_SEMESTERS, NUM_ENROLLED, HAS_DISCUSSION, HAS_LAB, HAS_PROJECTS, HAS_EXAMS, NUM_REVIEWS, CLARITY_SCORE, EASINESS_SCORE, HELPFULNESS_SCORE)
Table: COURSE_OFFERING(OFFERING_ID, COURSE_ID, SEMESTER, SECTION_NUMBER, START_TIME, END_TIME, MONDAY, TUESDAY, WEDNESDAY, THURSDAY, FRIDAY, SATURDAY, SUNDAY, HAS_FINAL_PROJECT, HAS_FINAL_EXAM, TEXTBOOK, CLASS_ADDRESS, ALLOW_AUDIT)
Table: COURSE_PREREQUISITE(pre_course_id, course_id)
Table: COURSE_TAGS_COUNT(COURSE_ID, CLEAR_GRADING, POP_QUIZ, GROUP_PROJECTS, INSPIRATIONAL, LONG_LECTURES, EXTRA_CREDIT, FEW_TESTS, GOOD_FEEDBACK, TOUGH_TESTS, HEAVY_PAPERS, CARES_FOR_STUDENTS, HEAVY_ASSIGNMENTS, RESPECTED, PARTICIPATION, HEAVY_READING, TOUGH_GRADER, HILARIOUS, WOULD_TAKE_AGAIN, GOOD_LECTURE, NO_SKIP)
Table: GSI(course_offering_id, student_id)
Table: INSTRUCTOR(INSTRUCTOR_ID, NAME, UNIQNAME)
Table: OFFERING_INSTRUCTOR(OFFERING_INSTRUCTOR_ID, OFFERING_ID, INSTRUCTOR_ID)
Table: PROGRAM(program_id, name, college, introduction)
Table: PROGRAM_COURSE(program_id, course_id, workload, category)
Table: PROGRAM_REQUIREMENT(program_id, category, min_credit, additional_req)
Table: SEMESTER(semester_id, semester, year)
Table: STUDENT(student_id, lastname, firstname, program_id, declare_major, total_credit, total_gpa, entered_as, admit_term, predicted_graduation_semester, degree, minor, internship)
Table: STUDENT_RECORD(student_id, course_id, semester, grade, how, transfer_source, earn_credit, repeat_term, test_id, offering_id)

Example:
Question: what courses are related to artificial intelligence
SQL: SELECT DISTINCT c.NAME FROM COURSE c JOIN AREA a ON c.COURSE_ID = a.COURSE_ID WHERE a.AREA LIKE '%artificial intelligence%';"
advising,hard,Are any of my courses considered the hardest of the RCHUMS department 's courses ?,"SELECT DISTINCT COURSEalias0.DEPARTMENT , COURSEalias0.NAME , COURSEalias0.NUMBER , PROGRAM_COURSEalias0.WORKLOAD FROM COURSE AS COURSEalias0 INNER JOIN STUDENT_RECORD AS STUDENT_RECORDalias0 ON STUDENT_RECORDalias0.COURSE_ID = COURSEalias0.COURSE_ID INNER JOIN PROGRAM_COURSE AS PROGRAM_COURSEalias0 ON PROGRAM_COURSEalias0.COURSE_ID = COURSEalias0.COURSE_ID WHERE COURSEalias0.DEPARTMENT = ""RCHUMS"" AND PROGRAM_COURSEalias0.WORKLOAD = ( SELECT MAX( PROGRAM_COURSEalias1.WORKLOAD ) FROM PROGRAM_COURSE AS PROGRAM_COURSEalias1 INNER JOIN COURSE AS COURSEalias1 ON PROGRAM_COURSEalias1.COURSE_ID = COURSEalias1.COURSE_ID WHERE COURSEalias1.DEPARTMENT = ""RCHUMS"" ) AND STUDENT_RECORDalias0.STUDENT_ID = 1 ;","Table: AREA(course_id, area)
Table: COMMENT_INSTRUCTOR(instructor_id, student_id, score, comment_text)
Table: COURSE(COURSE_ID, NAME, DEPARTMENT, NUMBER, CREDITS, ADVISORY_REQUIREMENT, ENFORCED_REQUIREMENT, DESCRIPTION, NUM_SEMESTERS, NUM_ENROLLED, HAS_DISCUSSION, HAS_LAB, HAS_PROJECTS, HAS_EXAMS, NUM_REVIEWS, CLARITY_SCORE, EASINESS_SCORE, HELPFULNESS_SCORE)
Table: COURSE_OFFERING(OFFERING_ID, COURSE_ID, SEMESTER, SECTION_NUMBER, START_TIME, END_TIME, MONDAY, TUESDAY, WEDNESDAY, THURSDAY, FRIDAY, SATURDAY, SUNDAY, HAS_FINAL_PROJECT, HAS_FINAL_EXAM, TEXTBOOK, CLASS_ADDRESS, ALLOW_AUDIT)
Table: COURSE_PREREQUISITE(pre_course_id, course_id)
Table: COURSE_TAGS_COUNT(COURSE_ID, CLEAR_GRADING, POP_QUIZ, GROUP_PROJECTS, INSPIRATIONAL, LONG_LECTURES, EXTRA_CREDIT, FEW_TESTS, GOOD_FEEDBACK, TOUGH_TESTS, HEAVY_PAPERS, CARES_FOR_STUDENTS, HEAVY_ASSIGNMENTS, RESPECTED, PARTICIPATION, HEAVY_READING, TOUGH_GRADER, HILARIOUS, WOULD_TAKE_AGAIN, GOOD_LECTURE, NO_SKIP)
Table: GSI(course_offering_id, student_id)
Table: INSTRUCTOR(INSTRUCTOR_ID, NAME, UNIQNAME)
Table: OFFERING_INSTRUCTOR(OFFERING_INSTRUCTOR_ID, OFFERING_ID, INSTRUCTOR_ID)
Table: PROGRAM(program_id, name, college, introduction)
Table: PROGRAM_COURSE(program_id, course_id, workload, category)
Table: PROGRAM_REQUIREMENT(program_id, category, min_credit, additional_req)
Table: SEMESTER(semester_id, semester, year)
Table: STUDENT(student_id, lastname, firstname, program_id, declare_major, total_credit, total_gpa, entered_as, admit_term, predicted_graduation_semester, degree, minor, internship)
Table: STUDENT_RECORD(student_id, course_id, semester, grade, how, transfer_source, earn_credit, repeat_term, test_id, offering_id)

Example:
Question: what courses are related to artificial intelligence
SQL: SELECT DISTINCT c.NAME FROM COURSE c JOIN AREA a ON c.COURSE_ID = a.COURSE_ID WHERE a.AREA LIKE '%artificial intelligence%';"
advising,hard,Which upper level classes can I take without having 511 ?,"SELECT DISTINCT COURSEalias0.DEPARTMENT , COURSEalias0.NAME , COURSEalias0.NUMBER FROM COURSE AS COURSEalias0 , COURSE AS COURSEalias1 , COURSE_PREREQUISITE AS COURSE_PREREQUISITEalias0, PROGRAM_COURSE AS PROGRAM_COURSEalias0 WHERE COURSEalias1.COURSE_ID NOT IN ( SELECT COURSE_PREREQUISITEalias0.PRE_COURSE_ID FROM COURSE AS COURSEalias0, COURSE_PREREQUISITE AS COURSE_PREREQUISITEalias0 WHERE COURSEalias0.COURSE_ID = COURSE_PREREQUISITEalias0.COURSE_ID ) AND COURSEalias1.DEPARTMENT = ""department0"" AND COURSEalias1.NUMBER = 511 AND PROGRAM_COURSEalias0.CATEGORY LIKE ""%ULCS%"" AND PROGRAM_COURSEalias0.COURSE_ID = COURSEalias0.COURSE_ID ;","Table: AREA(course_id, area)
Table: COMMENT_INSTRUCTOR(instructor_id, student_id, score, comment_text)
Table: COURSE(COURSE_ID, NAME, DEPARTMENT, NUMBER, CREDITS, ADVISORY_REQUIREMENT, ENFORCED_REQUIREMENT, DESCRIPTION, NUM_SEMESTERS, NUM_ENROLLED, HAS_DISCUSSION, HAS_LAB, HAS_PROJECTS, HAS_EXAMS, NUM_REVIEWS, CLARITY_SCORE, EASINESS_SCORE, HELPFULNESS_SCORE)
Table: COURSE_OFFERING(OFFERING_ID, COURSE_ID, SEMESTER, SECTION_NUMBER, START_TIME, END_TIME, MONDAY, TUESDAY, WEDNESDAY, THURSDAY, FRIDAY, SATURDAY, SUNDAY, HAS_FINAL_PROJECT, HAS_FINAL_EXAM, TEXTBOOK, CLASS_ADDRESS, ALLOW_AUDIT)
Table: COURSE_PREREQUISITE(pre_course_id, course_id)
Table: COURSE_TAGS_COUNT(COURSE_ID, CLEAR_GRADING, POP_QUIZ, GROUP_PROJECTS, INSPIRATIONAL, LONG_LECTURES, EXTRA_CREDIT, FEW_TESTS, GOOD_FEEDBACK, TOUGH_TESTS, HEAVY_PAPERS, CARES_FOR_STUDENTS, HEAVY_ASSIGNMENTS, RESPECTED, PARTICIPATION, HEAVY_READING, TOUGH_GRADER, HILARIOUS, WOULD_TAKE_AGAIN, GOOD_LECTURE, NO_SKIP)
Table: GSI(course_offering_id, student_id)
Table: INSTRUCTOR(INSTRUCTOR_ID, NAME, UNIQNAME)
Table: OFFERING_INSTRUCTOR(OFFERING_INSTRUCTOR_ID, OFFERING_ID, INSTRUCTOR_ID)
Table: PROGRAM(program_id, name, college, introduction)
Table: PROGRAM_COURSE(program_id, course_id, workload, category)
Table: PROGRAM_REQUIREMENT(program_id, category, min_credit, additional_req)
Table: SEMESTER(semester_id, semester, year)
Table: STUDENT(student_id, lastname, firstname, program_id, declare_major, total_credit, total_gpa, entered_as, admit_term, predicted_graduation_semester, degree, minor, internship)
Table: STUDENT_RECORD(student_id, course_id, semester, grade, how, transfer_source, earn_credit, repeat_term, test_id, offering_id)

Example:
Question: what courses are related to artificial intelligence
SQL: SELECT DISTINCT c.NAME FROM COURSE c JOIN AREA a ON c.COURSE_ID = a.COURSE_ID WHERE a.AREA LIKE '%artificial intelligence%';"
advising,hard,Will SM 217 be offered every semester ?,"SELECT COUNT( * ) > 0 FROM SEMESTER AS SEMESTERalias0 WHERE SEMESTERalias0.SEMESTER NOT IN ( SELECT DISTINCT SEMESTERalias1.SEMESTER FROM COURSE AS COURSEalias0 , COURSE_OFFERING AS COURSE_OFFERINGalias0 , SEMESTER AS SEMESTERalias1 WHERE COURSEalias0.COURSE_ID = COURSE_OFFERINGalias0.COURSE_ID AND COURSEalias0.DEPARTMENT = ""SM"" AND COURSEalias0.NUMBER = 217 AND SEMESTERalias1.SEMESTER_ID = COURSE_OFFERINGalias0.SEMESTER ) ;","Table: AREA(course_id, area)
Table: COMMENT_INSTRUCTOR(instructor_id, student_id, score, comment_text)
Table: COURSE(COURSE_ID, NAME, DEPARTMENT, NUMBER, CREDITS, ADVISORY_REQUIREMENT, ENFORCED_REQUIREMENT, DESCRIPTION, NUM_SEMESTERS, NUM_ENROLLED, HAS_DISCUSSION, HAS_LAB, HAS_PROJECTS, HAS_EXAMS, NUM_REVIEWS, CLARITY_SCORE, EASINESS_SCORE, HELPFULNESS_SCORE)
Table: COURSE_OFFERING(OFFERING_ID, COURSE_ID, SEMESTER, SECTION_NUMBER, START_TIME, END_TIME, MONDAY, TUESDAY, WEDNESDAY, THURSDAY, FRIDAY, SATURDAY, SUNDAY, HAS_FINAL_PROJECT, HAS_FINAL_EXAM, TEXTBOOK, CLASS_ADDRESS, ALLOW_AUDIT)
Table: COURSE_PREREQUISITE(pre_course_id, course_id)
Table: COURSE_TAGS_COUNT(COURSE_ID, CLEAR_GRADING, POP_QUIZ, GROUP_PROJECTS, INSPIRATIONAL, LONG_LECTURES, EXTRA_CREDIT, FEW_TESTS, GOOD_FEEDBACK, TOUGH_TESTS, HEAVY_PAPERS, CARES_FOR_STUDENTS, HEAVY_ASSIGNMENTS, RESPECTED, PARTICIPATION, HEAVY_READING, TOUGH_GRADER, HILARIOUS, WOULD_TAKE_AGAIN, GOOD_LECTURE, NO_SKIP)
Table: GSI(course_offering_id, student_id)
Table: INSTRUCTOR(INSTRUCTOR_ID, NAME, UNIQNAME)
Table: OFFERING_INSTRUCTOR(OFFERING_INSTRUCTOR_ID, OFFERING_ID, INSTRUCTOR_ID)
Table: PROGRAM(program_id, name, college, introduction)
Table: PROGRAM_COURSE(program_id, course_id, workload, category)
Table: PROGRAM_REQUIREMENT(program_id, category, min_credit, additional_req)
Table: SEMESTER(semester_id, semester, year)
Table: STUDENT(student_id, lastname, firstname, program_id, declare_major, total_credit, total_gpa, entered_as, admit_term, predicted_graduation_semester, degree, minor, internship)
Table: STUDENT_RECORD(student_id, course_id, semester, grade, how, transfer_source, earn_credit, repeat_term, test_id, offering_id)

Example:
Question: what courses are related to artificial intelligence
SQL: SELECT DISTINCT c.NAME FROM COURSE c JOIN AREA a ON c.COURSE_ID = a.COURSE_ID WHERE a.AREA LIKE '%artificial intelligence%';"
advising,medium,"In the Spring and Summer , what upper-level electives are offered ?","SELECT DISTINCT COURSEalias0.DEPARTMENT , COURSEalias0.NAME , COURSEalias0.NUMBER FROM COURSE AS COURSEalias0 INNER JOIN COURSE_OFFERING AS COURSE_OFFERINGalias0 ON COURSEalias0.COURSE_ID = COURSE_OFFERINGalias0.COURSE_ID INNER JOIN SEMESTER AS SEMESTERalias0 ON SEMESTERalias0.SEMESTER_ID = COURSE_OFFERINGalias0.SEMESTER INNER JOIN PROGRAM_COURSE AS PROGRAM_COURSEalias0 ON PROGRAM_COURSEalias0.COURSE_ID = COURSEalias0.COURSE_ID WHERE COURSEalias0.DEPARTMENT = ""EECS"" AND PROGRAM_COURSEalias0.CATEGORY LIKE ""%ULCS%"" AND SEMESTERalias0.SEMESTER IN ( ""SP"" , ""SS"" , ""SU"" ) AND SEMESTERalias0.YEAR = 2016 ;","Table: AREA(course_id, area)
Table: COMMENT_INSTRUCTOR(instructor_id, student_id, score, comment_text)
Table: COURSE(COURSE_ID, NAME, DEPARTMENT, NUMBER, CREDITS, ADVISORY_REQUIREMENT, ENFORCED_REQUIREMENT, DESCRIPTION, NUM_SEMESTERS, NUM_ENROLLED, HAS_DISCUSSION, HAS_LAB, HAS_PROJECTS, HAS_EXAMS, NUM_REVIEWS, CLARITY_SCORE, EASINESS_SCORE, HELPFULNESS_SCORE)
Table: COURSE_OFFERING(OFFERING_ID, COURSE_ID, SEMESTER, SECTION_NUMBER, START_TIME, END_TIME, MONDAY, TUESDAY, WEDNESDAY, THURSDAY, FRIDAY, SATURDAY, SUNDAY, HAS_FINAL_PROJECT, HAS_FINAL_EXAM, TEXTBOOK, CLASS_ADDRESS, ALLOW_AUDIT)
Table: COURSE_PREREQUISITE(pre_course_id, course_id)
Table: COURSE_TAGS_COUNT(COURSE_ID, CLEAR_GRADING, POP_QUIZ, GROUP_PROJECTS, INSPIRATIONAL, LONG_LECTURES, EXTRA_CREDIT, FEW_TESTS, GOOD_FEEDBACK, TOUGH_TESTS, HEAVY_PAPERS, CARES_FOR_STUDENTS, HEAVY_ASSIGNMENTS, RESPECTED, PARTICIPATION, HEAVY_READING, TOUGH_GRADER, HILARIOUS, WOULD_TAKE_AGAIN, GOOD_LECTURE, NO_SKIP)
Table: GSI(course_offering_id, student_id)
Table: INSTRUCTOR(INSTRUCTOR_ID, NAME, UNIQNAME)
Table: OFFERING_INSTRUCTOR(OFFERING_INSTRUCTOR_ID, OFFERING_ID, INSTRUCTOR_ID)
Table: PROGRAM(program_id, name, college, introduction)
Table: PROGRAM_COURSE(program_id, course_id, workload, category)
Table: PROGRAM_REQUIREMENT(program_id, category, min_credit, additional_req)
Table: SEMESTER(semester_id, semester, year)
Table: STUDENT(student_id, lastname, firstname, program_id, declare_major, total_credit, total_gpa, entered_as, admit_term, predicted_graduation_semester, degree, minor, internship)
Table: STUDENT_RECORD(student_id, course_id, semester, grade, how, transfer_source, earn_credit, repeat_term, test_id, offering_id)

Example:
Question: what courses are related to artificial intelligence
SQL: SELECT DISTINCT c.NAME FROM COURSE c JOIN AREA a ON c.COURSE_ID = a.COURSE_ID WHERE a.AREA LIKE '%artificial intelligence%';"
advising,medium,The Core requirement can be satisfied with which Settlement Pre-Industrial Societies courses ?,"SELECT DISTINCT COURSEalias0.DEPARTMENT , COURSEalias0.NAME , COURSEalias0.NUMBER FROM COURSE AS COURSEalias0 INNER JOIN AREA AS AREAalias0 ON COURSEalias0.COURSE_ID = AREAalias0.COURSE_ID INNER JOIN PROGRAM_COURSE AS PROGRAM_COURSEalias0 ON PROGRAM_COURSEalias0.COURSE_ID = COURSEalias0.COURSE_ID WHERE ( AREAalias0.AREA LIKE ""%Settlement Pre-Industrial Societies%"" OR COURSEalias0.DESCRIPTION LIKE ""%Settlement Pre-Industrial Societies%"" OR COURSEalias0.NAME LIKE ""%Settlement Pre-Industrial Societies%"" ) AND PROGRAM_COURSEalias0.CATEGORY LIKE ""%Core%"" ;","Table: AREA(course_id, area)
Table: COMMENT_INSTRUCTOR(instructor_id, student_id, score, comment_text)
Table: COURSE(COURSE_ID, NAME, DEPARTMENT, NUMBER, CREDITS, ADVISORY_REQUIREMENT, ENFORCED_REQUIREMENT, DESCRIPTION, NUM_SEMESTERS, NUM_ENROLLED, HAS_DISCUSSION, HAS_LAB, HAS_PROJECTS, HAS_EXAMS, NUM_REVIEWS, CLARITY_SCORE, EASINESS_SCORE, HELPFULNESS_SCORE)
Table: COURSE_OFFERING(OFFERING_ID, COURSE_ID, SEMESTER, SECTION_NUMBER, START_TIME, END_TIME, MONDAY, TUESDAY, WEDNESDAY, THURSDAY, FRIDAY, SATURDAY, SUNDAY, HAS_FINAL_PROJECT, HAS_FINAL_EXAM, TEXTBOOK, CLASS_ADDRESS, ALLOW_AUDIT)
Table: COURSE_PREREQUISITE(pre_course_id, course_id)
Table: COURSE_TAGS_COUNT(COURSE_ID, CLEAR_GRADING, POP_QUIZ, GROUP_PROJECTS, INSPIRATIONAL, LONG_LECTURES, EXTRA_CREDIT, FEW_TESTS, GOOD_FEEDBACK, TOUGH_TESTS, HEAVY_PAPERS, CARES_FOR_STUDENTS, HEAVY_ASSIGNMENTS, RESPECTED, PARTICIPATION, HEAVY_READING, TOUGH_GRADER, HILARIOUS, WOULD_TAKE_AGAIN, GOOD_LECTURE, NO_SKIP)
Table: GSI(course_offering_id, student_id)
Table: INSTRUCTOR(INSTRUCTOR_ID, NAME, UNIQNAME)
Table: OFFERING_INSTRUCTOR(OFFERING_INSTRUCTOR_ID, OFFERING_ID, INSTRUCTOR_ID)
Table: PROGRAM(program_id, name, college, introduction)
Table: PROGRAM_COURSE(program_id, course_id, workload, category)
Table: PROGRAM_REQUIREMENT(program_id, category, min_credit, additional_req)
Table: SEMESTER(semester_id, semester, year)
Table: STUDENT(student_id, lastname, firstname, program_id, declare_major, total_credit, total_gpa, entered_as, admit_term, predicted_graduation_semester, degree, minor, internship)
Table: STUDENT_RECORD(student_id, course_id, semester, grade, how, transfer_source, earn_credit, repeat_term, test_id, offering_id)

Example:
Question: what courses are related to artificial intelligence
SQL: SELECT DISTINCT c.NAME FROM COURSE c JOIN AREA a ON c.COURSE_ID = a.COURSE_ID WHERE a.AREA LIKE '%artificial intelligence%';"
advising,medium,"In regards to special topics classes , which ones are available next Winter ?","SELECT DISTINCT COURSEalias0.DEPARTMENT , COURSEalias0.NAME , COURSEalias0.NUMBER FROM COURSE AS COURSEalias0 INNER JOIN COURSE_OFFERING AS COURSE_OFFERINGalias0 ON COURSEalias0.COURSE_ID = COURSE_OFFERINGalias0.COURSE_ID INNER JOIN SEMESTER AS SEMESTERalias0 ON SEMESTERalias0.SEMESTER_ID = COURSE_OFFERINGalias0.SEMESTER WHERE ( COURSEalias0.NUMBER = 398 OR COURSEalias0.NUMBER = 498 OR COURSEalias0.NUMBER = 598 ) AND COURSEalias0.DEPARTMENT = """" AND SEMESTERalias0.SEMESTER = ""Winter"" AND SEMESTERalias0.YEAR = 2017 ;","Table: AREA(course_id, area)
Table: COMMENT_INSTRUCTOR(instructor_id, student_id, score, comment_text)
Table: COURSE(COURSE_ID, NAME, DEPARTMENT, NUMBER, CREDITS, ADVISORY_REQUIREMENT, ENFORCED_REQUIREMENT, DESCRIPTION, NUM_SEMESTERS, NUM_ENROLLED, HAS_DISCUSSION, HAS_LAB, HAS_PROJECTS, HAS_EXAMS, NUM_REVIEWS, CLARITY_SCORE, EASINESS_SCORE, HELPFULNESS_SCORE)
Table: COURSE_OFFERING(OFFERING_ID, COURSE_ID, SEMESTER, SECTION_NUMBER, START_TIME, END_TIME, MONDAY, TUESDAY, WEDNESDAY, THURSDAY, FRIDAY, SATURDAY, SUNDAY, HAS_FINAL_PROJECT, HAS_FINAL_EXAM, TEXTBOOK, CLASS_ADDRESS, ALLOW_AUDIT)
Table: COURSE_PREREQUISITE(pre_course_id, course_id)
Table: COURSE_TAGS_COUNT(COURSE_ID, CLEAR_GRADING, POP_QUIZ, GROUP_PROJECTS, INSPIRATIONAL, LONG_LECTURES, EXTRA_CREDIT, FEW_TESTS, GOOD_FEEDBACK, TOUGH_TESTS, HEAVY_PAPERS, CARES_FOR_STUDENTS, HEAVY_ASSIGNMENTS, RESPECTED, PARTICIPATION, HEAVY_READING, TOUGH_GRADER, HILARIOUS, WOULD_TAKE_AGAIN, GOOD_LECTURE, NO_SKIP)
Table: GSI(course_offering_id, student_id)
Table: INSTRUCTOR(INSTRUCTOR_ID, NAME, UNIQNAME)
Table: OFFERING_INSTRUCTOR(OFFERING_INSTRUCTOR_ID, OFFERING_ID, INSTRUCTOR_ID)
Table: PROGRAM(program_id, name, college, introduction)
Table: PROGRAM_COURSE(program_id, course_id, workload, category)
Table: PROGRAM_REQUIREMENT(program_id, category, min_credit, additional_req)
Table: SEMESTER(semester_id, semester, year)
Table: STUDENT(student_id, lastname, firstname, program_id, declare_major, total_credit, total_gpa, entered_as, admit_term, predicted_graduation_semester, degree, minor, internship)
Table: STUDENT_RECORD(student_id, course_id, semester, grade, how, transfer_source, earn_credit, repeat_term, test_id, offering_id)

Example:
Question: what courses are related to artificial intelligence
SQL: SELECT DISTINCT c.NAME FROM COURSE c JOIN AREA a ON c.COURSE_ID = a.COURSE_ID WHERE a.AREA LIKE '%artificial intelligence%';"
advising,medium,What classes should I enroll in in order to declare a major in SAC ?,"SELECT DISTINCT COURSEalias0.DEPARTMENT , COURSEalias0.NAME , COURSEalias0.NUMBER FROM COURSE AS COURSEalias0 , PROGRAM_COURSE AS PROGRAM_COURSEalias0 WHERE COURSEalias0.DEPARTMENT LIKE ""%SAC%"" AND PROGRAM_COURSEalias0.CATEGORY LIKE ""PreMajor"" AND PROGRAM_COURSEalias0.COURSE_ID = COURSEalias0.COURSE_ID ;","Table: AREA(course_id, area)
Table: COMMENT_INSTRUCTOR(instructor_id, student_id, score, comment_text)
Table: COURSE(COURSE_ID, NAME, DEPARTMENT, NUMBER, CREDITS, ADVISORY_REQUIREMENT, ENFORCED_REQUIREMENT, DESCRIPTION, NUM_SEMESTERS, NUM_ENROLLED, HAS_DISCUSSION, HAS_LAB, HAS_PROJECTS, HAS_EXAMS, NUM_REVIEWS, CLARITY_SCORE, EASINESS_SCORE, HELPFULNESS_SCORE)
Table: COURSE_OFFERING(OFFERING_ID, COURSE_ID, SEMESTER, SECTION_NUMBER, START_TIME, END_TIME, MONDAY, TUESDAY, WEDNESDAY, THURSDAY, FRIDAY, SATURDAY, SUNDAY, HAS_FINAL_PROJECT, HAS_FINAL_EXAM, TEXTBOOK, CLASS_ADDRESS, ALLOW_AUDIT)
Table: COURSE_PREREQUISITE(pre_course_id, course_id)
Table: COURSE_TAGS_COUNT(COURSE_ID, CLEAR_GRADING, POP_QUIZ, GROUP_PROJECTS, INSPIRATIONAL, LONG_LECTURES, EXTRA_CREDIT, FEW_TESTS, GOOD_FEEDBACK, TOUGH_TESTS, HEAVY_PAPERS, CARES_FOR_STUDENTS, HEAVY_ASSIGNMENTS, RESPECTED, PARTICIPATION, HEAVY_READING, TOUGH_GRADER, HILARIOUS, WOULD_TAKE_AGAIN, GOOD_LECTURE, NO_SKIP)
Table: GSI(course_offering_id, student_id)
Table: INSTRUCTOR(INSTRUCTOR_ID, NAME, UNIQNAME)
Table: OFFERING_INSTRUCTOR(OFFERING_INSTRUCTOR_ID, OFFERING_ID, INSTRUCTOR_ID)
Table: PROGRAM(program_id, name, college, introduction)
Table: PROGRAM_COURSE(program_id, course_id, workload, category)
Table: PROGRAM_REQUIREMENT(program_id, category, min_credit, additional_req)
Table: SEMESTER(semester_id, semester, year)
Table: STUDENT(student_id, lastname, firstname, program_id, declare_major, total_credit, total_gpa, entered_as, admit_term, predicted_graduation_semester, degree, minor, internship)
Table: STUDENT_RECORD(student_id, course_id, semester, grade, how, transfer_source, earn_credit, repeat_term, test_id, offering_id)

Example:
Question: what courses are related to artificial intelligence
SQL: SELECT DISTINCT c.NAME FROM COURSE c JOIN AREA a ON c.COURSE_ID = a.COURSE_ID WHERE a.AREA LIKE '%artificial intelligence%';"
advising,medium,"On Friday , does AUTO 503 have class ?","SELECT DISTINCT COURSE_OFFERINGalias0.FRIDAY FROM COURSE AS COURSEalias0 INNER JOIN COURSE_OFFERING AS COURSE_OFFERINGalias0 ON COURSEalias0.COURSE_ID = COURSE_OFFERINGalias0.COURSE_ID INNER JOIN SEMESTER AS SEMESTERalias0 ON SEMESTERalias0.SEMESTER_ID = COURSE_OFFERINGalias0.SEMESTER WHERE COURSEalias0.DEPARTMENT = ""AUTO"" AND COURSEalias0.NUMBER = 503 AND SEMESTERalias0.SEMESTER = ""WN"" AND SEMESTERalias0.YEAR = 2016 ;","Table: AREA(course_id, area)
Table: COMMENT_INSTRUCTOR(instructor_id, student_id, score, comment_text)
Table: COURSE(COURSE_ID, NAME, DEPARTMENT, NUMBER, CREDITS, ADVISORY_REQUIREMENT, ENFORCED_REQUIREMENT, DESCRIPTION, NUM_SEMESTERS, NUM_ENROLLED, HAS_DISCUSSION, HAS_LAB, HAS_PROJECTS, HAS_EXAMS, NUM_REVIEWS, CLARITY_SCORE, EASINESS_SCORE, HELPFULNESS_SCORE)
Table: COURSE_OFFERING(OFFERING_ID, COURSE_ID, SEMESTER, SECTION_NUMBER, START_TIME, END_TIME, MONDAY, TUESDAY, WEDNESDAY, THURSDAY, FRIDAY, SATURDAY, SUNDAY, HAS_FINAL_PROJECT, HAS_FINAL_EXAM, TEXTBOOK, CLASS_ADDRESS, ALLOW_AUDIT)
Table: COURSE_PREREQUISITE(pre_course_id, course_id)
Table: COURSE_TAGS_COUNT(COURSE_ID, CLEAR_GRADING, POP_QUIZ, GROUP_PROJECTS, INSPIRATIONAL, LONG_LECTURES, EXTRA_CREDIT, FEW_TESTS, GOOD_FEEDBACK, TOUGH_TESTS, HEAVY_PAPERS, CARES_FOR_STUDENTS, HEAVY_ASSIGNMENTS, RESPECTED, PARTICIPATION, HEAVY_READING, TOUGH_GRADER, HILARIOUS, WOULD_TAKE_AGAIN, GOOD_LECTURE, NO_SKIP)
Table: GSI(course_offering_id, student_id)
Table: INSTRUCTOR(INSTRUCTOR_ID, NAME, UNIQNAME)
Table: OFFERING_INSTRUCTOR(OFFERING_INSTRUCTOR_ID, OFFERING_ID, INSTRUCTOR_ID)
Table: PROGRAM(program_id, name, college, introduction)
Table: PROGRAM_COURSE(program_id, course_id, workload, category)
Table: PROGRAM_REQUIREMENT(program_id, category, min_credit, additional_req)
Table: SEMESTER(semester_id, semester, year)
Table: STUDENT(student_id, lastname, firstname, program_id, declare_major, total_credit, total_gpa, entered_as, admit_term, predicted_graduation_semester, degree, minor, internship)
Table: STUDENT_RECORD(student_id, course_id, semester, grade, how, transfer_source, earn_credit, repeat_term, test_id, offering_id)

Example:
Question: what courses are related to artificial intelligence
SQL: SELECT DISTINCT c.NAME FROM COURSE c JOIN AREA a ON c.COURSE_ID = a.COURSE_ID WHERE a.AREA LIKE '%artificial intelligence%';"
advising,medium,"The Other requirement , name some Culture , Adaptation , and Environment classes to satisfy it .","SELECT DISTINCT COURSEalias0.DEPARTMENT , COURSEalias0.NAME , COURSEalias0.NUMBER FROM COURSE AS COURSEalias0 INNER JOIN AREA AS AREAalias0 ON COURSEalias0.COURSE_ID = AREAalias0.COURSE_ID INNER JOIN PROGRAM_COURSE AS PROGRAM_COURSEalias0 ON PROGRAM_COURSEalias0.COURSE_ID = COURSEalias0.COURSE_ID WHERE ( AREAalias0.AREA LIKE ""%Culture , Adaptation , and Environment%"" OR COURSEalias0.DESCRIPTION LIKE ""%Culture , Adaptation , and Environment%"" OR COURSEalias0.NAME LIKE ""%Culture , Adaptation , and Environment%"" ) AND PROGRAM_COURSEalias0.CATEGORY LIKE ""%Other%"" ;","Table: AREA(course_id, area)
Table: COMMENT_INSTRUCTOR(instructor_id, student_id, score, comment_text)
Table: COURSE(COURSE_ID, NAME, DEPARTMENT, NUMBER, CREDITS, ADVISORY_REQUIREMENT, ENFORCED_REQUIREMENT, DESCRIPTION, NUM_SEMESTERS, NUM_ENROLLED, HAS_DISCUSSION, HAS_LAB, HAS_PROJECTS, HAS_EXAMS, NUM_REVIEWS, CLARITY_SCORE, EASINESS_SCORE, HELPFULNESS_SCORE)
Table: COURSE_OFFERING(OFFERING_ID, COURSE_ID, SEMESTER, SECTION_NUMBER, START_TIME, END_TIME, MONDAY, TUESDAY, WEDNESDAY, THURSDAY, FRIDAY, SATURDAY, SUNDAY, HAS_FINAL_PROJECT, HAS_FINAL_EXAM, TEXTBOOK, CLASS_ADDRESS, ALLOW_AUDIT)
Table: COURSE_PREREQUISITE(pre_course_id, course_id)
Table: COURSE_TAGS_COUNT(COURSE_ID, CLEAR_GRADING, POP_QUIZ, GROUP_PROJECTS, INSPIRATIONAL, LONG_LECTURES, EXTRA_CREDIT, FEW_TESTS, GOOD_FEEDBACK, TOUGH_TESTS, HEAVY_PAPERS, CARES_FOR_STUDENTS, HEAVY_ASSIGNMENTS, RESPECTED, PARTICIPATION, HEAVY_READING, TOUGH_GRADER, HILARIOUS, WOULD_TAKE_AGAIN, GOOD_LECTURE, NO_SKIP)
Table: GSI(course_offering_id, student_id)
Table: INSTRUCTOR(INSTRUCTOR_ID, NAME, UNIQNAME)
Table: OFFERING_INSTRUCTOR(OFFERING_INSTRUCTOR_ID, OFFERING_ID, INSTRUCTOR_ID)
Table: PROGRAM(program_id, name, college, introduction)
Table: PROGRAM_COURSE(program_id, course_id, workload, category)
Table: PROGRAM_REQUIREMENT(program_id, category, min_credit, additional_req)
Table: SEMESTER(semester_id, semester, year)
Table: STUDENT(student_id, lastname, firstname, program_id, declare_major, total_credit, total_gpa, entered_as, admit_term, predicted_graduation_semester, degree, minor, internship)
Table: STUDENT_RECORD(student_id, course_id, semester, grade, how, transfer_source, earn_credit, repeat_term, test_id, offering_id)

Example:
Question: what courses are related to artificial intelligence
SQL: SELECT DISTINCT c.NAME FROM COURSE c JOIN AREA a ON c.COURSE_ID = a.COURSE_ID WHERE a.AREA LIKE '%artificial intelligence%';"
advising,medium,"For Winter or Fall 2014 , what courses in software are offered ?","SELECT DISTINCT COURSEalias0.DEPARTMENT , COURSEalias0.NAME , COURSEalias0.NUMBER , SEMESTERalias0.SEMESTER FROM COURSE AS COURSEalias0 INNER JOIN AREA AS AREAalias0 ON COURSEalias0.COURSE_ID = AREAalias0.COURSE_ID INNER JOIN COURSE_OFFERING AS COURSE_OFFERINGalias0 ON COURSEalias0.COURSE_ID = COURSE_OFFERINGalias0.COURSE_ID INNER JOIN SEMESTER AS SEMESTERalias0 ON SEMESTERalias0.SEMESTER_ID = COURSE_OFFERINGalias0.SEMESTER WHERE AREAalias0.AREA LIKE ""%software%"" AND SEMESTERalias0.SEMESTER IN ( ""WN"" , ""FA"" ) AND SEMESTERalias0.YEAR = 2014 ;","Table: AREA(course_id, area)
Table: COMMENT_INSTRUCTOR(instructor_id, student_id, score, comment_text)
Table: COURSE(COURSE_ID, NAME, DEPARTMENT, NUMBER, CREDITS, ADVISORY_REQUIREMENT, ENFORCED_REQUIREMENT, DESCRIPTION, NUM_SEMESTERS, NUM_ENROLLED, HAS_DISCUSSION, HAS_LAB, HAS_PROJECTS, HAS_EXAMS, NUM_REVIEWS, CLARITY_SCORE, EASINESS_SCORE, HELPFULNESS_SCORE)
Table: COURSE_OFFERING(OFFERING_ID, COURSE_ID, SEMESTER, SECTION_NUMBER, START_TIME, END_TIME, MONDAY, TUESDAY, WEDNESDAY, THURSDAY, FRIDAY, SATURDAY, SUNDAY, HAS_FINAL_PROJECT, HAS_FINAL_EXAM, TEXTBOOK, CLASS_ADDRESS, ALLOW_AUDIT)
Table: COURSE_PREREQUISITE(pre_course_id, course_id)
Table: COURSE_TAGS_COUNT(COURSE_ID, CLEAR_GRADING, POP_QUIZ, GROUP_PROJECTS, INSPIRATIONAL, LONG_LECTURES, EXTRA_CREDIT, FEW_TESTS, GOOD_FEEDBACK, TOUGH_TESTS, HEAVY_PAPERS, CARES_FOR_STUDENTS, HEAVY_ASSIGNMENTS, RESPECTED, PARTICIPATION, HEAVY_READING, TOUGH_GRADER, HILARIOUS, WOULD_TAKE_AGAIN, GOOD_LECTURE, NO_SKIP)
Table: GSI(course_offering_id, student_id)
Table: INSTRUCTOR(INSTRUCTOR_ID, NAME, UNIQNAME)
Table: OFFERING_INSTRUCTOR(OFFERING_INSTRUCTOR_ID, OFFERING_ID, INSTRUCTOR_ID)
Table: PROGRAM(program_id, name, college, introduction)
Table: PROGRAM_COURSE(program_id, course_id, workload, category)
Table: PROGRAM_REQUIREMENT(program_id, category, min_credit, additional_req)
Table: SEMESTER(semester_id, semester, year)
Table: STUDENT(student_id, lastname, firstname, program_id, declare_major, total_credit, total_gpa, entered_as, admit_term, predicted_graduation_semester, degree, minor, internship)
Table: STUDENT_RECORD(student_id, course_id, semester, grade, how, transfer_source, earn_credit, repeat_term, test_id, offering_id)

Example:
Question: what courses are related to artificial intelligence
SQL: SELECT DISTINCT c.NAME FROM COURSE c JOIN AREA a ON c.COURSE_ID = a.COURSE_ID WHERE a.AREA LIKE '%artificial intelligence%';"
advising,medium,"Next semester , what time is the LHC 520 lecture ?","SELECT DISTINCT COURSE_OFFERINGalias0.START_TIME FROM COURSE AS COURSEalias0 INNER JOIN PROGRAM_COURSE AS PROGRAM_COURSEalias0 ON PROGRAM_COURSEalias0.COURSE_ID = COURSEalias0.COURSE_ID INNER JOIN COURSE_OFFERING AS COURSE_OFFERINGalias0 ON COURSEalias0.COURSE_ID = COURSE_OFFERINGalias0.COURSE_ID INNER JOIN SEMESTER AS SEMESTERalias0 ON SEMESTERalias0.SEMESTER_ID = COURSE_OFFERINGalias0.SEMESTER WHERE COURSEalias0.DEPARTMENT = ""LHC"" AND COURSEalias0.NUMBER = 520 AND SEMESTERalias0.SEMESTER = ""FA"" AND SEMESTERalias0.YEAR = 2016 ;","Table: AREA(course_id, area)
Table: COMMENT_INSTRUCTOR(instructor_id, student_id, score, comment_text)
Table: COURSE(COURSE_ID, NAME, DEPARTMENT, NUMBER, CREDITS, ADVISORY_REQUIREMENT, ENFORCED_REQUIREMENT, DESCRIPTION, NUM_SEMESTERS, NUM_ENROLLED, HAS_DISCUSSION, HAS_LAB, HAS_PROJECTS, HAS_EXAMS, NUM_REVIEWS, CLARITY_SCORE, EASINESS_SCORE, HELPFULNESS_SCORE)
Table: COURSE_OFFERING(OFFERING_ID, COURSE_ID, SEMESTER, SECTION_NUMBER, START_TIME, END_TIME, MONDAY, TUESDAY, WEDNESDAY, THURSDAY, FRIDAY, SATURDAY, SUNDAY, HAS_FINAL_PROJECT, HAS_FINAL_EXAM, TEXTBOOK, CLASS_ADDRESS, ALLOW_AUDIT)
Table: COURSE_PREREQUISITE(pre_course_id, course_id)
Table: COURSE_TAGS_COUNT(COURSE_ID, CLEAR_GRADING, POP_QUIZ, GROUP_PROJECTS, INSPIRATIONAL, LONG_LECTURES, EXTRA_CREDIT, FEW_TESTS, GOOD_FEEDBACK, TOUGH_TESTS, HEAVY_PAPERS, CARES_FOR_STUDENTS, HEAVY_ASSIGNMENTS, RESPECTED, PARTICIPATION, HEAVY_READING, TOUGH_GRADER, HILARIOUS, WOULD_TAKE_AGAIN, GOOD_LECTURE, NO_SKIP)
Table: GSI(course_offering_id, student_id)
Table: INSTRUCTOR(INSTRUCTOR_ID, NAME, UNIQNAME)
Table: OFFERING_INSTRUCTOR(OFFERING_INSTRUCTOR_ID, OFFERING_ID, INSTRUCTOR_ID)
Table: PROGRAM(program_id, name, college, introduction)
Table: PROGRAM_COURSE(program_id, course_id, workload, category)
Table: PROGRAM_REQUIREMENT(program_id, category, min_credit, additional_req)
Table: SEMESTER(semester_id, semester, year)
Table: STUDENT(student_id, lastname, firstname, program_id, declare_major, total_credit, total_gpa, entered_as, admit_term, predicted_graduation_semester, degree, minor, internship)
Table: STUDENT_RECORD(student_id, course_id, semester, grade, how, transfer_source, earn_credit, repeat_term, test_id, offering_id)

Example:
Question: what courses are related to artificial intelligence
SQL: SELECT DISTINCT c.NAME FROM COURSE c JOIN AREA a ON c.COURSE_ID = a.COURSE_ID WHERE a.AREA LIKE '%artificial intelligence%';"
advising,medium,In the Fall or Winter what courses are they offering to meet the MDE requirement ?,"SELECT DISTINCT COURSEalias0.DEPARTMENT , COURSEalias0.NAME , COURSEalias0.NUMBER , SEMESTERalias0.SEMESTER FROM COURSE AS COURSEalias0 INNER JOIN COURSE_OFFERING AS COURSE_OFFERINGalias0 ON COURSEalias0.COURSE_ID = COURSE_OFFERINGalias0.COURSE_ID INNER JOIN SEMESTER AS SEMESTERalias0 ON SEMESTERalias0.SEMESTER_ID = COURSE_OFFERINGalias0.SEMESTER INNER JOIN PROGRAM_COURSE AS PROGRAM_COURSEalias0 ON PROGRAM_COURSEalias0.COURSE_ID = COURSE_OFFERINGalias0.COURSE_ID WHERE PROGRAM_COURSEalias0.CATEGORY LIKE ""%MDE%"" AND SEMESTERalias0.SEMESTER IN ( ""FA"" , ""WN"" ) AND SEMESTERalias0.YEAR = 2016 ;","Table: AREA(course_id, area)
Table: COMMENT_INSTRUCTOR(instructor_id, student_id, score, comment_text)
Table: COURSE(COURSE_ID, NAME, DEPARTMENT, NUMBER, CREDITS, ADVISORY_REQUIREMENT, ENFORCED_REQUIREMENT, DESCRIPTION, NUM_SEMESTERS, NUM_ENROLLED, HAS_DISCUSSION, HAS_LAB, HAS_PROJECTS, HAS_EXAMS, NUM_REVIEWS, CLARITY_SCORE, EASINESS_SCORE, HELPFULNESS_SCORE)
Table: COURSE_OFFERING(OFFERING_ID, COURSE_ID, SEMESTER, SECTION_NUMBER, START_TIME, END_TIME, MONDAY, TUESDAY, WEDNESDAY, THURSDAY, FRIDAY, SATURDAY, SUNDAY, HAS_FINAL_PROJECT, HAS_FINAL_EXAM, TEXTBOOK, CLASS_ADDRESS, ALLOW_AUDIT)
Table: COURSE_PREREQUISITE(pre_course_id, course_id)
Table: COURSE_TAGS_COUNT(COURSE_ID, CLEAR_GRADING, POP_QUIZ, GROUP_PROJECTS, INSPIRATIONAL, LONG_LECTURES, EXTRA_CREDIT, FEW_TESTS, GOOD_FEEDBACK, TOUGH_TESTS, HEAVY_PAPERS, CARES_FOR_STUDENTS, HEAVY_ASSIGNMENTS, RESPECTED, PARTICIPATION, HEAVY_READING, TOUGH_GRADER, HILARIOUS, WOULD_TAKE_AGAIN, GOOD_LECTURE, NO_SKIP)
Table: GSI(course_offering_id, student_id)
Table: INSTRUCTOR(INSTRUCTOR_ID, NAME, UNIQNAME)
Table: OFFERING_INSTRUCTOR(OFFERING_INSTRUCTOR_ID, OFFERING_ID, INSTRUCTOR_ID)
Table: PROGRAM(program_id, name, college, introduction)
Table: PROGRAM_COURSE(program_id, course_id, workload, category)
Table: PROGRAM_REQUIREMENT(program_id, category, min_credit, additional_req)
Table: SEMESTER(semester_id, semester, year)
Table: STUDENT(student_id, lastname, firstname, program_id, declare_major, total_credit, total_gpa, entered_as, admit_term, predicted_graduation_semester, degree, minor, internship)
Table: STUDENT_RECORD(student_id, course_id, semester, grade, how, transfer_source, earn_credit, repeat_term, test_id, offering_id)

Example:
Question: what courses are related to artificial intelligence
SQL: SELECT DISTINCT c.NAME FROM COURSE c JOIN AREA a ON c.COURSE_ID = a.COURSE_ID WHERE a.AREA LIKE '%artificial intelligence%';"
advising,medium,Which courses in Prehistory of Oceania count for the Other requirement ?,"SELECT DISTINCT COURSEalias0.DEPARTMENT , COURSEalias0.NAME , COURSEalias0.NUMBER FROM COURSE AS COURSEalias0 INNER JOIN AREA AS AREAalias0 ON COURSEalias0.COURSE_ID = AREAalias0.COURSE_ID INNER JOIN PROGRAM_COURSE AS PROGRAM_COURSEalias0 ON PROGRAM_COURSEalias0.COURSE_ID = COURSEalias0.COURSE_ID WHERE ( AREAalias0.AREA LIKE ""%Prehistory of Oceania%"" OR COURSEalias0.DESCRIPTION LIKE ""%Prehistory of Oceania%"" OR COURSEalias0.NAME LIKE ""%Prehistory of Oceania%"" ) AND PROGRAM_COURSEalias0.CATEGORY LIKE ""%Other%"" ;","Table: AREA(course_id, area)
Table: COMMENT_INSTRUCTOR(instructor_id, student_id, score, comment_text)
Table: COURSE(COURSE_ID, NAME, DEPARTMENT, NUMBER, CREDITS, ADVISORY_REQUIREMENT, ENFORCED_REQUIREMENT, DESCRIPTION, NUM_SEMESTERS, NUM_ENROLLED, HAS_DISCUSSION, HAS_LAB, HAS_PROJECTS, HAS_EXAMS, NUM_REVIEWS, CLARITY_SCORE, EASINESS_SCORE, HELPFULNESS_SCORE)
Table: COURSE_OFFERING(OFFERING_ID, COURSE_ID, SEMESTER, SECTION_NUMBER, START_TIME, END_TIME, MONDAY, TUESDAY, WEDNESDAY, THURSDAY, FRIDAY, SATURDAY, SUNDAY, HAS_FINAL_PROJECT, HAS_FINAL_EXAM, TEXTBOOK, CLASS_ADDRESS, ALLOW_AUDIT)
Table: COURSE_PREREQUISITE(pre_course_id, course_id)
Table: COURSE_TAGS_COUNT(COURSE_ID, CLEAR_GRADING, POP_QUIZ, GROUP_PROJECTS, INSPIRATIONAL, LONG_LECTURES, EXTRA_CREDIT, FEW_TESTS, GOOD_FEEDBACK, TOUGH_TESTS, HEAVY_PAPERS, CARES_FOR_STUDENTS, HEAVY_ASSIGNMENTS, RESPECTED, PARTICIPATION, HEAVY_READING, TOUGH_GRADER, HILARIOUS, WOULD_TAKE_AGAIN, GOOD_LECTURE, NO_SKIP)
Table: GSI(course_offering_id, student_id)
Table: INSTRUCTOR(INSTRUCTOR_ID, NAME, UNIQNAME)
Table: OFFERING_INSTRUCTOR(OFFERING_INSTRUCTOR_ID, OFFERING_ID, INSTRUCTOR_ID)
Table: PROGRAM(program_id, name, college, introduction)
Table: PROGRAM_COURSE(program_id, course_id, workload, category)
Table: PROGRAM_REQUIREMENT(program_id, category, min_credit, additional_req)
Table: SEMESTER(semester_id, semester, year)
Table: STUDENT(student_id, lastname, firstname, program_id, declare_major, total_credit, total_gpa, entered_as, admit_term, predicted_graduation_semester, degree, minor, internship)
Table: STUDENT_RECORD(student_id, course_id, semester, grade, how, transfer_source, earn_credit, repeat_term, test_id, offering_id)

Example:
Question: what courses are related to artificial intelligence
SQL: SELECT DISTINCT c.NAME FROM COURSE c JOIN AREA a ON c.COURSE_ID = a.COURSE_ID WHERE a.AREA LIKE '%artificial intelligence%';"
advising,medium,What PSYCH classes don 't get together on Fridays ?,"SELECT DISTINCT COURSEalias0.DEPARTMENT , COURSEalias0.NAME , COURSEalias0.NUMBER FROM COURSE AS COURSEalias0 INNER JOIN COURSE_OFFERING AS COURSE_OFFERINGalias0 ON COURSEalias0.COURSE_ID = COURSE_OFFERINGalias0.COURSE_ID INNER JOIN SEMESTER AS SEMESTERalias0 ON SEMESTERalias0.SEMESTER_ID = COURSE_OFFERINGalias0.SEMESTER WHERE COURSE_OFFERINGalias0.FRIDAY = ""N"" AND COURSEalias0.DEPARTMENT = ""PSYCH"" AND SEMESTERalias0.SEMESTER = ""WN"" AND SEMESTERalias0.YEAR = 2016 ;","Table: AREA(course_id, area)
Table: COMMENT_INSTRUCTOR(instructor_id, student_id, score, comment_text)
Table: COURSE(COURSE_ID, NAME, DEPARTMENT, NUMBER, CREDITS, ADVISORY_REQUIREMENT, ENFORCED_REQUIREMENT, DESCRIPTION, NUM_SEMESTERS, NUM_ENROLLED, HAS_DISCUSSION, HAS_LAB, HAS_PROJECTS, HAS_EXAMS, NUM_REVIEWS, CLARITY_SCORE, EASINESS_SCORE, HELPFULNESS_SCORE)
Table: COURSE_OFFERING(OFFERING_ID, COURSE_ID, SEMESTER, SECTION_NUMBER, START_TIME, END_TIME, MONDAY, TUESDAY, WEDNESDAY, THURSDAY, FRIDAY, SATURDAY, SUNDAY, HAS_FINAL_PROJECT, HAS_FINAL_EXAM, TEXTBOOK, CLASS_ADDRESS, ALLOW_AUDIT)
Table: COURSE_PREREQUISITE(pre_course_id, course_id)
Table: COURSE_TAGS_COUNT(COURSE_ID, CLEAR_GRADING, POP_QUIZ, GROUP_PROJECTS, INSPIRATIONAL, LONG_LECTURES, EXTRA_CREDIT, FEW_TESTS, GOOD_FEEDBACK, TOUGH_TESTS, HEAVY_PAPERS, CARES_FOR_STUDENTS, HEAVY_ASSIGNMENTS, RESPECTED, PARTICIPATION, HEAVY_READING, TOUGH_GRADER, HILARIOUS, WOULD_TAKE_AGAIN, GOOD_LECTURE, NO_SKIP)
Table: GSI(course_offering_id, student_id)
Table: INSTRUCTOR(INSTRUCTOR_ID, NAME, UNIQNAME)
Table: OFFERING_INSTRUCTOR(OFFERING_INSTRUCTOR_ID, OFFERING_ID, INSTRUCTOR_ID)
Table: PROGRAM(program_id, name, college, introduction)
Table: PROGRAM_COURSE(program_id, course_id, workload, category)
Table: PROGRAM_REQUIREMENT(program_id, category, min_credit, additional_req)
Table: SEMESTER(semester_id, semester, year)
Table: STUDENT(student_id, lastname, firstname, program_id, declare_major, total_credit, total_gpa, entered_as, admit_term, predicted_graduation_semester, degree, minor, internship)
Table: STUDENT_RECORD(student_id, course_id, semester, grade, how, transfer_source, earn_credit, repeat_term, test_id, offering_id)

Example:
Question: what courses are related to artificial intelligence
SQL: SELECT DISTINCT c.NAME FROM COURSE c JOIN AREA a ON c.COURSE_ID = a.COURSE_ID WHERE a.AREA LIKE '%artificial intelligence%';"
advising,medium,What prerequisites do I need for EHS 616 and 615 ?,"SELECT DISTINCT COURSEalias0.DEPARTMENT , COURSEalias0.NAME , COURSEalias0.NUMBER FROM COURSE AS COURSEalias0 , COURSE AS COURSEalias1 , COURSE_PREREQUISITE AS COURSE_PREREQUISITEalias0 WHERE ( COURSEalias1.NUMBER = 616 OR COURSEalias1.NUMBER = 615 ) AND COURSEalias0.COURSE_ID = COURSE_PREREQUISITEalias0.PRE_COURSE_ID AND COURSEalias1.COURSE_ID = COURSE_PREREQUISITEalias0.COURSE_ID AND COURSEalias1.DEPARTMENT = ""EHS"" ;","Table: AREA(course_id, area)
Table: COMMENT_INSTRUCTOR(instructor_id, student_id, score, comment_text)
Table: COURSE(COURSE_ID, NAME, DEPARTMENT, NUMBER, CREDITS, ADVISORY_REQUIREMENT, ENFORCED_REQUIREMENT, DESCRIPTION, NUM_SEMESTERS, NUM_ENROLLED, HAS_DISCUSSION, HAS_LAB, HAS_PROJECTS, HAS_EXAMS, NUM_REVIEWS, CLARITY_SCORE, EASINESS_SCORE, HELPFULNESS_SCORE)
Table: COURSE_OFFERING(OFFERING_ID, COURSE_ID, SEMESTER, SECTION_NUMBER, START_TIME, END_TIME, MONDAY, TUESDAY, WEDNESDAY, THURSDAY, FRIDAY, SATURDAY, SUNDAY, HAS_FINAL_PROJECT, HAS_FINAL_EXAM, TEXTBOOK, CLASS_ADDRESS, ALLOW_AUDIT)
Table: COURSE_PREREQUISITE(pre_course_id, course_id)
Table: COURSE_TAGS_COUNT(COURSE_ID, CLEAR_GRADING, POP_QUIZ, GROUP_PROJECTS, INSPIRATIONAL, LONG_LECTURES, EXTRA_CREDIT, FEW_TESTS, GOOD_FEEDBACK, TOUGH_TESTS, HEAVY_PAPERS, CARES_FOR_STUDENTS, HEAVY_ASSIGNMENTS, RESPECTED, PARTICIPATION, HEAVY_READING, TOUGH_GRADER, HILARIOUS, WOULD_TAKE_AGAIN, GOOD_LECTURE, NO_SKIP)
Table: GSI(course_offering_id, student_id)
Table: INSTRUCTOR(INSTRUCTOR_ID, NAME, UNIQNAME)
Table: OFFERING_INSTRUCTOR(OFFERING_INSTRUCTOR_ID, OFFERING_ID, INSTRUCTOR_ID)
Table: PROGRAM(program_id, name, college, introduction)
Table: PROGRAM_COURSE(program_id, course_id, workload, category)
Table: PROGRAM_REQUIREMENT(program_id, category, min_credit, additional_req)
Table: SEMESTER(semester_id, semester, year)
Table: STUDENT(student_id, lastname, firstname, program_id, declare_major, total_credit, total_gpa, entered_as, admit_term, predicted_graduation_semester, degree, minor, internship)
Table: STUDENT_RECORD(student_id, course_id, semester, grade, how, transfer_source, earn_credit, repeat_term, test_id, offering_id)

Example:
Question: what courses are related to artificial intelligence
SQL: SELECT DISTINCT c.NAME FROM COURSE c JOIN AREA a ON c.COURSE_ID = a.COURSE_ID WHERE a.AREA LIKE '%artificial intelligence%';"
advising,medium,Which Selected Near and Middle Eastern Studies courses are 14 credits ?,"SELECT DISTINCT COURSEalias0.DEPARTMENT , COURSEalias0.NAME , COURSEalias0.NUMBER FROM COURSE AS COURSEalias0 WHERE ( COURSEalias0.DESCRIPTION LIKE ""%Selected Near and Middle Eastern Studies%"" OR COURSEalias0.NAME LIKE ""%Selected Near and Middle Eastern Studies%"" ) AND COURSEalias0.CREDITS = 14 ;","Table: AREA(course_id, area)
Table: COMMENT_INSTRUCTOR(instructor_id, student_id, score, comment_text)
Table: COURSE(COURSE_ID, NAME, DEPARTMENT, NUMBER, CREDITS, ADVISORY_REQUIREMENT, ENFORCED_REQUIREMENT, DESCRIPTION, NUM_SEMESTERS, NUM_ENROLLED, HAS_DISCUSSION, HAS_LAB, HAS_PROJECTS, HAS_EXAMS, NUM_REVIEWS, CLARITY_SCORE, EASINESS_SCORE, HELPFULNESS_SCORE)
Table: COURSE_OFFERING(OFFERING_ID, COURSE_ID, SEMESTER, SECTION_NUMBER, START_TIME, END_TIME, MONDAY, TUESDAY, WEDNESDAY, THURSDAY, FRIDAY, SATURDAY, SUNDAY, HAS_FINAL_PROJECT, HAS_FINAL_EXAM, TEXTBOOK, CLASS_ADDRESS, ALLOW_AUDIT)
Table: COURSE_PREREQUISITE(pre_course_id, course_id)
Table: COURSE_TAGS_COUNT(COURSE_ID, CLEAR_GRADING, POP_QUIZ, GROUP_PROJECTS, INSPIRATIONAL, LONG_LECTURES, EXTRA_CREDIT, FEW_TESTS, GOOD_FEEDBACK, TOUGH_TESTS, HEAVY_PAPERS, CARES_FOR_STUDENTS, HEAVY_ASSIGNMENTS, RESPECTED, PARTICIPATION, HEAVY_READING, TOUGH_GRADER, HILARIOUS, WOULD_TAKE_AGAIN, GOOD_LECTURE, NO_SKIP)
Table: GSI(course_offering_id, student_id)
Table: INSTRUCTOR(INSTRUCTOR_ID, NAME, UNIQNAME)
Table: OFFERING_INSTRUCTOR(OFFERING_INSTRUCTOR_ID, OFFERING_ID, INSTRUCTOR_ID)
Table: PROGRAM(program_id, name, college, introduction)
Table: PROGRAM_COURSE(program_id, course_id, workload, category)
Table: PROGRAM_REQUIREMENT(program_id, category, min_credit, additional_req)
Table: SEMESTER(semester_id, semester, year)
Table: STUDENT(student_id, lastname, firstname, program_id, declare_major, total_credit, total_gpa, entered_as, admit_term, predicted_graduation_semester, degree, minor, internship)
Table: STUDENT_RECORD(student_id, course_id, semester, grade, how, transfer_source, earn_credit, repeat_term, test_id, offering_id)

Example:
Question: what courses are related to artificial intelligence
SQL: SELECT DISTINCT c.NAME FROM COURSE c JOIN AREA a ON c.COURSE_ID = a.COURSE_ID WHERE a.AREA LIKE '%artificial intelligence%';"
advising,medium,What Caribbean Literature classes fulfill the PreMajor requirement ?,"SELECT DISTINCT COURSEalias0.DEPARTMENT , COURSEalias0.NAME , COURSEalias0.NUMBER FROM COURSE AS COURSEalias0 INNER JOIN AREA AS AREAalias0 ON COURSEalias0.COURSE_ID = AREAalias0.COURSE_ID INNER JOIN PROGRAM_COURSE AS PROGRAM_COURSEalias0 ON PROGRAM_COURSEalias0.COURSE_ID = COURSEalias0.COURSE_ID WHERE ( AREAalias0.AREA LIKE ""%Caribbean Literature%"" OR COURSEalias0.DESCRIPTION LIKE ""%Caribbean Literature%"" OR COURSEalias0.NAME LIKE ""%Caribbean Literature%"" ) AND PROGRAM_COURSEalias0.CATEGORY LIKE ""%PreMajor%"" ;","Table: AREA(course_id, area)
Table: COMMENT_INSTRUCTOR(instructor_id, student_id, score, comment_text)
Table: COURSE(COURSE_ID, NAME, DEPARTMENT, NUMBER, CREDITS, ADVISORY_REQUIREMENT, ENFORCED_REQUIREMENT, DESCRIPTION, NUM_SEMESTERS, NUM_ENROLLED, HAS_DISCUSSION, HAS_LAB, HAS_PROJECTS, HAS_EXAMS, NUM_REVIEWS, CLARITY_SCORE, EASINESS_SCORE, HELPFULNESS_SCORE)
Table: COURSE_OFFERING(OFFERING_ID, COURSE_ID, SEMESTER, SECTION_NUMBER, START_TIME, END_TIME, MONDAY, TUESDAY, WEDNESDAY, THURSDAY, FRIDAY, SATURDAY, SUNDAY, HAS_FINAL_PROJECT, HAS_FINAL_EXAM, TEXTBOOK, CLASS_ADDRESS, ALLOW_AUDIT)
Table: COURSE_PREREQUISITE(pre_course_id, course_id)
Table: COURSE_TAGS_COUNT(COURSE_ID, CLEAR_GRADING, POP_QUIZ, GROUP_PROJECTS, INSPIRATIONAL, LONG_LECTURES, EXTRA_CREDIT, FEW_TESTS, GOOD_FEEDBACK, TOUGH_TESTS, HEAVY_PAPERS, CARES_FOR_STUDENTS, HEAVY_ASSIGNMENTS, RESPECTED, PARTICIPATION, HEAVY_READING, TOUGH_GRADER, HILARIOUS, WOULD_TAKE_AGAIN, GOOD_LECTURE, NO_SKIP)
Table: GSI(course_offering_id, student_id)
Table: INSTRUCTOR(INSTRUCTOR_ID, NAME, UNIQNAME)
Table: OFFERING_INSTRUCTOR(OFFERING_INSTRUCTOR_ID, OFFERING_ID, INSTRUCTOR_ID)
Table: PROGRAM(program_id, name, college, introduction)
Table: PROGRAM_COURSE(program_id, course_id, workload, category)
Table: PROGRAM_REQUIREMENT(program_id, category, min_credit, additional_req)
Table: SEMESTER(semester_id, semester, year)
Table: STUDENT(student_id, lastname, firstname, program_id, declare_major, total_credit, total_gpa, entered_as, admit_term, predicted_graduation_semester, degree, minor, internship)
Table: STUDENT_RECORD(student_id, course_id, semester, grade, how, transfer_source, earn_credit, repeat_term, test_id, offering_id)

Example:
Question: what courses are related to artificial intelligence
SQL: SELECT DISTINCT c.NAME FROM COURSE c JOIN AREA a ON c.COURSE_ID = a.COURSE_ID WHERE a.AREA LIKE '%artificial intelligence%';"
advising,medium,"If I wanted to satisfy he ULCS requirement , which Recursion Theory courses could I take ?","SELECT DISTINCT COURSEalias0.DEPARTMENT , COURSEalias0.NAME , COURSEalias0.NUMBER FROM COURSE AS COURSEalias0 INNER JOIN AREA AS AREAalias0 ON COURSEalias0.COURSE_ID = AREAalias0.COURSE_ID INNER JOIN PROGRAM_COURSE AS PROGRAM_COURSEalias0 ON PROGRAM_COURSEalias0.COURSE_ID = COURSEalias0.COURSE_ID WHERE ( AREAalias0.AREA LIKE ""%Recursion Theory%"" OR COURSEalias0.DESCRIPTION LIKE ""%Recursion Theory%"" OR COURSEalias0.NAME LIKE ""%Recursion Theory%"" ) AND PROGRAM_COURSEalias0.CATEGORY LIKE ""%ULCS%"" ;","Table: AREA(course_id, area)
Table: COMMENT_INSTRUCTOR(instructor_id, student_id, score, comment_text)
Table: COURSE(COURSE_ID, NAME, DEPARTMENT, NUMBER, CREDITS, ADVISORY_REQUIREMENT, ENFORCED_REQUIREMENT, DESCRIPTION, NUM_SEMESTERS, NUM_ENROLLED, HAS_DISCUSSION, HAS_LAB, HAS_PROJECTS, HAS_EXAMS, NUM_REVIEWS, CLARITY_SCORE, EASINESS_SCORE, HELPFULNESS_SCORE)
Table: COURSE_OFFERING(OFFERING_ID, COURSE_ID, SEMESTER, SECTION_NUMBER, START_TIME, END_TIME, MONDAY, TUESDAY, WEDNESDAY, THURSDAY, FRIDAY, SATURDAY, SUNDAY, HAS_FINAL_PROJECT, HAS_FINAL_EXAM, TEXTBOOK, CLASS_ADDRESS, ALLOW_AUDIT)
Table: COURSE_PREREQUISITE(pre_course_id, course_id)
Table: COURSE_TAGS_COUNT(COURSE_ID, CLEAR_GRADING, POP_QUIZ, GROUP_PROJECTS, INSPIRATIONAL, LONG_LECTURES, EXTRA_CREDIT, FEW_TESTS, GOOD_FEEDBACK, TOUGH_TESTS, HEAVY_PAPERS, CARES_FOR_STUDENTS, HEAVY_ASSIGNMENTS, RESPECTED, PARTICIPATION, HEAVY_READING, TOUGH_GRADER, HILARIOUS, WOULD_TAKE_AGAIN, GOOD_LECTURE, NO_SKIP)
Table: GSI(course_offering_id, student_id)
Table: INSTRUCTOR(INSTRUCTOR_ID, NAME, UNIQNAME)
Table: OFFERING_INSTRUCTOR(OFFERING_INSTRUCTOR_ID, OFFERING_ID, INSTRUCTOR_ID)
Table: PROGRAM(program_id, name, college, introduction)
Table: PROGRAM_COURSE(program_id, course_id, workload, category)
Table: PROGRAM_REQUIREMENT(program_id, category, min_credit, additional_req)
Table: SEMESTER(semester_id, semester, year)
Table: STUDENT(student_id, lastname, firstname, program_id, declare_major, total_credit, total_gpa, entered_as, admit_term, predicted_graduation_semester, degree, minor, internship)
Table: STUDENT_RECORD(student_id, course_id, semester, grade, how, transfer_source, earn_credit, repeat_term, test_id, offering_id)

Example:
Question: what courses are related to artificial intelligence
SQL: SELECT DISTINCT c.NAME FROM COURSE c JOIN AREA a ON c.COURSE_ID = a.COURSE_ID WHERE a.AREA LIKE '%artificial intelligence%';"
advising,medium,What are the special topics classes offered next Winter ?,"SELECT DISTINCT COURSEalias0.DEPARTMENT , COURSEalias0.NAME , COURSEalias0.NUMBER FROM COURSE AS COURSEalias0 INNER JOIN COURSE_OFFERING AS COURSE_OFFERINGalias0 ON COURSEalias0.COURSE_ID = COURSE_OFFERINGalias0.COURSE_ID INNER JOIN SEMESTER AS SEMESTERalias0 ON SEMESTERalias0.SEMESTER_ID = COURSE_OFFERINGalias0.SEMESTER WHERE ( COURSEalias0.NUMBER = 398 OR COURSEalias0.NUMBER = 498 OR COURSEalias0.NUMBER = 598 ) AND COURSEalias0.DEPARTMENT = """" AND SEMESTERalias0.SEMESTER = ""Winter"" AND SEMESTERalias0.YEAR = 2017 ;","Table: AREA(course_id, area)
Table: COMMENT_INSTRUCTOR(instructor_id, student_id, score, comment_text)
Table: COURSE(COURSE_ID, NAME, DEPARTMENT, NUMBER, CREDITS, ADVISORY_REQUIREMENT, ENFORCED_REQUIREMENT, DESCRIPTION, NUM_SEMESTERS, NUM_ENROLLED, HAS_DISCUSSION, HAS_LAB, HAS_PROJECTS, HAS_EXAMS, NUM_REVIEWS, CLARITY_SCORE, EASINESS_SCORE, HELPFULNESS_SCORE)
Table: COURSE_OFFERING(OFFERING_ID, COURSE_ID, SEMESTER, SECTION_NUMBER, START_TIME, END_TIME, MONDAY, TUESDAY, WEDNESDAY, THURSDAY, FRIDAY, SATURDAY, SUNDAY, HAS_FINAL_PROJECT, HAS_FINAL_EXAM, TEXTBOOK, CLASS_ADDRESS, ALLOW_AUDIT)
Table: COURSE_PREREQUISITE(pre_course_id, course_id)
Table: COURSE_TAGS_COUNT(COURSE_ID, CLEAR_GRADING, POP_QUIZ, GROUP_PROJECTS, INSPIRATIONAL, LONG_LECTURES, EXTRA_CREDIT, FEW_TESTS, GOOD_FEEDBACK, TOUGH_TESTS, HEAVY_PAPERS, CARES_FOR_STUDENTS, HEAVY_ASSIGNMENTS, RESPECTED, PARTICIPATION, HEAVY_READING, TOUGH_GRADER, HILARIOUS, WOULD_TAKE_AGAIN, GOOD_LECTURE, NO_SKIP)
Table: GSI(course_offering_id, student_id)
Table: INSTRUCTOR(INSTRUCTOR_ID, NAME, UNIQNAME)
Table: OFFERING_INSTRUCTOR(OFFERING_INSTRUCTOR_ID, OFFERING_ID, INSTRUCTOR_ID)
Table: PROGRAM(program_id, name, college, introduction)
Table: PROGRAM_COURSE(program_id, course_id, workload, category)
Table: PROGRAM_REQUIREMENT(program_id, category, min_credit, additional_req)
Table: SEMESTER(semester_id, semester, year)
Table: STUDENT(student_id, lastname, firstname, program_id, declare_major, total_credit, total_gpa, entered_as, admit_term, predicted_graduation_semester, degree, minor, internship)
Table: STUDENT_RECORD(student_id, course_id, semester, grade, how, transfer_source, earn_credit, repeat_term, test_id, offering_id)

Example:
Question: what courses are related to artificial intelligence
SQL: SELECT DISTINCT c.NAME FROM COURSE c JOIN AREA a ON c.COURSE_ID = a.COURSE_ID WHERE a.AREA LIKE '%artificial intelligence%';"
advising,medium,During the Spring and Summer terms are 500 -level classes offered ?,"SELECT DISTINCT COURSEalias0.DEPARTMENT , COURSEalias0.NAME , COURSEalias0.NUMBER , SEMESTERalias0.SEMESTER FROM COURSE AS COURSEalias0 , COURSE_OFFERING AS COURSE_OFFERINGalias0 , SEMESTER AS SEMESTERalias0 WHERE COURSEalias0.COURSE_ID = COURSE_OFFERINGalias0.COURSE_ID AND COURSEalias0.DEPARTMENT = ""department0"" AND COURSEalias0.NUMBER BETWEEN 500 AND 500 + 100 AND SEMESTERalias0.SEMESTER IN ( ""SP"" , ""SU"" , ""SS"" ) AND SEMESTERalias0.SEMESTER_ID = COURSE_OFFERINGalias0.SEMESTER AND SEMESTERalias0.YEAR = 2016 ;","Table: AREA(course_id, area)
Table: COMMENT_INSTRUCTOR(instructor_id, student_id, score, comment_text)
Table: COURSE(COURSE_ID, NAME, DEPARTMENT, NUMBER, CREDITS, ADVISORY_REQUIREMENT, ENFORCED_REQUIREMENT, DESCRIPTION, NUM_SEMESTERS, NUM_ENROLLED, HAS_DISCUSSION, HAS_LAB, HAS_PROJECTS, HAS_EXAMS, NUM_REVIEWS, CLARITY_SCORE, EASINESS_SCORE, HELPFULNESS_SCORE)
Table: COURSE_OFFERING(OFFERING_ID, COURSE_ID, SEMESTER, SECTION_NUMBER, START_TIME, END_TIME, MONDAY, TUESDAY, WEDNESDAY, THURSDAY, FRIDAY, SATURDAY, SUNDAY, HAS_FINAL_PROJECT, HAS_FINAL_EXAM, TEXTBOOK, CLASS_ADDRESS, ALLOW_AUDIT)
Table: COURSE_PREREQUISITE(pre_course_id, course_id)
Table: COURSE_TAGS_COUNT(COURSE_ID, CLEAR_GRADING, POP_QUIZ, GROUP_PROJECTS, INSPIRATIONAL, LONG_LECTURES, EXTRA_CREDIT, FEW_TESTS, GOOD_FEEDBACK, TOUGH_TESTS, HEAVY_PAPERS, CARES_FOR_STUDENTS, HEAVY_ASSIGNMENTS, RESPECTED, PARTICIPATION, HEAVY_READING, TOUGH_GRADER, HILARIOUS, WOULD_TAKE_AGAIN, GOOD_LECTURE, NO_SKIP)
Table: GSI(course_offering_id, student_id)
Table: INSTRUCTOR(INSTRUCTOR_ID, NAME, UNIQNAME)
Table: OFFERING_INSTRUCTOR(OFFERING_INSTRUCTOR_ID, OFFERING_ID, INSTRUCTOR_ID)
Table: PROGRAM(program_id, name, college, introduction)
Table: PROGRAM_COURSE(program_id, course_id, workload, category)
Table: PROGRAM_REQUIREMENT(program_id, category, min_credit, additional_req)
Table: SEMESTER(semester_id, semester, year)
Table: STUDENT(student_id, lastname, firstname, program_id, declare_major, total_credit, total_gpa, entered_as, admit_term, predicted_graduation_semester, degree, minor, internship)
Table: STUDENT_RECORD(student_id, course_id, semester, grade, how, transfer_source, earn_credit, repeat_term, test_id, offering_id)

Example:
Question: what courses are related to artificial intelligence
SQL: SELECT DISTINCT c.NAME FROM COURSE c JOIN AREA a ON c.COURSE_ID = a.COURSE_ID WHERE a.AREA LIKE '%artificial intelligence%';"
advising,medium,"Who is the past , present or future Child Therapy teacher ?","SELECT DISTINCT INSTRUCTORalias0.NAME FROM INSTRUCTOR AS INSTRUCTORalias0 INNER JOIN OFFERING_INSTRUCTOR AS OFFERING_INSTRUCTORalias0 ON OFFERING_INSTRUCTORalias0.INSTRUCTOR_ID = INSTRUCTORalias0.INSTRUCTOR_ID INNER JOIN COURSE_OFFERING AS COURSE_OFFERINGalias0 ON OFFERING_INSTRUCTORalias0.OFFERING_ID = COURSE_OFFERINGalias0.OFFERING_ID INNER JOIN COURSE AS COURSEalias0 ON COURSEalias0.COURSE_ID = COURSE_OFFERINGalias0.COURSE_ID WHERE COURSEalias0.NAME LIKE ""%Child Therapy%"" ;","Table: AREA(course_id, area)
Table: COMMENT_INSTRUCTOR(instructor_id, student_id, score, comment_text)
Table: COURSE(COURSE_ID, NAME, DEPARTMENT, NUMBER, CREDITS, ADVISORY_REQUIREMENT, ENFORCED_REQUIREMENT, DESCRIPTION, NUM_SEMESTERS, NUM_ENROLLED, HAS_DISCUSSION, HAS_LAB, HAS_PROJECTS, HAS_EXAMS, NUM_REVIEWS, CLARITY_SCORE, EASINESS_SCORE, HELPFULNESS_SCORE)
Table: COURSE_OFFERING(OFFERING_ID, COURSE_ID, SEMESTER, SECTION_NUMBER, START_TIME, END_TIME, MONDAY, TUESDAY, WEDNESDAY, THURSDAY, FRIDAY, SATURDAY, SUNDAY, HAS_FINAL_PROJECT, HAS_FINAL_EXAM, TEXTBOOK, CLASS_ADDRESS, ALLOW_AUDIT)
Table: COURSE_PREREQUISITE(pre_course_id, course_id)
Table: COURSE_TAGS_COUNT(COURSE_ID, CLEAR_GRADING, POP_QUIZ, GROUP_PROJECTS, INSPIRATIONAL, LONG_LECTURES, EXTRA_CREDIT, FEW_TESTS, GOOD_FEEDBACK, TOUGH_TESTS, HEAVY_PAPERS, CARES_FOR_STUDENTS, HEAVY_ASSIGNMENTS, RESPECTED, PARTICIPATION, HEAVY_READING, TOUGH_GRADER, HILARIOUS, WOULD_TAKE_AGAIN, GOOD_LECTURE, NO_SKIP)
Table: GSI(course_offering_id, student_id)
Table: INSTRUCTOR(INSTRUCTOR_ID, NAME, UNIQNAME)
Table: OFFERING_INSTRUCTOR(OFFERING_INSTRUCTOR_ID, OFFERING_ID, INSTRUCTOR_ID)
Table: PROGRAM(program_id, name, college, introduction)
Table: PROGRAM_COURSE(program_id, course_id, workload, category)
Table: PROGRAM_REQUIREMENT(program_id, category, min_credit, additional_req)
Table: SEMESTER(semester_id, semester, year)
Table: STUDENT(student_id, lastname, firstname, program_id, declare_major, total_credit, total_gpa, entered_as, admit_term, predicted_graduation_semester, degree, minor, internship)
Table: STUDENT_RECORD(student_id, course_id, semester, grade, how, transfer_source, earn_credit, repeat_term, test_id, offering_id)

Example:
Question: what courses are related to artificial intelligence
SQL: SELECT DISTINCT c.NAME FROM COURSE c JOIN AREA a ON c.COURSE_ID = a.COURSE_ID WHERE a.AREA LIKE '%artificial intelligence%';"
advising,medium,Does RESTORA 748 meet often ?,"SELECT DISTINCT COURSE_OFFERINGalias0.FRIDAY , COURSE_OFFERINGalias0.MONDAY , COURSE_OFFERINGalias0.SATURDAY , COURSE_OFFERINGalias0.SUNDAY , COURSE_OFFERINGalias0.THURSDAY , COURSE_OFFERINGalias0.TUESDAY , COURSE_OFFERINGalias0.WEDNESDAY FROM COURSE AS COURSEalias0 INNER JOIN COURSE_OFFERING AS COURSE_OFFERINGalias0 ON COURSEalias0.COURSE_ID = COURSE_OFFERINGalias0.COURSE_ID INNER JOIN SEMESTER AS SEMESTERalias0 ON SEMESTERalias0.SEMESTER_ID = COURSE_OFFERINGalias0.SEMESTER WHERE COURSEalias0.DEPARTMENT = ""RESTORA"" AND COURSEalias0.NUMBER = 748 AND SEMESTERalias0.SEMESTER = ""WN"" AND SEMESTERalias0.YEAR = 2016 ;","Table: AREA(course_id, area)
Table: COMMENT_INSTRUCTOR(instructor_id, student_id, score, comment_text)
Table: COURSE(COURSE_ID, NAME, DEPARTMENT, NUMBER, CREDITS, ADVISORY_REQUIREMENT, ENFORCED_REQUIREMENT, DESCRIPTION, NUM_SEMESTERS, NUM_ENROLLED, HAS_DISCUSSION, HAS_LAB, HAS_PROJECTS, HAS_EXAMS, NUM_REVIEWS, CLARITY_SCORE, EASINESS_SCORE, HELPFULNESS_SCORE)
Table: COURSE_OFFERING(OFFERING_ID, COURSE_ID, SEMESTER, SECTION_NUMBER, START_TIME, END_TIME, MONDAY, TUESDAY, WEDNESDAY, THURSDAY, FRIDAY, SATURDAY, SUNDAY, HAS_FINAL_PROJECT, HAS_FINAL_EXAM, TEXTBOOK, CLASS_ADDRESS, ALLOW_AUDIT)
Table: COURSE_PREREQUISITE(pre_course_id, course_id)
Table: COURSE_TAGS_COUNT(COURSE_ID, CLEAR_GRADING, POP_QUIZ, GROUP_PROJECTS, INSPIRATIONAL, LONG_LECTURES, EXTRA_CREDIT, FEW_TESTS, GOOD_FEEDBACK, TOUGH_TESTS, HEAVY_PAPERS, CARES_FOR_STUDENTS, HEAVY_ASSIGNMENTS, RESPECTED, PARTICIPATION, HEAVY_READING, TOUGH_GRADER, HILARIOUS, WOULD_TAKE_AGAIN, GOOD_LECTURE, NO_SKIP)
Table: GSI(course_offering_id, student_id)
Table: INSTRUCTOR(INSTRUCTOR_ID, NAME, UNIQNAME)
Table: OFFERING_INSTRUCTOR(OFFERING_INSTRUCTOR_ID, OFFERING_ID, INSTRUCTOR_ID)
Table: PROGRAM(program_id, name, college, introduction)
Table: PROGRAM_COURSE(program_id, course_id, workload, category)
Table: PROGRAM_REQUIREMENT(program_id, category, min_credit, additional_req)
Table: SEMESTER(semester_id, semester, year)
Table: STUDENT(student_id, lastname, firstname, program_id, declare_major, total_credit, total_gpa, entered_as, admit_term, predicted_graduation_semester, degree, minor, internship)
Table: STUDENT_RECORD(student_id, course_id, semester, grade, how, transfer_source, earn_credit, repeat_term, test_id, offering_id)

Example:
Question: what courses are related to artificial intelligence
SQL: SELECT DISTINCT c.NAME FROM COURSE c JOIN AREA a ON c.COURSE_ID = a.COURSE_ID WHERE a.AREA LIKE '%artificial intelligence%';"
advising,medium,Which Thermodynamics and Kinetics courses are worth 9 credits ?,"SELECT DISTINCT COURSEalias0.DEPARTMENT , COURSEalias0.NAME , COURSEalias0.NUMBER FROM COURSE AS COURSEalias0 WHERE ( COURSEalias0.DESCRIPTION LIKE ""%Thermodynamics and Kinetics%"" OR COURSEalias0.NAME LIKE ""%Thermodynamics and Kinetics%"" ) AND COURSEalias0.CREDITS = 9 ;","Table: AREA(course_id, area)
Table: COMMENT_INSTRUCTOR(instructor_id, student_id, score, comment_text)
Table: COURSE(COURSE_ID, NAME, DEPARTMENT, NUMBER, CREDITS, ADVISORY_REQUIREMENT, ENFORCED_REQUIREMENT, DESCRIPTION, NUM_SEMESTERS, NUM_ENROLLED, HAS_DISCUSSION, HAS_LAB, HAS_PROJECTS, HAS_EXAMS, NUM_REVIEWS, CLARITY_SCORE, EASINESS_SCORE, HELPFULNESS_SCORE)
Table: COURSE_OFFERING(OFFERING_ID, COURSE_ID, SEMESTER, SECTION_NUMBER, START_TIME, END_TIME, MONDAY, TUESDAY, WEDNESDAY, THURSDAY, FRIDAY, SATURDAY, SUNDAY, HAS_FINAL_PROJECT, HAS_FINAL_EXAM, TEXTBOOK, CLASS_ADDRESS, ALLOW_AUDIT)
Table: COURSE_PREREQUISITE(pre_course_id, course_id)
Table: COURSE_TAGS_COUNT(COURSE_ID, CLEAR_GRADING, POP_QUIZ, GROUP_PROJECTS, INSPIRATIONAL, LONG_LECTURES, EXTRA_CREDIT, FEW_TESTS, GOOD_FEEDBACK, TOUGH_TESTS, HEAVY_PAPERS, CARES_FOR_STUDENTS, HEAVY_ASSIGNMENTS, RESPECTED, PARTICIPATION, HEAVY_READING, TOUGH_GRADER, HILARIOUS, WOULD_TAKE_AGAIN, GOOD_LECTURE, NO_SKIP)
Table: GSI(course_offering_id, student_id)
Table: INSTRUCTOR(INSTRUCTOR_ID, NAME, UNIQNAME)
Table: OFFERING_INSTRUCTOR(OFFERING_INSTRUCTOR_ID, OFFERING_ID, INSTRUCTOR_ID)
Table: PROGRAM(program_id, name, college, introduction)
Table: PROGRAM_COURSE(program_id, course_id, workload, category)
Table: PROGRAM_REQUIREMENT(program_id, category, min_credit, additional_req)
Table: SEMESTER(semester_id, semester, year)
Table: STUDENT(student_id, lastname, firstname, program_id, declare_major, total_credit, total_gpa, entered_as, admit_term, predicted_graduation_semester, degree, minor, internship)
Table: STUDENT_RECORD(student_id, course_id, semester, grade, how, transfer_source, earn_credit, repeat_term, test_id, offering_id)

Example:
Question: what courses are related to artificial intelligence
SQL: SELECT DISTINCT c.NAME FROM COURSE c JOIN AREA a ON c.COURSE_ID = a.COURSE_ID WHERE a.AREA LIKE '%artificial intelligence%';"
advising,medium,Does the Spring or Summer term offer any 100 -level classes ?,"SELECT DISTINCT COURSEalias0.DEPARTMENT , COURSEalias0.NAME , COURSEalias0.NUMBER , SEMESTERalias0.SEMESTER FROM COURSE AS COURSEalias0 , COURSE_OFFERING AS COURSE_OFFERINGalias0 , SEMESTER AS SEMESTERalias0 WHERE COURSEalias0.COURSE_ID = COURSE_OFFERINGalias0.COURSE_ID AND COURSEalias0.DEPARTMENT = """" AND COURSEalias0.NUMBER BETWEEN 100 AND 100 + 100 AND SEMESTERalias0.SEMESTER IN ( ""SP"" , ""SS"" , ""SU"" ) AND SEMESTERalias0.SEMESTER_ID = COURSE_OFFERINGalias0.SEMESTER AND SEMESTERalias0.YEAR = 2016 ;","Table: AREA(course_id, area)
Table: COMMENT_INSTRUCTOR(instructor_id, student_id, score, comment_text)
Table: COURSE(COURSE_ID, NAME, DEPARTMENT, NUMBER, CREDITS, ADVISORY_REQUIREMENT, ENFORCED_REQUIREMENT, DESCRIPTION, NUM_SEMESTERS, NUM_ENROLLED, HAS_DISCUSSION, HAS_LAB, HAS_PROJECTS, HAS_EXAMS, NUM_REVIEWS, CLARITY_SCORE, EASINESS_SCORE, HELPFULNESS_SCORE)
Table: COURSE_OFFERING(OFFERING_ID, COURSE_ID, SEMESTER, SECTION_NUMBER, START_TIME, END_TIME, MONDAY, TUESDAY, WEDNESDAY, THURSDAY, FRIDAY, SATURDAY, SUNDAY, HAS_FINAL_PROJECT, HAS_FINAL_EXAM, TEXTBOOK, CLASS_ADDRESS, ALLOW_AUDIT)
Table: COURSE_PREREQUISITE(pre_course_id, course_id)
Table: COURSE_TAGS_COUNT(COURSE_ID, CLEAR_GRADING, POP_QUIZ, GROUP_PROJECTS, INSPIRATIONAL, LONG_LECTURES, EXTRA_CREDIT, FEW_TESTS, GOOD_FEEDBACK, TOUGH_TESTS, HEAVY_PAPERS, CARES_FOR_STUDENTS, HEAVY_ASSIGNMENTS, RESPECTED, PARTICIPATION, HEAVY_READING, TOUGH_GRADER, HILARIOUS, WOULD_TAKE_AGAIN, GOOD_LECTURE, NO_SKIP)
Table: GSI(course_offering_id, student_id)
Table: INSTRUCTOR(INSTRUCTOR_ID, NAME, UNIQNAME)
Table: OFFERING_INSTRUCTOR(OFFERING_INSTRUCTOR_ID, OFFERING_ID, INSTRUCTOR_ID)
Table: PROGRAM(program_id, name, college, introduction)
Table: PROGRAM_COURSE(program_id, course_id, workload, category)
Table: PROGRAM_REQUIREMENT(program_id, category, min_credit, additional_req)
Table: SEMESTER(semester_id, semester, year)
Table: STUDENT(student_id, lastname, firstname, program_id, declare_major, total_credit, total_gpa, entered_as, admit_term, predicted_graduation_semester, degree, minor, internship)
Table: STUDENT_RECORD(student_id, course_id, semester, grade, how, transfer_source, earn_credit, repeat_term, test_id, offering_id)

Example:
Question: what courses are related to artificial intelligence
SQL: SELECT DISTINCT c.NAME FROM COURSE c JOIN AREA a ON c.COURSE_ID = a.COURSE_ID WHERE a.AREA LIKE '%artificial intelligence%';"
advising,medium,Does 558 have a lab ?,"SELECT COUNT( * ) > 0 FROM COURSE AS COURSEalias0 WHERE COURSEalias0.DEPARTMENT = """" AND COURSEalias0.HAS_LAB = ""Y"" AND COURSEalias0.NUMBER = 558 ;","Table: AREA(course_id, area)
Table: COMMENT_INSTRUCTOR(instructor_id, student_id, score, comment_text)
Table: COURSE(COURSE_ID, NAME, DEPARTMENT, NUMBER, CREDITS, ADVISORY_REQUIREMENT, ENFORCED_REQUIREMENT, DESCRIPTION, NUM_SEMESTERS, NUM_ENROLLED, HAS_DISCUSSION, HAS_LAB, HAS_PROJECTS, HAS_EXAMS, NUM_REVIEWS, CLARITY_SCORE, EASINESS_SCORE, HELPFULNESS_SCORE)
Table: COURSE_OFFERING(OFFERING_ID, COURSE_ID, SEMESTER, SECTION_NUMBER, START_TIME, END_TIME, MONDAY, TUESDAY, WEDNESDAY, THURSDAY, FRIDAY, SATURDAY, SUNDAY, HAS_FINAL_PROJECT, HAS_FINAL_EXAM, TEXTBOOK, CLASS_ADDRESS, ALLOW_AUDIT)
Table: COURSE_PREREQUISITE(pre_course_id, course_id)
Table: COURSE_TAGS_COUNT(COURSE_ID, CLEAR_GRADING, POP_QUIZ, GROUP_PROJECTS, INSPIRATIONAL, LONG_LECTURES, EXTRA_CREDIT, FEW_TESTS, GOOD_FEEDBACK, TOUGH_TESTS, HEAVY_PAPERS, CARES_FOR_STUDENTS, HEAVY_ASSIGNMENTS, RESPECTED, PARTICIPATION, HEAVY_READING, TOUGH_GRADER, HILARIOUS, WOULD_TAKE_AGAIN, GOOD_LECTURE, NO_SKIP)
Table: GSI(course_offering_id, student_id)
Table: INSTRUCTOR(INSTRUCTOR_ID, NAME, UNIQNAME)
Table: OFFERING_INSTRUCTOR(OFFERING_INSTRUCTOR_ID, OFFERING_ID, INSTRUCTOR_ID)
Table: PROGRAM(program_id, name, college, introduction)
Table: PROGRAM_COURSE(program_id, course_id, workload, category)
Table: PROGRAM_REQUIREMENT(program_id, category, min_credit, additional_req)
Table: SEMESTER(semester_id, semester, year)
Table: STUDENT(student_id, lastname, firstname, program_id, declare_major, total_credit, total_gpa, entered_as, admit_term, predicted_graduation_semester, degree, minor, internship)
Table: STUDENT_RECORD(student_id, course_id, semester, grade, how, transfer_source, earn_credit, repeat_term, test_id, offering_id)

Example:
Question: what courses are related to artificial intelligence
SQL: SELECT DISTINCT c.NAME FROM COURSE c JOIN AREA a ON c.COURSE_ID = a.COURSE_ID WHERE a.AREA LIKE '%artificial intelligence%';"
advising,medium,Is there a 16 -credit course that is NATIVEAM 400 -level ?,"SELECT DISTINCT COURSEalias0.DEPARTMENT , COURSEalias0.NAME , COURSEalias0.NUMBER FROM COURSE AS COURSEalias0 INNER JOIN PROGRAM_COURSE AS PROGRAM_COURSEalias0 ON PROGRAM_COURSEalias0.COURSE_ID = COURSEalias0.COURSE_ID INNER JOIN COURSE_OFFERING AS COURSE_OFFERINGalias0 ON COURSEalias0.COURSE_ID = COURSE_OFFERINGalias0.COURSE_ID INNER JOIN SEMESTER AS SEMESTERalias0 ON SEMESTERalias0.SEMESTER_ID = COURSE_OFFERINGalias0.SEMESTER WHERE PROGRAM_COURSEalias0.CATEGORY LIKE ""%ULCS%"" AND SEMESTERalias0.SEMESTER = ""FA"" AND SEMESTERalias0.YEAR = 2016 ;","Table: AREA(course_id, area)
Table: COMMENT_INSTRUCTOR(instructor_id, student_id, score, comment_text)
Table: COURSE(COURSE_ID, NAME, DEPARTMENT, NUMBER, CREDITS, ADVISORY_REQUIREMENT, ENFORCED_REQUIREMENT, DESCRIPTION, NUM_SEMESTERS, NUM_ENROLLED, HAS_DISCUSSION, HAS_LAB, HAS_PROJECTS, HAS_EXAMS, NUM_REVIEWS, CLARITY_SCORE, EASINESS_SCORE, HELPFULNESS_SCORE)
Table: COURSE_OFFERING(OFFERING_ID, COURSE_ID, SEMESTER, SECTION_NUMBER, START_TIME, END_TIME, MONDAY, TUESDAY, WEDNESDAY, THURSDAY, FRIDAY, SATURDAY, SUNDAY, HAS_FINAL_PROJECT, HAS_FINAL_EXAM, TEXTBOOK, CLASS_ADDRESS, ALLOW_AUDIT)
Table: COURSE_PREREQUISITE(pre_course_id, course_id)
Table: COURSE_TAGS_COUNT(COURSE_ID, CLEAR_GRADING, POP_QUIZ, GROUP_PROJECTS, INSPIRATIONAL, LONG_LECTURES, EXTRA_CREDIT, FEW_TESTS, GOOD_FEEDBACK, TOUGH_TESTS, HEAVY_PAPERS, CARES_FOR_STUDENTS, HEAVY_ASSIGNMENTS, RESPECTED, PARTICIPATION, HEAVY_READING, TOUGH_GRADER, HILARIOUS, WOULD_TAKE_AGAIN, GOOD_LECTURE, NO_SKIP)
Table: GSI(course_offering_id, student_id)
Table: INSTRUCTOR(INSTRUCTOR_ID, NAME, UNIQNAME)
Table: OFFERING_INSTRUCTOR(OFFERING_INSTRUCTOR_ID, OFFERING_ID, INSTRUCTOR_ID)
Table: PROGRAM(program_id, name, college, introduction)
Table: PROGRAM_COURSE(program_id, course_id, workload, category)
Table: PROGRAM_REQUIREMENT(program_id, category, min_credit, additional_req)
Table: SEMESTER(semester_id, semester, year)
Table: STUDENT(student_id, lastname, firstname, program_id, declare_major, total_credit, total_gpa, entered_as, admit_term, predicted_graduation_semester, degree, minor, internship)
Table: STUDENT_RECORD(student_id, course_id, semester, grade, how, transfer_source, earn_credit, repeat_term, test_id, offering_id)

Example:
Question: what courses are related to artificial intelligence
SQL: SELECT DISTINCT c.NAME FROM COURSE c JOIN AREA a ON c.COURSE_ID = a.COURSE_ID WHERE a.AREA LIKE '%artificial intelligence%';"
advising,medium,Can you show me my transcript ?,"SELECT DISTINCT COURSEalias0.DEPARTMENT , COURSEalias0.NAME , COURSEalias0.NUMBER , SEMESTERalias0.SEMESTER , SEMESTERalias0.YEAR , STUDENT_RECORDalias0.GRADE FROM COURSE AS COURSEalias0 , SEMESTER AS SEMESTERalias0 , STUDENT_RECORD AS STUDENT_RECORDalias0 WHERE STUDENT_RECORDalias0.COURSE_ID = COURSEalias0.COURSE_ID AND STUDENT_RECORDalias0.SEMESTER = SEMESTERalias0.SEMESTER_ID AND STUDENT_RECORDalias0.STUDENT_ID = 1 ;","Table: AREA(course_id, area)
Table: COMMENT_INSTRUCTOR(instructor_id, student_id, score, comment_text)
Table: COURSE(COURSE_ID, NAME, DEPARTMENT, NUMBER, CREDITS, ADVISORY_REQUIREMENT, ENFORCED_REQUIREMENT, DESCRIPTION, NUM_SEMESTERS, NUM_ENROLLED, HAS_DISCUSSION, HAS_LAB, HAS_PROJECTS, HAS_EXAMS, NUM_REVIEWS, CLARITY_SCORE, EASINESS_SCORE, HELPFULNESS_SCORE)
Table: COURSE_OFFERING(OFFERING_ID, COURSE_ID, SEMESTER, SECTION_NUMBER, START_TIME, END_TIME, MONDAY, TUESDAY, WEDNESDAY, THURSDAY, FRIDAY, SATURDAY, SUNDAY, HAS_FINAL_PROJECT, HAS_FINAL_EXAM, TEXTBOOK, CLASS_ADDRESS, ALLOW_AUDIT)
Table: COURSE_PREREQUISITE(pre_course_id, course_id)
Table: COURSE_TAGS_COUNT(COURSE_ID, CLEAR_GRADING, POP_QUIZ, GROUP_PROJECTS, INSPIRATIONAL, LONG_LECTURES, EXTRA_CREDIT, FEW_TESTS, GOOD_FEEDBACK, TOUGH_TESTS, HEAVY_PAPERS, CARES_FOR_STUDENTS, HEAVY_ASSIGNMENTS, RESPECTED, PARTICIPATION, HEAVY_READING, TOUGH_GRADER, HILARIOUS, WOULD_TAKE_AGAIN, GOOD_LECTURE, NO_SKIP)
Table: GSI(course_offering_id, student_id)
Table: INSTRUCTOR(INSTRUCTOR_ID, NAME, UNIQNAME)
Table: OFFERING_INSTRUCTOR(OFFERING_INSTRUCTOR_ID, OFFERING_ID, INSTRUCTOR_ID)
Table: PROGRAM(program_id, name, college, introduction)
Table: PROGRAM_COURSE(program_id, course_id, workload, category)
Table: PROGRAM_REQUIREMENT(program_id, category, min_credit, additional_req)
Table: SEMESTER(semester_id, semester, year)
Table: STUDENT(student_id, lastname, firstname, program_id, declare_major, total_credit, total_gpa, entered_as, admit_term, predicted_graduation_semester, degree, minor, internship)
Table: STUDENT_RECORD(student_id, course_id, semester, grade, how, transfer_source, earn_credit, repeat_term, test_id, offering_id)

Example:
Question: what courses are related to artificial intelligence
SQL: SELECT DISTINCT c.NAME FROM COURSE c JOIN AREA a ON c.COURSE_ID = a.COURSE_ID WHERE a.AREA LIKE '%artificial intelligence%';"
advising,medium,"Over the next 2 years , is 353 offered ?","SELECT DISTINCT SEMESTERalias0.SEMESTER , SEMESTERalias0.YEAR FROM COURSE AS COURSEalias0 , COURSE_OFFERING AS COURSE_OFFERINGalias0 , SEMESTER AS SEMESTERalias0 WHERE COURSEalias0.COURSE_ID = COURSE_OFFERINGalias0.COURSE_ID AND COURSEalias0.DEPARTMENT = """" AND COURSEalias0.NUMBER = 353 AND SEMESTERalias0.SEMESTER_ID = COURSE_OFFERINGalias0.SEMESTER AND SEMESTERalias0.YEAR IN ( 2016 , 2017 ) ;","Table: AREA(course_id, area)
Table: COMMENT_INSTRUCTOR(instructor_id, student_id, score, comment_text)
Table: COURSE(COURSE_ID, NAME, DEPARTMENT, NUMBER, CREDITS, ADVISORY_REQUIREMENT, ENFORCED_REQUIREMENT, DESCRIPTION, NUM_SEMESTERS, NUM_ENROLLED, HAS_DISCUSSION, HAS_LAB, HAS_PROJECTS, HAS_EXAMS, NUM_REVIEWS, CLARITY_SCORE, EASINESS_SCORE, HELPFULNESS_SCORE)
Table: COURSE_OFFERING(OFFERING_ID, COURSE_ID, SEMESTER, SECTION_NUMBER, START_TIME, END_TIME, MONDAY, TUESDAY, WEDNESDAY, THURSDAY, FRIDAY, SATURDAY, SUNDAY, HAS_FINAL_PROJECT, HAS_FINAL_EXAM, TEXTBOOK, CLASS_ADDRESS, ALLOW_AUDIT)
Table: COURSE_PREREQUISITE(pre_course_id, course_id)
Table: COURSE_TAGS_COUNT(COURSE_ID, CLEAR_GRADING, POP_QUIZ, GROUP_PROJECTS, INSPIRATIONAL, LONG_LECTURES, EXTRA_CREDIT, FEW_TESTS, GOOD_FEEDBACK, TOUGH_TESTS, HEAVY_PAPERS, CARES_FOR_STUDENTS, HEAVY_ASSIGNMENTS, RESPECTED, PARTICIPATION, HEAVY_READING, TOUGH_GRADER, HILARIOUS, WOULD_TAKE_AGAIN, GOOD_LECTURE, NO_SKIP)
Table: GSI(course_offering_id, student_id)
Table: INSTRUCTOR(INSTRUCTOR_ID, NAME, UNIQNAME)
Table: OFFERING_INSTRUCTOR(OFFERING_INSTRUCTOR_ID, OFFERING_ID, INSTRUCTOR_ID)
Table: PROGRAM(program_id, name, college, introduction)
Table: PROGRAM_COURSE(program_id, course_id, workload, category)
Table: PROGRAM_REQUIREMENT(program_id, category, min_credit, additional_req)
Table: SEMESTER(semester_id, semester, year)
Table: STUDENT(student_id, lastname, firstname, program_id, declare_major, total_credit, total_gpa, entered_as, admit_term, predicted_graduation_semester, degree, minor, internship)
Table: STUDENT_RECORD(student_id, course_id, semester, grade, how, transfer_source, earn_credit, repeat_term, test_id, offering_id)

Example:
Question: what courses are related to artificial intelligence
SQL: SELECT DISTINCT c.NAME FROM COURSE c JOIN AREA a ON c.COURSE_ID = a.COURSE_ID WHERE a.AREA LIKE '%artificial intelligence%';"
advising,medium,What time next semester is 311 offered ?,"SELECT DISTINCT COURSE_OFFERINGalias0.END_TIME , COURSE_OFFERINGalias0.FRIDAY , COURSE_OFFERINGalias0.MONDAY , COURSE_OFFERINGalias0.SATURDAY , COURSE_OFFERINGalias0.START_TIME , COURSE_OFFERINGalias0.SUNDAY , COURSE_OFFERINGalias0.THURSDAY , COURSE_OFFERINGalias0.TUESDAY , COURSE_OFFERINGalias0.WEDNESDAY FROM COURSE AS COURSEalias0 , COURSE_OFFERING AS COURSE_OFFERINGalias0 , SEMESTER AS SEMESTERalias0 WHERE COURSEalias0.COURSE_ID = COURSE_OFFERINGalias0.COURSE_ID AND COURSEalias0.DEPARTMENT = """" AND COURSEalias0.NUMBER = 311 AND SEMESTERalias0.SEMESTER = ""FA"" AND SEMESTERalias0.SEMESTER_ID = COURSE_OFFERINGalias0.SEMESTER AND SEMESTERalias0.YEAR = 2016 ;","Table: AREA(course_id, area)
Table: COMMENT_INSTRUCTOR(instructor_id, student_id, score, comment_text)
Table: COURSE(COURSE_ID, NAME, DEPARTMENT, NUMBER, CREDITS, ADVISORY_REQUIREMENT, ENFORCED_REQUIREMENT, DESCRIPTION, NUM_SEMESTERS, NUM_ENROLLED, HAS_DISCUSSION, HAS_LAB, HAS_PROJECTS, HAS_EXAMS, NUM_REVIEWS, CLARITY_SCORE, EASINESS_SCORE, HELPFULNESS_SCORE)
Table: COURSE_OFFERING(OFFERING_ID, COURSE_ID, SEMESTER, SECTION_NUMBER, START_TIME, END_TIME, MONDAY, TUESDAY, WEDNESDAY, THURSDAY, FRIDAY, SATURDAY, SUNDAY, HAS_FINAL_PROJECT, HAS_FINAL_EXAM, TEXTBOOK, CLASS_ADDRESS, ALLOW_AUDIT)
Table: COURSE_PREREQUISITE(pre_course_id, course_id)
Table: COURSE_TAGS_COUNT(COURSE_ID, CLEAR_GRADING, POP_QUIZ, GROUP_PROJECTS, INSPIRATIONAL, LONG_LECTURES, EXTRA_CREDIT, FEW_TESTS, GOOD_FEEDBACK, TOUGH_TESTS, HEAVY_PAPERS, CARES_FOR_STUDENTS, HEAVY_ASSIGNMENTS, RESPECTED, PARTICIPATION, HEAVY_READING, TOUGH_GRADER, HILARIOUS, WOULD_TAKE_AGAIN, GOOD_LECTURE, NO_SKIP)
Table: GSI(course_offering_id, student_id)
Table: INSTRUCTOR(INSTRUCTOR_ID, NAME, UNIQNAME)
Table: OFFERING_INSTRUCTOR(OFFERING_INSTRUCTOR_ID, OFFERING_ID, INSTRUCTOR_ID)
Table: PROGRAM(program_id, name, college, introduction)
Table: PROGRAM_COURSE(program_id, course_id, workload, category)
Table: PROGRAM_REQUIREMENT(program_id, category, min_credit, additional_req)
Table: SEMESTER(semester_id, semester, year)
Table: STUDENT(student_id, lastname, firstname, program_id, declare_major, total_credit, total_gpa, entered_as, admit_term, predicted_graduation_semester, degree, minor, internship)
Table: STUDENT_RECORD(student_id, course_id, semester, grade, how, transfer_source, earn_credit, repeat_term, test_id, offering_id)

Example:
Question: what courses are related to artificial intelligence
SQL: SELECT DISTINCT c.NAME FROM COURSE c JOIN AREA a ON c.COURSE_ID = a.COURSE_ID WHERE a.AREA LIKE '%artificial intelligence%';"
advising,medium,How many classes of the upper level are 1 credits ?,"SELECT COUNT( DISTINCT COURSEalias0.COURSE_ID ) FROM COURSE AS COURSEalias0 INNER JOIN PROGRAM_COURSE AS PROGRAM_COURSEalias0 ON PROGRAM_COURSEalias0.COURSE_ID = COURSEalias0.COURSE_ID WHERE COURSEalias0.CREDITS = 1 AND PROGRAM_COURSEalias0.CATEGORY LIKE ""ULCS"" ;","Table: AREA(course_id, area)
Table: COMMENT_INSTRUCTOR(instructor_id, student_id, score, comment_text)
Table: COURSE(COURSE_ID, NAME, DEPARTMENT, NUMBER, CREDITS, ADVISORY_REQUIREMENT, ENFORCED_REQUIREMENT, DESCRIPTION, NUM_SEMESTERS, NUM_ENROLLED, HAS_DISCUSSION, HAS_LAB, HAS_PROJECTS, HAS_EXAMS, NUM_REVIEWS, CLARITY_SCORE, EASINESS_SCORE, HELPFULNESS_SCORE)
Table: COURSE_OFFERING(OFFERING_ID, COURSE_ID, SEMESTER, SECTION_NUMBER, START_TIME, END_TIME, MONDAY, TUESDAY, WEDNESDAY, THURSDAY, FRIDAY, SATURDAY, SUNDAY, HAS_FINAL_PROJECT, HAS_FINAL_EXAM, TEXTBOOK, CLASS_ADDRESS, ALLOW_AUDIT)
Table: COURSE_PREREQUISITE(pre_course_id, course_id)
Table: COURSE_TAGS_COUNT(COURSE_ID, CLEAR_GRADING, POP_QUIZ, GROUP_PROJECTS, INSPIRATIONAL, LONG_LECTURES, EXTRA_CREDIT, FEW_TESTS, GOOD_FEEDBACK, TOUGH_TESTS, HEAVY_PAPERS, CARES_FOR_STUDENTS, HEAVY_ASSIGNMENTS, RESPECTED, PARTICIPATION, HEAVY_READING, TOUGH_GRADER, HILARIOUS, WOULD_TAKE_AGAIN, GOOD_LECTURE, NO_SKIP)
Table: GSI(course_offering_id, student_id)
Table: INSTRUCTOR(INSTRUCTOR_ID, NAME, UNIQNAME)
Table: OFFERING_INSTRUCTOR(OFFERING_INSTRUCTOR_ID, OFFERING_ID, INSTRUCTOR_ID)
Table: PROGRAM(program_id, name, college, introduction)
Table: PROGRAM_COURSE(program_id, course_id, workload, category)
Table: PROGRAM_REQUIREMENT(program_id, category, min_credit, additional_req)
Table: SEMESTER(semester_id, semester, year)
Table: STUDENT(student_id, lastname, firstname, program_id, declare_major, total_credit, total_gpa, entered_as, admit_term, predicted_graduation_semester, degree, minor, internship)
Table: STUDENT_RECORD(student_id, course_id, semester, grade, how, transfer_source, earn_credit, repeat_term, test_id, offering_id)

Example:
Question: what courses are related to artificial intelligence
SQL: SELECT DISTINCT c.NAME FROM COURSE c JOIN AREA a ON c.COURSE_ID = a.COURSE_ID WHERE a.AREA LIKE '%artificial intelligence%';"
advising,medium,Do any Eval Fin Perfmc courses satisfy the Other requirement ?,"SELECT DISTINCT COURSEalias0.DEPARTMENT , COURSEalias0.NAME , COURSEalias0.NUMBER FROM COURSE AS COURSEalias0 INNER JOIN AREA AS AREAalias0 ON COURSEalias0.COURSE_ID = AREAalias0.COURSE_ID INNER JOIN PROGRAM_COURSE AS PROGRAM_COURSEalias0 ON PROGRAM_COURSEalias0.COURSE_ID = COURSEalias0.COURSE_ID WHERE ( AREAalias0.AREA LIKE ""%Eval Fin Perfmc%"" OR COURSEalias0.DESCRIPTION LIKE ""%Eval Fin Perfmc%"" OR COURSEalias0.NAME LIKE ""%Eval Fin Perfmc%"" ) AND PROGRAM_COURSEalias0.CATEGORY LIKE ""%Other%"" ;","Table: AREA(course_id, area)
Table: COMMENT_INSTRUCTOR(instructor_id, student_id, score, comment_text)
Table: COURSE(COURSE_ID, NAME, DEPARTMENT, NUMBER, CREDITS, ADVISORY_REQUIREMENT, ENFORCED_REQUIREMENT, DESCRIPTION, NUM_SEMESTERS, NUM_ENROLLED, HAS_DISCUSSION, HAS_LAB, HAS_PROJECTS, HAS_EXAMS, NUM_REVIEWS, CLARITY_SCORE, EASINESS_SCORE, HELPFULNESS_SCORE)
Table: COURSE_OFFERING(OFFERING_ID, COURSE_ID, SEMESTER, SECTION_NUMBER, START_TIME, END_TIME, MONDAY, TUESDAY, WEDNESDAY, THURSDAY, FRIDAY, SATURDAY, SUNDAY, HAS_FINAL_PROJECT, HAS_FINAL_EXAM, TEXTBOOK, CLASS_ADDRESS, ALLOW_AUDIT)
Table: COURSE_PREREQUISITE(pre_course_id, course_id)
Table: COURSE_TAGS_COUNT(COURSE_ID, CLEAR_GRADING, POP_QUIZ, GROUP_PROJECTS, INSPIRATIONAL, LONG_LECTURES, EXTRA_CREDIT, FEW_TESTS, GOOD_FEEDBACK, TOUGH_TESTS, HEAVY_PAPERS, CARES_FOR_STUDENTS, HEAVY_ASSIGNMENTS, RESPECTED, PARTICIPATION, HEAVY_READING, TOUGH_GRADER, HILARIOUS, WOULD_TAKE_AGAIN, GOOD_LECTURE, NO_SKIP)
Table: GSI(course_offering_id, student_id)
Table: INSTRUCTOR(INSTRUCTOR_ID, NAME, UNIQNAME)
Table: OFFERING_INSTRUCTOR(OFFERING_INSTRUCTOR_ID, OFFERING_ID, INSTRUCTOR_ID)
Table: PROGRAM(program_id, name, college, introduction)
Table: PROGRAM_COURSE(program_id, course_id, workload, category)
Table: PROGRAM_REQUIREMENT(program_id, category, min_credit, additional_req)
Table: SEMESTER(semester_id, semester, year)
Table: STUDENT(student_id, lastname, firstname, program_id, declare_major, total_credit, total_gpa, entered_as, admit_term, predicted_graduation_semester, degree, minor, internship)
Table: STUDENT_RECORD(student_id, course_id, semester, grade, how, transfer_source, earn_credit, repeat_term, test_id, offering_id)

Example:
Question: what courses are related to artificial intelligence
SQL: SELECT DISTINCT c.NAME FROM COURSE c JOIN AREA a ON c.COURSE_ID = a.COURSE_ID WHERE a.AREA LIKE '%artificial intelligence%';"
advising,medium,Are there any Fall or Winter classes available for the 200 -level ?,"SELECT DISTINCT COURSEalias0.DEPARTMENT , COURSEalias0.NAME , COURSEalias0.NUMBER , SEMESTERalias0.SEMESTER FROM COURSE AS COURSEalias0 , COURSE_OFFERING AS COURSE_OFFERINGalias0 , SEMESTER AS SEMESTERalias0 WHERE COURSEalias0.COURSE_ID = COURSE_OFFERINGalias0.COURSE_ID AND COURSEalias0.DEPARTMENT = """" AND COURSEalias0.NUMBER BETWEEN 200 AND 200 + 100 AND SEMESTERalias0.SEMESTER IN ( ""FA"" , ""WN"" ) AND SEMESTERalias0.SEMESTER_ID = COURSE_OFFERINGalias0.SEMESTER AND SEMESTERalias0.YEAR = 2016 ;","Table: AREA(course_id, area)
Table: COMMENT_INSTRUCTOR(instructor_id, student_id, score, comment_text)
Table: COURSE(COURSE_ID, NAME, DEPARTMENT, NUMBER, CREDITS, ADVISORY_REQUIREMENT, ENFORCED_REQUIREMENT, DESCRIPTION, NUM_SEMESTERS, NUM_ENROLLED, HAS_DISCUSSION, HAS_LAB, HAS_PROJECTS, HAS_EXAMS, NUM_REVIEWS, CLARITY_SCORE, EASINESS_SCORE, HELPFULNESS_SCORE)
Table: COURSE_OFFERING(OFFERING_ID, COURSE_ID, SEMESTER, SECTION_NUMBER, START_TIME, END_TIME, MONDAY, TUESDAY, WEDNESDAY, THURSDAY, FRIDAY, SATURDAY, SUNDAY, HAS_FINAL_PROJECT, HAS_FINAL_EXAM, TEXTBOOK, CLASS_ADDRESS, ALLOW_AUDIT)
Table: COURSE_PREREQUISITE(pre_course_id, course_id)
Table: COURSE_TAGS_COUNT(COURSE_ID, CLEAR_GRADING, POP_QUIZ, GROUP_PROJECTS, INSPIRATIONAL, LONG_LECTURES, EXTRA_CREDIT, FEW_TESTS, GOOD_FEEDBACK, TOUGH_TESTS, HEAVY_PAPERS, CARES_FOR_STUDENTS, HEAVY_ASSIGNMENTS, RESPECTED, PARTICIPATION, HEAVY_READING, TOUGH_GRADER, HILARIOUS, WOULD_TAKE_AGAIN, GOOD_LECTURE, NO_SKIP)
Table: GSI(course_offering_id, student_id)
Table: INSTRUCTOR(INSTRUCTOR_ID, NAME, UNIQNAME)
Table: OFFERING_INSTRUCTOR(OFFERING_INSTRUCTOR_ID, OFFERING_ID, INSTRUCTOR_ID)
Table: PROGRAM(program_id, name, college, introduction)
Table: PROGRAM_COURSE(program_id, course_id, workload, category)
Table: PROGRAM_REQUIREMENT(program_id, category, min_credit, additional_req)
Table: SEMESTER(semester_id, semester, year)
Table: STUDENT(student_id, lastname, firstname, program_id, declare_major, total_credit, total_gpa, entered_as, admit_term, predicted_graduation_semester, degree, minor, internship)
Table: STUDENT_RECORD(student_id, course_id, semester, grade, how, transfer_source, earn_credit, repeat_term, test_id, offering_id)

Example:
Question: what courses are related to artificial intelligence
SQL: SELECT DISTINCT c.NAME FROM COURSE c JOIN AREA a ON c.COURSE_ID = a.COURSE_ID WHERE a.AREA LIKE '%artificial intelligence%';"
advising,medium,Who exactly teaches courses that would satisfy my Core program requirement ?,"SELECT DISTINCT INSTRUCTORalias0.NAME FROM INSTRUCTOR AS INSTRUCTORalias0 INNER JOIN OFFERING_INSTRUCTOR AS OFFERING_INSTRUCTORalias0 ON OFFERING_INSTRUCTORalias0.INSTRUCTOR_ID = INSTRUCTORalias0.INSTRUCTOR_ID INNER JOIN COURSE_OFFERING AS COURSE_OFFERINGalias0 ON OFFERING_INSTRUCTORalias0.OFFERING_ID = COURSE_OFFERINGalias0.OFFERING_ID INNER JOIN PROGRAM_COURSE AS PROGRAM_COURSEalias0 ON PROGRAM_COURSEalias0.COURSE_ID = COURSE_OFFERINGalias0.COURSE_ID INNER JOIN PROGRAM AS PROGRAMalias0 ON PROGRAMalias0.PROGRAM_ID = PROGRAM_COURSEalias0.PROGRAM_ID WHERE PROGRAMalias0.NAME LIKE ""%Core%"" ;","Table: AREA(course_id, area)
Table: COMMENT_INSTRUCTOR(instructor_id, student_id, score, comment_text)
Table: COURSE(COURSE_ID, NAME, DEPARTMENT, NUMBER, CREDITS, ADVISORY_REQUIREMENT, ENFORCED_REQUIREMENT, DESCRIPTION, NUM_SEMESTERS, NUM_ENROLLED, HAS_DISCUSSION, HAS_LAB, HAS_PROJECTS, HAS_EXAMS, NUM_REVIEWS, CLARITY_SCORE, EASINESS_SCORE, HELPFULNESS_SCORE)
Table: COURSE_OFFERING(OFFERING_ID, COURSE_ID, SEMESTER, SECTION_NUMBER, START_TIME, END_TIME, MONDAY, TUESDAY, WEDNESDAY, THURSDAY, FRIDAY, SATURDAY, SUNDAY, HAS_FINAL_PROJECT, HAS_FINAL_EXAM, TEXTBOOK, CLASS_ADDRESS, ALLOW_AUDIT)
Table: COURSE_PREREQUISITE(pre_course_id, course_id)
Table: COURSE_TAGS_COUNT(COURSE_ID, CLEAR_GRADING, POP_QUIZ, GROUP_PROJECTS, INSPIRATIONAL, LONG_LECTURES, EXTRA_CREDIT, FEW_TESTS, GOOD_FEEDBACK, TOUGH_TESTS, HEAVY_PAPERS, CARES_FOR_STUDENTS, HEAVY_ASSIGNMENTS, RESPECTED, PARTICIPATION, HEAVY_READING, TOUGH_GRADER, HILARIOUS, WOULD_TAKE_AGAIN, GOOD_LECTURE, NO_SKIP)
Table: GSI(course_offering_id, student_id)
Table: INSTRUCTOR(INSTRUCTOR_ID, NAME, UNIQNAME)
Table: OFFERING_INSTRUCTOR(OFFERING_INSTRUCTOR_ID, OFFERING_ID, INSTRUCTOR_ID)
Table: PROGRAM(program_id, name, college, introduction)
Table: PROGRAM_COURSE(program_id, course_id, workload, category)
Table: PROGRAM_REQUIREMENT(program_id, category, min_credit, additional_req)
Table: SEMESTER(semester_id, semester, year)
Table: STUDENT(student_id, lastname, firstname, program_id, declare_major, total_credit, total_gpa, entered_as, admit_term, predicted_graduation_semester, degree, minor, internship)
Table: STUDENT_RECORD(student_id, course_id, semester, grade, how, transfer_source, earn_credit, repeat_term, test_id, offering_id)

Example:
Question: what courses are related to artificial intelligence
SQL: SELECT DISTINCT c.NAME FROM COURSE c JOIN AREA a ON c.COURSE_ID = a.COURSE_ID WHERE a.AREA LIKE '%artificial intelligence%';"
advising,medium,Which of the MATSCIE courses aren 't meeting on Friday ?,"SELECT DISTINCT COURSEalias0.DEPARTMENT , COURSEalias0.NAME , COURSEalias0.NUMBER FROM COURSE AS COURSEalias0 INNER JOIN COURSE_OFFERING AS COURSE_OFFERINGalias0 ON COURSEalias0.COURSE_ID = COURSE_OFFERINGalias0.COURSE_ID INNER JOIN SEMESTER AS SEMESTERalias0 ON SEMESTERalias0.SEMESTER_ID = COURSE_OFFERINGalias0.SEMESTER WHERE COURSE_OFFERINGalias0.FRIDAY = ""N"" AND COURSEalias0.DEPARTMENT = ""MATSCIE"" AND SEMESTERalias0.SEMESTER = ""WN"" AND SEMESTERalias0.YEAR = 2016 ;","Table: AREA(course_id, area)
Table: COMMENT_INSTRUCTOR(instructor_id, student_id, score, comment_text)
Table: COURSE(COURSE_ID, NAME, DEPARTMENT, NUMBER, CREDITS, ADVISORY_REQUIREMENT, ENFORCED_REQUIREMENT, DESCRIPTION, NUM_SEMESTERS, NUM_ENROLLED, HAS_DISCUSSION, HAS_LAB, HAS_PROJECTS, HAS_EXAMS, NUM_REVIEWS, CLARITY_SCORE, EASINESS_SCORE, HELPFULNESS_SCORE)
Table: COURSE_OFFERING(OFFERING_ID, COURSE_ID, SEMESTER, SECTION_NUMBER, START_TIME, END_TIME, MONDAY, TUESDAY, WEDNESDAY, THURSDAY, FRIDAY, SATURDAY, SUNDAY, HAS_FINAL_PROJECT, HAS_FINAL_EXAM, TEXTBOOK, CLASS_ADDRESS, ALLOW_AUDIT)
Table: COURSE_PREREQUISITE(pre_course_id, course_id)
Table: COURSE_TAGS_COUNT(COURSE_ID, CLEAR_GRADING, POP_QUIZ, GROUP_PROJECTS, INSPIRATIONAL, LONG_LECTURES, EXTRA_CREDIT, FEW_TESTS, GOOD_FEEDBACK, TOUGH_TESTS, HEAVY_PAPERS, CARES_FOR_STUDENTS, HEAVY_ASSIGNMENTS, RESPECTED, PARTICIPATION, HEAVY_READING, TOUGH_GRADER, HILARIOUS, WOULD_TAKE_AGAIN, GOOD_LECTURE, NO_SKIP)
Table: GSI(course_offering_id, student_id)
Table: INSTRUCTOR(INSTRUCTOR_ID, NAME, UNIQNAME)
Table: OFFERING_INSTRUCTOR(OFFERING_INSTRUCTOR_ID, OFFERING_ID, INSTRUCTOR_ID)
Table: PROGRAM(program_id, name, college, introduction)
Table: PROGRAM_COURSE(program_id, course_id, workload, category)
Table: PROGRAM_REQUIREMENT(program_id, category, min_credit, additional_req)
Table: SEMESTER(semester_id, semester, year)
Table: STUDENT(student_id, lastname, firstname, program_id, declare_major, total_credit, total_gpa, entered_as, admit_term, predicted_graduation_semester, degree, minor, internship)
Table: STUDENT_RECORD(student_id, course_id, semester, grade, how, transfer_source, earn_credit, repeat_term, test_id, offering_id)

Example:
Question: what courses are related to artificial intelligence
SQL: SELECT DISTINCT c.NAME FROM COURSE c JOIN AREA a ON c.COURSE_ID = a.COURSE_ID WHERE a.AREA LIKE '%artificial intelligence%';"
advising,medium,When did they offer ECON 899 last time ?,"SELECT DISTINCT SEMESTERalias0.YEAR FROM COURSE AS COURSEalias0 , COURSE_OFFERING AS COURSE_OFFERINGalias0 , SEMESTER AS SEMESTERalias0 WHERE COURSEalias0.COURSE_ID = COURSE_OFFERINGalias0.COURSE_ID AND COURSEalias0.DEPARTMENT = ""ECON"" AND COURSEalias0.NUMBER = 899 AND SEMESTERalias0.SEMESTER_ID = COURSE_OFFERINGalias0.SEMESTER ORDER BY SEMESTERalias0.YEAR DESC LIMIT 1 ;","Table: AREA(course_id, area)
Table: COMMENT_INSTRUCTOR(instructor_id, student_id, score, comment_text)
Table: COURSE(COURSE_ID, NAME, DEPARTMENT, NUMBER, CREDITS, ADVISORY_REQUIREMENT, ENFORCED_REQUIREMENT, DESCRIPTION, NUM_SEMESTERS, NUM_ENROLLED, HAS_DISCUSSION, HAS_LAB, HAS_PROJECTS, HAS_EXAMS, NUM_REVIEWS, CLARITY_SCORE, EASINESS_SCORE, HELPFULNESS_SCORE)
Table: COURSE_OFFERING(OFFERING_ID, COURSE_ID, SEMESTER, SECTION_NUMBER, START_TIME, END_TIME, MONDAY, TUESDAY, WEDNESDAY, THURSDAY, FRIDAY, SATURDAY, SUNDAY, HAS_FINAL_PROJECT, HAS_FINAL_EXAM, TEXTBOOK, CLASS_ADDRESS, ALLOW_AUDIT)
Table: COURSE_PREREQUISITE(pre_course_id, course_id)
Table: COURSE_TAGS_COUNT(COURSE_ID, CLEAR_GRADING, POP_QUIZ, GROUP_PROJECTS, INSPIRATIONAL, LONG_LECTURES, EXTRA_CREDIT, FEW_TESTS, GOOD_FEEDBACK, TOUGH_TESTS, HEAVY_PAPERS, CARES_FOR_STUDENTS, HEAVY_ASSIGNMENTS, RESPECTED, PARTICIPATION, HEAVY_READING, TOUGH_GRADER, HILARIOUS, WOULD_TAKE_AGAIN, GOOD_LECTURE, NO_SKIP)
Table: GSI(course_offering_id, student_id)
Table: INSTRUCTOR(INSTRUCTOR_ID, NAME, UNIQNAME)
Table: OFFERING_INSTRUCTOR(OFFERING_INSTRUCTOR_ID, OFFERING_ID, INSTRUCTOR_ID)
Table: PROGRAM(program_id, name, college, introduction)
Table: PROGRAM_COURSE(program_id, course_id, workload, category)
Table: PROGRAM_REQUIREMENT(program_id, category, min_credit, additional_req)
Table: SEMESTER(semester_id, semester, year)
Table: STUDENT(student_id, lastname, firstname, program_id, declare_major, total_credit, total_gpa, entered_as, admit_term, predicted_graduation_semester, degree, minor, internship)
Table: STUDENT_RECORD(student_id, course_id, semester, grade, how, transfer_source, earn_credit, repeat_term, test_id, offering_id)

Example:
Question: what courses are related to artificial intelligence
SQL: SELECT DISTINCT c.NAME FROM COURSE c JOIN AREA a ON c.COURSE_ID = a.COURSE_ID WHERE a.AREA LIKE '%artificial intelligence%';"
advising,medium,"For next Winter , who will teach the Core classes ?","SELECT DISTINCT INSTRUCTORalias0.NAME FROM COURSE AS COURSEalias0 INNER JOIN COURSE_OFFERING AS COURSE_OFFERINGalias0 ON COURSEalias0.COURSE_ID = COURSE_OFFERINGalias0.COURSE_ID INNER JOIN SEMESTER AS SEMESTERalias0 ON SEMESTERalias0.SEMESTER_ID = COURSE_OFFERINGalias0.SEMESTER INNER JOIN PROGRAM_COURSE AS PROGRAM_COURSEalias0 ON PROGRAM_COURSEalias0.COURSE_ID = COURSE_OFFERINGalias0.COURSE_ID INNER JOIN OFFERING_INSTRUCTOR AS OFFERING_INSTRUCTORalias0 ON OFFERING_INSTRUCTORalias0.OFFERING_ID = COURSE_OFFERINGalias0.OFFERING_ID INNER JOIN INSTRUCTOR AS INSTRUCTORalias0 ON OFFERING_INSTRUCTORalias0.INSTRUCTOR_ID = INSTRUCTORalias0.INSTRUCTOR_ID WHERE PROGRAM_COURSEalias0.CATEGORY LIKE ""%Core%"" AND SEMESTERalias0.SEMESTER = ""Winter"" AND SEMESTERalias0.YEAR = 2017 ;","Table: AREA(course_id, area)
Table: COMMENT_INSTRUCTOR(instructor_id, student_id, score, comment_text)
Table: COURSE(COURSE_ID, NAME, DEPARTMENT, NUMBER, CREDITS, ADVISORY_REQUIREMENT, ENFORCED_REQUIREMENT, DESCRIPTION, NUM_SEMESTERS, NUM_ENROLLED, HAS_DISCUSSION, HAS_LAB, HAS_PROJECTS, HAS_EXAMS, NUM_REVIEWS, CLARITY_SCORE, EASINESS_SCORE, HELPFULNESS_SCORE)
Table: COURSE_OFFERING(OFFERING_ID, COURSE_ID, SEMESTER, SECTION_NUMBER, START_TIME, END_TIME, MONDAY, TUESDAY, WEDNESDAY, THURSDAY, FRIDAY, SATURDAY, SUNDAY, HAS_FINAL_PROJECT, HAS_FINAL_EXAM, TEXTBOOK, CLASS_ADDRESS, ALLOW_AUDIT)
Table: COURSE_PREREQUISITE(pre_course_id, course_id)
Table: COURSE_TAGS_COUNT(COURSE_ID, CLEAR_GRADING, POP_QUIZ, GROUP_PROJECTS, INSPIRATIONAL, LONG_LECTURES, EXTRA_CREDIT, FEW_TESTS, GOOD_FEEDBACK, TOUGH_TESTS, HEAVY_PAPERS, CARES_FOR_STUDENTS, HEAVY_ASSIGNMENTS, RESPECTED, PARTICIPATION, HEAVY_READING, TOUGH_GRADER, HILARIOUS, WOULD_TAKE_AGAIN, GOOD_LECTURE, NO_SKIP)
Table: GSI(course_offering_id, student_id)
Table: INSTRUCTOR(INSTRUCTOR_ID, NAME, UNIQNAME)
Table: OFFERING_INSTRUCTOR(OFFERING_INSTRUCTOR_ID, OFFERING_ID, INSTRUCTOR_ID)
Table: PROGRAM(program_id, name, college, introduction)
Table: PROGRAM_COURSE(program_id, course_id, workload, category)
Table: PROGRAM_REQUIREMENT(program_id, category, min_credit, additional_req)
Table: SEMESTER(semester_id, semester, year)
Table: STUDENT(student_id, lastname, firstname, program_id, declare_major, total_credit, total_gpa, entered_as, admit_term, predicted_graduation_semester, degree, minor, internship)
Table: STUDENT_RECORD(student_id, course_id, semester, grade, how, transfer_source, earn_credit, repeat_term, test_id, offering_id)

Example:
Question: what courses are related to artificial intelligence
SQL: SELECT DISTINCT c.NAME FROM COURSE c JOIN AREA a ON c.COURSE_ID = a.COURSE_ID WHERE a.AREA LIKE '%artificial intelligence%';"
advising,medium,Which courses meet the Core requirement that are offered in Fall or Winter ?,"SELECT DISTINCT COURSEalias0.DEPARTMENT , COURSEalias0.NAME , COURSEalias0.NUMBER , SEMESTERalias0.SEMESTER FROM COURSE AS COURSEalias0 INNER JOIN COURSE_OFFERING AS COURSE_OFFERINGalias0 ON COURSEalias0.COURSE_ID = COURSE_OFFERINGalias0.COURSE_ID INNER JOIN SEMESTER AS SEMESTERalias0 ON SEMESTERalias0.SEMESTER_ID = COURSE_OFFERINGalias0.SEMESTER INNER JOIN PROGRAM_COURSE AS PROGRAM_COURSEalias0 ON PROGRAM_COURSEalias0.COURSE_ID = COURSE_OFFERINGalias0.COURSE_ID WHERE PROGRAM_COURSEalias0.CATEGORY LIKE ""%Core%"" AND SEMESTERalias0.SEMESTER IN ( ""FA"" , ""WN"" ) AND SEMESTERalias0.YEAR = 2016 ;","Table: AREA(course_id, area)
Table: COMMENT_INSTRUCTOR(instructor_id, student_id, score, comment_text)
Table: COURSE(COURSE_ID, NAME, DEPARTMENT, NUMBER, CREDITS, ADVISORY_REQUIREMENT, ENFORCED_REQUIREMENT, DESCRIPTION, NUM_SEMESTERS, NUM_ENROLLED, HAS_DISCUSSION, HAS_LAB, HAS_PROJECTS, HAS_EXAMS, NUM_REVIEWS, CLARITY_SCORE, EASINESS_SCORE, HELPFULNESS_SCORE)
Table: COURSE_OFFERING(OFFERING_ID, COURSE_ID, SEMESTER, SECTION_NUMBER, START_TIME, END_TIME, MONDAY, TUESDAY, WEDNESDAY, THURSDAY, FRIDAY, SATURDAY, SUNDAY, HAS_FINAL_PROJECT, HAS_FINAL_EXAM, TEXTBOOK, CLASS_ADDRESS, ALLOW_AUDIT)
Table: COURSE_PREREQUISITE(pre_course_id, course_id)
Table: COURSE_TAGS_COUNT(COURSE_ID, CLEAR_GRADING, POP_QUIZ, GROUP_PROJECTS, INSPIRATIONAL, LONG_LECTURES, EXTRA_CREDIT, FEW_TESTS, GOOD_FEEDBACK, TOUGH_TESTS, HEAVY_PAPERS, CARES_FOR_STUDENTS, HEAVY_ASSIGNMENTS, RESPECTED, PARTICIPATION, HEAVY_READING, TOUGH_GRADER, HILARIOUS, WOULD_TAKE_AGAIN, GOOD_LECTURE, NO_SKIP)
Table: GSI(course_offering_id, student_id)
Table: INSTRUCTOR(INSTRUCTOR_ID, NAME, UNIQNAME)
Table: OFFERING_INSTRUCTOR(OFFERING_INSTRUCTOR_ID, OFFERING_ID, INSTRUCTOR_ID)
Table: PROGRAM(program_id, name, college, introduction)
Table: PROGRAM_COURSE(program_id, course_id, workload, category)
Table: PROGRAM_REQUIREMENT(program_id, category, min_credit, additional_req)
Table: SEMESTER(semester_id, semester, year)
Table: STUDENT(student_id, lastname, firstname, program_id, declare_major, total_credit, total_gpa, entered_as, admit_term, predicted_graduation_semester, degree, minor, internship)
Table: STUDENT_RECORD(student_id, course_id, semester, grade, how, transfer_source, earn_credit, repeat_term, test_id, offering_id)

Example:
Question: what courses are related to artificial intelligence
SQL: SELECT DISTINCT c.NAME FROM COURSE c JOIN AREA a ON c.COURSE_ID = a.COURSE_ID WHERE a.AREA LIKE '%artificial intelligence%';"
advising,medium,"For this semester 's Intro Med Micro class , who is the instructor ?","SELECT DISTINCT INSTRUCTORalias0.NAME FROM INSTRUCTOR AS INSTRUCTORalias0 INNER JOIN OFFERING_INSTRUCTOR AS OFFERING_INSTRUCTORalias0 ON OFFERING_INSTRUCTORalias0.INSTRUCTOR_ID = INSTRUCTORalias0.INSTRUCTOR_ID INNER JOIN COURSE_OFFERING AS COURSE_OFFERINGalias0 ON OFFERING_INSTRUCTORalias0.OFFERING_ID = COURSE_OFFERINGalias0.OFFERING_ID INNER JOIN COURSE AS COURSEalias0 ON COURSEalias0.COURSE_ID = COURSE_OFFERINGalias0.COURSE_ID INNER JOIN SEMESTER AS SEMESTERalias0 ON SEMESTERalias0.SEMESTER_ID = COURSE_OFFERINGalias0.SEMESTER WHERE COURSEalias0.NAME LIKE ""%Intro Med Micro%"" AND SEMESTERalias0.SEMESTER = ""WN"" AND SEMESTERalias0.YEAR = 2016 ;","Table: AREA(course_id, area)
Table: COMMENT_INSTRUCTOR(instructor_id, student_id, score, comment_text)
Table: COURSE(COURSE_ID, NAME, DEPARTMENT, NUMBER, CREDITS, ADVISORY_REQUIREMENT, ENFORCED_REQUIREMENT, DESCRIPTION, NUM_SEMESTERS, NUM_ENROLLED, HAS_DISCUSSION, HAS_LAB, HAS_PROJECTS, HAS_EXAMS, NUM_REVIEWS, CLARITY_SCORE, EASINESS_SCORE, HELPFULNESS_SCORE)
Table: COURSE_OFFERING(OFFERING_ID, COURSE_ID, SEMESTER, SECTION_NUMBER, START_TIME, END_TIME, MONDAY, TUESDAY, WEDNESDAY, THURSDAY, FRIDAY, SATURDAY, SUNDAY, HAS_FINAL_PROJECT, HAS_FINAL_EXAM, TEXTBOOK, CLASS_ADDRESS, ALLOW_AUDIT)
Table: COURSE_PREREQUISITE(pre_course_id, course_id)
Table: COURSE_TAGS_COUNT(COURSE_ID, CLEAR_GRADING, POP_QUIZ, GROUP_PROJECTS, INSPIRATIONAL, LONG_LECTURES, EXTRA_CREDIT, FEW_TESTS, GOOD_FEEDBACK, TOUGH_TESTS, HEAVY_PAPERS, CARES_FOR_STUDENTS, HEAVY_ASSIGNMENTS, RESPECTED, PARTICIPATION, HEAVY_READING, TOUGH_GRADER, HILARIOUS, WOULD_TAKE_AGAIN, GOOD_LECTURE, NO_SKIP)
Table: GSI(course_offering_id, student_id)
Table: INSTRUCTOR(INSTRUCTOR_ID, NAME, UNIQNAME)
Table: OFFERING_INSTRUCTOR(OFFERING_INSTRUCTOR_ID, OFFERING_ID, INSTRUCTOR_ID)
Table: PROGRAM(program_id, name, college, introduction)
Table: PROGRAM_COURSE(program_id, course_id, workload, category)
Table: PROGRAM_REQUIREMENT(program_id, category, min_credit, additional_req)
Table: SEMESTER(semester_id, semester, year)
Table: STUDENT(student_id, lastname, firstname, program_id, declare_major, total_credit, total_gpa, entered_as, admit_term, predicted_graduation_semester, degree, minor, internship)
Table: STUDENT_RECORD(student_id, course_id, semester, grade, how, transfer_source, earn_credit, repeat_term, test_id, offering_id)

Example:
Question: what courses are related to artificial intelligence
SQL: SELECT DISTINCT c.NAME FROM COURSE c JOIN AREA a ON c.COURSE_ID = a.COURSE_ID WHERE a.AREA LIKE '%artificial intelligence%';"
advising,medium,Who will be teaching Core classes next Winter ?,"SELECT DISTINCT INSTRUCTORalias0.NAME FROM COURSE AS COURSEalias0 INNER JOIN COURSE_OFFERING AS COURSE_OFFERINGalias0 ON COURSEalias0.COURSE_ID = COURSE_OFFERINGalias0.COURSE_ID INNER JOIN SEMESTER AS SEMESTERalias0 ON SEMESTERalias0.SEMESTER_ID = COURSE_OFFERINGalias0.SEMESTER INNER JOIN PROGRAM_COURSE AS PROGRAM_COURSEalias0 ON PROGRAM_COURSEalias0.COURSE_ID = COURSE_OFFERINGalias0.COURSE_ID INNER JOIN OFFERING_INSTRUCTOR AS OFFERING_INSTRUCTORalias0 ON OFFERING_INSTRUCTORalias0.OFFERING_ID = COURSE_OFFERINGalias0.OFFERING_ID INNER JOIN INSTRUCTOR AS INSTRUCTORalias0 ON OFFERING_INSTRUCTORalias0.INSTRUCTOR_ID = INSTRUCTORalias0.INSTRUCTOR_ID WHERE PROGRAM_COURSEalias0.CATEGORY LIKE ""%Core%"" AND SEMESTERalias0.SEMESTER = ""Winter"" AND SEMESTERalias0.YEAR = 2017 ;","Table: AREA(course_id, area)
Table: COMMENT_INSTRUCTOR(instructor_id, student_id, score, comment_text)
Table: COURSE(COURSE_ID, NAME, DEPARTMENT, NUMBER, CREDITS, ADVISORY_REQUIREMENT, ENFORCED_REQUIREMENT, DESCRIPTION, NUM_SEMESTERS, NUM_ENROLLED, HAS_DISCUSSION, HAS_LAB, HAS_PROJECTS, HAS_EXAMS, NUM_REVIEWS, CLARITY_SCORE, EASINESS_SCORE, HELPFULNESS_SCORE)
Table: COURSE_OFFERING(OFFERING_ID, COURSE_ID, SEMESTER, SECTION_NUMBER, START_TIME, END_TIME, MONDAY, TUESDAY, WEDNESDAY, THURSDAY, FRIDAY, SATURDAY, SUNDAY, HAS_FINAL_PROJECT, HAS_FINAL_EXAM, TEXTBOOK, CLASS_ADDRESS, ALLOW_AUDIT)
Table: COURSE_PREREQUISITE(pre_course_id, course_id)
Table: COURSE_TAGS_COUNT(COURSE_ID, CLEAR_GRADING, POP_QUIZ, GROUP_PROJECTS, INSPIRATIONAL, LONG_LECTURES, EXTRA_CREDIT, FEW_TESTS, GOOD_FEEDBACK, TOUGH_TESTS, HEAVY_PAPERS, CARES_FOR_STUDENTS, HEAVY_ASSIGNMENTS, RESPECTED, PARTICIPATION, HEAVY_READING, TOUGH_GRADER, HILARIOUS, WOULD_TAKE_AGAIN, GOOD_LECTURE, NO_SKIP)
Table: GSI(course_offering_id, student_id)
Table: INSTRUCTOR(INSTRUCTOR_ID, NAME, UNIQNAME)
Table: OFFERING_INSTRUCTOR(OFFERING_INSTRUCTOR_ID, OFFERING_ID, INSTRUCTOR_ID)
Table: PROGRAM(program_id, name, college, introduction)
Table: PROGRAM_COURSE(program_id, course_id, workload, category)
Table: PROGRAM_REQUIREMENT(program_id, category, min_credit, additional_req)
Table: SEMESTER(semester_id, semester, year)
Table: STUDENT(student_id, lastname, firstname, program_id, declare_major, total_credit, total_gpa, entered_as, admit_term, predicted_graduation_semester, degree, minor, internship)
Table: STUDENT_RECORD(student_id, course_id, semester, grade, how, transfer_source, earn_credit, repeat_term, test_id, offering_id)

Example:
Question: what courses are related to artificial intelligence
SQL: SELECT DISTINCT c.NAME FROM COURSE c JOIN AREA a ON c.COURSE_ID = a.COURSE_ID WHERE a.AREA LIKE '%artificial intelligence%';"
advising,medium,Which human computer interaction courses are prerequisites for 312 ?,"SELECT DISTINCT COURSEalias0.DEPARTMENT , COURSEalias0.NAME , COURSEalias0.NUMBER FROM COURSE AS COURSEalias0 INNER JOIN COURSE_PREREQUISITE AS COURSE_PREREQUISITEalias0 ON COURSEalias0.COURSE_ID = COURSE_PREREQUISITEalias0.PRE_COURSE_ID INNER JOIN COURSE AS COURSEalias1 ON COURSEalias1.COURSE_ID = COURSE_PREREQUISITEalias0.COURSE_ID INNER JOIN AREA AS AREAalias0 ON COURSEalias0.COURSE_ID = AREAalias0.COURSE_ID WHERE AREAalias0.AREA LIKE ""%human computer interaction%"" AND COURSEalias1.DEPARTMENT = ""department0"" AND COURSEalias1.NUMBER = 312 ;","Table: AREA(course_id, area)
Table: COMMENT_INSTRUCTOR(instructor_id, student_id, score, comment_text)
Table: COURSE(COURSE_ID, NAME, DEPARTMENT, NUMBER, CREDITS, ADVISORY_REQUIREMENT, ENFORCED_REQUIREMENT, DESCRIPTION, NUM_SEMESTERS, NUM_ENROLLED, HAS_DISCUSSION, HAS_LAB, HAS_PROJECTS, HAS_EXAMS, NUM_REVIEWS, CLARITY_SCORE, EASINESS_SCORE, HELPFULNESS_SCORE)
Table: COURSE_OFFERING(OFFERING_ID, COURSE_ID, SEMESTER, SECTION_NUMBER, START_TIME, END_TIME, MONDAY, TUESDAY, WEDNESDAY, THURSDAY, FRIDAY, SATURDAY, SUNDAY, HAS_FINAL_PROJECT, HAS_FINAL_EXAM, TEXTBOOK, CLASS_ADDRESS, ALLOW_AUDIT)
Table: COURSE_PREREQUISITE(pre_course_id, course_id)
Table: COURSE_TAGS_COUNT(COURSE_ID, CLEAR_GRADING, POP_QUIZ, GROUP_PROJECTS, INSPIRATIONAL, LONG_LECTURES, EXTRA_CREDIT, FEW_TESTS, GOOD_FEEDBACK, TOUGH_TESTS, HEAVY_PAPERS, CARES_FOR_STUDENTS, HEAVY_ASSIGNMENTS, RESPECTED, PARTICIPATION, HEAVY_READING, TOUGH_GRADER, HILARIOUS, WOULD_TAKE_AGAIN, GOOD_LECTURE, NO_SKIP)
Table: GSI(course_offering_id, student_id)
Table: INSTRUCTOR(INSTRUCTOR_ID, NAME, UNIQNAME)
Table: OFFERING_INSTRUCTOR(OFFERING_INSTRUCTOR_ID, OFFERING_ID, INSTRUCTOR_ID)
Table: PROGRAM(program_id, name, college, introduction)
Table: PROGRAM_COURSE(program_id, course_id, workload, category)
Table: PROGRAM_REQUIREMENT(program_id, category, min_credit, additional_req)
Table: SEMESTER(semester_id, semester, year)
Table: STUDENT(student_id, lastname, firstname, program_id, declare_major, total_credit, total_gpa, entered_as, admit_term, predicted_graduation_semester, degree, minor, internship)
Table: STUDENT_RECORD(student_id, course_id, semester, grade, how, transfer_source, earn_credit, repeat_term, test_id, offering_id)

Example:
Question: what courses are related to artificial intelligence
SQL: SELECT DISTINCT c.NAME FROM COURSE c JOIN AREA a ON c.COURSE_ID = a.COURSE_ID WHERE a.AREA LIKE '%artificial intelligence%';"
advising,medium,PHIL 433 has been available for how long ?,"SELECT DISTINCT SEMESTERalias0.YEAR FROM COURSE AS COURSEalias0 , COURSE_OFFERING AS COURSE_OFFERINGalias0 , SEMESTER AS SEMESTERalias0 WHERE COURSEalias0.COURSE_ID = COURSE_OFFERINGalias0.COURSE_ID AND COURSEalias0.DEPARTMENT = ""PHIL"" AND COURSEalias0.NUMBER = 433 AND SEMESTERalias0.SEMESTER_ID = COURSE_OFFERINGalias0.SEMESTER ORDER BY SEMESTERalias0.YEAR ASC LIMIT 1 ;","Table: AREA(course_id, area)
Table: COMMENT_INSTRUCTOR(instructor_id, student_id, score, comment_text)
Table: COURSE(COURSE_ID, NAME, DEPARTMENT, NUMBER, CREDITS, ADVISORY_REQUIREMENT, ENFORCED_REQUIREMENT, DESCRIPTION, NUM_SEMESTERS, NUM_ENROLLED, HAS_DISCUSSION, HAS_LAB, HAS_PROJECTS, HAS_EXAMS, NUM_REVIEWS, CLARITY_SCORE, EASINESS_SCORE, HELPFULNESS_SCORE)
Table: COURSE_OFFERING(OFFERING_ID, COURSE_ID, SEMESTER, SECTION_NUMBER, START_TIME, END_TIME, MONDAY, TUESDAY, WEDNESDAY, THURSDAY, FRIDAY, SATURDAY, SUNDAY, HAS_FINAL_PROJECT, HAS_FINAL_EXAM, TEXTBOOK, CLASS_ADDRESS, ALLOW_AUDIT)
Table: COURSE_PREREQUISITE(pre_course_id, course_id)
Table: COURSE_TAGS_COUNT(COURSE_ID, CLEAR_GRADING, POP_QUIZ, GROUP_PROJECTS, INSPIRATIONAL, LONG_LECTURES, EXTRA_CREDIT, FEW_TESTS, GOOD_FEEDBACK, TOUGH_TESTS, HEAVY_PAPERS, CARES_FOR_STUDENTS, HEAVY_ASSIGNMENTS, RESPECTED, PARTICIPATION, HEAVY_READING, TOUGH_GRADER, HILARIOUS, WOULD_TAKE_AGAIN, GOOD_LECTURE, NO_SKIP)
Table: GSI(course_offering_id, student_id)
Table: INSTRUCTOR(INSTRUCTOR_ID, NAME, UNIQNAME)
Table: OFFERING_INSTRUCTOR(OFFERING_INSTRUCTOR_ID, OFFERING_ID, INSTRUCTOR_ID)
Table: PROGRAM(program_id, name, college, introduction)
Table: PROGRAM_COURSE(program_id, course_id, workload, category)
Table: PROGRAM_REQUIREMENT(program_id, category, min_credit, additional_req)
Table: SEMESTER(semester_id, semester, year)
Table: STUDENT(student_id, lastname, firstname, program_id, declare_major, total_credit, total_gpa, entered_as, admit_term, predicted_graduation_semester, degree, minor, internship)
Table: STUDENT_RECORD(student_id, course_id, semester, grade, how, transfer_source, earn_credit, repeat_term, test_id, offering_id)

Example:
Question: what courses are related to artificial intelligence
SQL: SELECT DISTINCT c.NAME FROM COURSE c JOIN AREA a ON c.COURSE_ID = a.COURSE_ID WHERE a.AREA LIKE '%artificial intelligence%';"
advising,medium,What courses is Prof. Earl Werner the teacher of ?,"SELECT DISTINCT COURSEalias0.DEPARTMENT , COURSEalias0.NAME , COURSEalias0.NUMBER FROM COURSE AS COURSEalias0 , COURSE_OFFERING AS COURSE_OFFERINGalias0 , INSTRUCTOR AS INSTRUCTORalias0 , OFFERING_INSTRUCTOR AS OFFERING_INSTRUCTORalias0 WHERE COURSEalias0.COURSE_ID = COURSE_OFFERINGalias0.COURSE_ID AND INSTRUCTORalias0.NAME LIKE ""%Earl Werner%"" AND OFFERING_INSTRUCTORalias0.INSTRUCTOR_ID = INSTRUCTORalias0.INSTRUCTOR_ID AND OFFERING_INSTRUCTORalias0.OFFERING_ID = COURSE_OFFERINGalias0.OFFERING_ID ;","Table: AREA(course_id, area)
Table: COMMENT_INSTRUCTOR(instructor_id, student_id, score, comment_text)
Table: COURSE(COURSE_ID, NAME, DEPARTMENT, NUMBER, CREDITS, ADVISORY_REQUIREMENT, ENFORCED_REQUIREMENT, DESCRIPTION, NUM_SEMESTERS, NUM_ENROLLED, HAS_DISCUSSION, HAS_LAB, HAS_PROJECTS, HAS_EXAMS, NUM_REVIEWS, CLARITY_SCORE, EASINESS_SCORE, HELPFULNESS_SCORE)
Table: COURSE_OFFERING(OFFERING_ID, COURSE_ID, SEMESTER, SECTION_NUMBER, START_TIME, END_TIME, MONDAY, TUESDAY, WEDNESDAY, THURSDAY, FRIDAY, SATURDAY, SUNDAY, HAS_FINAL_PROJECT, HAS_FINAL_EXAM, TEXTBOOK, CLASS_ADDRESS, ALLOW_AUDIT)
Table: COURSE_PREREQUISITE(pre_course_id, course_id)
Table: COURSE_TAGS_COUNT(COURSE_ID, CLEAR_GRADING, POP_QUIZ, GROUP_PROJECTS, INSPIRATIONAL, LONG_LECTURES, EXTRA_CREDIT, FEW_TESTS, GOOD_FEEDBACK, TOUGH_TESTS, HEAVY_PAPERS, CARES_FOR_STUDENTS, HEAVY_ASSIGNMENTS, RESPECTED, PARTICIPATION, HEAVY_READING, TOUGH_GRADER, HILARIOUS, WOULD_TAKE_AGAIN, GOOD_LECTURE, NO_SKIP)
Table: GSI(course_offering_id, student_id)
Table: INSTRUCTOR(INSTRUCTOR_ID, NAME, UNIQNAME)
Table: OFFERING_INSTRUCTOR(OFFERING_INSTRUCTOR_ID, OFFERING_ID, INSTRUCTOR_ID)
Table: PROGRAM(program_id, name, college, introduction)
Table: PROGRAM_COURSE(program_id, course_id, workload, category)
Table: PROGRAM_REQUIREMENT(program_id, category, min_credit, additional_req)
Table: SEMESTER(semester_id, semester, year)
Table: STUDENT(student_id, lastname, firstname, program_id, declare_major, total_credit, total_gpa, entered_as, admit_term, predicted_graduation_semester, degree, minor, internship)
Table: STUDENT_RECORD(student_id, course_id, semester, grade, how, transfer_source, earn_credit, repeat_term, test_id, offering_id)

Example:
Question: what courses are related to artificial intelligence
SQL: SELECT DISTINCT c.NAME FROM COURSE c JOIN AREA a ON c.COURSE_ID = a.COURSE_ID WHERE a.AREA LIKE '%artificial intelligence%';"
advising,medium,Do you know who is teaching Other classes in the Winter ?,"SELECT DISTINCT INSTRUCTORalias0.NAME FROM COURSE AS COURSEalias0 INNER JOIN COURSE_OFFERING AS COURSE_OFFERINGalias0 ON COURSEalias0.COURSE_ID = COURSE_OFFERINGalias0.COURSE_ID INNER JOIN SEMESTER AS SEMESTERalias0 ON SEMESTERalias0.SEMESTER_ID = COURSE_OFFERINGalias0.SEMESTER INNER JOIN PROGRAM_COURSE AS PROGRAM_COURSEalias0 ON PROGRAM_COURSEalias0.COURSE_ID = COURSE_OFFERINGalias0.COURSE_ID INNER JOIN OFFERING_INSTRUCTOR AS OFFERING_INSTRUCTORalias0 ON OFFERING_INSTRUCTORalias0.OFFERING_ID = COURSE_OFFERINGalias0.OFFERING_ID INNER JOIN INSTRUCTOR AS INSTRUCTORalias0 ON OFFERING_INSTRUCTORalias0.INSTRUCTOR_ID = INSTRUCTORalias0.INSTRUCTOR_ID WHERE PROGRAM_COURSEalias0.CATEGORY LIKE ""%Other%"" AND SEMESTERalias0.SEMESTER = ""Winter"" AND SEMESTERalias0.YEAR = 2017 ;","Table: AREA(course_id, area)
Table: COMMENT_INSTRUCTOR(instructor_id, student_id, score, comment_text)
Table: COURSE(COURSE_ID, NAME, DEPARTMENT, NUMBER, CREDITS, ADVISORY_REQUIREMENT, ENFORCED_REQUIREMENT, DESCRIPTION, NUM_SEMESTERS, NUM_ENROLLED, HAS_DISCUSSION, HAS_LAB, HAS_PROJECTS, HAS_EXAMS, NUM_REVIEWS, CLARITY_SCORE, EASINESS_SCORE, HELPFULNESS_SCORE)
Table: COURSE_OFFERING(OFFERING_ID, COURSE_ID, SEMESTER, SECTION_NUMBER, START_TIME, END_TIME, MONDAY, TUESDAY, WEDNESDAY, THURSDAY, FRIDAY, SATURDAY, SUNDAY, HAS_FINAL_PROJECT, HAS_FINAL_EXAM, TEXTBOOK, CLASS_ADDRESS, ALLOW_AUDIT)
Table: COURSE_PREREQUISITE(pre_course_id, course_id)
Table: COURSE_TAGS_COUNT(COURSE_ID, CLEAR_GRADING, POP_QUIZ, GROUP_PROJECTS, INSPIRATIONAL, LONG_LECTURES, EXTRA_CREDIT, FEW_TESTS, GOOD_FEEDBACK, TOUGH_TESTS, HEAVY_PAPERS, CARES_FOR_STUDENTS, HEAVY_ASSIGNMENTS, RESPECTED, PARTICIPATION, HEAVY_READING, TOUGH_GRADER, HILARIOUS, WOULD_TAKE_AGAIN, GOOD_LECTURE, NO_SKIP)
Table: GSI(course_offering_id, student_id)
Table: INSTRUCTOR(INSTRUCTOR_ID, NAME, UNIQNAME)
Table: OFFERING_INSTRUCTOR(OFFERING_INSTRUCTOR_ID, OFFERING_ID, INSTRUCTOR_ID)
Table: PROGRAM(program_id, name, college, introduction)
Table: PROGRAM_COURSE(program_id, course_id, workload, category)
Table: PROGRAM_REQUIREMENT(program_id, category, min_credit, additional_req)
Table: SEMESTER(semester_id, semester, year)
Table: STUDENT(student_id, lastname, firstname, program_id, declare_major, total_credit, total_gpa, entered_as, admit_term, predicted_graduation_semester, degree, minor, internship)
Table: STUDENT_RECORD(student_id, course_id, semester, grade, how, transfer_source, earn_credit, repeat_term, test_id, offering_id)

Example:
Question: what courses are related to artificial intelligence
SQL: SELECT DISTINCT c.NAME FROM COURSE c JOIN AREA a ON c.COURSE_ID = a.COURSE_ID WHERE a.AREA LIKE '%artificial intelligence%';"
advising,medium,"This Winter , who is teaching EDCURINS 431 ?","SELECT DISTINCT INSTRUCTORalias0.NAME FROM COURSE AS COURSEalias0 INNER JOIN COURSE_OFFERING AS COURSE_OFFERINGalias0 ON COURSEalias0.COURSE_ID = COURSE_OFFERINGalias0.COURSE_ID INNER JOIN OFFERING_INSTRUCTOR AS OFFERING_INSTRUCTORalias0 ON OFFERING_INSTRUCTORalias0.OFFERING_ID = COURSE_OFFERINGalias0.OFFERING_ID INNER JOIN INSTRUCTOR AS INSTRUCTORalias0 ON OFFERING_INSTRUCTORalias0.INSTRUCTOR_ID = INSTRUCTORalias0.INSTRUCTOR_ID INNER JOIN SEMESTER AS SEMESTERalias0 ON SEMESTERalias0.SEMESTER_ID = COURSE_OFFERINGalias0.SEMESTER WHERE COURSEalias0.DEPARTMENT = ""EDCURINS"" AND COURSEalias0.NUMBER = 431 AND SEMESTERalias0.SEMESTER = ""Winter"" AND SEMESTERalias0.YEAR = 2016 ;","Table: AREA(course_id, area)
Table: COMMENT_INSTRUCTOR(instructor_id, student_id, score, comment_text)
Table: COURSE(COURSE_ID, NAME, DEPARTMENT, NUMBER, CREDITS, ADVISORY_REQUIREMENT, ENFORCED_REQUIREMENT, DESCRIPTION, NUM_SEMESTERS, NUM_ENROLLED, HAS_DISCUSSION, HAS_LAB, HAS_PROJECTS, HAS_EXAMS, NUM_REVIEWS, CLARITY_SCORE, EASINESS_SCORE, HELPFULNESS_SCORE)
Table: COURSE_OFFERING(OFFERING_ID, COURSE_ID, SEMESTER, SECTION_NUMBER, START_TIME, END_TIME, MONDAY, TUESDAY, WEDNESDAY, THURSDAY, FRIDAY, SATURDAY, SUNDAY, HAS_FINAL_PROJECT, HAS_FINAL_EXAM, TEXTBOOK, CLASS_ADDRESS, ALLOW_AUDIT)
Table: COURSE_PREREQUISITE(pre_course_id, course_id)
Table: COURSE_TAGS_COUNT(COURSE_ID, CLEAR_GRADING, POP_QUIZ, GROUP_PROJECTS, INSPIRATIONAL, LONG_LECTURES, EXTRA_CREDIT, FEW_TESTS, GOOD_FEEDBACK, TOUGH_TESTS, HEAVY_PAPERS, CARES_FOR_STUDENTS, HEAVY_ASSIGNMENTS, RESPECTED, PARTICIPATION, HEAVY_READING, TOUGH_GRADER, HILARIOUS, WOULD_TAKE_AGAIN, GOOD_LECTURE, NO_SKIP)
Table: GSI(course_offering_id, student_id)
Table: INSTRUCTOR(INSTRUCTOR_ID, NAME, UNIQNAME)
Table: OFFERING_INSTRUCTOR(OFFERING_INSTRUCTOR_ID, OFFERING_ID, INSTRUCTOR_ID)
Table: PROGRAM(program_id, name, college, introduction)
Table: PROGRAM_COURSE(program_id, course_id, workload, category)
Table: PROGRAM_REQUIREMENT(program_id, category, min_credit, additional_req)
Table: SEMESTER(semester_id, semester, year)
Table: STUDENT(student_id, lastname, firstname, program_id, declare_major, total_credit, total_gpa, entered_as, admit_term, predicted_graduation_semester, degree, minor, internship)
Table: STUDENT_RECORD(student_id, course_id, semester, grade, how, transfer_source, earn_credit, repeat_term, test_id, offering_id)

Example:
Question: what courses are related to artificial intelligence
SQL: SELECT DISTINCT c.NAME FROM COURSE c JOIN AREA a ON c.COURSE_ID = a.COURSE_ID WHERE a.AREA LIKE '%artificial intelligence%';"
advising,medium,Of all the MATSCIE 400 classes which ones are in the morning .,"SELECT DISTINCT COURSE_OFFERINGalias0.END_TIME , COURSE_OFFERINGalias0.START_TIME , SEMESTERalias0.SEMESTER , SEMESTERalias0.YEAR FROM COURSE AS COURSEalias0 , COURSE_OFFERING AS COURSE_OFFERINGalias0 , SEMESTER AS SEMESTERalias0 WHERE COURSE_OFFERINGalias0.START_TIME < ""12:00:00"" AND COURSE_OFFERINGalias0.START_TIME >= ""08:00:00"" AND COURSEalias0.COURSE_ID = COURSE_OFFERINGalias0.COURSE_ID AND COURSEalias0.DEPARTMENT = ""MATSCIE"" AND COURSEalias0.NUMBER = 400 AND SEMESTERalias0.SEMESTER = """" AND SEMESTERalias0.SEMESTER_ID = COURSE_OFFERINGalias0.SEMESTER AND SEMESTERalias0.YEAR =  ;","Table: AREA(course_id, area)
Table: COMMENT_INSTRUCTOR(instructor_id, student_id, score, comment_text)
Table: COURSE(COURSE_ID, NAME, DEPARTMENT, NUMBER, CREDITS, ADVISORY_REQUIREMENT, ENFORCED_REQUIREMENT, DESCRIPTION, NUM_SEMESTERS, NUM_ENROLLED, HAS_DISCUSSION, HAS_LAB, HAS_PROJECTS, HAS_EXAMS, NUM_REVIEWS, CLARITY_SCORE, EASINESS_SCORE, HELPFULNESS_SCORE)
Table: COURSE_OFFERING(OFFERING_ID, COURSE_ID, SEMESTER, SECTION_NUMBER, START_TIME, END_TIME, MONDAY, TUESDAY, WEDNESDAY, THURSDAY, FRIDAY, SATURDAY, SUNDAY, HAS_FINAL_PROJECT, HAS_FINAL_EXAM, TEXTBOOK, CLASS_ADDRESS, ALLOW_AUDIT)
Table: COURSE_PREREQUISITE(pre_course_id, course_id)
Table: COURSE_TAGS_COUNT(COURSE_ID, CLEAR_GRADING, POP_QUIZ, GROUP_PROJECTS, INSPIRATIONAL, LONG_LECTURES, EXTRA_CREDIT, FEW_TESTS, GOOD_FEEDBACK, TOUGH_TESTS, HEAVY_PAPERS, CARES_FOR_STUDENTS, HEAVY_ASSIGNMENTS, RESPECTED, PARTICIPATION, HEAVY_READING, TOUGH_GRADER, HILARIOUS, WOULD_TAKE_AGAIN, GOOD_LECTURE, NO_SKIP)
Table: GSI(course_offering_id, student_id)
Table: INSTRUCTOR(INSTRUCTOR_ID, NAME, UNIQNAME)
Table: OFFERING_INSTRUCTOR(OFFERING_INSTRUCTOR_ID, OFFERING_ID, INSTRUCTOR_ID)
Table: PROGRAM(program_id, name, college, introduction)
Table: PROGRAM_COURSE(program_id, course_id, workload, category)
Table: PROGRAM_REQUIREMENT(program_id, category, min_credit, additional_req)
Table: SEMESTER(semester_id, semester, year)
Table: STUDENT(student_id, lastname, firstname, program_id, declare_major, total_credit, total_gpa, entered_as, admit_term, predicted_graduation_semester, degree, minor, internship)
Table: STUDENT_RECORD(student_id, course_id, semester, grade, how, transfer_source, earn_credit, repeat_term, test_id, offering_id)

Example:
Question: what courses are related to artificial intelligence
SQL: SELECT DISTINCT c.NAME FROM COURSE c JOIN AREA a ON c.COURSE_ID = a.COURSE_ID WHERE a.AREA LIKE '%artificial intelligence%';"
advising,medium,"If I want to declare JAZZ as my major , which classes am I going to have to take ?","SELECT DISTINCT COURSEalias0.DEPARTMENT , COURSEalias0.NAME , COURSEalias0.NUMBER FROM COURSE AS COURSEalias0 , PROGRAM_COURSE AS PROGRAM_COURSEalias0 WHERE COURSEalias0.DEPARTMENT LIKE ""%JAZZ%"" AND PROGRAM_COURSEalias0.CATEGORY LIKE ""PreMajor"" AND PROGRAM_COURSEalias0.COURSE_ID = COURSEalias0.COURSE_ID ;","Table: AREA(course_id, area)
Table: COMMENT_INSTRUCTOR(instructor_id, student_id, score, comment_text)
Table: COURSE(COURSE_ID, NAME, DEPARTMENT, NUMBER, CREDITS, ADVISORY_REQUIREMENT, ENFORCED_REQUIREMENT, DESCRIPTION, NUM_SEMESTERS, NUM_ENROLLED, HAS_DISCUSSION, HAS_LAB, HAS_PROJECTS, HAS_EXAMS, NUM_REVIEWS, CLARITY_SCORE, EASINESS_SCORE, HELPFULNESS_SCORE)
Table: COURSE_OFFERING(OFFERING_ID, COURSE_ID, SEMESTER, SECTION_NUMBER, START_TIME, END_TIME, MONDAY, TUESDAY, WEDNESDAY, THURSDAY, FRIDAY, SATURDAY, SUNDAY, HAS_FINAL_PROJECT, HAS_FINAL_EXAM, TEXTBOOK, CLASS_ADDRESS, ALLOW_AUDIT)
Table: COURSE_PREREQUISITE(pre_course_id, course_id)
Table: COURSE_TAGS_COUNT(COURSE_ID, CLEAR_GRADING, POP_QUIZ, GROUP_PROJECTS, INSPIRATIONAL, LONG_LECTURES, EXTRA_CREDIT, FEW_TESTS, GOOD_FEEDBACK, TOUGH_TESTS, HEAVY_PAPERS, CARES_FOR_STUDENTS, HEAVY_ASSIGNMENTS, RESPECTED, PARTICIPATION, HEAVY_READING, TOUGH_GRADER, HILARIOUS, WOULD_TAKE_AGAIN, GOOD_LECTURE, NO_SKIP)
Table: GSI(course_offering_id, student_id)
Table: INSTRUCTOR(INSTRUCTOR_ID, NAME, UNIQNAME)
Table: OFFERING_INSTRUCTOR(OFFERING_INSTRUCTOR_ID, OFFERING_ID, INSTRUCTOR_ID)
Table: PROGRAM(program_id, name, college, introduction)
Table: PROGRAM_COURSE(program_id, course_id, workload, category)
Table: PROGRAM_REQUIREMENT(program_id, category, min_credit, additional_req)
Table: SEMESTER(semester_id, semester, year)
Table: STUDENT(student_id, lastname, firstname, program_id, declare_major, total_credit, total_gpa, entered_as, admit_term, predicted_graduation_semester, degree, minor, internship)
Table: STUDENT_RECORD(student_id, course_id, semester, grade, how, transfer_source, earn_credit, repeat_term, test_id, offering_id)

Example:
Question: what courses are related to artificial intelligence
SQL: SELECT DISTINCT c.NAME FROM COURSE c JOIN AREA a ON c.COURSE_ID = a.COURSE_ID WHERE a.AREA LIKE '%artificial intelligence%';"
advising,medium,Who will teach Other classes next Winter ?,"SELECT DISTINCT INSTRUCTORalias0.NAME FROM COURSE AS COURSEalias0 INNER JOIN COURSE_OFFERING AS COURSE_OFFERINGalias0 ON COURSEalias0.COURSE_ID = COURSE_OFFERINGalias0.COURSE_ID INNER JOIN SEMESTER AS SEMESTERalias0 ON SEMESTERalias0.SEMESTER_ID = COURSE_OFFERINGalias0.SEMESTER INNER JOIN PROGRAM_COURSE AS PROGRAM_COURSEalias0 ON PROGRAM_COURSEalias0.COURSE_ID = COURSE_OFFERINGalias0.COURSE_ID INNER JOIN OFFERING_INSTRUCTOR AS OFFERING_INSTRUCTORalias0 ON OFFERING_INSTRUCTORalias0.OFFERING_ID = COURSE_OFFERINGalias0.OFFERING_ID INNER JOIN INSTRUCTOR AS INSTRUCTORalias0 ON OFFERING_INSTRUCTORalias0.INSTRUCTOR_ID = INSTRUCTORalias0.INSTRUCTOR_ID WHERE PROGRAM_COURSEalias0.CATEGORY LIKE ""%Other%"" AND SEMESTERalias0.SEMESTER = ""Winter"" AND SEMESTERalias0.YEAR = 2017 ;","Table: AREA(course_id, area)
Table: COMMENT_INSTRUCTOR(instructor_id, student_id, score, comment_text)
Table: COURSE(COURSE_ID, NAME, DEPARTMENT, NUMBER, CREDITS, ADVISORY_REQUIREMENT, ENFORCED_REQUIREMENT, DESCRIPTION, NUM_SEMESTERS, NUM_ENROLLED, HAS_DISCUSSION, HAS_LAB, HAS_PROJECTS, HAS_EXAMS, NUM_REVIEWS, CLARITY_SCORE, EASINESS_SCORE, HELPFULNESS_SCORE)
Table: COURSE_OFFERING(OFFERING_ID, COURSE_ID, SEMESTER, SECTION_NUMBER, START_TIME, END_TIME, MONDAY, TUESDAY, WEDNESDAY, THURSDAY, FRIDAY, SATURDAY, SUNDAY, HAS_FINAL_PROJECT, HAS_FINAL_EXAM, TEXTBOOK, CLASS_ADDRESS, ALLOW_AUDIT)
Table: COURSE_PREREQUISITE(pre_course_id, course_id)
Table: COURSE_TAGS_COUNT(COURSE_ID, CLEAR_GRADING, POP_QUIZ, GROUP_PROJECTS, INSPIRATIONAL, LONG_LECTURES, EXTRA_CREDIT, FEW_TESTS, GOOD_FEEDBACK, TOUGH_TESTS, HEAVY_PAPERS, CARES_FOR_STUDENTS, HEAVY_ASSIGNMENTS, RESPECTED, PARTICIPATION, HEAVY_READING, TOUGH_GRADER, HILARIOUS, WOULD_TAKE_AGAIN, GOOD_LECTURE, NO_SKIP)
Table: GSI(course_offering_id, student_id)
Table: INSTRUCTOR(INSTRUCTOR_ID, NAME, UNIQNAME)
Table: OFFERING_INSTRUCTOR(OFFERING_INSTRUCTOR_ID, OFFERING_ID, INSTRUCTOR_ID)
Table: PROGRAM(program_id, name, college, introduction)
Table: PROGRAM_COURSE(program_id, course_id, workload, category)
Table: PROGRAM_REQUIREMENT(program_id, category, min_credit, additional_req)
Table: SEMESTER(semester_id, semester, year)
Table: STUDENT(student_id, lastname, firstname, program_id, declare_major, total_credit, total_gpa, entered_as, admit_term, predicted_graduation_semester, degree, minor, internship)
Table: STUDENT_RECORD(student_id, course_id, semester, grade, how, transfer_source, earn_credit, repeat_term, test_id, offering_id)

Example:
Question: what courses are related to artificial intelligence
SQL: SELECT DISTINCT c.NAME FROM COURSE c JOIN AREA a ON c.COURSE_ID = a.COURSE_ID WHERE a.AREA LIKE '%artificial intelligence%';"
advising,medium,Is Biology and Management of Insects a class that is offered ?,"SELECT DISTINCT COURSEalias0.DEPARTMENT , COURSEalias0.NAME , COURSEalias0.NUMBER FROM COURSE AS COURSEalias0 WHERE ( COURSEalias0.DESCRIPTION LIKE ""%Biology and Management of Insects%"" OR COURSEalias0.NAME LIKE ""%Biology and Management of Insects%"" ) AND COURSEalias0.DEPARTMENT = ""EECS"" ;","Table: AREA(course_id, area)
Table: COMMENT_INSTRUCTOR(instructor_id, student_id, score, comment_text)
Table: COURSE(COURSE_ID, NAME, DEPARTMENT, NUMBER, CREDITS, ADVISORY_REQUIREMENT, ENFORCED_REQUIREMENT, DESCRIPTION, NUM_SEMESTERS, NUM_ENROLLED, HAS_DISCUSSION, HAS_LAB, HAS_PROJECTS, HAS_EXAMS, NUM_REVIEWS, CLARITY_SCORE, EASINESS_SCORE, HELPFULNESS_SCORE)
Table: COURSE_OFFERING(OFFERING_ID, COURSE_ID, SEMESTER, SECTION_NUMBER, START_TIME, END_TIME, MONDAY, TUESDAY, WEDNESDAY, THURSDAY, FRIDAY, SATURDAY, SUNDAY, HAS_FINAL_PROJECT, HAS_FINAL_EXAM, TEXTBOOK, CLASS_ADDRESS, ALLOW_AUDIT)
Table: COURSE_PREREQUISITE(pre_course_id, course_id)
Table: COURSE_TAGS_COUNT(COURSE_ID, CLEAR_GRADING, POP_QUIZ, GROUP_PROJECTS, INSPIRATIONAL, LONG_LECTURES, EXTRA_CREDIT, FEW_TESTS, GOOD_FEEDBACK, TOUGH_TESTS, HEAVY_PAPERS, CARES_FOR_STUDENTS, HEAVY_ASSIGNMENTS, RESPECTED, PARTICIPATION, HEAVY_READING, TOUGH_GRADER, HILARIOUS, WOULD_TAKE_AGAIN, GOOD_LECTURE, NO_SKIP)
Table: GSI(course_offering_id, student_id)
Table: INSTRUCTOR(INSTRUCTOR_ID, NAME, UNIQNAME)
Table: OFFERING_INSTRUCTOR(OFFERING_INSTRUCTOR_ID, OFFERING_ID, INSTRUCTOR_ID)
Table: PROGRAM(program_id, name, college, introduction)
Table: PROGRAM_COURSE(program_id, course_id, workload, category)
Table: PROGRAM_REQUIREMENT(program_id, category, min_credit, additional_req)
Table: SEMESTER(semester_id, semester, year)
Table: STUDENT(student_id, lastname, firstname, program_id, declare_major, total_credit, total_gpa, entered_as, admit_term, predicted_graduation_semester, degree, minor, internship)
Table: STUDENT_RECORD(student_id, course_id, semester, grade, how, transfer_source, earn_credit, repeat_term, test_id, offering_id)

Example:
Question: what courses are related to artificial intelligence
SQL: SELECT DISTINCT c.NAME FROM COURSE c JOIN AREA a ON c.COURSE_ID = a.COURSE_ID WHERE a.AREA LIKE '%artificial intelligence%';"
advising,medium,Can I find any PreMajor classes for the Winter term ?,"SELECT DISTINCT COURSEalias0.DEPARTMENT , COURSEalias0.NAME , COURSEalias0.NUMBER FROM COURSE AS COURSEalias0 INNER JOIN COURSE_OFFERING AS COURSE_OFFERINGalias0 ON COURSEalias0.COURSE_ID = COURSE_OFFERINGalias0.COURSE_ID INNER JOIN SEMESTER AS SEMESTERalias0 ON SEMESTERalias0.SEMESTER_ID = COURSE_OFFERINGalias0.SEMESTER INNER JOIN PROGRAM_COURSE AS PROGRAM_COURSEalias0 ON PROGRAM_COURSEalias0.COURSE_ID = COURSE_OFFERINGalias0.COURSE_ID WHERE PROGRAM_COURSEalias0.CATEGORY LIKE ""%PreMajor%"" AND SEMESTERalias0.SEMESTER = ""Winter"" AND SEMESTERalias0.YEAR = 2017 ;","Table: AREA(course_id, area)
Table: COMMENT_INSTRUCTOR(instructor_id, student_id, score, comment_text)
Table: COURSE(COURSE_ID, NAME, DEPARTMENT, NUMBER, CREDITS, ADVISORY_REQUIREMENT, ENFORCED_REQUIREMENT, DESCRIPTION, NUM_SEMESTERS, NUM_ENROLLED, HAS_DISCUSSION, HAS_LAB, HAS_PROJECTS, HAS_EXAMS, NUM_REVIEWS, CLARITY_SCORE, EASINESS_SCORE, HELPFULNESS_SCORE)
Table: COURSE_OFFERING(OFFERING_ID, COURSE_ID, SEMESTER, SECTION_NUMBER, START_TIME, END_TIME, MONDAY, TUESDAY, WEDNESDAY, THURSDAY, FRIDAY, SATURDAY, SUNDAY, HAS_FINAL_PROJECT, HAS_FINAL_EXAM, TEXTBOOK, CLASS_ADDRESS, ALLOW_AUDIT)
Table: COURSE_PREREQUISITE(pre_course_id, course_id)
Table: COURSE_TAGS_COUNT(COURSE_ID, CLEAR_GRADING, POP_QUIZ, GROUP_PROJECTS, INSPIRATIONAL, LONG_LECTURES, EXTRA_CREDIT, FEW_TESTS, GOOD_FEEDBACK, TOUGH_TESTS, HEAVY_PAPERS, CARES_FOR_STUDENTS, HEAVY_ASSIGNMENTS, RESPECTED, PARTICIPATION, HEAVY_READING, TOUGH_GRADER, HILARIOUS, WOULD_TAKE_AGAIN, GOOD_LECTURE, NO_SKIP)
Table: GSI(course_offering_id, student_id)
Table: INSTRUCTOR(INSTRUCTOR_ID, NAME, UNIQNAME)
Table: OFFERING_INSTRUCTOR(OFFERING_INSTRUCTOR_ID, OFFERING_ID, INSTRUCTOR_ID)
Table: PROGRAM(program_id, name, college, introduction)
Table: PROGRAM_COURSE(program_id, course_id, workload, category)
Table: PROGRAM_REQUIREMENT(program_id, category, min_credit, additional_req)
Table: SEMESTER(semester_id, semester, year)
Table: STUDENT(student_id, lastname, firstname, program_id, declare_major, total_credit, total_gpa, entered_as, admit_term, predicted_graduation_semester, degree, minor, internship)
Table: STUDENT_RECORD(student_id, course_id, semester, grade, how, transfer_source, earn_credit, repeat_term, test_id, offering_id)

Example:
Question: what courses are related to artificial intelligence
SQL: SELECT DISTINCT c.NAME FROM COURSE c JOIN AREA a ON c.COURSE_ID = a.COURSE_ID WHERE a.AREA LIKE '%artificial intelligence%';"
advising,medium,"Next Winter , which ULCS classes are offered ?","SELECT DISTINCT COURSEalias0.DEPARTMENT , COURSEalias0.NAME , COURSEalias0.NUMBER FROM COURSE AS COURSEalias0 INNER JOIN COURSE_OFFERING AS COURSE_OFFERINGalias0 ON COURSEalias0.COURSE_ID = COURSE_OFFERINGalias0.COURSE_ID INNER JOIN SEMESTER AS SEMESTERalias0 ON SEMESTERalias0.SEMESTER_ID = COURSE_OFFERINGalias0.SEMESTER INNER JOIN PROGRAM_COURSE AS PROGRAM_COURSEalias0 ON PROGRAM_COURSEalias0.COURSE_ID = COURSE_OFFERINGalias0.COURSE_ID WHERE PROGRAM_COURSEalias0.CATEGORY LIKE ""%ULCS%"" AND SEMESTERalias0.SEMESTER = ""Winter"" AND SEMESTERalias0.YEAR = 2017 ;","Table: AREA(course_id, area)
Table: COMMENT_INSTRUCTOR(instructor_id, student_id, score, comment_text)
Table: COURSE(COURSE_ID, NAME, DEPARTMENT, NUMBER, CREDITS, ADVISORY_REQUIREMENT, ENFORCED_REQUIREMENT, DESCRIPTION, NUM_SEMESTERS, NUM_ENROLLED, HAS_DISCUSSION, HAS_LAB, HAS_PROJECTS, HAS_EXAMS, NUM_REVIEWS, CLARITY_SCORE, EASINESS_SCORE, HELPFULNESS_SCORE)
Table: COURSE_OFFERING(OFFERING_ID, COURSE_ID, SEMESTER, SECTION_NUMBER, START_TIME, END_TIME, MONDAY, TUESDAY, WEDNESDAY, THURSDAY, FRIDAY, SATURDAY, SUNDAY, HAS_FINAL_PROJECT, HAS_FINAL_EXAM, TEXTBOOK, CLASS_ADDRESS, ALLOW_AUDIT)
Table: COURSE_PREREQUISITE(pre_course_id, course_id)
Table: COURSE_TAGS_COUNT(COURSE_ID, CLEAR_GRADING, POP_QUIZ, GROUP_PROJECTS, INSPIRATIONAL, LONG_LECTURES, EXTRA_CREDIT, FEW_TESTS, GOOD_FEEDBACK, TOUGH_TESTS, HEAVY_PAPERS, CARES_FOR_STUDENTS, HEAVY_ASSIGNMENTS, RESPECTED, PARTICIPATION, HEAVY_READING, TOUGH_GRADER, HILARIOUS, WOULD_TAKE_AGAIN, GOOD_LECTURE, NO_SKIP)
Table: GSI(course_offering_id, student_id)
Table: INSTRUCTOR(INSTRUCTOR_ID, NAME, UNIQNAME)
Table: OFFERING_INSTRUCTOR(OFFERING_INSTRUCTOR_ID, OFFERING_ID, INSTRUCTOR_ID)
Table: PROGRAM(program_id, name, college, introduction)
Table: PROGRAM_COURSE(program_id, course_id, workload, category)
Table: PROGRAM_REQUIREMENT(program_id, category, min_credit, additional_req)
Table: SEMESTER(semester_id, semester, year)
Table: STUDENT(student_id, lastname, firstname, program_id, declare_major, total_credit, total_gpa, entered_as, admit_term, predicted_graduation_semester, degree, minor, internship)
Table: STUDENT_RECORD(student_id, course_id, semester, grade, how, transfer_source, earn_credit, repeat_term, test_id, offering_id)

Example:
Question: what courses are related to artificial intelligence
SQL: SELECT DISTINCT c.NAME FROM COURSE c JOIN AREA a ON c.COURSE_ID = a.COURSE_ID WHERE a.AREA LIKE '%artificial intelligence%';"
advising,medium,Which 100 -level classes are there for Spring or Summer terms ?,"SELECT DISTINCT COURSEalias0.DEPARTMENT , COURSEalias0.NAME , COURSEalias0.NUMBER , SEMESTERalias0.SEMESTER FROM COURSE AS COURSEalias0 , COURSE_OFFERING AS COURSE_OFFERINGalias0 , SEMESTER AS SEMESTERalias0 WHERE COURSEalias0.COURSE_ID = COURSE_OFFERINGalias0.COURSE_ID AND COURSEalias0.DEPARTMENT = """" AND COURSEalias0.NUMBER BETWEEN 100 AND 100 + 100 AND SEMESTERalias0.SEMESTER IN ( ""SP"" , ""SS"" , ""SU"" ) AND SEMESTERalias0.SEMESTER_ID = COURSE_OFFERINGalias0.SEMESTER AND SEMESTERalias0.YEAR = 2016 ;","Table: AREA(course_id, area)
Table: COMMENT_INSTRUCTOR(instructor_id, student_id, score, comment_text)
Table: COURSE(COURSE_ID, NAME, DEPARTMENT, NUMBER, CREDITS, ADVISORY_REQUIREMENT, ENFORCED_REQUIREMENT, DESCRIPTION, NUM_SEMESTERS, NUM_ENROLLED, HAS_DISCUSSION, HAS_LAB, HAS_PROJECTS, HAS_EXAMS, NUM_REVIEWS, CLARITY_SCORE, EASINESS_SCORE, HELPFULNESS_SCORE)
Table: COURSE_OFFERING(OFFERING_ID, COURSE_ID, SEMESTER, SECTION_NUMBER, START_TIME, END_TIME, MONDAY, TUESDAY, WEDNESDAY, THURSDAY, FRIDAY, SATURDAY, SUNDAY, HAS_FINAL_PROJECT, HAS_FINAL_EXAM, TEXTBOOK, CLASS_ADDRESS, ALLOW_AUDIT)
Table: COURSE_PREREQUISITE(pre_course_id, course_id)
Table: COURSE_TAGS_COUNT(COURSE_ID, CLEAR_GRADING, POP_QUIZ, GROUP_PROJECTS, INSPIRATIONAL, LONG_LECTURES, EXTRA_CREDIT, FEW_TESTS, GOOD_FEEDBACK, TOUGH_TESTS, HEAVY_PAPERS, CARES_FOR_STUDENTS, HEAVY_ASSIGNMENTS, RESPECTED, PARTICIPATION, HEAVY_READING, TOUGH_GRADER, HILARIOUS, WOULD_TAKE_AGAIN, GOOD_LECTURE, NO_SKIP)
Table: GSI(course_offering_id, student_id)
Table: INSTRUCTOR(INSTRUCTOR_ID, NAME, UNIQNAME)
Table: OFFERING_INSTRUCTOR(OFFERING_INSTRUCTOR_ID, OFFERING_ID, INSTRUCTOR_ID)
Table: PROGRAM(program_id, name, college, introduction)
Table: PROGRAM_COURSE(program_id, course_id, workload, category)
Table: PROGRAM_REQUIREMENT(program_id, category, min_credit, additional_req)
Table: SEMESTER(semester_id, semester, year)
Table: STUDENT(student_id, lastname, firstname, program_id, declare_major, total_credit, total_gpa, entered_as, admit_term, predicted_graduation_semester, degree, minor, internship)
Table: STUDENT_RECORD(student_id, course_id, semester, grade, how, transfer_source, earn_credit, repeat_term, test_id, offering_id)

Example:
Question: what courses are related to artificial intelligence
SQL: SELECT DISTINCT c.NAME FROM COURSE c JOIN AREA a ON c.COURSE_ID = a.COURSE_ID WHERE a.AREA LIKE '%artificial intelligence%';"
atis,easy,tell me about ground transportation at SALT LAKE CITY,"SELECT DISTINCT GROUND_SERVICEalias0.TRANSPORT_TYPE FROM CITY AS CITYalias0 , GROUND_SERVICE AS GROUND_SERVICEalias0 WHERE CITYalias0.CITY_NAME = ""SALT LAKE CITY"" AND GROUND_SERVICEalias0.CITY_CODE = CITYalias0.CITY_CODE ;","Table: aircraft(aircraft_code, aircraft_description, manufacturer, basic_type, engines, propulsion, wide_body, wing_span, length, weight, capacity, pay_load, cruising_speed, range_miles, pressurized)
Table: airline(airline_code, airline_name, note)
Table: airport(airport_code, airport_name, airport_location, state_code, country_name, time_zone_code, minimum_connect_time)
Table: airport_service(city_code, airport_code, miles_distant, direction, minutes_distant)
Table: city(city_code, city_name, state_code, country_name, time_zone_code)
Table: class_of_service(booking_class, rank, class_description)
Table: code_description(code, description)
Table: compartment_class(compartment, class_type)
Table: date_day(month_number, day_number, year, day_name)
Table: days(days_code, day_name)
Table: dual_carrier(main_airline, low_flight_number, high_flight_number, dual_airline, service_name)
Table: equipment_sequence(aircraft_code_sequence, aircraft_code)
Table: fare(fare_id, from_airport, to_airport, fare_basis_code, fare_airline, restriction_code, one_direction_cost, round_trip_cost, round_trip_required)
Table: fare_basis(fare_basis_code, booking_class, class_type, premium, economy, discounted, night, season, basis_days)
Table: flight(flight_id, flight_days, from_airport, to_airport, departure_time, arrival_time, airline_flight, airline_code, flight_number, aircraft_code_sequence, meal_code, stops, connections, dual_carrier, time_elapsed)
Table: flight_fare(flight_id, fare_id)
Table: flight_leg(flight_id, leg_number, leg_flight)
Table: flight_stop(flight_id, stop_number, stop_days, stop_airport, arrival_time, arrival_airline, arrival_flight_number, departure_time, departure_airline, departure_flight_number, stop_time)
Table: food_service(meal_code, meal_number, compartment, meal_description)
Table: ground_service(city_code, airport_code, transport_type, ground_fare)
Table: month(month_number, month_name)
Table: restriction(restriction_code, advance_purchase, stopovers, saturday_stay_required, minimum_stay, maximum_stay, application, no_discounts)
Table: state(state_code, state_name, country_name)
Table: time_interval(period, begin_time, end_time)
Table: time_zone(time_zone_code, time_zone_name, hours_from_gmt)

Example:
Question: which airports serve boston
SQL: SELECT DISTINCT airport_code FROM airport_service JOIN city ON airport_service.city_code = city.city_code WHERE city.city_name = 'BOSTON';"
atis,easy,describe ground transportation in DALLAS,"SELECT DISTINCT GROUND_SERVICEalias0.TRANSPORT_TYPE FROM CITY AS CITYalias0 , GROUND_SERVICE AS GROUND_SERVICEalias0 WHERE CITYalias0.CITY_NAME = ""DALLAS"" AND GROUND_SERVICEalias0.CITY_CODE = CITYalias0.CITY_CODE ;","Table: aircraft(aircraft_code, aircraft_description, manufacturer, basic_type, engines, propulsion, wide_body, wing_span, length, weight, capacity, pay_load, cruising_speed, range_miles, pressurized)
Table: airline(airline_code, airline_name, note)
Table: airport(airport_code, airport_name, airport_location, state_code, country_name, time_zone_code, minimum_connect_time)
Table: airport_service(city_code, airport_code, miles_distant, direction, minutes_distant)
Table: city(city_code, city_name, state_code, country_name, time_zone_code)
Table: class_of_service(booking_class, rank, class_description)
Table: code_description(code, description)
Table: compartment_class(compartment, class_type)
Table: date_day(month_number, day_number, year, day_name)
Table: days(days_code, day_name)
Table: dual_carrier(main_airline, low_flight_number, high_flight_number, dual_airline, service_name)
Table: equipment_sequence(aircraft_code_sequence, aircraft_code)
Table: fare(fare_id, from_airport, to_airport, fare_basis_code, fare_airline, restriction_code, one_direction_cost, round_trip_cost, round_trip_required)
Table: fare_basis(fare_basis_code, booking_class, class_type, premium, economy, discounted, night, season, basis_days)
Table: flight(flight_id, flight_days, from_airport, to_airport, departure_time, arrival_time, airline_flight, airline_code, flight_number, aircraft_code_sequence, meal_code, stops, connections, dual_carrier, time_elapsed)
Table: flight_fare(flight_id, fare_id)
Table: flight_leg(flight_id, leg_number, leg_flight)
Table: flight_stop(flight_id, stop_number, stop_days, stop_airport, arrival_time, arrival_airline, arrival_flight_number, departure_time, departure_airline, departure_flight_number, stop_time)
Table: food_service(meal_code, meal_number, compartment, meal_description)
Table: ground_service(city_code, airport_code, transport_type, ground_fare)
Table: month(month_number, month_name)
Table: restriction(restriction_code, advance_purchase, stopovers, saturday_stay_required, minimum_stay, maximum_stay, application, no_discounts)
Table: state(state_code, state_name, country_name)
Table: time_interval(period, begin_time, end_time)
Table: time_zone(time_zone_code, time_zone_name, hours_from_gmt)

Example:
Question: which airports serve boston
SQL: SELECT DISTINCT airport_code FROM airport_service JOIN city ON airport_service.city_code = city.city_code WHERE city.city_name = 'BOSTON';"
atis,easy,what is the ground transport in DENVER,"SELECT DISTINCT GROUND_SERVICEalias0.TRANSPORT_TYPE FROM CITY AS CITYalias0 , GROUND_SERVICE AS GROUND_SERVICEalias0 WHERE CITYalias0.CITY_NAME = ""DENVER"" AND GROUND_SERVICEalias0.CITY_CODE = CITYalias0.CITY_CODE ;","Table: aircraft(aircraft_code, aircraft_description, manufacturer, basic_type, engines, propulsion, wide_body, wing_span, length, weight, capacity, pay_load, cruising_speed, range_miles, pressurized)
Table: airline(airline_code, airline_name, note)
Table: airport(airport_code, airport_name, airport_location, state_code, country_name, time_zone_code, minimum_connect_time)
Table: airport_service(city_code, airport_code, miles_distant, direction, minutes_distant)
Table: city(city_code, city_name, state_code, country_name, time_zone_code)
Table: class_of_service(booking_class, rank, class_description)
Table: code_description(code, description)
Table: compartment_class(compartment, class_type)
Table: date_day(month_number, day_number, year, day_name)
Table: days(days_code, day_name)
Table: dual_carrier(main_airline, low_flight_number, high_flight_number, dual_airline, service_name)
Table: equipment_sequence(aircraft_code_sequence, aircraft_code)
Table: fare(fare_id, from_airport, to_airport, fare_basis_code, fare_airline, restriction_code, one_direction_cost, round_trip_cost, round_trip_required)
Table: fare_basis(fare_basis_code, booking_class, class_type, premium, economy, discounted, night, season, basis_days)
Table: flight(flight_id, flight_days, from_airport, to_airport, departure_time, arrival_time, airline_flight, airline_code, flight_number, aircraft_code_sequence, meal_code, stops, connections, dual_carrier, time_elapsed)
Table: flight_fare(flight_id, fare_id)
Table: flight_leg(flight_id, leg_number, leg_flight)
Table: flight_stop(flight_id, stop_number, stop_days, stop_airport, arrival_time, arrival_airline, arrival_flight_number, departure_time, departure_airline, departure_flight_number, stop_time)
Table: food_service(meal_code, meal_number, compartment, meal_description)
Table: ground_service(city_code, airport_code, transport_type, ground_fare)
Table: month(month_number, month_name)
Table: restriction(restriction_code, advance_purchase, stopovers, saturday_stay_required, minimum_stay, maximum_stay, application, no_discounts)
Table: state(state_code, state_name, country_name)
Table: time_interval(period, begin_time, end_time)
Table: time_zone(time_zone_code, time_zone_name, hours_from_gmt)

Example:
Question: which airports serve boston
SQL: SELECT DISTINCT airport_code FROM airport_service JOIN city ON airport_service.city_code = city.city_code WHERE city.city_name = 'BOSTON';"
atis,easy,could you please list all of the classes of flights there are,SELECT DISTINCT CLASS_OF_SERVICEalias0.BOOKING_CLASS FROM CLASS_OF_SERVICE AS CLASS_OF_SERVICEalias0 ;,"Table: aircraft(aircraft_code, aircraft_description, manufacturer, basic_type, engines, propulsion, wide_body, wing_span, length, weight, capacity, pay_load, cruising_speed, range_miles, pressurized)
Table: airline(airline_code, airline_name, note)
Table: airport(airport_code, airport_name, airport_location, state_code, country_name, time_zone_code, minimum_connect_time)
Table: airport_service(city_code, airport_code, miles_distant, direction, minutes_distant)
Table: city(city_code, city_name, state_code, country_name, time_zone_code)
Table: class_of_service(booking_class, rank, class_description)
Table: code_description(code, description)
Table: compartment_class(compartment, class_type)
Table: date_day(month_number, day_number, year, day_name)
Table: days(days_code, day_name)
Table: dual_carrier(main_airline, low_flight_number, high_flight_number, dual_airline, service_name)
Table: equipment_sequence(aircraft_code_sequence, aircraft_code)
Table: fare(fare_id, from_airport, to_airport, fare_basis_code, fare_airline, restriction_code, one_direction_cost, round_trip_cost, round_trip_required)
Table: fare_basis(fare_basis_code, booking_class, class_type, premium, economy, discounted, night, season, basis_days)
Table: flight(flight_id, flight_days, from_airport, to_airport, departure_time, arrival_time, airline_flight, airline_code, flight_number, aircraft_code_sequence, meal_code, stops, connections, dual_carrier, time_elapsed)
Table: flight_fare(flight_id, fare_id)
Table: flight_leg(flight_id, leg_number, leg_flight)
Table: flight_stop(flight_id, stop_number, stop_days, stop_airport, arrival_time, arrival_airline, arrival_flight_number, departure_time, departure_airline, departure_flight_number, stop_time)
Table: food_service(meal_code, meal_number, compartment, meal_description)
Table: ground_service(city_code, airport_code, transport_type, ground_fare)
Table: month(month_number, month_name)
Table: restriction(restriction_code, advance_purchase, stopovers, saturday_stay_required, minimum_stay, maximum_stay, application, no_discounts)
Table: state(state_code, state_name, country_name)
Table: time_interval(period, begin_time, end_time)
Table: time_zone(time_zone_code, time_zone_name, hours_from_gmt)

Example:
Question: which airports serve boston
SQL: SELECT DISTINCT airport_code FROM airport_service JOIN city ON airport_service.city_code = city.city_code WHERE city.city_name = 'BOSTON';"
atis,easy,how many passengers can fly on a 757,"SELECT DISTINCT AIRCRAFTalias0.AIRCRAFT_CODE FROM AIRCRAFT AS AIRCRAFTalias0 WHERE AIRCRAFTalias0.AIRCRAFT_CODE = ""757"" ;","Table: aircraft(aircraft_code, aircraft_description, manufacturer, basic_type, engines, propulsion, wide_body, wing_span, length, weight, capacity, pay_load, cruising_speed, range_miles, pressurized)
Table: airline(airline_code, airline_name, note)
Table: airport(airport_code, airport_name, airport_location, state_code, country_name, time_zone_code, minimum_connect_time)
Table: airport_service(city_code, airport_code, miles_distant, direction, minutes_distant)
Table: city(city_code, city_name, state_code, country_name, time_zone_code)
Table: class_of_service(booking_class, rank, class_description)
Table: code_description(code, description)
Table: compartment_class(compartment, class_type)
Table: date_day(month_number, day_number, year, day_name)
Table: days(days_code, day_name)
Table: dual_carrier(main_airline, low_flight_number, high_flight_number, dual_airline, service_name)
Table: equipment_sequence(aircraft_code_sequence, aircraft_code)
Table: fare(fare_id, from_airport, to_airport, fare_basis_code, fare_airline, restriction_code, one_direction_cost, round_trip_cost, round_trip_required)
Table: fare_basis(fare_basis_code, booking_class, class_type, premium, economy, discounted, night, season, basis_days)
Table: flight(flight_id, flight_days, from_airport, to_airport, departure_time, arrival_time, airline_flight, airline_code, flight_number, aircraft_code_sequence, meal_code, stops, connections, dual_carrier, time_elapsed)
Table: flight_fare(flight_id, fare_id)
Table: flight_leg(flight_id, leg_number, leg_flight)
Table: flight_stop(flight_id, stop_number, stop_days, stop_airport, arrival_time, arrival_airline, arrival_flight_number, departure_time, departure_airline, departure_flight_number, stop_time)
Table: food_service(meal_code, meal_number, compartment, meal_description)
Table: ground_service(city_code, airport_code, transport_type, ground_fare)
Table: month(month_number, month_name)
Table: restriction(restriction_code, advance_purchase, stopovers, saturday_stay_required, minimum_stay, maximum_stay, application, no_discounts)
Table: state(state_code, state_name, country_name)
Table: time_interval(period, begin_time, end_time)
Table: time_zone(time_zone_code, time_zone_name, hours_from_gmt)

Example:
Question: which airports serve boston
SQL: SELECT DISTINCT airport_code FROM airport_service JOIN city ON airport_service.city_code = city.city_code WHERE city.city_name = 'BOSTON';"
atis,easy,what is EWR,"SELECT DISTINCT AIRPORTalias0.AIRPORT_CODE FROM AIRPORT AS AIRPORTalias0 WHERE AIRPORTalias0.AIRPORT_CODE = ""EWR"" ;","Table: aircraft(aircraft_code, aircraft_description, manufacturer, basic_type, engines, propulsion, wide_body, wing_span, length, weight, capacity, pay_load, cruising_speed, range_miles, pressurized)
Table: airline(airline_code, airline_name, note)
Table: airport(airport_code, airport_name, airport_location, state_code, country_name, time_zone_code, minimum_connect_time)
Table: airport_service(city_code, airport_code, miles_distant, direction, minutes_distant)
Table: city(city_code, city_name, state_code, country_name, time_zone_code)
Table: class_of_service(booking_class, rank, class_description)
Table: code_description(code, description)
Table: compartment_class(compartment, class_type)
Table: date_day(month_number, day_number, year, day_name)
Table: days(days_code, day_name)
Table: dual_carrier(main_airline, low_flight_number, high_flight_number, dual_airline, service_name)
Table: equipment_sequence(aircraft_code_sequence, aircraft_code)
Table: fare(fare_id, from_airport, to_airport, fare_basis_code, fare_airline, restriction_code, one_direction_cost, round_trip_cost, round_trip_required)
Table: fare_basis(fare_basis_code, booking_class, class_type, premium, economy, discounted, night, season, basis_days)
Table: flight(flight_id, flight_days, from_airport, to_airport, departure_time, arrival_time, airline_flight, airline_code, flight_number, aircraft_code_sequence, meal_code, stops, connections, dual_carrier, time_elapsed)
Table: flight_fare(flight_id, fare_id)
Table: flight_leg(flight_id, leg_number, leg_flight)
Table: flight_stop(flight_id, stop_number, stop_days, stop_airport, arrival_time, arrival_airline, arrival_flight_number, departure_time, departure_airline, departure_flight_number, stop_time)
Table: food_service(meal_code, meal_number, compartment, meal_description)
Table: ground_service(city_code, airport_code, transport_type, ground_fare)
Table: month(month_number, month_name)
Table: restriction(restriction_code, advance_purchase, stopovers, saturday_stay_required, minimum_stay, maximum_stay, application, no_discounts)
Table: state(state_code, state_name, country_name)
Table: time_interval(period, begin_time, end_time)
Table: time_zone(time_zone_code, time_zone_name, hours_from_gmt)

Example:
Question: which airports serve boston
SQL: SELECT DISTINCT airport_code FROM airport_service JOIN city ON airport_service.city_code = city.city_code WHERE city.city_name = 'BOSTON';"
atis,easy,what is restriction ap80,"SELECT DISTINCT RESTRICTIONalias0.ADVANCE_PURCHASE , RESTRICTIONalias0.APPLICATION , RESTRICTIONalias0.MAXIMUM_STAY , RESTRICTIONalias0.MINIMUM_STAY , RESTRICTIONalias0.NO_DISCOUNTS , RESTRICTIONalias0.RESTRICTION_CODE , RESTRICTIONalias0.SATURDAY_STAY_REQUIRED , RESTRICTIONalias0.STOPOVERS FROM RESTRICTION AS RESTRICTIONalias0 WHERE RESTRICTIONalias0.RESTRICTION_CODE = ""AP/80"" ;","Table: aircraft(aircraft_code, aircraft_description, manufacturer, basic_type, engines, propulsion, wide_body, wing_span, length, weight, capacity, pay_load, cruising_speed, range_miles, pressurized)
Table: airline(airline_code, airline_name, note)
Table: airport(airport_code, airport_name, airport_location, state_code, country_name, time_zone_code, minimum_connect_time)
Table: airport_service(city_code, airport_code, miles_distant, direction, minutes_distant)
Table: city(city_code, city_name, state_code, country_name, time_zone_code)
Table: class_of_service(booking_class, rank, class_description)
Table: code_description(code, description)
Table: compartment_class(compartment, class_type)
Table: date_day(month_number, day_number, year, day_name)
Table: days(days_code, day_name)
Table: dual_carrier(main_airline, low_flight_number, high_flight_number, dual_airline, service_name)
Table: equipment_sequence(aircraft_code_sequence, aircraft_code)
Table: fare(fare_id, from_airport, to_airport, fare_basis_code, fare_airline, restriction_code, one_direction_cost, round_trip_cost, round_trip_required)
Table: fare_basis(fare_basis_code, booking_class, class_type, premium, economy, discounted, night, season, basis_days)
Table: flight(flight_id, flight_days, from_airport, to_airport, departure_time, arrival_time, airline_flight, airline_code, flight_number, aircraft_code_sequence, meal_code, stops, connections, dual_carrier, time_elapsed)
Table: flight_fare(flight_id, fare_id)
Table: flight_leg(flight_id, leg_number, leg_flight)
Table: flight_stop(flight_id, stop_number, stop_days, stop_airport, arrival_time, arrival_airline, arrival_flight_number, departure_time, departure_airline, departure_flight_number, stop_time)
Table: food_service(meal_code, meal_number, compartment, meal_description)
Table: ground_service(city_code, airport_code, transport_type, ground_fare)
Table: month(month_number, month_name)
Table: restriction(restriction_code, advance_purchase, stopovers, saturday_stay_required, minimum_stay, maximum_stay, application, no_discounts)
Table: state(state_code, state_name, country_name)
Table: time_interval(period, begin_time, end_time)
Table: time_zone(time_zone_code, time_zone_name, hours_from_gmt)

Example:
Question: which airports serve boston
SQL: SELECT DISTINCT airport_code FROM airport_service JOIN city ON airport_service.city_code = city.city_code WHERE city.city_name = 'BOSTON';"
atis,easy,show me the airlines,SELECT DISTINCT AIRLINEalias0.AIRLINE_CODE FROM AIRLINE AS AIRLINEalias0 ;,"Table: aircraft(aircraft_code, aircraft_description, manufacturer, basic_type, engines, propulsion, wide_body, wing_span, length, weight, capacity, pay_load, cruising_speed, range_miles, pressurized)
Table: airline(airline_code, airline_name, note)
Table: airport(airport_code, airport_name, airport_location, state_code, country_name, time_zone_code, minimum_connect_time)
Table: airport_service(city_code, airport_code, miles_distant, direction, minutes_distant)
Table: city(city_code, city_name, state_code, country_name, time_zone_code)
Table: class_of_service(booking_class, rank, class_description)
Table: code_description(code, description)
Table: compartment_class(compartment, class_type)
Table: date_day(month_number, day_number, year, day_name)
Table: days(days_code, day_name)
Table: dual_carrier(main_airline, low_flight_number, high_flight_number, dual_airline, service_name)
Table: equipment_sequence(aircraft_code_sequence, aircraft_code)
Table: fare(fare_id, from_airport, to_airport, fare_basis_code, fare_airline, restriction_code, one_direction_cost, round_trip_cost, round_trip_required)
Table: fare_basis(fare_basis_code, booking_class, class_type, premium, economy, discounted, night, season, basis_days)
Table: flight(flight_id, flight_days, from_airport, to_airport, departure_time, arrival_time, airline_flight, airline_code, flight_number, aircraft_code_sequence, meal_code, stops, connections, dual_carrier, time_elapsed)
Table: flight_fare(flight_id, fare_id)
Table: flight_leg(flight_id, leg_number, leg_flight)
Table: flight_stop(flight_id, stop_number, stop_days, stop_airport, arrival_time, arrival_airline, arrival_flight_number, departure_time, departure_airline, departure_flight_number, stop_time)
Table: food_service(meal_code, meal_number, compartment, meal_description)
Table: ground_service(city_code, airport_code, transport_type, ground_fare)
Table: month(month_number, month_name)
Table: restriction(restriction_code, advance_purchase, stopovers, saturday_stay_required, minimum_stay, maximum_stay, application, no_discounts)
Table: state(state_code, state_name, country_name)
Table: time_interval(period, begin_time, end_time)
Table: time_zone(time_zone_code, time_zone_name, hours_from_gmt)

Example:
Question: which airports serve boston
SQL: SELECT DISTINCT airport_code FROM airport_service JOIN city ON airport_service.city_code = city.city_code WHERE city.city_name = 'BOSTON';"
atis,easy,which airline is US,"SELECT DISTINCT AIRLINEalias0.AIRLINE_CODE FROM AIRLINE AS AIRLINEalias0 WHERE AIRLINEalias0.AIRLINE_CODE = ""US"" ;","Table: aircraft(aircraft_code, aircraft_description, manufacturer, basic_type, engines, propulsion, wide_body, wing_span, length, weight, capacity, pay_load, cruising_speed, range_miles, pressurized)
Table: airline(airline_code, airline_name, note)
Table: airport(airport_code, airport_name, airport_location, state_code, country_name, time_zone_code, minimum_connect_time)
Table: airport_service(city_code, airport_code, miles_distant, direction, minutes_distant)
Table: city(city_code, city_name, state_code, country_name, time_zone_code)
Table: class_of_service(booking_class, rank, class_description)
Table: code_description(code, description)
Table: compartment_class(compartment, class_type)
Table: date_day(month_number, day_number, year, day_name)
Table: days(days_code, day_name)
Table: dual_carrier(main_airline, low_flight_number, high_flight_number, dual_airline, service_name)
Table: equipment_sequence(aircraft_code_sequence, aircraft_code)
Table: fare(fare_id, from_airport, to_airport, fare_basis_code, fare_airline, restriction_code, one_direction_cost, round_trip_cost, round_trip_required)
Table: fare_basis(fare_basis_code, booking_class, class_type, premium, economy, discounted, night, season, basis_days)
Table: flight(flight_id, flight_days, from_airport, to_airport, departure_time, arrival_time, airline_flight, airline_code, flight_number, aircraft_code_sequence, meal_code, stops, connections, dual_carrier, time_elapsed)
Table: flight_fare(flight_id, fare_id)
Table: flight_leg(flight_id, leg_number, leg_flight)
Table: flight_stop(flight_id, stop_number, stop_days, stop_airport, arrival_time, arrival_airline, arrival_flight_number, departure_time, departure_airline, departure_flight_number, stop_time)
Table: food_service(meal_code, meal_number, compartment, meal_description)
Table: ground_service(city_code, airport_code, transport_type, ground_fare)
Table: month(month_number, month_name)
Table: restriction(restriction_code, advance_purchase, stopovers, saturday_stay_required, minimum_stay, maximum_stay, application, no_discounts)
Table: state(state_code, state_name, country_name)
Table: time_interval(period, begin_time, end_time)
Table: time_zone(time_zone_code, time_zone_name, hours_from_gmt)

Example:
Question: which airports serve boston
SQL: SELECT DISTINCT airport_code FROM airport_service JOIN city ON airport_service.city_code = city.city_code WHERE city.city_name = 'BOSTON';"
atis,easy,show me ground transportation in SAN FRANCISCO,"SELECT DISTINCT GROUND_SERVICEalias0.TRANSPORT_TYPE FROM CITY AS CITYalias0 , GROUND_SERVICE AS GROUND_SERVICEalias0 WHERE CITYalias0.CITY_NAME = ""SAN FRANCISCO"" AND GROUND_SERVICEalias0.CITY_CODE = CITYalias0.CITY_CODE ;","Table: aircraft(aircraft_code, aircraft_description, manufacturer, basic_type, engines, propulsion, wide_body, wing_span, length, weight, capacity, pay_load, cruising_speed, range_miles, pressurized)
Table: airline(airline_code, airline_name, note)
Table: airport(airport_code, airport_name, airport_location, state_code, country_name, time_zone_code, minimum_connect_time)
Table: airport_service(city_code, airport_code, miles_distant, direction, minutes_distant)
Table: city(city_code, city_name, state_code, country_name, time_zone_code)
Table: class_of_service(booking_class, rank, class_description)
Table: code_description(code, description)
Table: compartment_class(compartment, class_type)
Table: date_day(month_number, day_number, year, day_name)
Table: days(days_code, day_name)
Table: dual_carrier(main_airline, low_flight_number, high_flight_number, dual_airline, service_name)
Table: equipment_sequence(aircraft_code_sequence, aircraft_code)
Table: fare(fare_id, from_airport, to_airport, fare_basis_code, fare_airline, restriction_code, one_direction_cost, round_trip_cost, round_trip_required)
Table: fare_basis(fare_basis_code, booking_class, class_type, premium, economy, discounted, night, season, basis_days)
Table: flight(flight_id, flight_days, from_airport, to_airport, departure_time, arrival_time, airline_flight, airline_code, flight_number, aircraft_code_sequence, meal_code, stops, connections, dual_carrier, time_elapsed)
Table: flight_fare(flight_id, fare_id)
Table: flight_leg(flight_id, leg_number, leg_flight)
Table: flight_stop(flight_id, stop_number, stop_days, stop_airport, arrival_time, arrival_airline, arrival_flight_number, departure_time, departure_airline, departure_flight_number, stop_time)
Table: food_service(meal_code, meal_number, compartment, meal_description)
Table: ground_service(city_code, airport_code, transport_type, ground_fare)
Table: month(month_number, month_name)
Table: restriction(restriction_code, advance_purchase, stopovers, saturday_stay_required, minimum_stay, maximum_stay, application, no_discounts)
Table: state(state_code, state_name, country_name)
Table: time_interval(period, begin_time, end_time)
Table: time_zone(time_zone_code, time_zone_name, hours_from_gmt)

Example:
Question: which airports serve boston
SQL: SELECT DISTINCT airport_code FROM airport_service JOIN city ON airport_service.city_code = city.city_code WHERE city.city_name = 'BOSTON';"
atis,easy,is ground transportation available in PHILADELPHIA,"SELECT DISTINCT GROUND_SERVICEalias0.TRANSPORT_TYPE FROM CITY AS CITYalias0 , GROUND_SERVICE AS GROUND_SERVICEalias0 WHERE CITYalias0.CITY_NAME = ""PHILADELPHIA"" AND GROUND_SERVICEalias0.CITY_CODE = CITYalias0.CITY_CODE ;","Table: aircraft(aircraft_code, aircraft_description, manufacturer, basic_type, engines, propulsion, wide_body, wing_span, length, weight, capacity, pay_load, cruising_speed, range_miles, pressurized)
Table: airline(airline_code, airline_name, note)
Table: airport(airport_code, airport_name, airport_location, state_code, country_name, time_zone_code, minimum_connect_time)
Table: airport_service(city_code, airport_code, miles_distant, direction, minutes_distant)
Table: city(city_code, city_name, state_code, country_name, time_zone_code)
Table: class_of_service(booking_class, rank, class_description)
Table: code_description(code, description)
Table: compartment_class(compartment, class_type)
Table: date_day(month_number, day_number, year, day_name)
Table: days(days_code, day_name)
Table: dual_carrier(main_airline, low_flight_number, high_flight_number, dual_airline, service_name)
Table: equipment_sequence(aircraft_code_sequence, aircraft_code)
Table: fare(fare_id, from_airport, to_airport, fare_basis_code, fare_airline, restriction_code, one_direction_cost, round_trip_cost, round_trip_required)
Table: fare_basis(fare_basis_code, booking_class, class_type, premium, economy, discounted, night, season, basis_days)
Table: flight(flight_id, flight_days, from_airport, to_airport, departure_time, arrival_time, airline_flight, airline_code, flight_number, aircraft_code_sequence, meal_code, stops, connections, dual_carrier, time_elapsed)
Table: flight_fare(flight_id, fare_id)
Table: flight_leg(flight_id, leg_number, leg_flight)
Table: flight_stop(flight_id, stop_number, stop_days, stop_airport, arrival_time, arrival_airline, arrival_flight_number, departure_time, departure_airline, departure_flight_number, stop_time)
Table: food_service(meal_code, meal_number, compartment, meal_description)
Table: ground_service(city_code, airport_code, transport_type, ground_fare)
Table: month(month_number, month_name)
Table: restriction(restriction_code, advance_purchase, stopovers, saturday_stay_required, minimum_stay, maximum_stay, application, no_discounts)
Table: state(state_code, state_name, country_name)
Table: time_interval(period, begin_time, end_time)
Table: time_zone(time_zone_code, time_zone_name, hours_from_gmt)

Example:
Question: which airports serve boston
SQL: SELECT DISTINCT airport_code FROM airport_service JOIN city ON airport_service.city_code = city.city_code WHERE city.city_name = 'BOSTON';"
atis,easy,what airlines are AC and AS,"SELECT DISTINCT AIRLINEalias0.AIRLINE_CODE FROM AIRLINE AS AIRLINEalias0 WHERE AIRLINEalias0.AIRLINE_CODE = ""AC"" OR AIRLINEalias0.AIRLINE_CODE = ""AS"" ;","Table: aircraft(aircraft_code, aircraft_description, manufacturer, basic_type, engines, propulsion, wide_body, wing_span, length, weight, capacity, pay_load, cruising_speed, range_miles, pressurized)
Table: airline(airline_code, airline_name, note)
Table: airport(airport_code, airport_name, airport_location, state_code, country_name, time_zone_code, minimum_connect_time)
Table: airport_service(city_code, airport_code, miles_distant, direction, minutes_distant)
Table: city(city_code, city_name, state_code, country_name, time_zone_code)
Table: class_of_service(booking_class, rank, class_description)
Table: code_description(code, description)
Table: compartment_class(compartment, class_type)
Table: date_day(month_number, day_number, year, day_name)
Table: days(days_code, day_name)
Table: dual_carrier(main_airline, low_flight_number, high_flight_number, dual_airline, service_name)
Table: equipment_sequence(aircraft_code_sequence, aircraft_code)
Table: fare(fare_id, from_airport, to_airport, fare_basis_code, fare_airline, restriction_code, one_direction_cost, round_trip_cost, round_trip_required)
Table: fare_basis(fare_basis_code, booking_class, class_type, premium, economy, discounted, night, season, basis_days)
Table: flight(flight_id, flight_days, from_airport, to_airport, departure_time, arrival_time, airline_flight, airline_code, flight_number, aircraft_code_sequence, meal_code, stops, connections, dual_carrier, time_elapsed)
Table: flight_fare(flight_id, fare_id)
Table: flight_leg(flight_id, leg_number, leg_flight)
Table: flight_stop(flight_id, stop_number, stop_days, stop_airport, arrival_time, arrival_airline, arrival_flight_number, departure_time, departure_airline, departure_flight_number, stop_time)
Table: food_service(meal_code, meal_number, compartment, meal_description)
Table: ground_service(city_code, airport_code, transport_type, ground_fare)
Table: month(month_number, month_name)
Table: restriction(restriction_code, advance_purchase, stopovers, saturday_stay_required, minimum_stay, maximum_stay, application, no_discounts)
Table: state(state_code, state_name, country_name)
Table: time_interval(period, begin_time, end_time)
Table: time_zone(time_zone_code, time_zone_name, hours_from_gmt)

Example:
Question: which airports serve boston
SQL: SELECT DISTINCT airport_code FROM airport_service JOIN city ON airport_service.city_code = city.city_code WHERE city.city_name = 'BOSTON';"
atis,easy,how many people fit on a 72S airplane,"SELECT DISTINCT AIRCRAFTalias0.AIRCRAFT_CODE FROM AIRCRAFT AS AIRCRAFTalias0 WHERE AIRCRAFTalias0.AIRCRAFT_CODE = ""72S"" ;","Table: aircraft(aircraft_code, aircraft_description, manufacturer, basic_type, engines, propulsion, wide_body, wing_span, length, weight, capacity, pay_load, cruising_speed, range_miles, pressurized)
Table: airline(airline_code, airline_name, note)
Table: airport(airport_code, airport_name, airport_location, state_code, country_name, time_zone_code, minimum_connect_time)
Table: airport_service(city_code, airport_code, miles_distant, direction, minutes_distant)
Table: city(city_code, city_name, state_code, country_name, time_zone_code)
Table: class_of_service(booking_class, rank, class_description)
Table: code_description(code, description)
Table: compartment_class(compartment, class_type)
Table: date_day(month_number, day_number, year, day_name)
Table: days(days_code, day_name)
Table: dual_carrier(main_airline, low_flight_number, high_flight_number, dual_airline, service_name)
Table: equipment_sequence(aircraft_code_sequence, aircraft_code)
Table: fare(fare_id, from_airport, to_airport, fare_basis_code, fare_airline, restriction_code, one_direction_cost, round_trip_cost, round_trip_required)
Table: fare_basis(fare_basis_code, booking_class, class_type, premium, economy, discounted, night, season, basis_days)
Table: flight(flight_id, flight_days, from_airport, to_airport, departure_time, arrival_time, airline_flight, airline_code, flight_number, aircraft_code_sequence, meal_code, stops, connections, dual_carrier, time_elapsed)
Table: flight_fare(flight_id, fare_id)
Table: flight_leg(flight_id, leg_number, leg_flight)
Table: flight_stop(flight_id, stop_number, stop_days, stop_airport, arrival_time, arrival_airline, arrival_flight_number, departure_time, departure_airline, departure_flight_number, stop_time)
Table: food_service(meal_code, meal_number, compartment, meal_description)
Table: ground_service(city_code, airport_code, transport_type, ground_fare)
Table: month(month_number, month_name)
Table: restriction(restriction_code, advance_purchase, stopovers, saturday_stay_required, minimum_stay, maximum_stay, application, no_discounts)
Table: state(state_code, state_name, country_name)
Table: time_interval(period, begin_time, end_time)
Table: time_zone(time_zone_code, time_zone_name, hours_from_gmt)

Example:
Question: which airports serve boston
SQL: SELECT DISTINCT airport_code FROM airport_service JOIN city ON airport_service.city_code = city.city_code WHERE city.city_name = 'BOSTON';"
atis,hard,is there a flight from PITTSBURGH to BALTIMORE that arrives between 1800 and 1900,"SELECT DISTINCT FLIGHTalias0.FLIGHT_ID FROM AIRPORT_SERVICE AS AIRPORT_SERVICEalias0 , AIRPORT_SERVICE AS AIRPORT_SERVICEalias1 , CITY AS CITYalias0 , CITY AS CITYalias1 , FLIGHT AS FLIGHTalias0 WHERE ( ( FLIGHTalias0.ARRIVAL_TIME <= 1900 AND FLIGHTalias0.ARRIVAL_TIME >= 1800 ) AND CITYalias1.CITY_CODE = AIRPORT_SERVICEalias1.CITY_CODE AND CITYalias1.CITY_NAME = ""BALTIMORE"" AND FLIGHTalias0.TO_AIRPORT = AIRPORT_SERVICEalias1.AIRPORT_CODE ) AND CITYalias0.CITY_CODE = AIRPORT_SERVICEalias0.CITY_CODE AND CITYalias0.CITY_NAME = ""PITTSBURGH"" AND FLIGHTalias0.FROM_AIRPORT = AIRPORT_SERVICEalias0.AIRPORT_CODE ;","Table: aircraft(aircraft_code, aircraft_description, manufacturer, basic_type, engines, propulsion, wide_body, wing_span, length, weight, capacity, pay_load, cruising_speed, range_miles, pressurized)
Table: airline(airline_code, airline_name, note)
Table: airport(airport_code, airport_name, airport_location, state_code, country_name, time_zone_code, minimum_connect_time)
Table: airport_service(city_code, airport_code, miles_distant, direction, minutes_distant)
Table: city(city_code, city_name, state_code, country_name, time_zone_code)
Table: class_of_service(booking_class, rank, class_description)
Table: code_description(code, description)
Table: compartment_class(compartment, class_type)
Table: date_day(month_number, day_number, year, day_name)
Table: days(days_code, day_name)
Table: dual_carrier(main_airline, low_flight_number, high_flight_number, dual_airline, service_name)
Table: equipment_sequence(aircraft_code_sequence, aircraft_code)
Table: fare(fare_id, from_airport, to_airport, fare_basis_code, fare_airline, restriction_code, one_direction_cost, round_trip_cost, round_trip_required)
Table: fare_basis(fare_basis_code, booking_class, class_type, premium, economy, discounted, night, season, basis_days)
Table: flight(flight_id, flight_days, from_airport, to_airport, departure_time, arrival_time, airline_flight, airline_code, flight_number, aircraft_code_sequence, meal_code, stops, connections, dual_carrier, time_elapsed)
Table: flight_fare(flight_id, fare_id)
Table: flight_leg(flight_id, leg_number, leg_flight)
Table: flight_stop(flight_id, stop_number, stop_days, stop_airport, arrival_time, arrival_airline, arrival_flight_number, departure_time, departure_airline, departure_flight_number, stop_time)
Table: food_service(meal_code, meal_number, compartment, meal_description)
Table: ground_service(city_code, airport_code, transport_type, ground_fare)
Table: month(month_number, month_name)
Table: restriction(restriction_code, advance_purchase, stopovers, saturday_stay_required, minimum_stay, maximum_stay, application, no_discounts)
Table: state(state_code, state_name, country_name)
Table: time_interval(period, begin_time, end_time)
Table: time_zone(time_zone_code, time_zone_name, hours_from_gmt)

Example:
Question: which airports serve boston
SQL: SELECT DISTINCT airport_code FROM airport_service JOIN city ON airport_service.city_code = city.city_code WHERE city.city_name = 'BOSTON';"
atis,hard,show me the flights arriving in BALTIMORE from PHILADELPHIA at about 4 o'clock,"SELECT DISTINCT FLIGHTalias0.FLIGHT_ID FROM AIRPORT_SERVICE AS AIRPORT_SERVICEalias0 , AIRPORT_SERVICE AS AIRPORT_SERVICEalias1 , CITY AS CITYalias0 , CITY AS CITYalias1 , FLIGHT AS FLIGHTalias0 WHERE ( ( FLIGHTalias0.ARRIVAL_TIME <= 1630 AND FLIGHTalias0.ARRIVAL_TIME >= 1530 ) AND CITYalias1.CITY_CODE = AIRPORT_SERVICEalias1.CITY_CODE AND CITYalias1.CITY_NAME = ""BALTIMORE"" AND FLIGHTalias0.TO_AIRPORT = AIRPORT_SERVICEalias1.AIRPORT_CODE ) AND CITYalias0.CITY_CODE = AIRPORT_SERVICEalias0.CITY_CODE AND CITYalias0.CITY_NAME = ""PHILADELPHIA"" AND FLIGHTalias0.FROM_AIRPORT = AIRPORT_SERVICEalias0.AIRPORT_CODE ;","Table: aircraft(aircraft_code, aircraft_description, manufacturer, basic_type, engines, propulsion, wide_body, wing_span, length, weight, capacity, pay_load, cruising_speed, range_miles, pressurized)
Table: airline(airline_code, airline_name, note)
Table: airport(airport_code, airport_name, airport_location, state_code, country_name, time_zone_code, minimum_connect_time)
Table: airport_service(city_code, airport_code, miles_distant, direction, minutes_distant)
Table: city(city_code, city_name, state_code, country_name, time_zone_code)
Table: class_of_service(booking_class, rank, class_description)
Table: code_description(code, description)
Table: compartment_class(compartment, class_type)
Table: date_day(month_number, day_number, year, day_name)
Table: days(days_code, day_name)
Table: dual_carrier(main_airline, low_flight_number, high_flight_number, dual_airline, service_name)
Table: equipment_sequence(aircraft_code_sequence, aircraft_code)
Table: fare(fare_id, from_airport, to_airport, fare_basis_code, fare_airline, restriction_code, one_direction_cost, round_trip_cost, round_trip_required)
Table: fare_basis(fare_basis_code, booking_class, class_type, premium, economy, discounted, night, season, basis_days)
Table: flight(flight_id, flight_days, from_airport, to_airport, departure_time, arrival_time, airline_flight, airline_code, flight_number, aircraft_code_sequence, meal_code, stops, connections, dual_carrier, time_elapsed)
Table: flight_fare(flight_id, fare_id)
Table: flight_leg(flight_id, leg_number, leg_flight)
Table: flight_stop(flight_id, stop_number, stop_days, stop_airport, arrival_time, arrival_airline, arrival_flight_number, departure_time, departure_airline, departure_flight_number, stop_time)
Table: food_service(meal_code, meal_number, compartment, meal_description)
Table: ground_service(city_code, airport_code, transport_type, ground_fare)
Table: month(month_number, month_name)
Table: restriction(restriction_code, advance_purchase, stopovers, saturday_stay_required, minimum_stay, maximum_stay, application, no_discounts)
Table: state(state_code, state_name, country_name)
Table: time_interval(period, begin_time, end_time)
Table: time_zone(time_zone_code, time_zone_name, hours_from_gmt)

Example:
Question: which airports serve boston
SQL: SELECT DISTINCT airport_code FROM airport_service JOIN city ON airport_service.city_code = city.city_code WHERE city.city_name = 'BOSTON';"
atis,hard,what are the flights between CINCINNATI and SAN JOSE CALIFORNIA which leave after 1800,"SELECT DISTINCT FLIGHTalias0.FLIGHT_ID FROM FLIGHT AS FLIGHTalias0 WHERE ( ( FLIGHTalias0.DEPARTURE_TIME > 1800 AND FLIGHTalias0.TO_AIRPORT IN ( SELECT AIRPORT_SERVICEalias1.AIRPORT_CODE FROM AIRPORT_SERVICE AS AIRPORT_SERVICEalias1 WHERE AIRPORT_SERVICEalias1.CITY_CODE IN ( SELECT CITYalias1.CITY_CODE FROM CITY AS CITYalias1 WHERE ( CITYalias1.CITY_NAME = ""SAN JOSE"" AND CITYalias1.STATE_CODE IN ( SELECT STATEalias0.STATE_CODE FROM STATE AS STATEalias0 WHERE STATEalias0.STATE_NAME = ""CALIFORNIA"" ) ) ) ) ) AND FLIGHTalias0.FROM_AIRPORT IN ( SELECT AIRPORT_SERVICEalias0.AIRPORT_CODE FROM AIRPORT_SERVICE AS AIRPORT_SERVICEalias0 WHERE AIRPORT_SERVICEalias0.CITY_CODE IN ( SELECT CITYalias0.CITY_CODE FROM CITY AS CITYalias0 WHERE CITYalias0.CITY_NAME = ""CINCINNATI"" ) ) ) ;","Table: aircraft(aircraft_code, aircraft_description, manufacturer, basic_type, engines, propulsion, wide_body, wing_span, length, weight, capacity, pay_load, cruising_speed, range_miles, pressurized)
Table: airline(airline_code, airline_name, note)
Table: airport(airport_code, airport_name, airport_location, state_code, country_name, time_zone_code, minimum_connect_time)
Table: airport_service(city_code, airport_code, miles_distant, direction, minutes_distant)
Table: city(city_code, city_name, state_code, country_name, time_zone_code)
Table: class_of_service(booking_class, rank, class_description)
Table: code_description(code, description)
Table: compartment_class(compartment, class_type)
Table: date_day(month_number, day_number, year, day_name)
Table: days(days_code, day_name)
Table: dual_carrier(main_airline, low_flight_number, high_flight_number, dual_airline, service_name)
Table: equipment_sequence(aircraft_code_sequence, aircraft_code)
Table: fare(fare_id, from_airport, to_airport, fare_basis_code, fare_airline, restriction_code, one_direction_cost, round_trip_cost, round_trip_required)
Table: fare_basis(fare_basis_code, booking_class, class_type, premium, economy, discounted, night, season, basis_days)
Table: flight(flight_id, flight_days, from_airport, to_airport, departure_time, arrival_time, airline_flight, airline_code, flight_number, aircraft_code_sequence, meal_code, stops, connections, dual_carrier, time_elapsed)
Table: flight_fare(flight_id, fare_id)
Table: flight_leg(flight_id, leg_number, leg_flight)
Table: flight_stop(flight_id, stop_number, stop_days, stop_airport, arrival_time, arrival_airline, arrival_flight_number, departure_time, departure_airline, departure_flight_number, stop_time)
Table: food_service(meal_code, meal_number, compartment, meal_description)
Table: ground_service(city_code, airport_code, transport_type, ground_fare)
Table: month(month_number, month_name)
Table: restriction(restriction_code, advance_purchase, stopovers, saturday_stay_required, minimum_stay, maximum_stay, application, no_discounts)
Table: state(state_code, state_name, country_name)
Table: time_interval(period, begin_time, end_time)
Table: time_zone(time_zone_code, time_zone_name, hours_from_gmt)

Example:
Question: which airports serve boston
SQL: SELECT DISTINCT airport_code FROM airport_service JOIN city ON airport_service.city_code = city.city_code WHERE city.city_name = 'BOSTON';"
atis,hard,show me one way flights from INDIANAPOLIS to MEMPHIS before 1000 on any day,"SELECT DISTINCT FLIGHTalias0.FLIGHT_ID FROM AIRPORT_SERVICE AS AIRPORT_SERVICEalias0 , AIRPORT_SERVICE AS AIRPORT_SERVICEalias1 , CITY AS CITYalias0 , CITY AS CITYalias1 , FARE AS FAREalias0 , FLIGHT AS FLIGHTalias0 , FLIGHT_FARE AS FLIGHT_FAREalias0 WHERE ( ( FAREalias0.ROUND_TRIP_REQUIRED = ""NO"" AND FLIGHT_FAREalias0.FARE_ID = FAREalias0.FARE_ID AND FLIGHTalias0.DEPARTURE_TIME < 1000 AND FLIGHTalias0.FLIGHT_ID = FLIGHT_FAREalias0.FLIGHT_ID ) AND CITYalias1.CITY_CODE = AIRPORT_SERVICEalias1.CITY_CODE AND CITYalias1.CITY_NAME = ""MEMPHIS"" AND FLIGHTalias0.TO_AIRPORT = AIRPORT_SERVICEalias1.AIRPORT_CODE ) AND CITYalias0.CITY_CODE = AIRPORT_SERVICEalias0.CITY_CODE AND CITYalias0.CITY_NAME = ""INDIANAPOLIS"" AND FLIGHTalias0.FROM_AIRPORT = AIRPORT_SERVICEalias0.AIRPORT_CODE ;","Table: aircraft(aircraft_code, aircraft_description, manufacturer, basic_type, engines, propulsion, wide_body, wing_span, length, weight, capacity, pay_load, cruising_speed, range_miles, pressurized)
Table: airline(airline_code, airline_name, note)
Table: airport(airport_code, airport_name, airport_location, state_code, country_name, time_zone_code, minimum_connect_time)
Table: airport_service(city_code, airport_code, miles_distant, direction, minutes_distant)
Table: city(city_code, city_name, state_code, country_name, time_zone_code)
Table: class_of_service(booking_class, rank, class_description)
Table: code_description(code, description)
Table: compartment_class(compartment, class_type)
Table: date_day(month_number, day_number, year, day_name)
Table: days(days_code, day_name)
Table: dual_carrier(main_airline, low_flight_number, high_flight_number, dual_airline, service_name)
Table: equipment_sequence(aircraft_code_sequence, aircraft_code)
Table: fare(fare_id, from_airport, to_airport, fare_basis_code, fare_airline, restriction_code, one_direction_cost, round_trip_cost, round_trip_required)
Table: fare_basis(fare_basis_code, booking_class, class_type, premium, economy, discounted, night, season, basis_days)
Table: flight(flight_id, flight_days, from_airport, to_airport, departure_time, arrival_time, airline_flight, airline_code, flight_number, aircraft_code_sequence, meal_code, stops, connections, dual_carrier, time_elapsed)
Table: flight_fare(flight_id, fare_id)
Table: flight_leg(flight_id, leg_number, leg_flight)
Table: flight_stop(flight_id, stop_number, stop_days, stop_airport, arrival_time, arrival_airline, arrival_flight_number, departure_time, departure_airline, departure_flight_number, stop_time)
Table: food_service(meal_code, meal_number, compartment, meal_description)
Table: ground_service(city_code, airport_code, transport_type, ground_fare)
Table: month(month_number, month_name)
Table: restriction(restriction_code, advance_purchase, stopovers, saturday_stay_required, minimum_stay, maximum_stay, application, no_discounts)
Table: state(state_code, state_name, country_name)
Table: time_interval(period, begin_time, end_time)
Table: time_zone(time_zone_code, time_zone_name, hours_from_gmt)

Example:
Question: which airports serve boston
SQL: SELECT DISTINCT airport_code FROM airport_service JOIN city ON airport_service.city_code = city.city_code WHERE city.city_name = 'BOSTON';"
atis,hard,i need flight information for flights departing from CLEVELAND to MILWAUKEE on wednesday after 1700,"SELECT DISTINCT FLIGHTalias0.FLIGHT_ID FROM FLIGHT AS FLIGHTalias0 WHERE ( ( ( FLIGHTalias0.DEPARTURE_TIME > 1700 AND FLIGHTalias0.FLIGHT_DAYS IN ( SELECT DAYSalias0.DAYS_CODE FROM DAYS AS DAYSalias0 WHERE DAYSalias0.DAY_NAME IN ( SELECT DATE_DAYalias0.DAY_NAME FROM DATE_DAY AS DATE_DAYalias0 WHERE DATE_DAYalias0.DAY_NUMBER = 23 AND DATE_DAYalias0.MONTH_NUMBER = 4 AND DATE_DAYalias0.YEAR = 1991 ) ) ) AND FLIGHTalias0.TO_AIRPORT IN ( SELECT AIRPORT_SERVICEalias1.AIRPORT_CODE FROM AIRPORT_SERVICE AS AIRPORT_SERVICEalias1 WHERE AIRPORT_SERVICEalias1.CITY_CODE IN ( SELECT CITYalias1.CITY_CODE FROM CITY AS CITYalias1 WHERE CITYalias1.CITY_NAME = ""MILWAUKEE"" ) ) ) AND FLIGHTalias0.FROM_AIRPORT IN ( SELECT AIRPORT_SERVICEalias0.AIRPORT_CODE FROM AIRPORT_SERVICE AS AIRPORT_SERVICEalias0 WHERE AIRPORT_SERVICEalias0.CITY_CODE IN ( SELECT CITYalias0.CITY_CODE FROM CITY AS CITYalias0 WHERE CITYalias0.CITY_NAME = ""CLEVELAND"" ) ) ) ;","Table: aircraft(aircraft_code, aircraft_description, manufacturer, basic_type, engines, propulsion, wide_body, wing_span, length, weight, capacity, pay_load, cruising_speed, range_miles, pressurized)
Table: airline(airline_code, airline_name, note)
Table: airport(airport_code, airport_name, airport_location, state_code, country_name, time_zone_code, minimum_connect_time)
Table: airport_service(city_code, airport_code, miles_distant, direction, minutes_distant)
Table: city(city_code, city_name, state_code, country_name, time_zone_code)
Table: class_of_service(booking_class, rank, class_description)
Table: code_description(code, description)
Table: compartment_class(compartment, class_type)
Table: date_day(month_number, day_number, year, day_name)
Table: days(days_code, day_name)
Table: dual_carrier(main_airline, low_flight_number, high_flight_number, dual_airline, service_name)
Table: equipment_sequence(aircraft_code_sequence, aircraft_code)
Table: fare(fare_id, from_airport, to_airport, fare_basis_code, fare_airline, restriction_code, one_direction_cost, round_trip_cost, round_trip_required)
Table: fare_basis(fare_basis_code, booking_class, class_type, premium, economy, discounted, night, season, basis_days)
Table: flight(flight_id, flight_days, from_airport, to_airport, departure_time, arrival_time, airline_flight, airline_code, flight_number, aircraft_code_sequence, meal_code, stops, connections, dual_carrier, time_elapsed)
Table: flight_fare(flight_id, fare_id)
Table: flight_leg(flight_id, leg_number, leg_flight)
Table: flight_stop(flight_id, stop_number, stop_days, stop_airport, arrival_time, arrival_airline, arrival_flight_number, departure_time, departure_airline, departure_flight_number, stop_time)
Table: food_service(meal_code, meal_number, compartment, meal_description)
Table: ground_service(city_code, airport_code, transport_type, ground_fare)
Table: month(month_number, month_name)
Table: restriction(restriction_code, advance_purchase, stopovers, saturday_stay_required, minimum_stay, maximum_stay, application, no_discounts)
Table: state(state_code, state_name, country_name)
Table: time_interval(period, begin_time, end_time)
Table: time_zone(time_zone_code, time_zone_name, hours_from_gmt)

Example:
Question: which airports serve boston
SQL: SELECT DISTINCT airport_code FROM airport_service JOIN city ON airport_service.city_code = city.city_code WHERE city.city_name = 'BOSTON';"
atis,hard,show me US fares for next sunday from MIAMI to CLEVELAND,"SELECT DISTINCT FAREalias0.FARE_ID FROM AIRPORT_SERVICE AS AIRPORT_SERVICEalias0 , AIRPORT_SERVICE AS AIRPORT_SERVICEalias1 , CITY AS CITYalias0 , CITY AS CITYalias1 , DATE_DAY AS DATE_DAYalias0 , DATE_DAY AS DATE_DAYalias1 , DAYS AS DAYSalias0 , DAYS AS DAYSalias1 , FARE AS FAREalias0 , FARE_BASIS AS FARE_BASISalias0 , FLIGHT AS FLIGHTalias0 , FLIGHT_FARE AS FLIGHT_FAREalias0 WHERE ( ( CITYalias1.CITY_CODE = AIRPORT_SERVICEalias1.CITY_CODE AND CITYalias1.CITY_NAME = ""CLEVELAND"" AND DATE_DAYalias1.DAY_NUMBER = 27 AND DATE_DAYalias1.MONTH_NUMBER = 8 AND DATE_DAYalias1.YEAR = 1991 AND DAYSalias1.DAY_NAME = DATE_DAYalias1.DAY_NAME AND FLIGHTalias0.FLIGHT_DAYS = DAYSalias1.DAYS_CODE AND FLIGHTalias0.TO_AIRPORT = AIRPORT_SERVICEalias1.AIRPORT_CODE ) AND CITYalias0.CITY_CODE = AIRPORT_SERVICEalias0.CITY_CODE AND CITYalias0.CITY_NAME = ""MIAMI"" AND FLIGHTalias0.FROM_AIRPORT = AIRPORT_SERVICEalias0.AIRPORT_CODE ) AND DATE_DAYalias0.DAY_NUMBER = 27 AND DATE_DAYalias0.MONTH_NUMBER = 8 AND DATE_DAYalias0.YEAR = 1991 AND DAYSalias0.DAY_NAME = DATE_DAYalias0.DAY_NAME AND FARE_BASISalias0.BASIS_DAYS = DAYSalias0.DAYS_CODE AND FAREalias0.FARE_BASIS_CODE = FARE_BASISalias0.FARE_BASIS_CODE AND FLIGHT_FAREalias0.FARE_ID = FAREalias0.FARE_ID AND FLIGHTalias0.AIRLINE_CODE = ""US"" AND FLIGHTalias0.FLIGHT_ID = FLIGHT_FAREalias0.FLIGHT_ID ;","Table: aircraft(aircraft_code, aircraft_description, manufacturer, basic_type, engines, propulsion, wide_body, wing_span, length, weight, capacity, pay_load, cruising_speed, range_miles, pressurized)
Table: airline(airline_code, airline_name, note)
Table: airport(airport_code, airport_name, airport_location, state_code, country_name, time_zone_code, minimum_connect_time)
Table: airport_service(city_code, airport_code, miles_distant, direction, minutes_distant)
Table: city(city_code, city_name, state_code, country_name, time_zone_code)
Table: class_of_service(booking_class, rank, class_description)
Table: code_description(code, description)
Table: compartment_class(compartment, class_type)
Table: date_day(month_number, day_number, year, day_name)
Table: days(days_code, day_name)
Table: dual_carrier(main_airline, low_flight_number, high_flight_number, dual_airline, service_name)
Table: equipment_sequence(aircraft_code_sequence, aircraft_code)
Table: fare(fare_id, from_airport, to_airport, fare_basis_code, fare_airline, restriction_code, one_direction_cost, round_trip_cost, round_trip_required)
Table: fare_basis(fare_basis_code, booking_class, class_type, premium, economy, discounted, night, season, basis_days)
Table: flight(flight_id, flight_days, from_airport, to_airport, departure_time, arrival_time, airline_flight, airline_code, flight_number, aircraft_code_sequence, meal_code, stops, connections, dual_carrier, time_elapsed)
Table: flight_fare(flight_id, fare_id)
Table: flight_leg(flight_id, leg_number, leg_flight)
Table: flight_stop(flight_id, stop_number, stop_days, stop_airport, arrival_time, arrival_airline, arrival_flight_number, departure_time, departure_airline, departure_flight_number, stop_time)
Table: food_service(meal_code, meal_number, compartment, meal_description)
Table: ground_service(city_code, airport_code, transport_type, ground_fare)
Table: month(month_number, month_name)
Table: restriction(restriction_code, advance_purchase, stopovers, saturday_stay_required, minimum_stay, maximum_stay, application, no_discounts)
Table: state(state_code, state_name, country_name)
Table: time_interval(period, begin_time, end_time)
Table: time_zone(time_zone_code, time_zone_name, hours_from_gmt)

Example:
Question: which airports serve boston
SQL: SELECT DISTINCT airport_code FROM airport_service JOIN city ON airport_service.city_code = city.city_code WHERE city.city_name = 'BOSTON';"
atis,hard,what flights are between WASHINGTON and SAN FRANCISCO,"SELECT DISTINCT FLIGHTalias0.FLIGHT_ID FROM AIRPORT_SERVICE AS AIRPORT_SERVICEalias0 , AIRPORT_SERVICE AS AIRPORT_SERVICEalias1 , CITY AS CITYalias0 , CITY AS CITYalias1 , FLIGHT AS FLIGHTalias0 WHERE CITYalias0.CITY_CODE = AIRPORT_SERVICEalias0.CITY_CODE AND CITYalias0.CITY_NAME = ""WASHINGTON"" AND CITYalias1.CITY_CODE = AIRPORT_SERVICEalias1.CITY_CODE AND CITYalias1.CITY_NAME = ""SAN FRANCISCO"" AND FLIGHTalias0.FROM_AIRPORT = AIRPORT_SERVICEalias0.AIRPORT_CODE AND FLIGHTalias0.TO_AIRPORT = AIRPORT_SERVICEalias1.AIRPORT_CODE ;","Table: aircraft(aircraft_code, aircraft_description, manufacturer, basic_type, engines, propulsion, wide_body, wing_span, length, weight, capacity, pay_load, cruising_speed, range_miles, pressurized)
Table: airline(airline_code, airline_name, note)
Table: airport(airport_code, airport_name, airport_location, state_code, country_name, time_zone_code, minimum_connect_time)
Table: airport_service(city_code, airport_code, miles_distant, direction, minutes_distant)
Table: city(city_code, city_name, state_code, country_name, time_zone_code)
Table: class_of_service(booking_class, rank, class_description)
Table: code_description(code, description)
Table: compartment_class(compartment, class_type)
Table: date_day(month_number, day_number, year, day_name)
Table: days(days_code, day_name)
Table: dual_carrier(main_airline, low_flight_number, high_flight_number, dual_airline, service_name)
Table: equipment_sequence(aircraft_code_sequence, aircraft_code)
Table: fare(fare_id, from_airport, to_airport, fare_basis_code, fare_airline, restriction_code, one_direction_cost, round_trip_cost, round_trip_required)
Table: fare_basis(fare_basis_code, booking_class, class_type, premium, economy, discounted, night, season, basis_days)
Table: flight(flight_id, flight_days, from_airport, to_airport, departure_time, arrival_time, airline_flight, airline_code, flight_number, aircraft_code_sequence, meal_code, stops, connections, dual_carrier, time_elapsed)
Table: flight_fare(flight_id, fare_id)
Table: flight_leg(flight_id, leg_number, leg_flight)
Table: flight_stop(flight_id, stop_number, stop_days, stop_airport, arrival_time, arrival_airline, arrival_flight_number, departure_time, departure_airline, departure_flight_number, stop_time)
Table: food_service(meal_code, meal_number, compartment, meal_description)
Table: ground_service(city_code, airport_code, transport_type, ground_fare)
Table: month(month_number, month_name)
Table: restriction(restriction_code, advance_purchase, stopovers, saturday_stay_required, minimum_stay, maximum_stay, application, no_discounts)
Table: state(state_code, state_name, country_name)
Table: time_interval(period, begin_time, end_time)
Table: time_zone(time_zone_code, time_zone_name, hours_from_gmt)

Example:
Question: which airports serve boston
SQL: SELECT DISTINCT airport_code FROM airport_service JOIN city ON airport_service.city_code = city.city_code WHERE city.city_name = 'BOSTON';"
atis,hard,on 7 8 i'd like a flight from NEWARK to ORLANDO in the morning,"SELECT DISTINCT FLIGHTalias0.FLIGHT_ID FROM AIRPORT_SERVICE AS AIRPORT_SERVICEalias0 , AIRPORT_SERVICE AS AIRPORT_SERVICEalias1 , CITY AS CITYalias0 , CITY AS CITYalias1 , DATE_DAY AS DATE_DAYalias0 , DAYS AS DAYSalias0 , FLIGHT AS FLIGHTalias0 WHERE ( ( CITYalias1.CITY_CODE = AIRPORT_SERVICEalias1.CITY_CODE AND CITYalias1.CITY_NAME = ""ORLANDO"" AND DATE_DAYalias0.DAY_NUMBER = 8 AND DATE_DAYalias0.MONTH_NUMBER = 7 AND DATE_DAYalias0.YEAR = 1991 AND DAYSalias0.DAY_NAME = DATE_DAYalias0.DAY_NAME AND FLIGHTalias0.FLIGHT_DAYS = DAYSalias0.DAYS_CODE AND FLIGHTalias0.TO_AIRPORT = AIRPORT_SERVICEalias1.AIRPORT_CODE ) AND CITYalias0.CITY_CODE = AIRPORT_SERVICEalias0.CITY_CODE AND CITYalias0.CITY_NAME = ""NEWARK"" AND FLIGHTalias0.FROM_AIRPORT = AIRPORT_SERVICEalias0.AIRPORT_CODE ) AND FLIGHTalias0.DEPARTURE_TIME BETWEEN 0 AND 1200 ;","Table: aircraft(aircraft_code, aircraft_description, manufacturer, basic_type, engines, propulsion, wide_body, wing_span, length, weight, capacity, pay_load, cruising_speed, range_miles, pressurized)
Table: airline(airline_code, airline_name, note)
Table: airport(airport_code, airport_name, airport_location, state_code, country_name, time_zone_code, minimum_connect_time)
Table: airport_service(city_code, airport_code, miles_distant, direction, minutes_distant)
Table: city(city_code, city_name, state_code, country_name, time_zone_code)
Table: class_of_service(booking_class, rank, class_description)
Table: code_description(code, description)
Table: compartment_class(compartment, class_type)
Table: date_day(month_number, day_number, year, day_name)
Table: days(days_code, day_name)
Table: dual_carrier(main_airline, low_flight_number, high_flight_number, dual_airline, service_name)
Table: equipment_sequence(aircraft_code_sequence, aircraft_code)
Table: fare(fare_id, from_airport, to_airport, fare_basis_code, fare_airline, restriction_code, one_direction_cost, round_trip_cost, round_trip_required)
Table: fare_basis(fare_basis_code, booking_class, class_type, premium, economy, discounted, night, season, basis_days)
Table: flight(flight_id, flight_days, from_airport, to_airport, departure_time, arrival_time, airline_flight, airline_code, flight_number, aircraft_code_sequence, meal_code, stops, connections, dual_carrier, time_elapsed)
Table: flight_fare(flight_id, fare_id)
Table: flight_leg(flight_id, leg_number, leg_flight)
Table: flight_stop(flight_id, stop_number, stop_days, stop_airport, arrival_time, arrival_airline, arrival_flight_number, departure_time, departure_airline, departure_flight_number, stop_time)
Table: food_service(meal_code, meal_number, compartment, meal_description)
Table: ground_service(city_code, airport_code, transport_type, ground_fare)
Table: month(month_number, month_name)
Table: restriction(restriction_code, advance_purchase, stopovers, saturday_stay_required, minimum_stay, maximum_stay, application, no_discounts)
Table: state(state_code, state_name, country_name)
Table: time_interval(period, begin_time, end_time)
Table: time_zone(time_zone_code, time_zone_name, hours_from_gmt)

Example:
Question: which airports serve boston
SQL: SELECT DISTINCT airport_code FROM airport_service JOIN city ON airport_service.city_code = city.city_code WHERE city.city_name = 'BOSTON';"
atis,hard,what 's the earliest flight from SAN JOSE to HOUSTON,"SELECT DISTINCT FLIGHTalias0.FLIGHT_ID FROM AIRPORT_SERVICE AS AIRPORT_SERVICEalias0 , AIRPORT_SERVICE AS AIRPORT_SERVICEalias1 , CITY AS CITYalias0 , CITY AS CITYalias1 , FLIGHT AS FLIGHTalias0 WHERE ( CITYalias0.CITY_CODE = AIRPORT_SERVICEalias0.CITY_CODE AND CITYalias0.CITY_NAME = ""SAN JOSE"" AND CITYalias1.CITY_CODE = AIRPORT_SERVICEalias1.CITY_CODE AND CITYalias1.CITY_NAME = ""HOUSTON"" AND FLIGHTalias0.FROM_AIRPORT = AIRPORT_SERVICEalias0.AIRPORT_CODE AND FLIGHTalias0.TO_AIRPORT = AIRPORT_SERVICEalias1.AIRPORT_CODE ) AND FLIGHTalias0.DEPARTURE_TIME = ( SELECT MIN( FLIGHTalias1.DEPARTURE_TIME ) FROM AIRPORT_SERVICE AS AIRPORT_SERVICEalias2 , AIRPORT_SERVICE AS AIRPORT_SERVICEalias3 , CITY AS CITYalias2 , CITY AS CITYalias3 , FLIGHT AS FLIGHTalias1 WHERE CITYalias2.CITY_CODE = AIRPORT_SERVICEalias2.CITY_CODE AND CITYalias2.CITY_NAME = ""SAN JOSE"" AND CITYalias3.CITY_CODE = AIRPORT_SERVICEalias3.CITY_CODE AND CITYalias3.CITY_NAME = ""HOUSTON"" AND FLIGHTalias1.FROM_AIRPORT = AIRPORT_SERVICEalias2.AIRPORT_CODE AND FLIGHTalias1.TO_AIRPORT = AIRPORT_SERVICEalias3.AIRPORT_CODE ) ;","Table: aircraft(aircraft_code, aircraft_description, manufacturer, basic_type, engines, propulsion, wide_body, wing_span, length, weight, capacity, pay_load, cruising_speed, range_miles, pressurized)
Table: airline(airline_code, airline_name, note)
Table: airport(airport_code, airport_name, airport_location, state_code, country_name, time_zone_code, minimum_connect_time)
Table: airport_service(city_code, airport_code, miles_distant, direction, minutes_distant)
Table: city(city_code, city_name, state_code, country_name, time_zone_code)
Table: class_of_service(booking_class, rank, class_description)
Table: code_description(code, description)
Table: compartment_class(compartment, class_type)
Table: date_day(month_number, day_number, year, day_name)
Table: days(days_code, day_name)
Table: dual_carrier(main_airline, low_flight_number, high_flight_number, dual_airline, service_name)
Table: equipment_sequence(aircraft_code_sequence, aircraft_code)
Table: fare(fare_id, from_airport, to_airport, fare_basis_code, fare_airline, restriction_code, one_direction_cost, round_trip_cost, round_trip_required)
Table: fare_basis(fare_basis_code, booking_class, class_type, premium, economy, discounted, night, season, basis_days)
Table: flight(flight_id, flight_days, from_airport, to_airport, departure_time, arrival_time, airline_flight, airline_code, flight_number, aircraft_code_sequence, meal_code, stops, connections, dual_carrier, time_elapsed)
Table: flight_fare(flight_id, fare_id)
Table: flight_leg(flight_id, leg_number, leg_flight)
Table: flight_stop(flight_id, stop_number, stop_days, stop_airport, arrival_time, arrival_airline, arrival_flight_number, departure_time, departure_airline, departure_flight_number, stop_time)
Table: food_service(meal_code, meal_number, compartment, meal_description)
Table: ground_service(city_code, airport_code, transport_type, ground_fare)
Table: month(month_number, month_name)
Table: restriction(restriction_code, advance_purchase, stopovers, saturday_stay_required, minimum_stay, maximum_stay, application, no_discounts)
Table: state(state_code, state_name, country_name)
Table: time_interval(period, begin_time, end_time)
Table: time_zone(time_zone_code, time_zone_name, hours_from_gmt)

Example:
Question: which airports serve boston
SQL: SELECT DISTINCT airport_code FROM airport_service JOIN city ON airport_service.city_code = city.city_code WHERE city.city_name = 'BOSTON';"
atis,hard,show me the flights from ATLANTA to WASHINGTON on wednesday night and thursday morning,"SELECT DISTINCT FLIGHTalias0.FLIGHT_ID FROM AIRPORT_SERVICE AS AIRPORT_SERVICEalias0 , AIRPORT_SERVICE AS AIRPORT_SERVICEalias1 , CITY AS CITYalias0 , CITY AS CITYalias1 , DATE_DAY AS DATE_DAYalias0 , DAYS AS DAYSalias0 , FLIGHT AS FLIGHTalias0 WHERE ( ( ( ( FLIGHTalias0.DEPARTURE_TIME <= 2359 AND FLIGHTalias0.DEPARTURE_TIME >= 1800 ) AND DATE_DAYalias0.DAY_NUMBER = 23 AND DATE_DAYalias0.MONTH_NUMBER = 4 AND DATE_DAYalias0.YEAR = 1991 AND DAYSalias0.DAY_NAME = DATE_DAYalias0.DAY_NAME AND FLIGHTalias0.FLIGHT_DAYS = DAYSalias0.DAYS_CODE ) OR ( ( FLIGHTalias0.DEPARTURE_TIME <= 1200 AND FLIGHTalias0.DEPARTURE_TIME >= 0 ) AND DATE_DAYalias0.DAY_NUMBER = 23 AND DATE_DAYalias0.MONTH_NUMBER = 4 AND DATE_DAYalias0.YEAR = 1991 AND DAYSalias0.DAY_NAME = DATE_DAYalias0.DAY_NAME AND FLIGHTalias0.FLIGHT_DAYS = DAYSalias0.DAYS_CODE ) ) AND CITYalias1.CITY_CODE = AIRPORT_SERVICEalias1.CITY_CODE AND CITYalias1.CITY_NAME = ""WASHINGTON"" AND FLIGHTalias0.TO_AIRPORT = AIRPORT_SERVICEalias1.AIRPORT_CODE ) AND CITYalias0.CITY_CODE = AIRPORT_SERVICEalias0.CITY_CODE AND CITYalias0.CITY_NAME = ""ATLANTA"" AND FLIGHTalias0.FROM_AIRPORT = AIRPORT_SERVICEalias0.AIRPORT_CODE ;","Table: aircraft(aircraft_code, aircraft_description, manufacturer, basic_type, engines, propulsion, wide_body, wing_span, length, weight, capacity, pay_load, cruising_speed, range_miles, pressurized)
Table: airline(airline_code, airline_name, note)
Table: airport(airport_code, airport_name, airport_location, state_code, country_name, time_zone_code, minimum_connect_time)
Table: airport_service(city_code, airport_code, miles_distant, direction, minutes_distant)
Table: city(city_code, city_name, state_code, country_name, time_zone_code)
Table: class_of_service(booking_class, rank, class_description)
Table: code_description(code, description)
Table: compartment_class(compartment, class_type)
Table: date_day(month_number, day_number, year, day_name)
Table: days(days_code, day_name)
Table: dual_carrier(main_airline, low_flight_number, high_flight_number, dual_airline, service_name)
Table: equipment_sequence(aircraft_code_sequence, aircraft_code)
Table: fare(fare_id, from_airport, to_airport, fare_basis_code, fare_airline, restriction_code, one_direction_cost, round_trip_cost, round_trip_required)
Table: fare_basis(fare_basis_code, booking_class, class_type, premium, economy, discounted, night, season, basis_days)
Table: flight(flight_id, flight_days, from_airport, to_airport, departure_time, arrival_time, airline_flight, airline_code, flight_number, aircraft_code_sequence, meal_code, stops, connections, dual_carrier, time_elapsed)
Table: flight_fare(flight_id, fare_id)
Table: flight_leg(flight_id, leg_number, leg_flight)
Table: flight_stop(flight_id, stop_number, stop_days, stop_airport, arrival_time, arrival_airline, arrival_flight_number, departure_time, departure_airline, departure_flight_number, stop_time)
Table: food_service(meal_code, meal_number, compartment, meal_description)
Table: ground_service(city_code, airport_code, transport_type, ground_fare)
Table: month(month_number, month_name)
Table: restriction(restriction_code, advance_purchase, stopovers, saturday_stay_required, minimum_stay, maximum_stay, application, no_discounts)
Table: state(state_code, state_name, country_name)
Table: time_interval(period, begin_time, end_time)
Table: time_zone(time_zone_code, time_zone_name, hours_from_gmt)

Example:
Question: which airports serve boston
SQL: SELECT DISTINCT airport_code FROM airport_service JOIN city ON airport_service.city_code = city.city_code WHERE city.city_name = 'BOSTON';"
atis,hard,i have two friends that would like to visit me on wednesday here in WASHINGTON one of them lives in DENVER and the other lives in MIAMI,"SELECT DISTINCT FLIGHTalias0.FLIGHT_ID FROM AIRPORT_SERVICE AS AIRPORT_SERVICEalias0 , AIRPORT_SERVICE AS AIRPORT_SERVICEalias1 , AIRPORT_SERVICE AS AIRPORT_SERVICEalias2 , CITY AS CITYalias0 , CITY AS CITYalias1 , CITY AS CITYalias2 , DATE_DAY AS DATE_DAYalias0 , DAYS AS DAYSalias0 , FLIGHT AS FLIGHTalias0 WHERE ( ( ( ( ( FLIGHTalias0.ARRIVAL_TIME < 41 OR FLIGHTalias0.TIME_ELAPSED >= 60 ) AND FLIGHTalias0.DEPARTURE_TIME > FLIGHTalias0.ARRIVAL_TIME ) AND DATE_DAYalias0.DAY_NUMBER = 23 AND DATE_DAYalias0.MONTH_NUMBER = 4 AND DATE_DAYalias0.YEAR = 1991 AND DAYSalias0.DAY_NAME = DATE_DAYalias0.DAY_NAME AND FLIGHTalias0.FLIGHT_DAYS = DAYSalias0.DAYS_CODE ) OR ( DATE_DAYalias0.DAY_NUMBER = 23 AND DATE_DAYalias0.MONTH_NUMBER = 4 AND DATE_DAYalias0.YEAR = 1991 AND DAYSalias0.DAY_NAME = DATE_DAYalias0.DAY_NAME AND FLIGHTalias0.FLIGHT_DAYS = DAYSalias0.DAYS_CODE AND NOT ( ( FLIGHTalias0.ARRIVAL_TIME < 41 OR FLIGHTalias0.TIME_ELAPSED >= 60 ) AND FLIGHTalias0.DEPARTURE_TIME > FLIGHTalias0.ARRIVAL_TIME ) ) ) AND CITYalias2.CITY_CODE = AIRPORT_SERVICEalias2.CITY_CODE AND CITYalias2.CITY_NAME = ""WASHINGTON"" AND FLIGHTalias0.TO_AIRPORT = AIRPORT_SERVICEalias2.AIRPORT_CODE ) AND ( ( FLIGHTalias0.FROM_AIRPORT = AIRPORT_SERVICEalias0.AIRPORT_CODE AND CITYalias0.CITY_CODE = AIRPORT_SERVICEalias0.CITY_CODE AND CITYalias0.CITY_NAME = ""DENVER"" ) OR ( FLIGHTalias0.FROM_AIRPORT = AIRPORT_SERVICEalias1.AIRPORT_CODE AND CITYalias1.CITY_CODE = AIRPORT_SERVICEalias1.CITY_CODE AND CITYalias1.CITY_NAME = ""MIAMI"" ) ) ;","Table: aircraft(aircraft_code, aircraft_description, manufacturer, basic_type, engines, propulsion, wide_body, wing_span, length, weight, capacity, pay_load, cruising_speed, range_miles, pressurized)
Table: airline(airline_code, airline_name, note)
Table: airport(airport_code, airport_name, airport_location, state_code, country_name, time_zone_code, minimum_connect_time)
Table: airport_service(city_code, airport_code, miles_distant, direction, minutes_distant)
Table: city(city_code, city_name, state_code, country_name, time_zone_code)
Table: class_of_service(booking_class, rank, class_description)
Table: code_description(code, description)
Table: compartment_class(compartment, class_type)
Table: date_day(month_number, day_number, year, day_name)
Table: days(days_code, day_name)
Table: dual_carrier(main_airline, low_flight_number, high_flight_number, dual_airline, service_name)
Table: equipment_sequence(aircraft_code_sequence, aircraft_code)
Table: fare(fare_id, from_airport, to_airport, fare_basis_code, fare_airline, restriction_code, one_direction_cost, round_trip_cost, round_trip_required)
Table: fare_basis(fare_basis_code, booking_class, class_type, premium, economy, discounted, night, season, basis_days)
Table: flight(flight_id, flight_days, from_airport, to_airport, departure_time, arrival_time, airline_flight, airline_code, flight_number, aircraft_code_sequence, meal_code, stops, connections, dual_carrier, time_elapsed)
Table: flight_fare(flight_id, fare_id)
Table: flight_leg(flight_id, leg_number, leg_flight)
Table: flight_stop(flight_id, stop_number, stop_days, stop_airport, arrival_time, arrival_airline, arrival_flight_number, departure_time, departure_airline, departure_flight_number, stop_time)
Table: food_service(meal_code, meal_number, compartment, meal_description)
Table: ground_service(city_code, airport_code, transport_type, ground_fare)
Table: month(month_number, month_name)
Table: restriction(restriction_code, advance_purchase, stopovers, saturday_stay_required, minimum_stay, maximum_stay, application, no_discounts)
Table: state(state_code, state_name, country_name)
Table: time_interval(period, begin_time, end_time)
Table: time_zone(time_zone_code, time_zone_name, hours_from_gmt)

Example:
Question: which airports serve boston
SQL: SELECT DISTINCT airport_code FROM airport_service JOIN city ON airport_service.city_code = city.city_code WHERE city.city_name = 'BOSTON';"
atis,hard,show me the flights from SAN DIEGO to WASHINGTON,"SELECT DISTINCT FLIGHTalias0.FLIGHT_ID FROM AIRPORT_SERVICE AS AIRPORT_SERVICEalias0 , AIRPORT_SERVICE AS AIRPORT_SERVICEalias1 , CITY AS CITYalias0 , CITY AS CITYalias1 , FLIGHT AS FLIGHTalias0 WHERE CITYalias0.CITY_CODE = AIRPORT_SERVICEalias0.CITY_CODE AND CITYalias0.CITY_NAME = ""SAN DIEGO"" AND CITYalias1.CITY_CODE = AIRPORT_SERVICEalias1.CITY_CODE AND CITYalias1.CITY_NAME = ""WASHINGTON"" AND FLIGHTalias0.FROM_AIRPORT = AIRPORT_SERVICEalias0.AIRPORT_CODE AND FLIGHTalias0.TO_AIRPORT = AIRPORT_SERVICEalias1.AIRPORT_CODE ;","Table: aircraft(aircraft_code, aircraft_description, manufacturer, basic_type, engines, propulsion, wide_body, wing_span, length, weight, capacity, pay_load, cruising_speed, range_miles, pressurized)
Table: airline(airline_code, airline_name, note)
Table: airport(airport_code, airport_name, airport_location, state_code, country_name, time_zone_code, minimum_connect_time)
Table: airport_service(city_code, airport_code, miles_distant, direction, minutes_distant)
Table: city(city_code, city_name, state_code, country_name, time_zone_code)
Table: class_of_service(booking_class, rank, class_description)
Table: code_description(code, description)
Table: compartment_class(compartment, class_type)
Table: date_day(month_number, day_number, year, day_name)
Table: days(days_code, day_name)
Table: dual_carrier(main_airline, low_flight_number, high_flight_number, dual_airline, service_name)
Table: equipment_sequence(aircraft_code_sequence, aircraft_code)
Table: fare(fare_id, from_airport, to_airport, fare_basis_code, fare_airline, restriction_code, one_direction_cost, round_trip_cost, round_trip_required)
Table: fare_basis(fare_basis_code, booking_class, class_type, premium, economy, discounted, night, season, basis_days)
Table: flight(flight_id, flight_days, from_airport, to_airport, departure_time, arrival_time, airline_flight, airline_code, flight_number, aircraft_code_sequence, meal_code, stops, connections, dual_carrier, time_elapsed)
Table: flight_fare(flight_id, fare_id)
Table: flight_leg(flight_id, leg_number, leg_flight)
Table: flight_stop(flight_id, stop_number, stop_days, stop_airport, arrival_time, arrival_airline, arrival_flight_number, departure_time, departure_airline, departure_flight_number, stop_time)
Table: food_service(meal_code, meal_number, compartment, meal_description)
Table: ground_service(city_code, airport_code, transport_type, ground_fare)
Table: month(month_number, month_name)
Table: restriction(restriction_code, advance_purchase, stopovers, saturday_stay_required, minimum_stay, maximum_stay, application, no_discounts)
Table: state(state_code, state_name, country_name)
Table: time_interval(period, begin_time, end_time)
Table: time_zone(time_zone_code, time_zone_name, hours_from_gmt)

Example:
Question: which airports serve boston
SQL: SELECT DISTINCT airport_code FROM airport_service JOIN city ON airport_service.city_code = city.city_code WHERE city.city_name = 'BOSTON';"
atis,hard,show me the flights from BOSTON to SAN FRANCISCO that arrive in the afternoon,"SELECT DISTINCT FLIGHTalias0.FLIGHT_ID FROM AIRPORT_SERVICE AS AIRPORT_SERVICEalias0 , AIRPORT_SERVICE AS AIRPORT_SERVICEalias1 , CITY AS CITYalias0 , CITY AS CITYalias1 , FLIGHT AS FLIGHTalias0 WHERE ( ( FLIGHTalias0.ARRIVAL_TIME <= 1800 AND FLIGHTalias0.ARRIVAL_TIME >= 1200 ) AND CITYalias1.CITY_CODE = AIRPORT_SERVICEalias1.CITY_CODE AND CITYalias1.CITY_NAME = ""SAN FRANCISCO"" AND FLIGHTalias0.TO_AIRPORT = AIRPORT_SERVICEalias1.AIRPORT_CODE ) AND CITYalias0.CITY_CODE = AIRPORT_SERVICEalias0.CITY_CODE AND CITYalias0.CITY_NAME = ""BOSTON"" AND FLIGHTalias0.FROM_AIRPORT = AIRPORT_SERVICEalias0.AIRPORT_CODE ;","Table: aircraft(aircraft_code, aircraft_description, manufacturer, basic_type, engines, propulsion, wide_body, wing_span, length, weight, capacity, pay_load, cruising_speed, range_miles, pressurized)
Table: airline(airline_code, airline_name, note)
Table: airport(airport_code, airport_name, airport_location, state_code, country_name, time_zone_code, minimum_connect_time)
Table: airport_service(city_code, airport_code, miles_distant, direction, minutes_distant)
Table: city(city_code, city_name, state_code, country_name, time_zone_code)
Table: class_of_service(booking_class, rank, class_description)
Table: code_description(code, description)
Table: compartment_class(compartment, class_type)
Table: date_day(month_number, day_number, year, day_name)
Table: days(days_code, day_name)
Table: dual_carrier(main_airline, low_flight_number, high_flight_number, dual_airline, service_name)
Table: equipment_sequence(aircraft_code_sequence, aircraft_code)
Table: fare(fare_id, from_airport, to_airport, fare_basis_code, fare_airline, restriction_code, one_direction_cost, round_trip_cost, round_trip_required)
Table: fare_basis(fare_basis_code, booking_class, class_type, premium, economy, discounted, night, season, basis_days)
Table: flight(flight_id, flight_days, from_airport, to_airport, departure_time, arrival_time, airline_flight, airline_code, flight_number, aircraft_code_sequence, meal_code, stops, connections, dual_carrier, time_elapsed)
Table: flight_fare(flight_id, fare_id)
Table: flight_leg(flight_id, leg_number, leg_flight)
Table: flight_stop(flight_id, stop_number, stop_days, stop_airport, arrival_time, arrival_airline, arrival_flight_number, departure_time, departure_airline, departure_flight_number, stop_time)
Table: food_service(meal_code, meal_number, compartment, meal_description)
Table: ground_service(city_code, airport_code, transport_type, ground_fare)
Table: month(month_number, month_name)
Table: restriction(restriction_code, advance_purchase, stopovers, saturday_stay_required, minimum_stay, maximum_stay, application, no_discounts)
Table: state(state_code, state_name, country_name)
Table: time_interval(period, begin_time, end_time)
Table: time_zone(time_zone_code, time_zone_name, hours_from_gmt)

Example:
Question: which airports serve boston
SQL: SELECT DISTINCT airport_code FROM airport_service JOIN city ON airport_service.city_code = city.city_code WHERE city.city_name = 'BOSTON';"
atis,hard,show me all flights arriving to DENVER from BOSTON,"SELECT DISTINCT FLIGHTalias0.FLIGHT_ID FROM AIRPORT_SERVICE AS AIRPORT_SERVICEalias0 , AIRPORT_SERVICE AS AIRPORT_SERVICEalias1 , CITY AS CITYalias0 , CITY AS CITYalias1 , FLIGHT AS FLIGHTalias0 WHERE CITYalias0.CITY_CODE = AIRPORT_SERVICEalias0.CITY_CODE AND CITYalias0.CITY_NAME = ""BOSTON"" AND CITYalias1.CITY_CODE = AIRPORT_SERVICEalias1.CITY_CODE AND CITYalias1.CITY_NAME = ""DENVER"" AND FLIGHTalias0.FROM_AIRPORT = AIRPORT_SERVICEalias0.AIRPORT_CODE AND FLIGHTalias0.TO_AIRPORT = AIRPORT_SERVICEalias1.AIRPORT_CODE ;","Table: aircraft(aircraft_code, aircraft_description, manufacturer, basic_type, engines, propulsion, wide_body, wing_span, length, weight, capacity, pay_load, cruising_speed, range_miles, pressurized)
Table: airline(airline_code, airline_name, note)
Table: airport(airport_code, airport_name, airport_location, state_code, country_name, time_zone_code, minimum_connect_time)
Table: airport_service(city_code, airport_code, miles_distant, direction, minutes_distant)
Table: city(city_code, city_name, state_code, country_name, time_zone_code)
Table: class_of_service(booking_class, rank, class_description)
Table: code_description(code, description)
Table: compartment_class(compartment, class_type)
Table: date_day(month_number, day_number, year, day_name)
Table: days(days_code, day_name)
Table: dual_carrier(main_airline, low_flight_number, high_flight_number, dual_airline, service_name)
Table: equipment_sequence(aircraft_code_sequence, aircraft_code)
Table: fare(fare_id, from_airport, to_airport, fare_basis_code, fare_airline, restriction_code, one_direction_cost, round_trip_cost, round_trip_required)
Table: fare_basis(fare_basis_code, booking_class, class_type, premium, economy, discounted, night, season, basis_days)
Table: flight(flight_id, flight_days, from_airport, to_airport, departure_time, arrival_time, airline_flight, airline_code, flight_number, aircraft_code_sequence, meal_code, stops, connections, dual_carrier, time_elapsed)
Table: flight_fare(flight_id, fare_id)
Table: flight_leg(flight_id, leg_number, leg_flight)
Table: flight_stop(flight_id, stop_number, stop_days, stop_airport, arrival_time, arrival_airline, arrival_flight_number, departure_time, departure_airline, departure_flight_number, stop_time)
Table: food_service(meal_code, meal_number, compartment, meal_description)
Table: ground_service(city_code, airport_code, transport_type, ground_fare)
Table: month(month_number, month_name)
Table: restriction(restriction_code, advance_purchase, stopovers, saturday_stay_required, minimum_stay, maximum_stay, application, no_discounts)
Table: state(state_code, state_name, country_name)
Table: time_interval(period, begin_time, end_time)
Table: time_zone(time_zone_code, time_zone_name, hours_from_gmt)

Example:
Question: which airports serve boston
SQL: SELECT DISTINCT airport_code FROM airport_service JOIN city ON airport_service.city_code = city.city_code WHERE city.city_name = 'BOSTON';"
atis,hard,are there any flights from MILWAUKEE to TACOMA on friday 6 11,"SELECT DISTINCT FLIGHTalias0.FLIGHT_ID FROM AIRPORT_SERVICE AS AIRPORT_SERVICEalias0 , AIRPORT_SERVICE AS AIRPORT_SERVICEalias1 , CITY AS CITYalias0 , CITY AS CITYalias1 , DATE_DAY AS DATE_DAYalias0 , DAYS AS DAYSalias0 , FLIGHT AS FLIGHTalias0 WHERE ( CITYalias1.CITY_CODE = AIRPORT_SERVICEalias1.CITY_CODE AND CITYalias1.CITY_NAME = ""TACOMA"" AND DATE_DAYalias0.DAY_NUMBER = 11 AND DATE_DAYalias0.MONTH_NUMBER = 6 AND DATE_DAYalias0.YEAR = 1991 AND DAYSalias0.DAY_NAME = DATE_DAYalias0.DAY_NAME AND FLIGHTalias0.FLIGHT_DAYS = DAYSalias0.DAYS_CODE AND FLIGHTalias0.TO_AIRPORT = AIRPORT_SERVICEalias1.AIRPORT_CODE ) AND CITYalias0.CITY_CODE = AIRPORT_SERVICEalias0.CITY_CODE AND CITYalias0.CITY_NAME = ""MILWAUKEE"" AND FLIGHTalias0.FROM_AIRPORT = AIRPORT_SERVICEalias0.AIRPORT_CODE ;","Table: aircraft(aircraft_code, aircraft_description, manufacturer, basic_type, engines, propulsion, wide_body, wing_span, length, weight, capacity, pay_load, cruising_speed, range_miles, pressurized)
Table: airline(airline_code, airline_name, note)
Table: airport(airport_code, airport_name, airport_location, state_code, country_name, time_zone_code, minimum_connect_time)
Table: airport_service(city_code, airport_code, miles_distant, direction, minutes_distant)
Table: city(city_code, city_name, state_code, country_name, time_zone_code)
Table: class_of_service(booking_class, rank, class_description)
Table: code_description(code, description)
Table: compartment_class(compartment, class_type)
Table: date_day(month_number, day_number, year, day_name)
Table: days(days_code, day_name)
Table: dual_carrier(main_airline, low_flight_number, high_flight_number, dual_airline, service_name)
Table: equipment_sequence(aircraft_code_sequence, aircraft_code)
Table: fare(fare_id, from_airport, to_airport, fare_basis_code, fare_airline, restriction_code, one_direction_cost, round_trip_cost, round_trip_required)
Table: fare_basis(fare_basis_code, booking_class, class_type, premium, economy, discounted, night, season, basis_days)
Table: flight(flight_id, flight_days, from_airport, to_airport, departure_time, arrival_time, airline_flight, airline_code, flight_number, aircraft_code_sequence, meal_code, stops, connections, dual_carrier, time_elapsed)
Table: flight_fare(flight_id, fare_id)
Table: flight_leg(flight_id, leg_number, leg_flight)
Table: flight_stop(flight_id, stop_number, stop_days, stop_airport, arrival_time, arrival_airline, arrival_flight_number, departure_time, departure_airline, departure_flight_number, stop_time)
Table: food_service(meal_code, meal_number, compartment, meal_description)
Table: ground_service(city_code, airport_code, transport_type, ground_fare)
Table: month(month_number, month_name)
Table: restriction(restriction_code, advance_purchase, stopovers, saturday_stay_required, minimum_stay, maximum_stay, application, no_discounts)
Table: state(state_code, state_name, country_name)
Table: time_interval(period, begin_time, end_time)
Table: time_zone(time_zone_code, time_zone_name, hours_from_gmt)

Example:
Question: which airports serve boston
SQL: SELECT DISTINCT airport_code FROM airport_service JOIN city ON airport_service.city_code = city.city_code WHERE city.city_name = 'BOSTON';"
atis,hard,list all flights arriving in DENVER between 2000 and 2100,"SELECT DISTINCT FLIGHTalias0.FLIGHT_ID FROM AIRPORT_SERVICE AS AIRPORT_SERVICEalias0 , AIRPORT_SERVICE AS AIRPORT_SERVICEalias1 , CITY AS CITYalias0 , CITY AS CITYalias1 , FLIGHT AS FLIGHTalias0 WHERE ( ( ( FLIGHTalias0.ARRIVAL_TIME <= 2100 AND FLIGHTalias0.ARRIVAL_TIME >= 2000 ) OR FLIGHTalias0.ARRIVAL_TIME = arrival_time2 ) AND CITYalias1.CITY_CODE = AIRPORT_SERVICEalias1.CITY_CODE AND FLIGHTalias0.FROM_AIRPORT = AIRPORT_SERVICEalias1.AIRPORT_CODE ) AND CITYalias0.CITY_CODE = AIRPORT_SERVICEalias0.CITY_CODE AND CITYalias0.CITY_NAME = ""DENVER"" AND FLIGHTalias0.TO_AIRPORT = AIRPORT_SERVICEalias0.AIRPORT_CODE ;","Table: aircraft(aircraft_code, aircraft_description, manufacturer, basic_type, engines, propulsion, wide_body, wing_span, length, weight, capacity, pay_load, cruising_speed, range_miles, pressurized)
Table: airline(airline_code, airline_name, note)
Table: airport(airport_code, airport_name, airport_location, state_code, country_name, time_zone_code, minimum_connect_time)
Table: airport_service(city_code, airport_code, miles_distant, direction, minutes_distant)
Table: city(city_code, city_name, state_code, country_name, time_zone_code)
Table: class_of_service(booking_class, rank, class_description)
Table: code_description(code, description)
Table: compartment_class(compartment, class_type)
Table: date_day(month_number, day_number, year, day_name)
Table: days(days_code, day_name)
Table: dual_carrier(main_airline, low_flight_number, high_flight_number, dual_airline, service_name)
Table: equipment_sequence(aircraft_code_sequence, aircraft_code)
Table: fare(fare_id, from_airport, to_airport, fare_basis_code, fare_airline, restriction_code, one_direction_cost, round_trip_cost, round_trip_required)
Table: fare_basis(fare_basis_code, booking_class, class_type, premium, economy, discounted, night, season, basis_days)
Table: flight(flight_id, flight_days, from_airport, to_airport, departure_time, arrival_time, airline_flight, airline_code, flight_number, aircraft_code_sequence, meal_code, stops, connections, dual_carrier, time_elapsed)
Table: flight_fare(flight_id, fare_id)
Table: flight_leg(flight_id, leg_number, leg_flight)
Table: flight_stop(flight_id, stop_number, stop_days, stop_airport, arrival_time, arrival_airline, arrival_flight_number, departure_time, departure_airline, departure_flight_number, stop_time)
Table: food_service(meal_code, meal_number, compartment, meal_description)
Table: ground_service(city_code, airport_code, transport_type, ground_fare)
Table: month(month_number, month_name)
Table: restriction(restriction_code, advance_purchase, stopovers, saturday_stay_required, minimum_stay, maximum_stay, application, no_discounts)
Table: state(state_code, state_name, country_name)
Table: time_interval(period, begin_time, end_time)
Table: time_zone(time_zone_code, time_zone_name, hours_from_gmt)

Example:
Question: which airports serve boston
SQL: SELECT DISTINCT airport_code FROM airport_service JOIN city ON airport_service.city_code = city.city_code WHERE city.city_name = 'BOSTON';"
atis,hard,show me all flights from MIAMI to NEW YORK,"SELECT DISTINCT FLIGHTalias0.FLIGHT_ID FROM AIRPORT_SERVICE AS AIRPORT_SERVICEalias0 , AIRPORT_SERVICE AS AIRPORT_SERVICEalias1 , CITY AS CITYalias0 , CITY AS CITYalias1 , FLIGHT AS FLIGHTalias0 WHERE CITYalias0.CITY_CODE = AIRPORT_SERVICEalias0.CITY_CODE AND CITYalias0.CITY_NAME = ""MIAMI"" AND CITYalias1.CITY_CODE = AIRPORT_SERVICEalias1.CITY_CODE AND CITYalias1.CITY_NAME = ""NEW YORK"" AND FLIGHTalias0.FROM_AIRPORT = AIRPORT_SERVICEalias0.AIRPORT_CODE AND FLIGHTalias0.TO_AIRPORT = AIRPORT_SERVICEalias1.AIRPORT_CODE ;","Table: aircraft(aircraft_code, aircraft_description, manufacturer, basic_type, engines, propulsion, wide_body, wing_span, length, weight, capacity, pay_load, cruising_speed, range_miles, pressurized)
Table: airline(airline_code, airline_name, note)
Table: airport(airport_code, airport_name, airport_location, state_code, country_name, time_zone_code, minimum_connect_time)
Table: airport_service(city_code, airport_code, miles_distant, direction, minutes_distant)
Table: city(city_code, city_name, state_code, country_name, time_zone_code)
Table: class_of_service(booking_class, rank, class_description)
Table: code_description(code, description)
Table: compartment_class(compartment, class_type)
Table: date_day(month_number, day_number, year, day_name)
Table: days(days_code, day_name)
Table: dual_carrier(main_airline, low_flight_number, high_flight_number, dual_airline, service_name)
Table: equipment_sequence(aircraft_code_sequence, aircraft_code)
Table: fare(fare_id, from_airport, to_airport, fare_basis_code, fare_airline, restriction_code, one_direction_cost, round_trip_cost, round_trip_required)
Table: fare_basis(fare_basis_code, booking_class, class_type, premium, economy, discounted, night, season, basis_days)
Table: flight(flight_id, flight_days, from_airport, to_airport, departure_time, arrival_time, airline_flight, airline_code, flight_number, aircraft_code_sequence, meal_code, stops, connections, dual_carrier, time_elapsed)
Table: flight_fare(flight_id, fare_id)
Table: flight_leg(flight_id, leg_number, leg_flight)
Table: flight_stop(flight_id, stop_number, stop_days, stop_airport, arrival_time, arrival_airline, arrival_flight_number, departure_time, departure_airline, departure_flight_number, stop_time)
Table: food_service(meal_code, meal_number, compartment, meal_description)
Table: ground_service(city_code, airport_code, transport_type, ground_fare)
Table: month(month_number, month_name)
Table: restriction(restriction_code, advance_purchase, stopovers, saturday_stay_required, minimum_stay, maximum_stay, application, no_discounts)
Table: state(state_code, state_name, country_name)
Table: time_interval(period, begin_time, end_time)
Table: time_zone(time_zone_code, time_zone_name, hours_from_gmt)

Example:
Question: which airports serve boston
SQL: SELECT DISTINCT airport_code FROM airport_service JOIN city ON airport_service.city_code = city.city_code WHERE city.city_name = 'BOSTON';"
atis,hard,show me all flights from PHILADELPHIA to SAN FRANCISCO with one stop in DALLAS,"SELECT DISTINCT FLIGHTalias0.FLIGHT_ID FROM AIRPORT_SERVICE AS AIRPORT_SERVICEalias0 , AIRPORT_SERVICE AS AIRPORT_SERVICEalias1 , AIRPORT_SERVICE AS AIRPORT_SERVICEalias2 , CITY AS CITYalias0 , CITY AS CITYalias1 , CITY AS CITYalias2 , FLIGHT AS FLIGHTalias0 , FLIGHT_STOP AS FLIGHT_STOPalias0 WHERE ( CITYalias1.CITY_CODE = AIRPORT_SERVICEalias1.CITY_CODE AND CITYalias1.CITY_NAME = ""SAN FRANCISCO"" AND CITYalias2.CITY_CODE = AIRPORT_SERVICEalias2.CITY_CODE AND CITYalias2.CITY_NAME = ""DALLAS"" AND FLIGHT_STOPalias0.STOP_AIRPORT = AIRPORT_SERVICEalias2.AIRPORT_CODE AND FLIGHTalias0.FLIGHT_ID = FLIGHT_STOPalias0.FLIGHT_ID AND FLIGHTalias0.TO_AIRPORT = AIRPORT_SERVICEalias1.AIRPORT_CODE ) AND CITYalias0.CITY_CODE = AIRPORT_SERVICEalias0.CITY_CODE AND CITYalias0.CITY_NAME = ""PHILADELPHIA"" AND FLIGHTalias0.FROM_AIRPORT = AIRPORT_SERVICEalias0.AIRPORT_CODE ;","Table: aircraft(aircraft_code, aircraft_description, manufacturer, basic_type, engines, propulsion, wide_body, wing_span, length, weight, capacity, pay_load, cruising_speed, range_miles, pressurized)
Table: airline(airline_code, airline_name, note)
Table: airport(airport_code, airport_name, airport_location, state_code, country_name, time_zone_code, minimum_connect_time)
Table: airport_service(city_code, airport_code, miles_distant, direction, minutes_distant)
Table: city(city_code, city_name, state_code, country_name, time_zone_code)
Table: class_of_service(booking_class, rank, class_description)
Table: code_description(code, description)
Table: compartment_class(compartment, class_type)
Table: date_day(month_number, day_number, year, day_name)
Table: days(days_code, day_name)
Table: dual_carrier(main_airline, low_flight_number, high_flight_number, dual_airline, service_name)
Table: equipment_sequence(aircraft_code_sequence, aircraft_code)
Table: fare(fare_id, from_airport, to_airport, fare_basis_code, fare_airline, restriction_code, one_direction_cost, round_trip_cost, round_trip_required)
Table: fare_basis(fare_basis_code, booking_class, class_type, premium, economy, discounted, night, season, basis_days)
Table: flight(flight_id, flight_days, from_airport, to_airport, departure_time, arrival_time, airline_flight, airline_code, flight_number, aircraft_code_sequence, meal_code, stops, connections, dual_carrier, time_elapsed)
Table: flight_fare(flight_id, fare_id)
Table: flight_leg(flight_id, leg_number, leg_flight)
Table: flight_stop(flight_id, stop_number, stop_days, stop_airport, arrival_time, arrival_airline, arrival_flight_number, departure_time, departure_airline, departure_flight_number, stop_time)
Table: food_service(meal_code, meal_number, compartment, meal_description)
Table: ground_service(city_code, airport_code, transport_type, ground_fare)
Table: month(month_number, month_name)
Table: restriction(restriction_code, advance_purchase, stopovers, saturday_stay_required, minimum_stay, maximum_stay, application, no_discounts)
Table: state(state_code, state_name, country_name)
Table: time_interval(period, begin_time, end_time)
Table: time_zone(time_zone_code, time_zone_name, hours_from_gmt)

Example:
Question: which airports serve boston
SQL: SELECT DISTINCT airport_code FROM airport_service JOIN city ON airport_service.city_code = city.city_code WHERE city.city_name = 'BOSTON';"
atis,hard,show me the flights from BALTIMORE to SEATTLE,"SELECT DISTINCT FLIGHTalias0.FLIGHT_ID FROM AIRPORT_SERVICE AS AIRPORT_SERVICEalias0 , AIRPORT_SERVICE AS AIRPORT_SERVICEalias1 , CITY AS CITYalias0 , CITY AS CITYalias1 , FLIGHT AS FLIGHTalias0 WHERE CITYalias0.CITY_CODE = AIRPORT_SERVICEalias0.CITY_CODE AND CITYalias0.CITY_NAME = ""BALTIMORE"" AND CITYalias1.CITY_CODE = AIRPORT_SERVICEalias1.CITY_CODE AND CITYalias1.CITY_NAME = ""SEATTLE"" AND FLIGHTalias0.FROM_AIRPORT = AIRPORT_SERVICEalias0.AIRPORT_CODE AND FLIGHTalias0.TO_AIRPORT = AIRPORT_SERVICEalias1.AIRPORT_CODE ;","Table: aircraft(aircraft_code, aircraft_description, manufacturer, basic_type, engines, propulsion, wide_body, wing_span, length, weight, capacity, pay_load, cruising_speed, range_miles, pressurized)
Table: airline(airline_code, airline_name, note)
Table: airport(airport_code, airport_name, airport_location, state_code, country_name, time_zone_code, minimum_connect_time)
Table: airport_service(city_code, airport_code, miles_distant, direction, minutes_distant)
Table: city(city_code, city_name, state_code, country_name, time_zone_code)
Table: class_of_service(booking_class, rank, class_description)
Table: code_description(code, description)
Table: compartment_class(compartment, class_type)
Table: date_day(month_number, day_number, year, day_name)
Table: days(days_code, day_name)
Table: dual_carrier(main_airline, low_flight_number, high_flight_number, dual_airline, service_name)
Table: equipment_sequence(aircraft_code_sequence, aircraft_code)
Table: fare(fare_id, from_airport, to_airport, fare_basis_code, fare_airline, restriction_code, one_direction_cost, round_trip_cost, round_trip_required)
Table: fare_basis(fare_basis_code, booking_class, class_type, premium, economy, discounted, night, season, basis_days)
Table: flight(flight_id, flight_days, from_airport, to_airport, departure_time, arrival_time, airline_flight, airline_code, flight_number, aircraft_code_sequence, meal_code, stops, connections, dual_carrier, time_elapsed)
Table: flight_fare(flight_id, fare_id)
Table: flight_leg(flight_id, leg_number, leg_flight)
Table: flight_stop(flight_id, stop_number, stop_days, stop_airport, arrival_time, arrival_airline, arrival_flight_number, departure_time, departure_airline, departure_flight_number, stop_time)
Table: food_service(meal_code, meal_number, compartment, meal_description)
Table: ground_service(city_code, airport_code, transport_type, ground_fare)
Table: month(month_number, month_name)
Table: restriction(restriction_code, advance_purchase, stopovers, saturday_stay_required, minimum_stay, maximum_stay, application, no_discounts)
Table: state(state_code, state_name, country_name)
Table: time_interval(period, begin_time, end_time)
Table: time_zone(time_zone_code, time_zone_name, hours_from_gmt)

Example:
Question: which airports serve boston
SQL: SELECT DISTINCT airport_code FROM airport_service JOIN city ON airport_service.city_code = city.city_code WHERE city.city_name = 'BOSTON';"
atis,hard,i'd like to know the earliest flight from BOSTON to SAN FRANCISCO,"SELECT DISTINCT FLIGHTalias0.FLIGHT_ID FROM AIRPORT_SERVICE AS AIRPORT_SERVICEalias0 , AIRPORT_SERVICE AS AIRPORT_SERVICEalias1 , CITY AS CITYalias0 , CITY AS CITYalias1 , FLIGHT AS FLIGHTalias0 WHERE ( CITYalias0.CITY_CODE = AIRPORT_SERVICEalias0.CITY_CODE AND CITYalias0.CITY_NAME = ""BOSTON"" AND CITYalias1.CITY_CODE = AIRPORT_SERVICEalias1.CITY_CODE AND CITYalias1.CITY_NAME = ""SAN FRANCISCO"" AND FLIGHTalias0.FROM_AIRPORT = AIRPORT_SERVICEalias0.AIRPORT_CODE AND FLIGHTalias0.TO_AIRPORT = AIRPORT_SERVICEalias1.AIRPORT_CODE ) AND FLIGHTalias0.DEPARTURE_TIME = ( SELECT MIN( FLIGHTalias1.DEPARTURE_TIME ) FROM AIRPORT_SERVICE AS AIRPORT_SERVICEalias2 , AIRPORT_SERVICE AS AIRPORT_SERVICEalias3 , CITY AS CITYalias2 , CITY AS CITYalias3 , FLIGHT AS FLIGHTalias1 WHERE CITYalias2.CITY_CODE = AIRPORT_SERVICEalias2.CITY_CODE AND CITYalias2.CITY_NAME = ""BOSTON"" AND CITYalias3.CITY_CODE = AIRPORT_SERVICEalias3.CITY_CODE AND CITYalias3.CITY_NAME = ""SAN FRANCISCO"" AND FLIGHTalias1.FROM_AIRPORT = AIRPORT_SERVICEalias2.AIRPORT_CODE AND FLIGHTalias1.TO_AIRPORT = AIRPORT_SERVICEalias3.AIRPORT_CODE ) ;","Table: aircraft(aircraft_code, aircraft_description, manufacturer, basic_type, engines, propulsion, wide_body, wing_span, length, weight, capacity, pay_load, cruising_speed, range_miles, pressurized)
Table: airline(airline_code, airline_name, note)
Table: airport(airport_code, airport_name, airport_location, state_code, country_name, time_zone_code, minimum_connect_time)
Table: airport_service(city_code, airport_code, miles_distant, direction, minutes_distant)
Table: city(city_code, city_name, state_code, country_name, time_zone_code)
Table: class_of_service(booking_class, rank, class_description)
Table: code_description(code, description)
Table: compartment_class(compartment, class_type)
Table: date_day(month_number, day_number, year, day_name)
Table: days(days_code, day_name)
Table: dual_carrier(main_airline, low_flight_number, high_flight_number, dual_airline, service_name)
Table: equipment_sequence(aircraft_code_sequence, aircraft_code)
Table: fare(fare_id, from_airport, to_airport, fare_basis_code, fare_airline, restriction_code, one_direction_cost, round_trip_cost, round_trip_required)
Table: fare_basis(fare_basis_code, booking_class, class_type, premium, economy, discounted, night, season, basis_days)
Table: flight(flight_id, flight_days, from_airport, to_airport, departure_time, arrival_time, airline_flight, airline_code, flight_number, aircraft_code_sequence, meal_code, stops, connections, dual_carrier, time_elapsed)
Table: flight_fare(flight_id, fare_id)
Table: flight_leg(flight_id, leg_number, leg_flight)
Table: flight_stop(flight_id, stop_number, stop_days, stop_airport, arrival_time, arrival_airline, arrival_flight_number, departure_time, departure_airline, departure_flight_number, stop_time)
Table: food_service(meal_code, meal_number, compartment, meal_description)
Table: ground_service(city_code, airport_code, transport_type, ground_fare)
Table: month(month_number, month_name)
Table: restriction(restriction_code, advance_purchase, stopovers, saturday_stay_required, minimum_stay, maximum_stay, application, no_discounts)
Table: state(state_code, state_name, country_name)
Table: time_interval(period, begin_time, end_time)
Table: time_zone(time_zone_code, time_zone_name, hours_from_gmt)

Example:
Question: which airports serve boston
SQL: SELECT DISTINCT airport_code FROM airport_service JOIN city ON airport_service.city_code = city.city_code WHERE city.city_name = 'BOSTON';"
atis,hard,show me the cheapest fare in the database,"SELECT DISTINCT FAREalias0.FARE_ID FROM FARE AS FAREalias0 , FLIGHT AS FLIGHTalias0 , FLIGHT_FARE AS FLIGHT_FAREalias0 WHERE FAREalias0.ONE_DIRECTION_COST = ( SELECT MIN( FAREalias1.ONE_DIRECTION_COST ) FROM FARE AS FAREalias1 , FLIGHT AS FLIGHTalias1 , FLIGHT_FARE AS FLIGHT_FAREalias1 WHERE FLIGHT_FAREalias1.FARE_ID = FAREalias1.FARE_ID AND FLIGHTalias1.FLIGHT_ID = FLIGHT_FAREalias1.FLIGHT_ID ) AND FLIGHT_FAREalias0.FARE_ID = FAREalias0.FARE_ID AND FLIGHTalias0.FLIGHT_ID = FLIGHT_FAREalias0.FLIGHT_ID ;","Table: aircraft(aircraft_code, aircraft_description, manufacturer, basic_type, engines, propulsion, wide_body, wing_span, length, weight, capacity, pay_load, cruising_speed, range_miles, pressurized)
Table: airline(airline_code, airline_name, note)
Table: airport(airport_code, airport_name, airport_location, state_code, country_name, time_zone_code, minimum_connect_time)
Table: airport_service(city_code, airport_code, miles_distant, direction, minutes_distant)
Table: city(city_code, city_name, state_code, country_name, time_zone_code)
Table: class_of_service(booking_class, rank, class_description)
Table: code_description(code, description)
Table: compartment_class(compartment, class_type)
Table: date_day(month_number, day_number, year, day_name)
Table: days(days_code, day_name)
Table: dual_carrier(main_airline, low_flight_number, high_flight_number, dual_airline, service_name)
Table: equipment_sequence(aircraft_code_sequence, aircraft_code)
Table: fare(fare_id, from_airport, to_airport, fare_basis_code, fare_airline, restriction_code, one_direction_cost, round_trip_cost, round_trip_required)
Table: fare_basis(fare_basis_code, booking_class, class_type, premium, economy, discounted, night, season, basis_days)
Table: flight(flight_id, flight_days, from_airport, to_airport, departure_time, arrival_time, airline_flight, airline_code, flight_number, aircraft_code_sequence, meal_code, stops, connections, dual_carrier, time_elapsed)
Table: flight_fare(flight_id, fare_id)
Table: flight_leg(flight_id, leg_number, leg_flight)
Table: flight_stop(flight_id, stop_number, stop_days, stop_airport, arrival_time, arrival_airline, arrival_flight_number, departure_time, departure_airline, departure_flight_number, stop_time)
Table: food_service(meal_code, meal_number, compartment, meal_description)
Table: ground_service(city_code, airport_code, transport_type, ground_fare)
Table: month(month_number, month_name)
Table: restriction(restriction_code, advance_purchase, stopovers, saturday_stay_required, minimum_stay, maximum_stay, application, no_discounts)
Table: state(state_code, state_name, country_name)
Table: time_interval(period, begin_time, end_time)
Table: time_zone(time_zone_code, time_zone_name, hours_from_gmt)

Example:
Question: which airports serve boston
SQL: SELECT DISTINCT airport_code FROM airport_service JOIN city ON airport_service.city_code = city.city_code WHERE city.city_name = 'BOSTON';"
atis,hard,what is your least expensive fare between ATLANTA and BOSTON,"SELECT DISTINCT FAREalias0.FARE_ID FROM AIRPORT_SERVICE AS AIRPORT_SERVICEalias0 , AIRPORT_SERVICE AS AIRPORT_SERVICEalias1 , CITY AS CITYalias0 , CITY AS CITYalias1 , FARE AS FAREalias0 , FLIGHT AS FLIGHTalias0 , FLIGHT_FARE AS FLIGHT_FAREalias0 WHERE CITYalias0.CITY_CODE = AIRPORT_SERVICEalias0.CITY_CODE AND CITYalias0.CITY_NAME = ""ATLANTA"" AND CITYalias1.CITY_CODE = AIRPORT_SERVICEalias1.CITY_CODE AND CITYalias1.CITY_NAME = ""BOSTON"" AND FAREalias0.ONE_DIRECTION_COST = ( SELECT MIN( FAREalias1.ONE_DIRECTION_COST ) FROM AIRPORT_SERVICE AS AIRPORT_SERVICEalias2 , AIRPORT_SERVICE AS AIRPORT_SERVICEalias3 , CITY AS CITYalias2 , CITY AS CITYalias3 , FARE AS FAREalias1 , FLIGHT AS FLIGHTalias1 , FLIGHT_FARE AS FLIGHT_FAREalias1 WHERE CITYalias2.CITY_CODE = AIRPORT_SERVICEalias2.CITY_CODE AND CITYalias2.CITY_NAME = ""ATLANTA"" AND CITYalias3.CITY_CODE = AIRPORT_SERVICEalias3.CITY_CODE AND CITYalias3.CITY_NAME = ""BOSTON"" AND FLIGHT_FAREalias1.FARE_ID = FAREalias1.FARE_ID AND FLIGHTalias1.FLIGHT_ID = FLIGHT_FAREalias1.FLIGHT_ID AND FLIGHTalias1.FROM_AIRPORT = AIRPORT_SERVICEalias2.AIRPORT_CODE AND FLIGHTalias1.TO_AIRPORT = AIRPORT_SERVICEalias3.AIRPORT_CODE ) AND FLIGHT_FAREalias0.FARE_ID = FAREalias0.FARE_ID AND FLIGHTalias0.FLIGHT_ID = FLIGHT_FAREalias0.FLIGHT_ID AND FLIGHTalias0.FROM_AIRPORT = AIRPORT_SERVICEalias0.AIRPORT_CODE AND FLIGHTalias0.TO_AIRPORT = AIRPORT_SERVICEalias1.AIRPORT_CODE ;","Table: aircraft(aircraft_code, aircraft_description, manufacturer, basic_type, engines, propulsion, wide_body, wing_span, length, weight, capacity, pay_load, cruising_speed, range_miles, pressurized)
Table: airline(airline_code, airline_name, note)
Table: airport(airport_code, airport_name, airport_location, state_code, country_name, time_zone_code, minimum_connect_time)
Table: airport_service(city_code, airport_code, miles_distant, direction, minutes_distant)
Table: city(city_code, city_name, state_code, country_name, time_zone_code)
Table: class_of_service(booking_class, rank, class_description)
Table: code_description(code, description)
Table: compartment_class(compartment, class_type)
Table: date_day(month_number, day_number, year, day_name)
Table: days(days_code, day_name)
Table: dual_carrier(main_airline, low_flight_number, high_flight_number, dual_airline, service_name)
Table: equipment_sequence(aircraft_code_sequence, aircraft_code)
Table: fare(fare_id, from_airport, to_airport, fare_basis_code, fare_airline, restriction_code, one_direction_cost, round_trip_cost, round_trip_required)
Table: fare_basis(fare_basis_code, booking_class, class_type, premium, economy, discounted, night, season, basis_days)
Table: flight(flight_id, flight_days, from_airport, to_airport, departure_time, arrival_time, airline_flight, airline_code, flight_number, aircraft_code_sequence, meal_code, stops, connections, dual_carrier, time_elapsed)
Table: flight_fare(flight_id, fare_id)
Table: flight_leg(flight_id, leg_number, leg_flight)
Table: flight_stop(flight_id, stop_number, stop_days, stop_airport, arrival_time, arrival_airline, arrival_flight_number, departure_time, departure_airline, departure_flight_number, stop_time)
Table: food_service(meal_code, meal_number, compartment, meal_description)
Table: ground_service(city_code, airport_code, transport_type, ground_fare)
Table: month(month_number, month_name)
Table: restriction(restriction_code, advance_purchase, stopovers, saturday_stay_required, minimum_stay, maximum_stay, application, no_discounts)
Table: state(state_code, state_name, country_name)
Table: time_interval(period, begin_time, end_time)
Table: time_zone(time_zone_code, time_zone_name, hours_from_gmt)

Example:
Question: which airports serve boston
SQL: SELECT DISTINCT airport_code FROM airport_service JOIN city ON airport_service.city_code = city.city_code WHERE city.city_name = 'BOSTON';"
atis,hard,show me all UA FIRST class flights,"SELECT DISTINCT FLIGHTalias0.FLIGHT_ID FROM FARE AS FAREalias0 , FARE_BASIS AS FARE_BASISalias0 , FLIGHT AS FLIGHTalias0 , FLIGHT_FARE AS FLIGHT_FAREalias0 WHERE FARE_BASISalias0.CLASS_TYPE = ""FIRST"" AND FAREalias0.FARE_BASIS_CODE = FARE_BASISalias0.FARE_BASIS_CODE AND FLIGHT_FAREalias0.FARE_ID = FAREalias0.FARE_ID AND FLIGHTalias0.AIRLINE_CODE = ""UA"" AND FLIGHTalias0.FLIGHT_ID = FLIGHT_FAREalias0.FLIGHT_ID ;","Table: aircraft(aircraft_code, aircraft_description, manufacturer, basic_type, engines, propulsion, wide_body, wing_span, length, weight, capacity, pay_load, cruising_speed, range_miles, pressurized)
Table: airline(airline_code, airline_name, note)
Table: airport(airport_code, airport_name, airport_location, state_code, country_name, time_zone_code, minimum_connect_time)
Table: airport_service(city_code, airport_code, miles_distant, direction, minutes_distant)
Table: city(city_code, city_name, state_code, country_name, time_zone_code)
Table: class_of_service(booking_class, rank, class_description)
Table: code_description(code, description)
Table: compartment_class(compartment, class_type)
Table: date_day(month_number, day_number, year, day_name)
Table: days(days_code, day_name)
Table: dual_carrier(main_airline, low_flight_number, high_flight_number, dual_airline, service_name)
Table: equipment_sequence(aircraft_code_sequence, aircraft_code)
Table: fare(fare_id, from_airport, to_airport, fare_basis_code, fare_airline, restriction_code, one_direction_cost, round_trip_cost, round_trip_required)
Table: fare_basis(fare_basis_code, booking_class, class_type, premium, economy, discounted, night, season, basis_days)
Table: flight(flight_id, flight_days, from_airport, to_airport, departure_time, arrival_time, airline_flight, airline_code, flight_number, aircraft_code_sequence, meal_code, stops, connections, dual_carrier, time_elapsed)
Table: flight_fare(flight_id, fare_id)
Table: flight_leg(flight_id, leg_number, leg_flight)
Table: flight_stop(flight_id, stop_number, stop_days, stop_airport, arrival_time, arrival_airline, arrival_flight_number, departure_time, departure_airline, departure_flight_number, stop_time)
Table: food_service(meal_code, meal_number, compartment, meal_description)
Table: ground_service(city_code, airport_code, transport_type, ground_fare)
Table: month(month_number, month_name)
Table: restriction(restriction_code, advance_purchase, stopovers, saturday_stay_required, minimum_stay, maximum_stay, application, no_discounts)
Table: state(state_code, state_name, country_name)
Table: time_interval(period, begin_time, end_time)
Table: time_zone(time_zone_code, time_zone_name, hours_from_gmt)

Example:
Question: which airports serve boston
SQL: SELECT DISTINCT airport_code FROM airport_service JOIN city ON airport_service.city_code = city.city_code WHERE city.city_name = 'BOSTON';"
atis,hard,what are the flights from BOSTON to BALTIMORE,"SELECT DISTINCT FLIGHTalias0.FLIGHT_ID FROM AIRPORT_SERVICE AS AIRPORT_SERVICEalias0 , AIRPORT_SERVICE AS AIRPORT_SERVICEalias1 , CITY AS CITYalias0 , CITY AS CITYalias1 , FLIGHT AS FLIGHTalias0 WHERE CITYalias0.CITY_CODE = AIRPORT_SERVICEalias0.CITY_CODE AND CITYalias0.CITY_NAME = ""BOSTON"" AND CITYalias1.CITY_CODE = AIRPORT_SERVICEalias1.CITY_CODE AND CITYalias1.CITY_NAME = ""BALTIMORE"" AND FLIGHTalias0.FROM_AIRPORT = AIRPORT_SERVICEalias0.AIRPORT_CODE AND FLIGHTalias0.TO_AIRPORT = AIRPORT_SERVICEalias1.AIRPORT_CODE ;","Table: aircraft(aircraft_code, aircraft_description, manufacturer, basic_type, engines, propulsion, wide_body, wing_span, length, weight, capacity, pay_load, cruising_speed, range_miles, pressurized)
Table: airline(airline_code, airline_name, note)
Table: airport(airport_code, airport_name, airport_location, state_code, country_name, time_zone_code, minimum_connect_time)
Table: airport_service(city_code, airport_code, miles_distant, direction, minutes_distant)
Table: city(city_code, city_name, state_code, country_name, time_zone_code)
Table: class_of_service(booking_class, rank, class_description)
Table: code_description(code, description)
Table: compartment_class(compartment, class_type)
Table: date_day(month_number, day_number, year, day_name)
Table: days(days_code, day_name)
Table: dual_carrier(main_airline, low_flight_number, high_flight_number, dual_airline, service_name)
Table: equipment_sequence(aircraft_code_sequence, aircraft_code)
Table: fare(fare_id, from_airport, to_airport, fare_basis_code, fare_airline, restriction_code, one_direction_cost, round_trip_cost, round_trip_required)
Table: fare_basis(fare_basis_code, booking_class, class_type, premium, economy, discounted, night, season, basis_days)
Table: flight(flight_id, flight_days, from_airport, to_airport, departure_time, arrival_time, airline_flight, airline_code, flight_number, aircraft_code_sequence, meal_code, stops, connections, dual_carrier, time_elapsed)
Table: flight_fare(flight_id, fare_id)
Table: flight_leg(flight_id, leg_number, leg_flight)
Table: flight_stop(flight_id, stop_number, stop_days, stop_airport, arrival_time, arrival_airline, arrival_flight_number, departure_time, departure_airline, departure_flight_number, stop_time)
Table: food_service(meal_code, meal_number, compartment, meal_description)
Table: ground_service(city_code, airport_code, transport_type, ground_fare)
Table: month(month_number, month_name)
Table: restriction(restriction_code, advance_purchase, stopovers, saturday_stay_required, minimum_stay, maximum_stay, application, no_discounts)
Table: state(state_code, state_name, country_name)
Table: time_interval(period, begin_time, end_time)
Table: time_zone(time_zone_code, time_zone_name, hours_from_gmt)

Example:
Question: which airports serve boston
SQL: SELECT DISTINCT airport_code FROM airport_service JOIN city ON airport_service.city_code = city.city_code WHERE city.city_name = 'BOSTON';"
atis,hard,flights from KANSAS CITY to CLEVELAND on wednesday arriving before 1700,"SELECT DISTINCT FLIGHTalias0.FLIGHT_ID FROM AIRPORT_SERVICE AS AIRPORT_SERVICEalias0 , AIRPORT_SERVICE AS AIRPORT_SERVICEalias1 , CITY AS CITYalias0 , CITY AS CITYalias1 , DATE_DAY AS DATE_DAYalias0 , DAYS AS DAYSalias0 , FLIGHT AS FLIGHTalias0 WHERE ( ( DATE_DAYalias0.DAY_NUMBER = 23 AND DATE_DAYalias0.MONTH_NUMBER = 4 AND DATE_DAYalias0.YEAR = 1991 AND DAYSalias0.DAY_NAME = DATE_DAYalias0.DAY_NAME AND FLIGHTalias0.ARRIVAL_TIME < 1700 AND FLIGHTalias0.FLIGHT_DAYS = DAYSalias0.DAYS_CODE ) AND CITYalias1.CITY_CODE = AIRPORT_SERVICEalias1.CITY_CODE AND CITYalias1.CITY_NAME = ""CLEVELAND"" AND FLIGHTalias0.TO_AIRPORT = AIRPORT_SERVICEalias1.AIRPORT_CODE ) AND CITYalias0.CITY_CODE = AIRPORT_SERVICEalias0.CITY_CODE AND CITYalias0.CITY_NAME = ""KANSAS CITY"" AND FLIGHTalias0.FROM_AIRPORT = AIRPORT_SERVICEalias0.AIRPORT_CODE ;","Table: aircraft(aircraft_code, aircraft_description, manufacturer, basic_type, engines, propulsion, wide_body, wing_span, length, weight, capacity, pay_load, cruising_speed, range_miles, pressurized)
Table: airline(airline_code, airline_name, note)
Table: airport(airport_code, airport_name, airport_location, state_code, country_name, time_zone_code, minimum_connect_time)
Table: airport_service(city_code, airport_code, miles_distant, direction, minutes_distant)
Table: city(city_code, city_name, state_code, country_name, time_zone_code)
Table: class_of_service(booking_class, rank, class_description)
Table: code_description(code, description)
Table: compartment_class(compartment, class_type)
Table: date_day(month_number, day_number, year, day_name)
Table: days(days_code, day_name)
Table: dual_carrier(main_airline, low_flight_number, high_flight_number, dual_airline, service_name)
Table: equipment_sequence(aircraft_code_sequence, aircraft_code)
Table: fare(fare_id, from_airport, to_airport, fare_basis_code, fare_airline, restriction_code, one_direction_cost, round_trip_cost, round_trip_required)
Table: fare_basis(fare_basis_code, booking_class, class_type, premium, economy, discounted, night, season, basis_days)
Table: flight(flight_id, flight_days, from_airport, to_airport, departure_time, arrival_time, airline_flight, airline_code, flight_number, aircraft_code_sequence, meal_code, stops, connections, dual_carrier, time_elapsed)
Table: flight_fare(flight_id, fare_id)
Table: flight_leg(flight_id, leg_number, leg_flight)
Table: flight_stop(flight_id, stop_number, stop_days, stop_airport, arrival_time, arrival_airline, arrival_flight_number, departure_time, departure_airline, departure_flight_number, stop_time)
Table: food_service(meal_code, meal_number, compartment, meal_description)
Table: ground_service(city_code, airport_code, transport_type, ground_fare)
Table: month(month_number, month_name)
Table: restriction(restriction_code, advance_purchase, stopovers, saturday_stay_required, minimum_stay, maximum_stay, application, no_discounts)
Table: state(state_code, state_name, country_name)
Table: time_interval(period, begin_time, end_time)
Table: time_zone(time_zone_code, time_zone_name, hours_from_gmt)

Example:
Question: which airports serve boston
SQL: SELECT DISTINCT airport_code FROM airport_service JOIN city ON airport_service.city_code = city.city_code WHERE city.city_name = 'BOSTON';"
atis,hard,what flights are there from MINNEAPOLIS to NEWARK on CO,"SELECT DISTINCT FLIGHTalias0.FLIGHT_ID FROM AIRPORT_SERVICE AS AIRPORT_SERVICEalias0 , AIRPORT_SERVICE AS AIRPORT_SERVICEalias1 , CITY AS CITYalias0 , CITY AS CITYalias1 , FLIGHT AS FLIGHTalias0 WHERE ( CITYalias0.CITY_CODE = AIRPORT_SERVICEalias0.CITY_CODE AND CITYalias0.CITY_NAME = ""NEWARK"" AND CITYalias1.CITY_CODE = AIRPORT_SERVICEalias1.CITY_CODE AND CITYalias1.CITY_NAME = ""MINNEAPOLIS"" AND FLIGHTalias0.TO_AIRPORT = AIRPORT_SERVICEalias0.AIRPORT_CODE AND FLIGHTalias0.FROM_AIRPORT = AIRPORT_SERVICEalias1.AIRPORT_CODE ) AND FLIGHTalias0.AIRLINE_CODE = ""CO"" ;","Table: aircraft(aircraft_code, aircraft_description, manufacturer, basic_type, engines, propulsion, wide_body, wing_span, length, weight, capacity, pay_load, cruising_speed, range_miles, pressurized)
Table: airline(airline_code, airline_name, note)
Table: airport(airport_code, airport_name, airport_location, state_code, country_name, time_zone_code, minimum_connect_time)
Table: airport_service(city_code, airport_code, miles_distant, direction, minutes_distant)
Table: city(city_code, city_name, state_code, country_name, time_zone_code)
Table: class_of_service(booking_class, rank, class_description)
Table: code_description(code, description)
Table: compartment_class(compartment, class_type)
Table: date_day(month_number, day_number, year, day_name)
Table: days(days_code, day_name)
Table: dual_carrier(main_airline, low_flight_number, high_flight_number, dual_airline, service_name)
Table: equipment_sequence(aircraft_code_sequence, aircraft_code)
Table: fare(fare_id, from_airport, to_airport, fare_basis_code, fare_airline, restriction_code, one_direction_cost, round_trip_cost, round_trip_required)
Table: fare_basis(fare_basis_code, booking_class, class_type, premium, economy, discounted, night, season, basis_days)
Table: flight(flight_id, flight_days, from_airport, to_airport, departure_time, arrival_time, airline_flight, airline_code, flight_number, aircraft_code_sequence, meal_code, stops, connections, dual_carrier, time_elapsed)
Table: flight_fare(flight_id, fare_id)
Table: flight_leg(flight_id, leg_number, leg_flight)
Table: flight_stop(flight_id, stop_number, stop_days, stop_airport, arrival_time, arrival_airline, arrival_flight_number, departure_time, departure_airline, departure_flight_number, stop_time)
Table: food_service(meal_code, meal_number, compartment, meal_description)
Table: ground_service(city_code, airport_code, transport_type, ground_fare)
Table: month(month_number, month_name)
Table: restriction(restriction_code, advance_purchase, stopovers, saturday_stay_required, minimum_stay, maximum_stay, application, no_discounts)
Table: state(state_code, state_name, country_name)
Table: time_interval(period, begin_time, end_time)
Table: time_zone(time_zone_code, time_zone_name, hours_from_gmt)

Example:
Question: which airports serve boston
SQL: SELECT DISTINCT airport_code FROM airport_service JOIN city ON airport_service.city_code = city.city_code WHERE city.city_name = 'BOSTON';"
atis,hard,okay could you tell me what flight leaves DALLAS to SAN FRANCISCO by UA,"SELECT DISTINCT FLIGHTalias0.FLIGHT_ID FROM AIRPORT_SERVICE AS AIRPORT_SERVICEalias0 , AIRPORT_SERVICE AS AIRPORT_SERVICEalias1 , CITY AS CITYalias0 , CITY AS CITYalias1 , FLIGHT AS FLIGHTalias0 WHERE ( CITYalias0.CITY_CODE = AIRPORT_SERVICEalias0.CITY_CODE AND CITYalias0.CITY_NAME = ""SAN FRANCISCO"" AND CITYalias1.CITY_CODE = AIRPORT_SERVICEalias1.CITY_CODE AND CITYalias1.CITY_NAME = ""DALLAS"" AND FLIGHTalias0.TO_AIRPORT = AIRPORT_SERVICEalias0.AIRPORT_CODE AND FLIGHTalias0.FROM_AIRPORT = AIRPORT_SERVICEalias1.AIRPORT_CODE ) AND FLIGHTalias0.AIRLINE_CODE = ""UA"" ;","Table: aircraft(aircraft_code, aircraft_description, manufacturer, basic_type, engines, propulsion, wide_body, wing_span, length, weight, capacity, pay_load, cruising_speed, range_miles, pressurized)
Table: airline(airline_code, airline_name, note)
Table: airport(airport_code, airport_name, airport_location, state_code, country_name, time_zone_code, minimum_connect_time)
Table: airport_service(city_code, airport_code, miles_distant, direction, minutes_distant)
Table: city(city_code, city_name, state_code, country_name, time_zone_code)
Table: class_of_service(booking_class, rank, class_description)
Table: code_description(code, description)
Table: compartment_class(compartment, class_type)
Table: date_day(month_number, day_number, year, day_name)
Table: days(days_code, day_name)
Table: dual_carrier(main_airline, low_flight_number, high_flight_number, dual_airline, service_name)
Table: equipment_sequence(aircraft_code_sequence, aircraft_code)
Table: fare(fare_id, from_airport, to_airport, fare_basis_code, fare_airline, restriction_code, one_direction_cost, round_trip_cost, round_trip_required)
Table: fare_basis(fare_basis_code, booking_class, class_type, premium, economy, discounted, night, season, basis_days)
Table: flight(flight_id, flight_days, from_airport, to_airport, departure_time, arrival_time, airline_flight, airline_code, flight_number, aircraft_code_sequence, meal_code, stops, connections, dual_carrier, time_elapsed)
Table: flight_fare(flight_id, fare_id)
Table: flight_leg(flight_id, leg_number, leg_flight)
Table: flight_stop(flight_id, stop_number, stop_days, stop_airport, arrival_time, arrival_airline, arrival_flight_number, departure_time, departure_airline, departure_flight_number, stop_time)
Table: food_service(meal_code, meal_number, compartment, meal_description)
Table: ground_service(city_code, airport_code, transport_type, ground_fare)
Table: month(month_number, month_name)
Table: restriction(restriction_code, advance_purchase, stopovers, saturday_stay_required, minimum_stay, maximum_stay, application, no_discounts)
Table: state(state_code, state_name, country_name)
Table: time_interval(period, begin_time, end_time)
Table: time_zone(time_zone_code, time_zone_name, hours_from_gmt)

Example:
Question: which airports serve boston
SQL: SELECT DISTINCT airport_code FROM airport_service JOIN city ON airport_service.city_code = city.city_code WHERE city.city_name = 'BOSTON';"
atis,hard,i need the flights from WASHINGTON to MONTREAL on a SATURDAY,"SELECT DISTINCT FLIGHTalias0.FLIGHT_ID FROM AIRPORT_SERVICE AS AIRPORT_SERVICEalias0 , AIRPORT_SERVICE AS AIRPORT_SERVICEalias1 , CITY AS CITYalias0 , CITY AS CITYalias1 , DAYS AS DAYSalias0 , FLIGHT AS FLIGHTalias0 WHERE ( CITYalias1.CITY_CODE = AIRPORT_SERVICEalias1.CITY_CODE AND CITYalias1.CITY_NAME = ""MONTREAL"" AND DAYSalias0.DAY_NAME = ""SATURDAY"" AND FLIGHTalias0.FLIGHT_DAYS = DAYSalias0.DAYS_CODE AND FLIGHTalias0.TO_AIRPORT = AIRPORT_SERVICEalias1.AIRPORT_CODE ) AND CITYalias0.CITY_CODE = AIRPORT_SERVICEalias0.CITY_CODE AND CITYalias0.CITY_NAME = ""WASHINGTON"" AND FLIGHTalias0.FROM_AIRPORT = AIRPORT_SERVICEalias0.AIRPORT_CODE ;","Table: aircraft(aircraft_code, aircraft_description, manufacturer, basic_type, engines, propulsion, wide_body, wing_span, length, weight, capacity, pay_load, cruising_speed, range_miles, pressurized)
Table: airline(airline_code, airline_name, note)
Table: airport(airport_code, airport_name, airport_location, state_code, country_name, time_zone_code, minimum_connect_time)
Table: airport_service(city_code, airport_code, miles_distant, direction, minutes_distant)
Table: city(city_code, city_name, state_code, country_name, time_zone_code)
Table: class_of_service(booking_class, rank, class_description)
Table: code_description(code, description)
Table: compartment_class(compartment, class_type)
Table: date_day(month_number, day_number, year, day_name)
Table: days(days_code, day_name)
Table: dual_carrier(main_airline, low_flight_number, high_flight_number, dual_airline, service_name)
Table: equipment_sequence(aircraft_code_sequence, aircraft_code)
Table: fare(fare_id, from_airport, to_airport, fare_basis_code, fare_airline, restriction_code, one_direction_cost, round_trip_cost, round_trip_required)
Table: fare_basis(fare_basis_code, booking_class, class_type, premium, economy, discounted, night, season, basis_days)
Table: flight(flight_id, flight_days, from_airport, to_airport, departure_time, arrival_time, airline_flight, airline_code, flight_number, aircraft_code_sequence, meal_code, stops, connections, dual_carrier, time_elapsed)
Table: flight_fare(flight_id, fare_id)
Table: flight_leg(flight_id, leg_number, leg_flight)
Table: flight_stop(flight_id, stop_number, stop_days, stop_airport, arrival_time, arrival_airline, arrival_flight_number, departure_time, departure_airline, departure_flight_number, stop_time)
Table: food_service(meal_code, meal_number, compartment, meal_description)
Table: ground_service(city_code, airport_code, transport_type, ground_fare)
Table: month(month_number, month_name)
Table: restriction(restriction_code, advance_purchase, stopovers, saturday_stay_required, minimum_stay, maximum_stay, application, no_discounts)
Table: state(state_code, state_name, country_name)
Table: time_interval(period, begin_time, end_time)
Table: time_zone(time_zone_code, time_zone_name, hours_from_gmt)

Example:
Question: which airports serve boston
SQL: SELECT DISTINCT airport_code FROM airport_service JOIN city ON airport_service.city_code = city.city_code WHERE city.city_name = 'BOSTON';"
atis,hard,give me flights from SEATTLE to CHICAGO that have meals on CO,"SELECT DISTINCT FLIGHTalias0.FLIGHT_ID FROM FLIGHT AS FLIGHTalias0 WHERE ( ( ( FLIGHTalias0.MEAL_CODE IN ( SELECT FOOD_SERVICEalias0.MEAL_CODE FROM FOOD_SERVICE AS FOOD_SERVICEalias0 ) AND FLIGHTalias0.TO_AIRPORT IN ( SELECT AIRPORT_SERVICEalias1.AIRPORT_CODE FROM AIRPORT_SERVICE AS AIRPORT_SERVICEalias1 WHERE AIRPORT_SERVICEalias1.CITY_CODE IN ( SELECT CITYalias1.CITY_CODE FROM CITY AS CITYalias1 WHERE CITYalias1.CITY_NAME = ""CHICAGO"" ) ) ) AND FLIGHTalias0.FROM_AIRPORT IN ( SELECT AIRPORT_SERVICEalias0.AIRPORT_CODE FROM AIRPORT_SERVICE AS AIRPORT_SERVICEalias0 WHERE AIRPORT_SERVICEalias0.CITY_CODE IN ( SELECT CITYalias0.CITY_CODE FROM CITY AS CITYalias0 WHERE CITYalias0.CITY_NAME = ""SEATTLE"" ) ) ) AND FLIGHTalias0.AIRLINE_CODE = ""CO"" ) ;","Table: aircraft(aircraft_code, aircraft_description, manufacturer, basic_type, engines, propulsion, wide_body, wing_span, length, weight, capacity, pay_load, cruising_speed, range_miles, pressurized)
Table: airline(airline_code, airline_name, note)
Table: airport(airport_code, airport_name, airport_location, state_code, country_name, time_zone_code, minimum_connect_time)
Table: airport_service(city_code, airport_code, miles_distant, direction, minutes_distant)
Table: city(city_code, city_name, state_code, country_name, time_zone_code)
Table: class_of_service(booking_class, rank, class_description)
Table: code_description(code, description)
Table: compartment_class(compartment, class_type)
Table: date_day(month_number, day_number, year, day_name)
Table: days(days_code, day_name)
Table: dual_carrier(main_airline, low_flight_number, high_flight_number, dual_airline, service_name)
Table: equipment_sequence(aircraft_code_sequence, aircraft_code)
Table: fare(fare_id, from_airport, to_airport, fare_basis_code, fare_airline, restriction_code, one_direction_cost, round_trip_cost, round_trip_required)
Table: fare_basis(fare_basis_code, booking_class, class_type, premium, economy, discounted, night, season, basis_days)
Table: flight(flight_id, flight_days, from_airport, to_airport, departure_time, arrival_time, airline_flight, airline_code, flight_number, aircraft_code_sequence, meal_code, stops, connections, dual_carrier, time_elapsed)
Table: flight_fare(flight_id, fare_id)
Table: flight_leg(flight_id, leg_number, leg_flight)
Table: flight_stop(flight_id, stop_number, stop_days, stop_airport, arrival_time, arrival_airline, arrival_flight_number, departure_time, departure_airline, departure_flight_number, stop_time)
Table: food_service(meal_code, meal_number, compartment, meal_description)
Table: ground_service(city_code, airport_code, transport_type, ground_fare)
Table: month(month_number, month_name)
Table: restriction(restriction_code, advance_purchase, stopovers, saturday_stay_required, minimum_stay, maximum_stay, application, no_discounts)
Table: state(state_code, state_name, country_name)
Table: time_interval(period, begin_time, end_time)
Table: time_zone(time_zone_code, time_zone_name, hours_from_gmt)

Example:
Question: which airports serve boston
SQL: SELECT DISTINCT airport_code FROM airport_service JOIN city ON airport_service.city_code = city.city_code WHERE city.city_name = 'BOSTON';"
atis,hard,what flights are there on DL from BOSTON to DALLAS,"SELECT DISTINCT FLIGHTalias0.FLIGHT_ID FROM AIRPORT_SERVICE AS AIRPORT_SERVICEalias0 , AIRPORT_SERVICE AS AIRPORT_SERVICEalias1 , CITY AS CITYalias0 , CITY AS CITYalias1 , FLIGHT AS FLIGHTalias0 WHERE ( CITYalias0.CITY_CODE = AIRPORT_SERVICEalias0.CITY_CODE AND CITYalias0.CITY_NAME = ""DALLAS"" AND CITYalias1.CITY_CODE = AIRPORT_SERVICEalias1.CITY_CODE AND CITYalias1.CITY_NAME = ""BOSTON"" AND FLIGHTalias0.TO_AIRPORT = AIRPORT_SERVICEalias0.AIRPORT_CODE AND FLIGHTalias0.FROM_AIRPORT = AIRPORT_SERVICEalias1.AIRPORT_CODE ) AND FLIGHTalias0.AIRLINE_CODE = ""DL"" ;","Table: aircraft(aircraft_code, aircraft_description, manufacturer, basic_type, engines, propulsion, wide_body, wing_span, length, weight, capacity, pay_load, cruising_speed, range_miles, pressurized)
Table: airline(airline_code, airline_name, note)
Table: airport(airport_code, airport_name, airport_location, state_code, country_name, time_zone_code, minimum_connect_time)
Table: airport_service(city_code, airport_code, miles_distant, direction, minutes_distant)
Table: city(city_code, city_name, state_code, country_name, time_zone_code)
Table: class_of_service(booking_class, rank, class_description)
Table: code_description(code, description)
Table: compartment_class(compartment, class_type)
Table: date_day(month_number, day_number, year, day_name)
Table: days(days_code, day_name)
Table: dual_carrier(main_airline, low_flight_number, high_flight_number, dual_airline, service_name)
Table: equipment_sequence(aircraft_code_sequence, aircraft_code)
Table: fare(fare_id, from_airport, to_airport, fare_basis_code, fare_airline, restriction_code, one_direction_cost, round_trip_cost, round_trip_required)
Table: fare_basis(fare_basis_code, booking_class, class_type, premium, economy, discounted, night, season, basis_days)
Table: flight(flight_id, flight_days, from_airport, to_airport, departure_time, arrival_time, airline_flight, airline_code, flight_number, aircraft_code_sequence, meal_code, stops, connections, dual_carrier, time_elapsed)
Table: flight_fare(flight_id, fare_id)
Table: flight_leg(flight_id, leg_number, leg_flight)
Table: flight_stop(flight_id, stop_number, stop_days, stop_airport, arrival_time, arrival_airline, arrival_flight_number, departure_time, departure_airline, departure_flight_number, stop_time)
Table: food_service(meal_code, meal_number, compartment, meal_description)
Table: ground_service(city_code, airport_code, transport_type, ground_fare)
Table: month(month_number, month_name)
Table: restriction(restriction_code, advance_purchase, stopovers, saturday_stay_required, minimum_stay, maximum_stay, application, no_discounts)
Table: state(state_code, state_name, country_name)
Table: time_interval(period, begin_time, end_time)
Table: time_zone(time_zone_code, time_zone_name, hours_from_gmt)

Example:
Question: which airports serve boston
SQL: SELECT DISTINCT airport_code FROM airport_service JOIN city ON airport_service.city_code = city.city_code WHERE city.city_name = 'BOSTON';"
atis,hard,show flights from DENVER to SAN FRANCISCO,"SELECT DISTINCT FLIGHTalias0.FLIGHT_ID FROM AIRPORT_SERVICE AS AIRPORT_SERVICEalias0 , AIRPORT_SERVICE AS AIRPORT_SERVICEalias1 , CITY AS CITYalias0 , CITY AS CITYalias1 , FLIGHT AS FLIGHTalias0 WHERE CITYalias0.CITY_CODE = AIRPORT_SERVICEalias0.CITY_CODE AND CITYalias0.CITY_NAME = ""DENVER"" AND CITYalias1.CITY_CODE = AIRPORT_SERVICEalias1.CITY_CODE AND CITYalias1.CITY_NAME = ""SAN FRANCISCO"" AND FLIGHTalias0.FROM_AIRPORT = AIRPORT_SERVICEalias0.AIRPORT_CODE AND FLIGHTalias0.TO_AIRPORT = AIRPORT_SERVICEalias1.AIRPORT_CODE ;","Table: aircraft(aircraft_code, aircraft_description, manufacturer, basic_type, engines, propulsion, wide_body, wing_span, length, weight, capacity, pay_load, cruising_speed, range_miles, pressurized)
Table: airline(airline_code, airline_name, note)
Table: airport(airport_code, airport_name, airport_location, state_code, country_name, time_zone_code, minimum_connect_time)
Table: airport_service(city_code, airport_code, miles_distant, direction, minutes_distant)
Table: city(city_code, city_name, state_code, country_name, time_zone_code)
Table: class_of_service(booking_class, rank, class_description)
Table: code_description(code, description)
Table: compartment_class(compartment, class_type)
Table: date_day(month_number, day_number, year, day_name)
Table: days(days_code, day_name)
Table: dual_carrier(main_airline, low_flight_number, high_flight_number, dual_airline, service_name)
Table: equipment_sequence(aircraft_code_sequence, aircraft_code)
Table: fare(fare_id, from_airport, to_airport, fare_basis_code, fare_airline, restriction_code, one_direction_cost, round_trip_cost, round_trip_required)
Table: fare_basis(fare_basis_code, booking_class, class_type, premium, economy, discounted, night, season, basis_days)
Table: flight(flight_id, flight_days, from_airport, to_airport, departure_time, arrival_time, airline_flight, airline_code, flight_number, aircraft_code_sequence, meal_code, stops, connections, dual_carrier, time_elapsed)
Table: flight_fare(flight_id, fare_id)
Table: flight_leg(flight_id, leg_number, leg_flight)
Table: flight_stop(flight_id, stop_number, stop_days, stop_airport, arrival_time, arrival_airline, arrival_flight_number, departure_time, departure_airline, departure_flight_number, stop_time)
Table: food_service(meal_code, meal_number, compartment, meal_description)
Table: ground_service(city_code, airport_code, transport_type, ground_fare)
Table: month(month_number, month_name)
Table: restriction(restriction_code, advance_purchase, stopovers, saturday_stay_required, minimum_stay, maximum_stay, application, no_discounts)
Table: state(state_code, state_name, country_name)
Table: time_interval(period, begin_time, end_time)
Table: time_zone(time_zone_code, time_zone_name, hours_from_gmt)

Example:
Question: which airports serve boston
SQL: SELECT DISTINCT airport_code FROM airport_service JOIN city ON airport_service.city_code = city.city_code WHERE city.city_name = 'BOSTON';"
atis,hard,flights from PHOENIX to MILWAUKEE on wednesday evening,"SELECT DISTINCT FLIGHTalias0.FLIGHT_ID FROM AIRPORT_SERVICE AS AIRPORT_SERVICEalias0 , AIRPORT_SERVICE AS AIRPORT_SERVICEalias1 , CITY AS CITYalias0 , CITY AS CITYalias1 , DATE_DAY AS DATE_DAYalias0 , DAYS AS DAYSalias0 , FLIGHT AS FLIGHTalias0 WHERE ( ( CITYalias1.CITY_CODE = AIRPORT_SERVICEalias1.CITY_CODE AND CITYalias1.CITY_NAME = ""MILWAUKEE"" AND DATE_DAYalias0.DAY_NUMBER = 23 AND DATE_DAYalias0.MONTH_NUMBER = 4 AND DATE_DAYalias0.YEAR = 1991 AND DAYSalias0.DAY_NAME = DATE_DAYalias0.DAY_NAME AND FLIGHTalias0.FLIGHT_DAYS = DAYSalias0.DAYS_CODE AND FLIGHTalias0.TO_AIRPORT = AIRPORT_SERVICEalias1.AIRPORT_CODE ) AND CITYalias0.CITY_CODE = AIRPORT_SERVICEalias0.CITY_CODE AND CITYalias0.CITY_NAME = ""PHOENIX"" AND FLIGHTalias0.FROM_AIRPORT = AIRPORT_SERVICEalias0.AIRPORT_CODE ) AND FLIGHTalias0.DEPARTURE_TIME BETWEEN 1800 AND 2200 ;","Table: aircraft(aircraft_code, aircraft_description, manufacturer, basic_type, engines, propulsion, wide_body, wing_span, length, weight, capacity, pay_load, cruising_speed, range_miles, pressurized)
Table: airline(airline_code, airline_name, note)
Table: airport(airport_code, airport_name, airport_location, state_code, country_name, time_zone_code, minimum_connect_time)
Table: airport_service(city_code, airport_code, miles_distant, direction, minutes_distant)
Table: city(city_code, city_name, state_code, country_name, time_zone_code)
Table: class_of_service(booking_class, rank, class_description)
Table: code_description(code, description)
Table: compartment_class(compartment, class_type)
Table: date_day(month_number, day_number, year, day_name)
Table: days(days_code, day_name)
Table: dual_carrier(main_airline, low_flight_number, high_flight_number, dual_airline, service_name)
Table: equipment_sequence(aircraft_code_sequence, aircraft_code)
Table: fare(fare_id, from_airport, to_airport, fare_basis_code, fare_airline, restriction_code, one_direction_cost, round_trip_cost, round_trip_required)
Table: fare_basis(fare_basis_code, booking_class, class_type, premium, economy, discounted, night, season, basis_days)
Table: flight(flight_id, flight_days, from_airport, to_airport, departure_time, arrival_time, airline_flight, airline_code, flight_number, aircraft_code_sequence, meal_code, stops, connections, dual_carrier, time_elapsed)
Table: flight_fare(flight_id, fare_id)
Table: flight_leg(flight_id, leg_number, leg_flight)
Table: flight_stop(flight_id, stop_number, stop_days, stop_airport, arrival_time, arrival_airline, arrival_flight_number, departure_time, departure_airline, departure_flight_number, stop_time)
Table: food_service(meal_code, meal_number, compartment, meal_description)
Table: ground_service(city_code, airport_code, transport_type, ground_fare)
Table: month(month_number, month_name)
Table: restriction(restriction_code, advance_purchase, stopovers, saturday_stay_required, minimum_stay, maximum_stay, application, no_discounts)
Table: state(state_code, state_name, country_name)
Table: time_interval(period, begin_time, end_time)
Table: time_zone(time_zone_code, time_zone_name, hours_from_gmt)

Example:
Question: which airports serve boston
SQL: SELECT DISTINCT airport_code FROM airport_service JOIN city ON airport_service.city_code = city.city_code WHERE city.city_name = 'BOSTON';"
atis,hard,show all flights from MIAMI to JFK,"SELECT DISTINCT FLIGHTalias0.FLIGHT_ID FROM AIRPORT AS AIRPORTalias0 , AIRPORT_SERVICE AS AIRPORT_SERVICEalias0 , CITY AS CITYalias0 , FLIGHT AS FLIGHTalias0 WHERE AIRPORTalias0.AIRPORT_CODE = ""JFK"" AND CITYalias0.CITY_CODE = AIRPORT_SERVICEalias0.CITY_CODE AND CITYalias0.CITY_NAME = ""MIAMI"" AND FLIGHTalias0.FROM_AIRPORT = AIRPORT_SERVICEalias0.AIRPORT_CODE AND FLIGHTalias0.TO_AIRPORT = AIRPORTalias0.AIRPORT_CODE ;","Table: aircraft(aircraft_code, aircraft_description, manufacturer, basic_type, engines, propulsion, wide_body, wing_span, length, weight, capacity, pay_load, cruising_speed, range_miles, pressurized)
Table: airline(airline_code, airline_name, note)
Table: airport(airport_code, airport_name, airport_location, state_code, country_name, time_zone_code, minimum_connect_time)
Table: airport_service(city_code, airport_code, miles_distant, direction, minutes_distant)
Table: city(city_code, city_name, state_code, country_name, time_zone_code)
Table: class_of_service(booking_class, rank, class_description)
Table: code_description(code, description)
Table: compartment_class(compartment, class_type)
Table: date_day(month_number, day_number, year, day_name)
Table: days(days_code, day_name)
Table: dual_carrier(main_airline, low_flight_number, high_flight_number, dual_airline, service_name)
Table: equipment_sequence(aircraft_code_sequence, aircraft_code)
Table: fare(fare_id, from_airport, to_airport, fare_basis_code, fare_airline, restriction_code, one_direction_cost, round_trip_cost, round_trip_required)
Table: fare_basis(fare_basis_code, booking_class, class_type, premium, economy, discounted, night, season, basis_days)
Table: flight(flight_id, flight_days, from_airport, to_airport, departure_time, arrival_time, airline_flight, airline_code, flight_number, aircraft_code_sequence, meal_code, stops, connections, dual_carrier, time_elapsed)
Table: flight_fare(flight_id, fare_id)
Table: flight_leg(flight_id, leg_number, leg_flight)
Table: flight_stop(flight_id, stop_number, stop_days, stop_airport, arrival_time, arrival_airline, arrival_flight_number, departure_time, departure_airline, departure_flight_number, stop_time)
Table: food_service(meal_code, meal_number, compartment, meal_description)
Table: ground_service(city_code, airport_code, transport_type, ground_fare)
Table: month(month_number, month_name)
Table: restriction(restriction_code, advance_purchase, stopovers, saturday_stay_required, minimum_stay, maximum_stay, application, no_discounts)
Table: state(state_code, state_name, country_name)
Table: time_interval(period, begin_time, end_time)
Table: time_zone(time_zone_code, time_zone_name, hours_from_gmt)

Example:
Question: which airports serve boston
SQL: SELECT DISTINCT airport_code FROM airport_service JOIN city ON airport_service.city_code = city.city_code WHERE city.city_name = 'BOSTON';"
atis,hard,show me the last flight available in the evening from BOSTON to WASHINGTON on 7 21,"SELECT DISTINCT FLIGHTalias0.FLIGHT_ID FROM AIRPORT_SERVICE AS AIRPORT_SERVICEalias0 , AIRPORT_SERVICE AS AIRPORT_SERVICEalias1 , CITY AS CITYalias0 , CITY AS CITYalias1 , DATE_DAY AS DATE_DAYalias0 , DAYS AS DAYSalias0 , FLIGHT AS FLIGHTalias0 WHERE ( ( ( CITYalias1.CITY_CODE = AIRPORT_SERVICEalias1.CITY_CODE AND CITYalias1.CITY_NAME = ""WASHINGTON"" AND DATE_DAYalias0.DAY_NUMBER = 21 AND DATE_DAYalias0.MONTH_NUMBER = 7 AND DATE_DAYalias0.YEAR = 1991 AND DAYSalias0.DAY_NAME = DATE_DAYalias0.DAY_NAME AND FLIGHTalias0.FLIGHT_DAYS = DAYSalias0.DAYS_CODE AND FLIGHTalias0.TO_AIRPORT = AIRPORT_SERVICEalias1.AIRPORT_CODE ) AND CITYalias0.CITY_CODE = AIRPORT_SERVICEalias0.CITY_CODE AND CITYalias0.CITY_NAME = ""BOSTON"" AND FLIGHTalias0.FROM_AIRPORT = AIRPORT_SERVICEalias0.AIRPORT_CODE ) AND FLIGHTalias0.DEPARTURE_TIME BETWEEN 1800 AND 2200 ) AND FLIGHTalias0.DEPARTURE_TIME = ( SELECT MAX( FLIGHTalias1.DEPARTURE_TIME ) FROM AIRPORT_SERVICE AS AIRPORT_SERVICEalias2 , AIRPORT_SERVICE AS AIRPORT_SERVICEalias3 , CITY AS CITYalias2 , CITY AS CITYalias3 , DATE_DAY AS DATE_DAYalias1 , DAYS AS DAYSalias1 , FLIGHT AS FLIGHTalias1 WHERE ( ( CITYalias3.CITY_CODE = AIRPORT_SERVICEalias3.CITY_CODE AND CITYalias3.CITY_NAME = ""WASHINGTON"" AND DATE_DAYalias1.DAY_NUMBER = 21 AND DATE_DAYalias1.MONTH_NUMBER = 7 AND DATE_DAYalias1.YEAR = 1991 AND DAYSalias1.DAY_NAME = DATE_DAYalias1.DAY_NAME AND FLIGHTalias1.FLIGHT_DAYS = DAYSalias1.DAYS_CODE AND FLIGHTalias1.TO_AIRPORT = AIRPORT_SERVICEalias3.AIRPORT_CODE ) AND CITYalias2.CITY_CODE = AIRPORT_SERVICEalias2.CITY_CODE AND CITYalias2.CITY_NAME = ""BOSTON"" AND FLIGHTalias1.FROM_AIRPORT = AIRPORT_SERVICEalias2.AIRPORT_CODE ) AND FLIGHTalias1.DEPARTURE_TIME BETWEEN 1800 AND 2200 ) ;","Table: aircraft(aircraft_code, aircraft_description, manufacturer, basic_type, engines, propulsion, wide_body, wing_span, length, weight, capacity, pay_load, cruising_speed, range_miles, pressurized)
Table: airline(airline_code, airline_name, note)
Table: airport(airport_code, airport_name, airport_location, state_code, country_name, time_zone_code, minimum_connect_time)
Table: airport_service(city_code, airport_code, miles_distant, direction, minutes_distant)
Table: city(city_code, city_name, state_code, country_name, time_zone_code)
Table: class_of_service(booking_class, rank, class_description)
Table: code_description(code, description)
Table: compartment_class(compartment, class_type)
Table: date_day(month_number, day_number, year, day_name)
Table: days(days_code, day_name)
Table: dual_carrier(main_airline, low_flight_number, high_flight_number, dual_airline, service_name)
Table: equipment_sequence(aircraft_code_sequence, aircraft_code)
Table: fare(fare_id, from_airport, to_airport, fare_basis_code, fare_airline, restriction_code, one_direction_cost, round_trip_cost, round_trip_required)
Table: fare_basis(fare_basis_code, booking_class, class_type, premium, economy, discounted, night, season, basis_days)
Table: flight(flight_id, flight_days, from_airport, to_airport, departure_time, arrival_time, airline_flight, airline_code, flight_number, aircraft_code_sequence, meal_code, stops, connections, dual_carrier, time_elapsed)
Table: flight_fare(flight_id, fare_id)
Table: flight_leg(flight_id, leg_number, leg_flight)
Table: flight_stop(flight_id, stop_number, stop_days, stop_airport, arrival_time, arrival_airline, arrival_flight_number, departure_time, departure_airline, departure_flight_number, stop_time)
Table: food_service(meal_code, meal_number, compartment, meal_description)
Table: ground_service(city_code, airport_code, transport_type, ground_fare)
Table: month(month_number, month_name)
Table: restriction(restriction_code, advance_purchase, stopovers, saturday_stay_required, minimum_stay, maximum_stay, application, no_discounts)
Table: state(state_code, state_name, country_name)
Table: time_interval(period, begin_time, end_time)
Table: time_zone(time_zone_code, time_zone_name, hours_from_gmt)

Example:
Question: which airports serve boston
SQL: SELECT DISTINCT airport_code FROM airport_service JOIN city ON airport_service.city_code = city.city_code WHERE city.city_name = 'BOSTON';"
atis,hard,show me all flights from PITTSBURGH which leave tomorrow and arrive in BOSTON,"SELECT DISTINCT FLIGHTalias0.FLIGHT_ID FROM AIRPORT_SERVICE AS AIRPORT_SERVICEalias0 , AIRPORT_SERVICE AS AIRPORT_SERVICEalias1 , CITY AS CITYalias0 , CITY AS CITYalias1 , DATE_DAY AS DATE_DAYalias0 , DAYS AS DAYSalias0 , FLIGHT AS FLIGHTalias0 WHERE ( CITYalias1.CITY_CODE = AIRPORT_SERVICEalias1.CITY_CODE AND CITYalias1.CITY_NAME = ""BOSTON"" AND DATE_DAYalias0.DAY_NUMBER = 20 AND DATE_DAYalias0.MONTH_NUMBER = 1 AND DATE_DAYalias0.YEAR = 1991 AND DAYSalias0.DAY_NAME = DATE_DAYalias0.DAY_NAME AND FLIGHTalias0.FLIGHT_DAYS = DAYSalias0.DAYS_CODE AND FLIGHTalias0.TO_AIRPORT = AIRPORT_SERVICEalias1.AIRPORT_CODE ) AND CITYalias0.CITY_CODE = AIRPORT_SERVICEalias0.CITY_CODE AND CITYalias0.CITY_NAME = ""PITTSBURGH"" AND FLIGHTalias0.FROM_AIRPORT = AIRPORT_SERVICEalias0.AIRPORT_CODE ;","Table: aircraft(aircraft_code, aircraft_description, manufacturer, basic_type, engines, propulsion, wide_body, wing_span, length, weight, capacity, pay_load, cruising_speed, range_miles, pressurized)
Table: airline(airline_code, airline_name, note)
Table: airport(airport_code, airport_name, airport_location, state_code, country_name, time_zone_code, minimum_connect_time)
Table: airport_service(city_code, airport_code, miles_distant, direction, minutes_distant)
Table: city(city_code, city_name, state_code, country_name, time_zone_code)
Table: class_of_service(booking_class, rank, class_description)
Table: code_description(code, description)
Table: compartment_class(compartment, class_type)
Table: date_day(month_number, day_number, year, day_name)
Table: days(days_code, day_name)
Table: dual_carrier(main_airline, low_flight_number, high_flight_number, dual_airline, service_name)
Table: equipment_sequence(aircraft_code_sequence, aircraft_code)
Table: fare(fare_id, from_airport, to_airport, fare_basis_code, fare_airline, restriction_code, one_direction_cost, round_trip_cost, round_trip_required)
Table: fare_basis(fare_basis_code, booking_class, class_type, premium, economy, discounted, night, season, basis_days)
Table: flight(flight_id, flight_days, from_airport, to_airport, departure_time, arrival_time, airline_flight, airline_code, flight_number, aircraft_code_sequence, meal_code, stops, connections, dual_carrier, time_elapsed)
Table: flight_fare(flight_id, fare_id)
Table: flight_leg(flight_id, leg_number, leg_flight)
Table: flight_stop(flight_id, stop_number, stop_days, stop_airport, arrival_time, arrival_airline, arrival_flight_number, departure_time, departure_airline, departure_flight_number, stop_time)
Table: food_service(meal_code, meal_number, compartment, meal_description)
Table: ground_service(city_code, airport_code, transport_type, ground_fare)
Table: month(month_number, month_name)
Table: restriction(restriction_code, advance_purchase, stopovers, saturday_stay_required, minimum_stay, maximum_stay, application, no_discounts)
Table: state(state_code, state_name, country_name)
Table: time_interval(period, begin_time, end_time)
Table: time_zone(time_zone_code, time_zone_name, hours_from_gmt)

Example:
Question: which airports serve boston
SQL: SELECT DISTINCT airport_code FROM airport_service JOIN city ON airport_service.city_code = city.city_code WHERE city.city_name = 'BOSTON';"
atis,hard,what about flights from BOSTON to SAN DIEGO,"SELECT DISTINCT FLIGHTalias0.FLIGHT_ID FROM AIRPORT_SERVICE AS AIRPORT_SERVICEalias0 , AIRPORT_SERVICE AS AIRPORT_SERVICEalias1 , CITY AS CITYalias0 , CITY AS CITYalias1 , FLIGHT AS FLIGHTalias0 WHERE CITYalias0.CITY_CODE = AIRPORT_SERVICEalias0.CITY_CODE AND CITYalias0.CITY_NAME = ""BOSTON"" AND CITYalias1.CITY_CODE = AIRPORT_SERVICEalias1.CITY_CODE AND CITYalias1.CITY_NAME = ""SAN DIEGO"" AND FLIGHTalias0.FROM_AIRPORT = AIRPORT_SERVICEalias0.AIRPORT_CODE AND FLIGHTalias0.TO_AIRPORT = AIRPORT_SERVICEalias1.AIRPORT_CODE ;","Table: aircraft(aircraft_code, aircraft_description, manufacturer, basic_type, engines, propulsion, wide_body, wing_span, length, weight, capacity, pay_load, cruising_speed, range_miles, pressurized)
Table: airline(airline_code, airline_name, note)
Table: airport(airport_code, airport_name, airport_location, state_code, country_name, time_zone_code, minimum_connect_time)
Table: airport_service(city_code, airport_code, miles_distant, direction, minutes_distant)
Table: city(city_code, city_name, state_code, country_name, time_zone_code)
Table: class_of_service(booking_class, rank, class_description)
Table: code_description(code, description)
Table: compartment_class(compartment, class_type)
Table: date_day(month_number, day_number, year, day_name)
Table: days(days_code, day_name)
Table: dual_carrier(main_airline, low_flight_number, high_flight_number, dual_airline, service_name)
Table: equipment_sequence(aircraft_code_sequence, aircraft_code)
Table: fare(fare_id, from_airport, to_airport, fare_basis_code, fare_airline, restriction_code, one_direction_cost, round_trip_cost, round_trip_required)
Table: fare_basis(fare_basis_code, booking_class, class_type, premium, economy, discounted, night, season, basis_days)
Table: flight(flight_id, flight_days, from_airport, to_airport, departure_time, arrival_time, airline_flight, airline_code, flight_number, aircraft_code_sequence, meal_code, stops, connections, dual_carrier, time_elapsed)
Table: flight_fare(flight_id, fare_id)
Table: flight_leg(flight_id, leg_number, leg_flight)
Table: flight_stop(flight_id, stop_number, stop_days, stop_airport, arrival_time, arrival_airline, arrival_flight_number, departure_time, departure_airline, departure_flight_number, stop_time)
Table: food_service(meal_code, meal_number, compartment, meal_description)
Table: ground_service(city_code, airport_code, transport_type, ground_fare)
Table: month(month_number, month_name)
Table: restriction(restriction_code, advance_purchase, stopovers, saturday_stay_required, minimum_stay, maximum_stay, application, no_discounts)
Table: state(state_code, state_name, country_name)
Table: time_interval(period, begin_time, end_time)
Table: time_zone(time_zone_code, time_zone_name, hours_from_gmt)

Example:
Question: which airports serve boston
SQL: SELECT DISTINCT airport_code FROM airport_service JOIN city ON airport_service.city_code = city.city_code WHERE city.city_name = 'BOSTON';"
atis,hard,SAN FRANCISCO to DENVER tuesday,"SELECT DISTINCT FLIGHTalias0.FLIGHT_ID FROM AIRPORT_SERVICE AS AIRPORT_SERVICEalias0 , AIRPORT_SERVICE AS AIRPORT_SERVICEalias1 , CITY AS CITYalias0 , CITY AS CITYalias1 , DATE_DAY AS DATE_DAYalias0 , DAYS AS DAYSalias0 , FLIGHT AS FLIGHTalias0 WHERE ( CITYalias1.CITY_CODE = AIRPORT_SERVICEalias1.CITY_CODE AND CITYalias1.CITY_NAME = ""DENVER"" AND DATE_DAYalias0.DAY_NUMBER = 22 AND DATE_DAYalias0.MONTH_NUMBER = 3 AND DATE_DAYalias0.YEAR = 1991 AND DAYSalias0.DAY_NAME = DATE_DAYalias0.DAY_NAME AND FLIGHTalias0.FLIGHT_DAYS = DAYSalias0.DAYS_CODE AND FLIGHTalias0.TO_AIRPORT = AIRPORT_SERVICEalias1.AIRPORT_CODE ) AND CITYalias0.CITY_CODE = AIRPORT_SERVICEalias0.CITY_CODE AND CITYalias0.CITY_NAME = ""SAN FRANCISCO"" AND FLIGHTalias0.FROM_AIRPORT = AIRPORT_SERVICEalias0.AIRPORT_CODE ;","Table: aircraft(aircraft_code, aircraft_description, manufacturer, basic_type, engines, propulsion, wide_body, wing_span, length, weight, capacity, pay_load, cruising_speed, range_miles, pressurized)
Table: airline(airline_code, airline_name, note)
Table: airport(airport_code, airport_name, airport_location, state_code, country_name, time_zone_code, minimum_connect_time)
Table: airport_service(city_code, airport_code, miles_distant, direction, minutes_distant)
Table: city(city_code, city_name, state_code, country_name, time_zone_code)
Table: class_of_service(booking_class, rank, class_description)
Table: code_description(code, description)
Table: compartment_class(compartment, class_type)
Table: date_day(month_number, day_number, year, day_name)
Table: days(days_code, day_name)
Table: dual_carrier(main_airline, low_flight_number, high_flight_number, dual_airline, service_name)
Table: equipment_sequence(aircraft_code_sequence, aircraft_code)
Table: fare(fare_id, from_airport, to_airport, fare_basis_code, fare_airline, restriction_code, one_direction_cost, round_trip_cost, round_trip_required)
Table: fare_basis(fare_basis_code, booking_class, class_type, premium, economy, discounted, night, season, basis_days)
Table: flight(flight_id, flight_days, from_airport, to_airport, departure_time, arrival_time, airline_flight, airline_code, flight_number, aircraft_code_sequence, meal_code, stops, connections, dual_carrier, time_elapsed)
Table: flight_fare(flight_id, fare_id)
Table: flight_leg(flight_id, leg_number, leg_flight)
Table: flight_stop(flight_id, stop_number, stop_days, stop_airport, arrival_time, arrival_airline, arrival_flight_number, departure_time, departure_airline, departure_flight_number, stop_time)
Table: food_service(meal_code, meal_number, compartment, meal_description)
Table: ground_service(city_code, airport_code, transport_type, ground_fare)
Table: month(month_number, month_name)
Table: restriction(restriction_code, advance_purchase, stopovers, saturday_stay_required, minimum_stay, maximum_stay, application, no_discounts)
Table: state(state_code, state_name, country_name)
Table: time_interval(period, begin_time, end_time)
Table: time_zone(time_zone_code, time_zone_name, hours_from_gmt)

Example:
Question: which airports serve boston
SQL: SELECT DISTINCT airport_code FROM airport_service JOIN city ON airport_service.city_code = city.city_code WHERE city.city_name = 'BOSTON';"
atis,hard,show me the flight schedule from PITTSBURGH to SAN FRANCISCO,"SELECT DISTINCT FLIGHTalias0.ARRIVAL_TIME , FLIGHTalias0.DEPARTURE_TIME FROM AIRPORT_SERVICE AS AIRPORT_SERVICEalias0 , AIRPORT_SERVICE AS AIRPORT_SERVICEalias1 , CITY AS CITYalias0 , CITY AS CITYalias1 , FLIGHT AS FLIGHTalias0 , FLIGHT AS FLIGHTalias1 , FLIGHT_LEG AS FLIGHT_LEGalias0 WHERE CITYalias0.CITY_CODE = AIRPORT_SERVICEalias0.CITY_CODE AND CITYalias0.CITY_NAME = ""PITTSBURGH"" AND CITYalias1.CITY_CODE = AIRPORT_SERVICEalias1.CITY_CODE AND CITYalias1.CITY_NAME = ""SAN FRANCISCO"" AND FLIGHTalias0.FLIGHT_ID = FLIGHT_LEGalias0.LEG_FLIGHT AND FLIGHTalias1.FLIGHT_ID = FLIGHT_LEGalias0.FLIGHT_ID AND FLIGHTalias1.FROM_AIRPORT = AIRPORT_SERVICEalias0.AIRPORT_CODE AND FLIGHTalias1.TO_AIRPORT = AIRPORT_SERVICEalias1.AIRPORT_CODE ;","Table: aircraft(aircraft_code, aircraft_description, manufacturer, basic_type, engines, propulsion, wide_body, wing_span, length, weight, capacity, pay_load, cruising_speed, range_miles, pressurized)
Table: airline(airline_code, airline_name, note)
Table: airport(airport_code, airport_name, airport_location, state_code, country_name, time_zone_code, minimum_connect_time)
Table: airport_service(city_code, airport_code, miles_distant, direction, minutes_distant)
Table: city(city_code, city_name, state_code, country_name, time_zone_code)
Table: class_of_service(booking_class, rank, class_description)
Table: code_description(code, description)
Table: compartment_class(compartment, class_type)
Table: date_day(month_number, day_number, year, day_name)
Table: days(days_code, day_name)
Table: dual_carrier(main_airline, low_flight_number, high_flight_number, dual_airline, service_name)
Table: equipment_sequence(aircraft_code_sequence, aircraft_code)
Table: fare(fare_id, from_airport, to_airport, fare_basis_code, fare_airline, restriction_code, one_direction_cost, round_trip_cost, round_trip_required)
Table: fare_basis(fare_basis_code, booking_class, class_type, premium, economy, discounted, night, season, basis_days)
Table: flight(flight_id, flight_days, from_airport, to_airport, departure_time, arrival_time, airline_flight, airline_code, flight_number, aircraft_code_sequence, meal_code, stops, connections, dual_carrier, time_elapsed)
Table: flight_fare(flight_id, fare_id)
Table: flight_leg(flight_id, leg_number, leg_flight)
Table: flight_stop(flight_id, stop_number, stop_days, stop_airport, arrival_time, arrival_airline, arrival_flight_number, departure_time, departure_airline, departure_flight_number, stop_time)
Table: food_service(meal_code, meal_number, compartment, meal_description)
Table: ground_service(city_code, airport_code, transport_type, ground_fare)
Table: month(month_number, month_name)
Table: restriction(restriction_code, advance_purchase, stopovers, saturday_stay_required, minimum_stay, maximum_stay, application, no_discounts)
Table: state(state_code, state_name, country_name)
Table: time_interval(period, begin_time, end_time)
Table: time_zone(time_zone_code, time_zone_name, hours_from_gmt)

Example:
Question: which airports serve boston
SQL: SELECT DISTINCT airport_code FROM airport_service JOIN city ON airport_service.city_code = city.city_code WHERE city.city_name = 'BOSTON';"
atis,hard,i would like to book an early morning flight from TAMPA FLORIDA to CHARLOTTE NORTH CAROLINA on 4 6,"SELECT DISTINCT FLIGHTalias0.FLIGHT_ID FROM AIRPORT_SERVICE AS AIRPORT_SERVICEalias0 , AIRPORT_SERVICE AS AIRPORT_SERVICEalias1 , CITY AS CITYalias0 , CITY AS CITYalias1 , DATE_DAY AS DATE_DAYalias0 , DAYS AS DAYSalias0 , FLIGHT AS FLIGHTalias0 , STATE AS STATEalias0 , STATE AS STATEalias1 WHERE ( ( CITYalias1.CITY_CODE = AIRPORT_SERVICEalias1.CITY_CODE AND CITYalias1.CITY_NAME = ""CHARLOTTE"" AND DATE_DAYalias0.DAY_NUMBER = 6 AND DATE_DAYalias0.MONTH_NUMBER = 4 AND DATE_DAYalias0.YEAR = 1991 AND DAYSalias0.DAY_NAME = DATE_DAYalias0.DAY_NAME AND FLIGHTalias0.FLIGHT_DAYS = DAYSalias0.DAYS_CODE AND FLIGHTalias0.TO_AIRPORT = AIRPORT_SERVICEalias1.AIRPORT_CODE AND STATEalias1.STATE_CODE = CITYalias1.STATE_CODE AND STATEalias1.STATE_NAME = ""NORTH CAROLINA"" ) AND CITYalias0.CITY_CODE = AIRPORT_SERVICEalias0.CITY_CODE AND CITYalias0.CITY_NAME = ""TAMPA"" AND FLIGHTalias0.FROM_AIRPORT = AIRPORT_SERVICEalias0.AIRPORT_CODE AND STATEalias0.STATE_CODE = CITYalias0.STATE_CODE AND STATEalias0.STATE_NAME = ""FLORIDA"" ) AND FLIGHTalias0.DEPARTURE_TIME BETWEEN 0 AND 800 ;","Table: aircraft(aircraft_code, aircraft_description, manufacturer, basic_type, engines, propulsion, wide_body, wing_span, length, weight, capacity, pay_load, cruising_speed, range_miles, pressurized)
Table: airline(airline_code, airline_name, note)
Table: airport(airport_code, airport_name, airport_location, state_code, country_name, time_zone_code, minimum_connect_time)
Table: airport_service(city_code, airport_code, miles_distant, direction, minutes_distant)
Table: city(city_code, city_name, state_code, country_name, time_zone_code)
Table: class_of_service(booking_class, rank, class_description)
Table: code_description(code, description)
Table: compartment_class(compartment, class_type)
Table: date_day(month_number, day_number, year, day_name)
Table: days(days_code, day_name)
Table: dual_carrier(main_airline, low_flight_number, high_flight_number, dual_airline, service_name)
Table: equipment_sequence(aircraft_code_sequence, aircraft_code)
Table: fare(fare_id, from_airport, to_airport, fare_basis_code, fare_airline, restriction_code, one_direction_cost, round_trip_cost, round_trip_required)
Table: fare_basis(fare_basis_code, booking_class, class_type, premium, economy, discounted, night, season, basis_days)
Table: flight(flight_id, flight_days, from_airport, to_airport, departure_time, arrival_time, airline_flight, airline_code, flight_number, aircraft_code_sequence, meal_code, stops, connections, dual_carrier, time_elapsed)
Table: flight_fare(flight_id, fare_id)
Table: flight_leg(flight_id, leg_number, leg_flight)
Table: flight_stop(flight_id, stop_number, stop_days, stop_airport, arrival_time, arrival_airline, arrival_flight_number, departure_time, departure_airline, departure_flight_number, stop_time)
Table: food_service(meal_code, meal_number, compartment, meal_description)
Table: ground_service(city_code, airport_code, transport_type, ground_fare)
Table: month(month_number, month_name)
Table: restriction(restriction_code, advance_purchase, stopovers, saturday_stay_required, minimum_stay, maximum_stay, application, no_discounts)
Table: state(state_code, state_name, country_name)
Table: time_interval(period, begin_time, end_time)
Table: time_zone(time_zone_code, time_zone_name, hours_from_gmt)

Example:
Question: which airports serve boston
SQL: SELECT DISTINCT airport_code FROM airport_service JOIN city ON airport_service.city_code = city.city_code WHERE city.city_name = 'BOSTON';"
atis,hard,all UA flights with stopovers in DENVER,"SELECT DISTINCT FLIGHTalias0.FLIGHT_ID FROM AIRPORT_SERVICE AS AIRPORT_SERVICEalias0 , CITY AS CITYalias0 , FLIGHT AS FLIGHTalias0 , FLIGHT_STOP AS FLIGHT_STOPalias0 WHERE CITYalias0.CITY_CODE = AIRPORT_SERVICEalias0.CITY_CODE AND CITYalias0.CITY_NAME = ""DENVER"" AND FLIGHT_STOPalias0.STOP_AIRPORT = AIRPORT_SERVICEalias0.AIRPORT_CODE AND FLIGHTalias0.AIRLINE_CODE = ""UA"" AND FLIGHTalias0.FLIGHT_ID = FLIGHT_STOPalias0.FLIGHT_ID ;","Table: aircraft(aircraft_code, aircraft_description, manufacturer, basic_type, engines, propulsion, wide_body, wing_span, length, weight, capacity, pay_load, cruising_speed, range_miles, pressurized)
Table: airline(airline_code, airline_name, note)
Table: airport(airport_code, airport_name, airport_location, state_code, country_name, time_zone_code, minimum_connect_time)
Table: airport_service(city_code, airport_code, miles_distant, direction, minutes_distant)
Table: city(city_code, city_name, state_code, country_name, time_zone_code)
Table: class_of_service(booking_class, rank, class_description)
Table: code_description(code, description)
Table: compartment_class(compartment, class_type)
Table: date_day(month_number, day_number, year, day_name)
Table: days(days_code, day_name)
Table: dual_carrier(main_airline, low_flight_number, high_flight_number, dual_airline, service_name)
Table: equipment_sequence(aircraft_code_sequence, aircraft_code)
Table: fare(fare_id, from_airport, to_airport, fare_basis_code, fare_airline, restriction_code, one_direction_cost, round_trip_cost, round_trip_required)
Table: fare_basis(fare_basis_code, booking_class, class_type, premium, economy, discounted, night, season, basis_days)
Table: flight(flight_id, flight_days, from_airport, to_airport, departure_time, arrival_time, airline_flight, airline_code, flight_number, aircraft_code_sequence, meal_code, stops, connections, dual_carrier, time_elapsed)
Table: flight_fare(flight_id, fare_id)
Table: flight_leg(flight_id, leg_number, leg_flight)
Table: flight_stop(flight_id, stop_number, stop_days, stop_airport, arrival_time, arrival_airline, arrival_flight_number, departure_time, departure_airline, departure_flight_number, stop_time)
Table: food_service(meal_code, meal_number, compartment, meal_description)
Table: ground_service(city_code, airport_code, transport_type, ground_fare)
Table: month(month_number, month_name)
Table: restriction(restriction_code, advance_purchase, stopovers, saturday_stay_required, minimum_stay, maximum_stay, application, no_discounts)
Table: state(state_code, state_name, country_name)
Table: time_interval(period, begin_time, end_time)
Table: time_zone(time_zone_code, time_zone_name, hours_from_gmt)

Example:
Question: which airports serve boston
SQL: SELECT DISTINCT airport_code FROM airport_service JOIN city ON airport_service.city_code = city.city_code WHERE city.city_name = 'BOSTON';"
atis,hard,show flights from DENVER to OAKLAND,"SELECT DISTINCT FLIGHTalias0.FLIGHT_ID FROM AIRPORT_SERVICE AS AIRPORT_SERVICEalias0 , AIRPORT_SERVICE AS AIRPORT_SERVICEalias1 , CITY AS CITYalias0 , CITY AS CITYalias1 , FLIGHT AS FLIGHTalias0 WHERE CITYalias0.CITY_CODE = AIRPORT_SERVICEalias0.CITY_CODE AND CITYalias0.CITY_NAME = ""DENVER"" AND CITYalias1.CITY_CODE = AIRPORT_SERVICEalias1.CITY_CODE AND CITYalias1.CITY_NAME = ""OAKLAND"" AND FLIGHTalias0.FROM_AIRPORT = AIRPORT_SERVICEalias0.AIRPORT_CODE AND FLIGHTalias0.TO_AIRPORT = AIRPORT_SERVICEalias1.AIRPORT_CODE ;","Table: aircraft(aircraft_code, aircraft_description, manufacturer, basic_type, engines, propulsion, wide_body, wing_span, length, weight, capacity, pay_load, cruising_speed, range_miles, pressurized)
Table: airline(airline_code, airline_name, note)
Table: airport(airport_code, airport_name, airport_location, state_code, country_name, time_zone_code, minimum_connect_time)
Table: airport_service(city_code, airport_code, miles_distant, direction, minutes_distant)
Table: city(city_code, city_name, state_code, country_name, time_zone_code)
Table: class_of_service(booking_class, rank, class_description)
Table: code_description(code, description)
Table: compartment_class(compartment, class_type)
Table: date_day(month_number, day_number, year, day_name)
Table: days(days_code, day_name)
Table: dual_carrier(main_airline, low_flight_number, high_flight_number, dual_airline, service_name)
Table: equipment_sequence(aircraft_code_sequence, aircraft_code)
Table: fare(fare_id, from_airport, to_airport, fare_basis_code, fare_airline, restriction_code, one_direction_cost, round_trip_cost, round_trip_required)
Table: fare_basis(fare_basis_code, booking_class, class_type, premium, economy, discounted, night, season, basis_days)
Table: flight(flight_id, flight_days, from_airport, to_airport, departure_time, arrival_time, airline_flight, airline_code, flight_number, aircraft_code_sequence, meal_code, stops, connections, dual_carrier, time_elapsed)
Table: flight_fare(flight_id, fare_id)
Table: flight_leg(flight_id, leg_number, leg_flight)
Table: flight_stop(flight_id, stop_number, stop_days, stop_airport, arrival_time, arrival_airline, arrival_flight_number, departure_time, departure_airline, departure_flight_number, stop_time)
Table: food_service(meal_code, meal_number, compartment, meal_description)
Table: ground_service(city_code, airport_code, transport_type, ground_fare)
Table: month(month_number, month_name)
Table: restriction(restriction_code, advance_purchase, stopovers, saturday_stay_required, minimum_stay, maximum_stay, application, no_discounts)
Table: state(state_code, state_name, country_name)
Table: time_interval(period, begin_time, end_time)
Table: time_zone(time_zone_code, time_zone_name, hours_from_gmt)

Example:
Question: which airports serve boston
SQL: SELECT DISTINCT airport_code FROM airport_service JOIN city ON airport_service.city_code = city.city_code WHERE city.city_name = 'BOSTON';"
atis,hard,give me flights that arrive in BALTIMORE from ATLANTA,"SELECT DISTINCT FLIGHTalias0.FLIGHT_ID FROM AIRPORT_SERVICE AS AIRPORT_SERVICEalias0 , AIRPORT_SERVICE AS AIRPORT_SERVICEalias1 , CITY AS CITYalias0 , CITY AS CITYalias1 , FLIGHT AS FLIGHTalias0 WHERE CITYalias0.CITY_CODE = AIRPORT_SERVICEalias0.CITY_CODE AND CITYalias0.CITY_NAME = ""ATLANTA"" AND CITYalias1.CITY_CODE = AIRPORT_SERVICEalias1.CITY_CODE AND CITYalias1.CITY_NAME = ""BALTIMORE"" AND FLIGHTalias0.FROM_AIRPORT = AIRPORT_SERVICEalias0.AIRPORT_CODE AND FLIGHTalias0.TO_AIRPORT = AIRPORT_SERVICEalias1.AIRPORT_CODE ;","Table: aircraft(aircraft_code, aircraft_description, manufacturer, basic_type, engines, propulsion, wide_body, wing_span, length, weight, capacity, pay_load, cruising_speed, range_miles, pressurized)
Table: airline(airline_code, airline_name, note)
Table: airport(airport_code, airport_name, airport_location, state_code, country_name, time_zone_code, minimum_connect_time)
Table: airport_service(city_code, airport_code, miles_distant, direction, minutes_distant)
Table: city(city_code, city_name, state_code, country_name, time_zone_code)
Table: class_of_service(booking_class, rank, class_description)
Table: code_description(code, description)
Table: compartment_class(compartment, class_type)
Table: date_day(month_number, day_number, year, day_name)
Table: days(days_code, day_name)
Table: dual_carrier(main_airline, low_flight_number, high_flight_number, dual_airline, service_name)
Table: equipment_sequence(aircraft_code_sequence, aircraft_code)
Table: fare(fare_id, from_airport, to_airport, fare_basis_code, fare_airline, restriction_code, one_direction_cost, round_trip_cost, round_trip_required)
Table: fare_basis(fare_basis_code, booking_class, class_type, premium, economy, discounted, night, season, basis_days)
Table: flight(flight_id, flight_days, from_airport, to_airport, departure_time, arrival_time, airline_flight, airline_code, flight_number, aircraft_code_sequence, meal_code, stops, connections, dual_carrier, time_elapsed)
Table: flight_fare(flight_id, fare_id)
Table: flight_leg(flight_id, leg_number, leg_flight)
Table: flight_stop(flight_id, stop_number, stop_days, stop_airport, arrival_time, arrival_airline, arrival_flight_number, departure_time, departure_airline, departure_flight_number, stop_time)
Table: food_service(meal_code, meal_number, compartment, meal_description)
Table: ground_service(city_code, airport_code, transport_type, ground_fare)
Table: month(month_number, month_name)
Table: restriction(restriction_code, advance_purchase, stopovers, saturday_stay_required, minimum_stay, maximum_stay, application, no_discounts)
Table: state(state_code, state_name, country_name)
Table: time_interval(period, begin_time, end_time)
Table: time_zone(time_zone_code, time_zone_name, hours_from_gmt)

Example:
Question: which airports serve boston
SQL: SELECT DISTINCT airport_code FROM airport_service JOIN city ON airport_service.city_code = city.city_code WHERE city.city_name = 'BOSTON';"
atis,hard,how many stops on CO 1765 from BOSTON to SAN FRANCISCO,"SELECT DISTINCT FLIGHTalias0.STOPS FROM AIRPORT_SERVICE AS AIRPORT_SERVICEalias0 , AIRPORT_SERVICE AS AIRPORT_SERVICEalias1 , CITY AS CITYalias0 , CITY AS CITYalias1 , FLIGHT AS FLIGHTalias0 WHERE ( ( CITYalias1.CITY_CODE = AIRPORT_SERVICEalias1.CITY_CODE AND CITYalias1.CITY_NAME = ""SAN FRANCISCO"" AND FLIGHTalias0.FLIGHT_NUMBER = 1765 AND FLIGHTalias0.TO_AIRPORT = AIRPORT_SERVICEalias1.AIRPORT_CODE ) AND CITYalias0.CITY_CODE = AIRPORT_SERVICEalias0.CITY_CODE AND CITYalias0.CITY_NAME = ""BOSTON"" AND FLIGHTalias0.FROM_AIRPORT = AIRPORT_SERVICEalias0.AIRPORT_CODE ) AND FLIGHTalias0.AIRLINE_CODE = ""CO"" ;","Table: aircraft(aircraft_code, aircraft_description, manufacturer, basic_type, engines, propulsion, wide_body, wing_span, length, weight, capacity, pay_load, cruising_speed, range_miles, pressurized)
Table: airline(airline_code, airline_name, note)
Table: airport(airport_code, airport_name, airport_location, state_code, country_name, time_zone_code, minimum_connect_time)
Table: airport_service(city_code, airport_code, miles_distant, direction, minutes_distant)
Table: city(city_code, city_name, state_code, country_name, time_zone_code)
Table: class_of_service(booking_class, rank, class_description)
Table: code_description(code, description)
Table: compartment_class(compartment, class_type)
Table: date_day(month_number, day_number, year, day_name)
Table: days(days_code, day_name)
Table: dual_carrier(main_airline, low_flight_number, high_flight_number, dual_airline, service_name)
Table: equipment_sequence(aircraft_code_sequence, aircraft_code)
Table: fare(fare_id, from_airport, to_airport, fare_basis_code, fare_airline, restriction_code, one_direction_cost, round_trip_cost, round_trip_required)
Table: fare_basis(fare_basis_code, booking_class, class_type, premium, economy, discounted, night, season, basis_days)
Table: flight(flight_id, flight_days, from_airport, to_airport, departure_time, arrival_time, airline_flight, airline_code, flight_number, aircraft_code_sequence, meal_code, stops, connections, dual_carrier, time_elapsed)
Table: flight_fare(flight_id, fare_id)
Table: flight_leg(flight_id, leg_number, leg_flight)
Table: flight_stop(flight_id, stop_number, stop_days, stop_airport, arrival_time, arrival_airline, arrival_flight_number, departure_time, departure_airline, departure_flight_number, stop_time)
Table: food_service(meal_code, meal_number, compartment, meal_description)
Table: ground_service(city_code, airport_code, transport_type, ground_fare)
Table: month(month_number, month_name)
Table: restriction(restriction_code, advance_purchase, stopovers, saturday_stay_required, minimum_stay, maximum_stay, application, no_discounts)
Table: state(state_code, state_name, country_name)
Table: time_interval(period, begin_time, end_time)
Table: time_zone(time_zone_code, time_zone_name, hours_from_gmt)

Example:
Question: which airports serve boston
SQL: SELECT DISTINCT airport_code FROM airport_service JOIN city ON airport_service.city_code = city.city_code WHERE city.city_name = 'BOSTON';"
atis,hard,show me the flights before 800 on 8 2 from BOSTON to DENVER on DL,"SELECT DISTINCT FLIGHTalias0.FLIGHT_ID FROM AIRPORT_SERVICE AS AIRPORT_SERVICEalias0 , AIRPORT_SERVICE AS AIRPORT_SERVICEalias1 , CITY AS CITYalias0 , CITY AS CITYalias1 , DATE_DAY AS DATE_DAYalias0 , DAYS AS DAYSalias0 , FLIGHT AS FLIGHTalias0 WHERE ( ( ( DATE_DAYalias0.DAY_NUMBER = 2 AND DATE_DAYalias0.MONTH_NUMBER = 8 AND DATE_DAYalias0.YEAR = 1991 AND DAYSalias0.DAY_NAME = DATE_DAYalias0.DAY_NAME AND FLIGHTalias0.DEPARTURE_TIME < 800 AND FLIGHTalias0.FLIGHT_DAYS = DAYSalias0.DAYS_CODE ) AND CITYalias1.CITY_CODE = AIRPORT_SERVICEalias1.CITY_CODE AND CITYalias1.CITY_NAME = ""DENVER"" AND FLIGHTalias0.TO_AIRPORT = AIRPORT_SERVICEalias1.AIRPORT_CODE ) AND CITYalias0.CITY_CODE = AIRPORT_SERVICEalias0.CITY_CODE AND CITYalias0.CITY_NAME = ""BOSTON"" AND FLIGHTalias0.FROM_AIRPORT = AIRPORT_SERVICEalias0.AIRPORT_CODE ) AND FLIGHTalias0.AIRLINE_CODE = ""DL"" ;","Table: aircraft(aircraft_code, aircraft_description, manufacturer, basic_type, engines, propulsion, wide_body, wing_span, length, weight, capacity, pay_load, cruising_speed, range_miles, pressurized)
Table: airline(airline_code, airline_name, note)
Table: airport(airport_code, airport_name, airport_location, state_code, country_name, time_zone_code, minimum_connect_time)
Table: airport_service(city_code, airport_code, miles_distant, direction, minutes_distant)
Table: city(city_code, city_name, state_code, country_name, time_zone_code)
Table: class_of_service(booking_class, rank, class_description)
Table: code_description(code, description)
Table: compartment_class(compartment, class_type)
Table: date_day(month_number, day_number, year, day_name)
Table: days(days_code, day_name)
Table: dual_carrier(main_airline, low_flight_number, high_flight_number, dual_airline, service_name)
Table: equipment_sequence(aircraft_code_sequence, aircraft_code)
Table: fare(fare_id, from_airport, to_airport, fare_basis_code, fare_airline, restriction_code, one_direction_cost, round_trip_cost, round_trip_required)
Table: fare_basis(fare_basis_code, booking_class, class_type, premium, economy, discounted, night, season, basis_days)
Table: flight(flight_id, flight_days, from_airport, to_airport, departure_time, arrival_time, airline_flight, airline_code, flight_number, aircraft_code_sequence, meal_code, stops, connections, dual_carrier, time_elapsed)
Table: flight_fare(flight_id, fare_id)
Table: flight_leg(flight_id, leg_number, leg_flight)
Table: flight_stop(flight_id, stop_number, stop_days, stop_airport, arrival_time, arrival_airline, arrival_flight_number, departure_time, departure_airline, departure_flight_number, stop_time)
Table: food_service(meal_code, meal_number, compartment, meal_description)
Table: ground_service(city_code, airport_code, transport_type, ground_fare)
Table: month(month_number, month_name)
Table: restriction(restriction_code, advance_purchase, stopovers, saturday_stay_required, minimum_stay, maximum_stay, application, no_discounts)
Table: state(state_code, state_name, country_name)
Table: time_interval(period, begin_time, end_time)
Table: time_zone(time_zone_code, time_zone_name, hours_from_gmt)

Example:
Question: which airports serve boston
SQL: SELECT DISTINCT airport_code FROM airport_service JOIN city ON airport_service.city_code = city.city_code WHERE city.city_name = 'BOSTON';"
atis,hard,is it possible for me to fly from BALTIMORE to SAN FRANCISCO,"SELECT DISTINCT FLIGHTalias0.FLIGHT_ID FROM AIRPORT_SERVICE AS AIRPORT_SERVICEalias0 , AIRPORT_SERVICE AS AIRPORT_SERVICEalias1 , CITY AS CITYalias0 , CITY AS CITYalias1 , FLIGHT AS FLIGHTalias0 WHERE CITYalias0.CITY_CODE = AIRPORT_SERVICEalias0.CITY_CODE AND CITYalias0.CITY_NAME = ""BALTIMORE"" AND CITYalias1.CITY_CODE = AIRPORT_SERVICEalias1.CITY_CODE AND CITYalias1.CITY_NAME = ""SAN FRANCISCO"" AND FLIGHTalias0.FROM_AIRPORT = AIRPORT_SERVICEalias0.AIRPORT_CODE AND FLIGHTalias0.TO_AIRPORT = AIRPORT_SERVICEalias1.AIRPORT_CODE ;","Table: aircraft(aircraft_code, aircraft_description, manufacturer, basic_type, engines, propulsion, wide_body, wing_span, length, weight, capacity, pay_load, cruising_speed, range_miles, pressurized)
Table: airline(airline_code, airline_name, note)
Table: airport(airport_code, airport_name, airport_location, state_code, country_name, time_zone_code, minimum_connect_time)
Table: airport_service(city_code, airport_code, miles_distant, direction, minutes_distant)
Table: city(city_code, city_name, state_code, country_name, time_zone_code)
Table: class_of_service(booking_class, rank, class_description)
Table: code_description(code, description)
Table: compartment_class(compartment, class_type)
Table: date_day(month_number, day_number, year, day_name)
Table: days(days_code, day_name)
Table: dual_carrier(main_airline, low_flight_number, high_flight_number, dual_airline, service_name)
Table: equipment_sequence(aircraft_code_sequence, aircraft_code)
Table: fare(fare_id, from_airport, to_airport, fare_basis_code, fare_airline, restriction_code, one_direction_cost, round_trip_cost, round_trip_required)
Table: fare_basis(fare_basis_code, booking_class, class_type, premium, economy, discounted, night, season, basis_days)
Table: flight(flight_id, flight_days, from_airport, to_airport, departure_time, arrival_time, airline_flight, airline_code, flight_number, aircraft_code_sequence, meal_code, stops, connections, dual_carrier, time_elapsed)
Table: flight_fare(flight_id, fare_id)
Table: flight_leg(flight_id, leg_number, leg_flight)
Table: flight_stop(flight_id, stop_number, stop_days, stop_airport, arrival_time, arrival_airline, arrival_flight_number, departure_time, departure_airline, departure_flight_number, stop_time)
Table: food_service(meal_code, meal_number, compartment, meal_description)
Table: ground_service(city_code, airport_code, transport_type, ground_fare)
Table: month(month_number, month_name)
Table: restriction(restriction_code, advance_purchase, stopovers, saturday_stay_required, minimum_stay, maximum_stay, application, no_discounts)
Table: state(state_code, state_name, country_name)
Table: time_interval(period, begin_time, end_time)
Table: time_zone(time_zone_code, time_zone_name, hours_from_gmt)

Example:
Question: which airports serve boston
SQL: SELECT DISTINCT airport_code FROM airport_service JOIN city ON airport_service.city_code = city.city_code WHERE city.city_name = 'BOSTON';"
atis,hard,i need a flight from DALLAS to SAN FRANCISCO,"SELECT DISTINCT FLIGHTalias0.FLIGHT_ID FROM AIRPORT_SERVICE AS AIRPORT_SERVICEalias0 , AIRPORT_SERVICE AS AIRPORT_SERVICEalias1 , CITY AS CITYalias0 , CITY AS CITYalias1 , FLIGHT AS FLIGHTalias0 WHERE CITYalias0.CITY_CODE = AIRPORT_SERVICEalias0.CITY_CODE AND CITYalias0.CITY_NAME = ""DALLAS"" AND CITYalias1.CITY_CODE = AIRPORT_SERVICEalias1.CITY_CODE AND CITYalias1.CITY_NAME = ""SAN FRANCISCO"" AND FLIGHTalias0.FROM_AIRPORT = AIRPORT_SERVICEalias0.AIRPORT_CODE AND FLIGHTalias0.TO_AIRPORT = AIRPORT_SERVICEalias1.AIRPORT_CODE ;","Table: aircraft(aircraft_code, aircraft_description, manufacturer, basic_type, engines, propulsion, wide_body, wing_span, length, weight, capacity, pay_load, cruising_speed, range_miles, pressurized)
Table: airline(airline_code, airline_name, note)
Table: airport(airport_code, airport_name, airport_location, state_code, country_name, time_zone_code, minimum_connect_time)
Table: airport_service(city_code, airport_code, miles_distant, direction, minutes_distant)
Table: city(city_code, city_name, state_code, country_name, time_zone_code)
Table: class_of_service(booking_class, rank, class_description)
Table: code_description(code, description)
Table: compartment_class(compartment, class_type)
Table: date_day(month_number, day_number, year, day_name)
Table: days(days_code, day_name)
Table: dual_carrier(main_airline, low_flight_number, high_flight_number, dual_airline, service_name)
Table: equipment_sequence(aircraft_code_sequence, aircraft_code)
Table: fare(fare_id, from_airport, to_airport, fare_basis_code, fare_airline, restriction_code, one_direction_cost, round_trip_cost, round_trip_required)
Table: fare_basis(fare_basis_code, booking_class, class_type, premium, economy, discounted, night, season, basis_days)
Table: flight(flight_id, flight_days, from_airport, to_airport, departure_time, arrival_time, airline_flight, airline_code, flight_number, aircraft_code_sequence, meal_code, stops, connections, dual_carrier, time_elapsed)
Table: flight_fare(flight_id, fare_id)
Table: flight_leg(flight_id, leg_number, leg_flight)
Table: flight_stop(flight_id, stop_number, stop_days, stop_airport, arrival_time, arrival_airline, arrival_flight_number, departure_time, departure_airline, departure_flight_number, stop_time)
Table: food_service(meal_code, meal_number, compartment, meal_description)
Table: ground_service(city_code, airport_code, transport_type, ground_fare)
Table: month(month_number, month_name)
Table: restriction(restriction_code, advance_purchase, stopovers, saturday_stay_required, minimum_stay, maximum_stay, application, no_discounts)
Table: state(state_code, state_name, country_name)
Table: time_interval(period, begin_time, end_time)
Table: time_zone(time_zone_code, time_zone_name, hours_from_gmt)

Example:
Question: which airports serve boston
SQL: SELECT DISTINCT airport_code FROM airport_service JOIN city ON airport_service.city_code = city.city_code WHERE city.city_name = 'BOSTON';"
atis,hard,list types of aircraft that connect BOSTON and SAN FRANCISCO,"SELECT DISTINCT AIRCRAFTalias0.AIRCRAFT_CODE FROM AIRCRAFT AS AIRCRAFTalias0 , AIRPORT_SERVICE AS AIRPORT_SERVICEalias0 , AIRPORT_SERVICE AS AIRPORT_SERVICEalias1 , CITY AS CITYalias0 , CITY AS CITYalias1 , EQUIPMENT_SEQUENCE AS EQUIPMENT_SEQUENCEalias0 , FLIGHT AS FLIGHTalias0 WHERE CITYalias0.CITY_CODE = AIRPORT_SERVICEalias0.CITY_CODE AND CITYalias0.CITY_NAME = ""BOSTON"" AND CITYalias1.CITY_CODE = AIRPORT_SERVICEalias1.CITY_CODE AND CITYalias1.CITY_NAME = ""SAN FRANCISCO"" AND EQUIPMENT_SEQUENCEalias0.AIRCRAFT_CODE = AIRCRAFTalias0.AIRCRAFT_CODE AND FLIGHTalias0.AIRCRAFT_CODE_SEQUENCE = EQUIPMENT_SEQUENCEalias0.AIRCRAFT_CODE_SEQUENCE AND FLIGHTalias0.FROM_AIRPORT = AIRPORT_SERVICEalias0.AIRPORT_CODE AND FLIGHTalias0.TO_AIRPORT = AIRPORT_SERVICEalias1.AIRPORT_CODE ;","Table: aircraft(aircraft_code, aircraft_description, manufacturer, basic_type, engines, propulsion, wide_body, wing_span, length, weight, capacity, pay_load, cruising_speed, range_miles, pressurized)
Table: airline(airline_code, airline_name, note)
Table: airport(airport_code, airport_name, airport_location, state_code, country_name, time_zone_code, minimum_connect_time)
Table: airport_service(city_code, airport_code, miles_distant, direction, minutes_distant)
Table: city(city_code, city_name, state_code, country_name, time_zone_code)
Table: class_of_service(booking_class, rank, class_description)
Table: code_description(code, description)
Table: compartment_class(compartment, class_type)
Table: date_day(month_number, day_number, year, day_name)
Table: days(days_code, day_name)
Table: dual_carrier(main_airline, low_flight_number, high_flight_number, dual_airline, service_name)
Table: equipment_sequence(aircraft_code_sequence, aircraft_code)
Table: fare(fare_id, from_airport, to_airport, fare_basis_code, fare_airline, restriction_code, one_direction_cost, round_trip_cost, round_trip_required)
Table: fare_basis(fare_basis_code, booking_class, class_type, premium, economy, discounted, night, season, basis_days)
Table: flight(flight_id, flight_days, from_airport, to_airport, departure_time, arrival_time, airline_flight, airline_code, flight_number, aircraft_code_sequence, meal_code, stops, connections, dual_carrier, time_elapsed)
Table: flight_fare(flight_id, fare_id)
Table: flight_leg(flight_id, leg_number, leg_flight)
Table: flight_stop(flight_id, stop_number, stop_days, stop_airport, arrival_time, arrival_airline, arrival_flight_number, departure_time, departure_airline, departure_flight_number, stop_time)
Table: food_service(meal_code, meal_number, compartment, meal_description)
Table: ground_service(city_code, airport_code, transport_type, ground_fare)
Table: month(month_number, month_name)
Table: restriction(restriction_code, advance_purchase, stopovers, saturday_stay_required, minimum_stay, maximum_stay, application, no_discounts)
Table: state(state_code, state_name, country_name)
Table: time_interval(period, begin_time, end_time)
Table: time_zone(time_zone_code, time_zone_name, hours_from_gmt)

Example:
Question: which airports serve boston
SQL: SELECT DISTINCT airport_code FROM airport_service JOIN city ON airport_service.city_code = city.city_code WHERE city.city_name = 'BOSTON';"
atis,hard,is there a flight between SAN FRANCISCO and BOSTON with a stopover in DALLAS FORT WORTH,"SELECT DISTINCT FLIGHTalias0.FLIGHT_ID FROM AIRPORT_SERVICE AS AIRPORT_SERVICEalias0 , AIRPORT_SERVICE AS AIRPORT_SERVICEalias1 , AIRPORT_SERVICE AS AIRPORT_SERVICEalias2 , AIRPORT_SERVICE AS AIRPORT_SERVICEalias3 , CITY AS CITYalias0 , CITY AS CITYalias1 , CITY AS CITYalias2 , CITY AS CITYalias3 , FLIGHT AS FLIGHTalias0 , FLIGHT_STOP AS FLIGHT_STOPalias0 , FLIGHT_STOP AS FLIGHT_STOPalias1 WHERE ( ( CITYalias2.CITY_CODE = AIRPORT_SERVICEalias2.CITY_CODE AND CITYalias2.CITY_NAME = ""DALLAS"" AND CITYalias3.CITY_CODE = AIRPORT_SERVICEalias3.CITY_CODE AND CITYalias3.CITY_NAME = ""FORT WORTH"" AND FLIGHT_STOPalias0.STOP_AIRPORT = AIRPORT_SERVICEalias2.AIRPORT_CODE AND FLIGHT_STOPalias1.STOP_AIRPORT = AIRPORT_SERVICEalias3.AIRPORT_CODE AND FLIGHTalias0.FLIGHT_ID = FLIGHT_STOPalias0.FLIGHT_ID AND FLIGHTalias0.FLIGHT_ID = FLIGHT_STOPalias1.FLIGHT_ID ) AND CITYalias1.CITY_CODE = AIRPORT_SERVICEalias1.CITY_CODE AND CITYalias1.CITY_NAME = ""BOSTON"" AND FLIGHTalias0.TO_AIRPORT = AIRPORT_SERVICEalias1.AIRPORT_CODE ) AND CITYalias0.CITY_CODE = AIRPORT_SERVICEalias0.CITY_CODE AND CITYalias0.CITY_NAME = ""SAN FRANCISCO"" AND FLIGHTalias0.FROM_AIRPORT = AIRPORT_SERVICEalias0.AIRPORT_CODE ;","Table: aircraft(aircraft_code, aircraft_description, manufacturer, basic_type, engines, propulsion, wide_body, wing_span, length, weight, capacity, pay_load, cruising_speed, range_miles, pressurized)
Table: airline(airline_code, airline_name, note)
Table: airport(airport_code, airport_name, airport_location, state_code, country_name, time_zone_code, minimum_connect_time)
Table: airport_service(city_code, airport_code, miles_distant, direction, minutes_distant)
Table: city(city_code, city_name, state_code, country_name, time_zone_code)
Table: class_of_service(booking_class, rank, class_description)
Table: code_description(code, description)
Table: compartment_class(compartment, class_type)
Table: date_day(month_number, day_number, year, day_name)
Table: days(days_code, day_name)
Table: dual_carrier(main_airline, low_flight_number, high_flight_number, dual_airline, service_name)
Table: equipment_sequence(aircraft_code_sequence, aircraft_code)
Table: fare(fare_id, from_airport, to_airport, fare_basis_code, fare_airline, restriction_code, one_direction_cost, round_trip_cost, round_trip_required)
Table: fare_basis(fare_basis_code, booking_class, class_type, premium, economy, discounted, night, season, basis_days)
Table: flight(flight_id, flight_days, from_airport, to_airport, departure_time, arrival_time, airline_flight, airline_code, flight_number, aircraft_code_sequence, meal_code, stops, connections, dual_carrier, time_elapsed)
Table: flight_fare(flight_id, fare_id)
Table: flight_leg(flight_id, leg_number, leg_flight)
Table: flight_stop(flight_id, stop_number, stop_days, stop_airport, arrival_time, arrival_airline, arrival_flight_number, departure_time, departure_airline, departure_flight_number, stop_time)
Table: food_service(meal_code, meal_number, compartment, meal_description)
Table: ground_service(city_code, airport_code, transport_type, ground_fare)
Table: month(month_number, month_name)
Table: restriction(restriction_code, advance_purchase, stopovers, saturday_stay_required, minimum_stay, maximum_stay, application, no_discounts)
Table: state(state_code, state_name, country_name)
Table: time_interval(period, begin_time, end_time)
Table: time_zone(time_zone_code, time_zone_name, hours_from_gmt)

Example:
Question: which airports serve boston
SQL: SELECT DISTINCT airport_code FROM airport_service JOIN city ON airport_service.city_code = city.city_code WHERE city.city_name = 'BOSTON';"
atis,hard,what is the earliest departure time from BOSTON to DENVER,"SELECT DISTINCT FLIGHTalias0.DEPARTURE_TIME FROM AIRPORT_SERVICE AS AIRPORT_SERVICEalias0 , AIRPORT_SERVICE AS AIRPORT_SERVICEalias1 , CITY AS CITYalias0 , CITY AS CITYalias1 , FLIGHT AS FLIGHTalias0 WHERE ( CITYalias0.CITY_CODE = AIRPORT_SERVICEalias0.CITY_CODE AND CITYalias0.CITY_NAME = ""BOSTON"" AND CITYalias1.CITY_CODE = AIRPORT_SERVICEalias1.CITY_CODE AND CITYalias1.CITY_NAME = ""DENVER"" AND FLIGHTalias0.FROM_AIRPORT = AIRPORT_SERVICEalias0.AIRPORT_CODE AND FLIGHTalias0.TO_AIRPORT = AIRPORT_SERVICEalias1.AIRPORT_CODE ) AND FLIGHTalias0.DEPARTURE_TIME = ( SELECT MIN( FLIGHTalias1.DEPARTURE_TIME ) FROM AIRPORT_SERVICE AS AIRPORT_SERVICEalias2 , AIRPORT_SERVICE AS AIRPORT_SERVICEalias3 , CITY AS CITYalias2 , CITY AS CITYalias3 , FLIGHT AS FLIGHTalias1 WHERE CITYalias2.CITY_CODE = AIRPORT_SERVICEalias2.CITY_CODE AND CITYalias2.CITY_NAME = ""BOSTON"" AND CITYalias3.CITY_CODE = AIRPORT_SERVICEalias3.CITY_CODE AND CITYalias3.CITY_NAME = ""DENVER"" AND FLIGHTalias1.FROM_AIRPORT = AIRPORT_SERVICEalias2.AIRPORT_CODE AND FLIGHTalias1.TO_AIRPORT = AIRPORT_SERVICEalias3.AIRPORT_CODE ) ;","Table: aircraft(aircraft_code, aircraft_description, manufacturer, basic_type, engines, propulsion, wide_body, wing_span, length, weight, capacity, pay_load, cruising_speed, range_miles, pressurized)
Table: airline(airline_code, airline_name, note)
Table: airport(airport_code, airport_name, airport_location, state_code, country_name, time_zone_code, minimum_connect_time)
Table: airport_service(city_code, airport_code, miles_distant, direction, minutes_distant)
Table: city(city_code, city_name, state_code, country_name, time_zone_code)
Table: class_of_service(booking_class, rank, class_description)
Table: code_description(code, description)
Table: compartment_class(compartment, class_type)
Table: date_day(month_number, day_number, year, day_name)
Table: days(days_code, day_name)
Table: dual_carrier(main_airline, low_flight_number, high_flight_number, dual_airline, service_name)
Table: equipment_sequence(aircraft_code_sequence, aircraft_code)
Table: fare(fare_id, from_airport, to_airport, fare_basis_code, fare_airline, restriction_code, one_direction_cost, round_trip_cost, round_trip_required)
Table: fare_basis(fare_basis_code, booking_class, class_type, premium, economy, discounted, night, season, basis_days)
Table: flight(flight_id, flight_days, from_airport, to_airport, departure_time, arrival_time, airline_flight, airline_code, flight_number, aircraft_code_sequence, meal_code, stops, connections, dual_carrier, time_elapsed)
Table: flight_fare(flight_id, fare_id)
Table: flight_leg(flight_id, leg_number, leg_flight)
Table: flight_stop(flight_id, stop_number, stop_days, stop_airport, arrival_time, arrival_airline, arrival_flight_number, departure_time, departure_airline, departure_flight_number, stop_time)
Table: food_service(meal_code, meal_number, compartment, meal_description)
Table: ground_service(city_code, airport_code, transport_type, ground_fare)
Table: month(month_number, month_name)
Table: restriction(restriction_code, advance_purchase, stopovers, saturday_stay_required, minimum_stay, maximum_stay, application, no_discounts)
Table: state(state_code, state_name, country_name)
Table: time_interval(period, begin_time, end_time)
Table: time_zone(time_zone_code, time_zone_name, hours_from_gmt)

Example:
Question: which airports serve boston
SQL: SELECT DISTINCT airport_code FROM airport_service JOIN city ON airport_service.city_code = city.city_code WHERE city.city_name = 'BOSTON';"
atis,hard,list the earliest flights from ST. PAUL to SAN JOSE,"SELECT DISTINCT FLIGHTalias0.FLIGHT_ID FROM AIRPORT_SERVICE AS AIRPORT_SERVICEalias0 , AIRPORT_SERVICE AS AIRPORT_SERVICEalias1 , CITY AS CITYalias0 , CITY AS CITYalias1 , FLIGHT AS FLIGHTalias0 WHERE ( CITYalias0.CITY_CODE = AIRPORT_SERVICEalias0.CITY_CODE AND CITYalias0.CITY_NAME = ""ST. PAUL"" AND CITYalias1.CITY_CODE = AIRPORT_SERVICEalias1.CITY_CODE AND CITYalias1.CITY_NAME = ""SAN JOSE"" AND FLIGHTalias0.FROM_AIRPORT = AIRPORT_SERVICEalias0.AIRPORT_CODE AND FLIGHTalias0.TO_AIRPORT = AIRPORT_SERVICEalias1.AIRPORT_CODE ) AND FLIGHTalias0.DEPARTURE_TIME = ( SELECT MIN( FLIGHTalias1.DEPARTURE_TIME ) FROM AIRPORT_SERVICE AS AIRPORT_SERVICEalias2 , AIRPORT_SERVICE AS AIRPORT_SERVICEalias3 , CITY AS CITYalias2 , CITY AS CITYalias3 , FLIGHT AS FLIGHTalias1 WHERE CITYalias2.CITY_CODE = AIRPORT_SERVICEalias2.CITY_CODE AND CITYalias2.CITY_NAME = ""ST. PAUL"" AND CITYalias3.CITY_CODE = AIRPORT_SERVICEalias3.CITY_CODE AND CITYalias3.CITY_NAME = ""SAN JOSE"" AND FLIGHTalias1.FROM_AIRPORT = AIRPORT_SERVICEalias2.AIRPORT_CODE AND FLIGHTalias1.TO_AIRPORT = AIRPORT_SERVICEalias3.AIRPORT_CODE ) ;","Table: aircraft(aircraft_code, aircraft_description, manufacturer, basic_type, engines, propulsion, wide_body, wing_span, length, weight, capacity, pay_load, cruising_speed, range_miles, pressurized)
Table: airline(airline_code, airline_name, note)
Table: airport(airport_code, airport_name, airport_location, state_code, country_name, time_zone_code, minimum_connect_time)
Table: airport_service(city_code, airport_code, miles_distant, direction, minutes_distant)
Table: city(city_code, city_name, state_code, country_name, time_zone_code)
Table: class_of_service(booking_class, rank, class_description)
Table: code_description(code, description)
Table: compartment_class(compartment, class_type)
Table: date_day(month_number, day_number, year, day_name)
Table: days(days_code, day_name)
Table: dual_carrier(main_airline, low_flight_number, high_flight_number, dual_airline, service_name)
Table: equipment_sequence(aircraft_code_sequence, aircraft_code)
Table: fare(fare_id, from_airport, to_airport, fare_basis_code, fare_airline, restriction_code, one_direction_cost, round_trip_cost, round_trip_required)
Table: fare_basis(fare_basis_code, booking_class, class_type, premium, economy, discounted, night, season, basis_days)
Table: flight(flight_id, flight_days, from_airport, to_airport, departure_time, arrival_time, airline_flight, airline_code, flight_number, aircraft_code_sequence, meal_code, stops, connections, dual_carrier, time_elapsed)
Table: flight_fare(flight_id, fare_id)
Table: flight_leg(flight_id, leg_number, leg_flight)
Table: flight_stop(flight_id, stop_number, stop_days, stop_airport, arrival_time, arrival_airline, arrival_flight_number, departure_time, departure_airline, departure_flight_number, stop_time)
Table: food_service(meal_code, meal_number, compartment, meal_description)
Table: ground_service(city_code, airport_code, transport_type, ground_fare)
Table: month(month_number, month_name)
Table: restriction(restriction_code, advance_purchase, stopovers, saturday_stay_required, minimum_stay, maximum_stay, application, no_discounts)
Table: state(state_code, state_name, country_name)
Table: time_interval(period, begin_time, end_time)
Table: time_zone(time_zone_code, time_zone_name, hours_from_gmt)

Example:
Question: which airports serve boston
SQL: SELECT DISTINCT airport_code FROM airport_service JOIN city ON airport_service.city_code = city.city_code WHERE city.city_name = 'BOSTON';"
atis,hard,what ground transportation is available from the PITTSBURGH airport to the town,"SELECT DISTINCT GROUND_SERVICEalias0.TRANSPORT_TYPE FROM AIRPORT AS AIRPORTalias0 , AIRPORT_SERVICE AS AIRPORT_SERVICEalias0 , CITY AS CITYalias0 , CITY AS CITYalias1 , GROUND_SERVICE AS GROUND_SERVICEalias0 WHERE AIRPORTalias0.AIRPORT_CODE = AIRPORT_SERVICEalias0.AIRPORT_CODE AND CITYalias0.CITY_CODE = AIRPORT_SERVICEalias0.CITY_CODE AND CITYalias0.CITY_NAME = ""PITTSBURGH"" AND CITYalias1.CITY_NAME = ""PITTSBURGH"" AND GROUND_SERVICEalias0.AIRPORT_CODE = AIRPORTalias0.AIRPORT_CODE AND GROUND_SERVICEalias0.CITY_CODE = CITYalias1.CITY_CODE ;","Table: aircraft(aircraft_code, aircraft_description, manufacturer, basic_type, engines, propulsion, wide_body, wing_span, length, weight, capacity, pay_load, cruising_speed, range_miles, pressurized)
Table: airline(airline_code, airline_name, note)
Table: airport(airport_code, airport_name, airport_location, state_code, country_name, time_zone_code, minimum_connect_time)
Table: airport_service(city_code, airport_code, miles_distant, direction, minutes_distant)
Table: city(city_code, city_name, state_code, country_name, time_zone_code)
Table: class_of_service(booking_class, rank, class_description)
Table: code_description(code, description)
Table: compartment_class(compartment, class_type)
Table: date_day(month_number, day_number, year, day_name)
Table: days(days_code, day_name)
Table: dual_carrier(main_airline, low_flight_number, high_flight_number, dual_airline, service_name)
Table: equipment_sequence(aircraft_code_sequence, aircraft_code)
Table: fare(fare_id, from_airport, to_airport, fare_basis_code, fare_airline, restriction_code, one_direction_cost, round_trip_cost, round_trip_required)
Table: fare_basis(fare_basis_code, booking_class, class_type, premium, economy, discounted, night, season, basis_days)
Table: flight(flight_id, flight_days, from_airport, to_airport, departure_time, arrival_time, airline_flight, airline_code, flight_number, aircraft_code_sequence, meal_code, stops, connections, dual_carrier, time_elapsed)
Table: flight_fare(flight_id, fare_id)
Table: flight_leg(flight_id, leg_number, leg_flight)
Table: flight_stop(flight_id, stop_number, stop_days, stop_airport, arrival_time, arrival_airline, arrival_flight_number, departure_time, departure_airline, departure_flight_number, stop_time)
Table: food_service(meal_code, meal_number, compartment, meal_description)
Table: ground_service(city_code, airport_code, transport_type, ground_fare)
Table: month(month_number, month_name)
Table: restriction(restriction_code, advance_purchase, stopovers, saturday_stay_required, minimum_stay, maximum_stay, application, no_discounts)
Table: state(state_code, state_name, country_name)
Table: time_interval(period, begin_time, end_time)
Table: time_zone(time_zone_code, time_zone_name, hours_from_gmt)

Example:
Question: which airports serve boston
SQL: SELECT DISTINCT airport_code FROM airport_service JOIN city ON airport_service.city_code = city.city_code WHERE city.city_name = 'BOSTON';"
atis,hard,i'd like to see all the economy fares from BALTIMORE to PHILADELPHIA,"SELECT DISTINCT FAREalias0.FARE_ID FROM AIRPORT_SERVICE AS AIRPORT_SERVICEalias0 , AIRPORT_SERVICE AS AIRPORT_SERVICEalias1 , CITY AS CITYalias0 , CITY AS CITYalias1 , FARE AS FAREalias0 , FARE_BASIS AS FARE_BASISalias0 , FLIGHT AS FLIGHTalias0 , FLIGHT_FARE AS FLIGHT_FAREalias0 WHERE CITYalias0.CITY_CODE = AIRPORT_SERVICEalias0.CITY_CODE AND CITYalias0.CITY_NAME = ""BALTIMORE"" AND CITYalias1.CITY_CODE = AIRPORT_SERVICEalias1.CITY_CODE AND CITYalias1.CITY_NAME = ""PHILADELPHIA"" AND FARE_BASISalias0.ECONOMY = ""YES"" AND FAREalias0.FARE_BASIS_CODE = FARE_BASISalias0.FARE_BASIS_CODE AND FLIGHT_FAREalias0.FARE_ID = FAREalias0.FARE_ID AND FLIGHTalias0.FLIGHT_ID = FLIGHT_FAREalias0.FLIGHT_ID AND FLIGHTalias0.FROM_AIRPORT = AIRPORT_SERVICEalias0.AIRPORT_CODE AND FLIGHTalias0.TO_AIRPORT = AIRPORT_SERVICEalias1.AIRPORT_CODE ;","Table: aircraft(aircraft_code, aircraft_description, manufacturer, basic_type, engines, propulsion, wide_body, wing_span, length, weight, capacity, pay_load, cruising_speed, range_miles, pressurized)
Table: airline(airline_code, airline_name, note)
Table: airport(airport_code, airport_name, airport_location, state_code, country_name, time_zone_code, minimum_connect_time)
Table: airport_service(city_code, airport_code, miles_distant, direction, minutes_distant)
Table: city(city_code, city_name, state_code, country_name, time_zone_code)
Table: class_of_service(booking_class, rank, class_description)
Table: code_description(code, description)
Table: compartment_class(compartment, class_type)
Table: date_day(month_number, day_number, year, day_name)
Table: days(days_code, day_name)
Table: dual_carrier(main_airline, low_flight_number, high_flight_number, dual_airline, service_name)
Table: equipment_sequence(aircraft_code_sequence, aircraft_code)
Table: fare(fare_id, from_airport, to_airport, fare_basis_code, fare_airline, restriction_code, one_direction_cost, round_trip_cost, round_trip_required)
Table: fare_basis(fare_basis_code, booking_class, class_type, premium, economy, discounted, night, season, basis_days)
Table: flight(flight_id, flight_days, from_airport, to_airport, departure_time, arrival_time, airline_flight, airline_code, flight_number, aircraft_code_sequence, meal_code, stops, connections, dual_carrier, time_elapsed)
Table: flight_fare(flight_id, fare_id)
Table: flight_leg(flight_id, leg_number, leg_flight)
Table: flight_stop(flight_id, stop_number, stop_days, stop_airport, arrival_time, arrival_airline, arrival_flight_number, departure_time, departure_airline, departure_flight_number, stop_time)
Table: food_service(meal_code, meal_number, compartment, meal_description)
Table: ground_service(city_code, airport_code, transport_type, ground_fare)
Table: month(month_number, month_name)
Table: restriction(restriction_code, advance_purchase, stopovers, saturday_stay_required, minimum_stay, maximum_stay, application, no_discounts)
Table: state(state_code, state_name, country_name)
Table: time_interval(period, begin_time, end_time)
Table: time_zone(time_zone_code, time_zone_name, hours_from_gmt)

Example:
Question: which airports serve boston
SQL: SELECT DISTINCT airport_code FROM airport_service JOIN city ON airport_service.city_code = city.city_code WHERE city.city_name = 'BOSTON';"
atis,hard,show me the flights from BOSTON to OAKLAND,"SELECT DISTINCT FLIGHTalias0.FLIGHT_ID FROM AIRPORT_SERVICE AS AIRPORT_SERVICEalias0 , AIRPORT_SERVICE AS AIRPORT_SERVICEalias1 , CITY AS CITYalias0 , CITY AS CITYalias1 , FLIGHT AS FLIGHTalias0 WHERE CITYalias0.CITY_CODE = AIRPORT_SERVICEalias0.CITY_CODE AND CITYalias0.CITY_NAME = ""BOSTON"" AND CITYalias1.CITY_CODE = AIRPORT_SERVICEalias1.CITY_CODE AND CITYalias1.CITY_NAME = ""OAKLAND"" AND FLIGHTalias0.FROM_AIRPORT = AIRPORT_SERVICEalias0.AIRPORT_CODE AND FLIGHTalias0.TO_AIRPORT = AIRPORT_SERVICEalias1.AIRPORT_CODE ;","Table: aircraft(aircraft_code, aircraft_description, manufacturer, basic_type, engines, propulsion, wide_body, wing_span, length, weight, capacity, pay_load, cruising_speed, range_miles, pressurized)
Table: airline(airline_code, airline_name, note)
Table: airport(airport_code, airport_name, airport_location, state_code, country_name, time_zone_code, minimum_connect_time)
Table: airport_service(city_code, airport_code, miles_distant, direction, minutes_distant)
Table: city(city_code, city_name, state_code, country_name, time_zone_code)
Table: class_of_service(booking_class, rank, class_description)
Table: code_description(code, description)
Table: compartment_class(compartment, class_type)
Table: date_day(month_number, day_number, year, day_name)
Table: days(days_code, day_name)
Table: dual_carrier(main_airline, low_flight_number, high_flight_number, dual_airline, service_name)
Table: equipment_sequence(aircraft_code_sequence, aircraft_code)
Table: fare(fare_id, from_airport, to_airport, fare_basis_code, fare_airline, restriction_code, one_direction_cost, round_trip_cost, round_trip_required)
Table: fare_basis(fare_basis_code, booking_class, class_type, premium, economy, discounted, night, season, basis_days)
Table: flight(flight_id, flight_days, from_airport, to_airport, departure_time, arrival_time, airline_flight, airline_code, flight_number, aircraft_code_sequence, meal_code, stops, connections, dual_carrier, time_elapsed)
Table: flight_fare(flight_id, fare_id)
Table: flight_leg(flight_id, leg_number, leg_flight)
Table: flight_stop(flight_id, stop_number, stop_days, stop_airport, arrival_time, arrival_airline, arrival_flight_number, departure_time, departure_airline, departure_flight_number, stop_time)
Table: food_service(meal_code, meal_number, compartment, meal_description)
Table: ground_service(city_code, airport_code, transport_type, ground_fare)
Table: month(month_number, month_name)
Table: restriction(restriction_code, advance_purchase, stopovers, saturday_stay_required, minimum_stay, maximum_stay, application, no_discounts)
Table: state(state_code, state_name, country_name)
Table: time_interval(period, begin_time, end_time)
Table: time_zone(time_zone_code, time_zone_name, hours_from_gmt)

Example:
Question: which airports serve boston
SQL: SELECT DISTINCT airport_code FROM airport_service JOIN city ON airport_service.city_code = city.city_code WHERE city.city_name = 'BOSTON';"
atis,hard,list possible round trip DAILY flights between BOSTON and OAKLAND,"SELECT DISTINCT FLIGHTalias0.FLIGHT_ID FROM AIRPORT_SERVICE AS AIRPORT_SERVICEalias0 , AIRPORT_SERVICE AS AIRPORT_SERVICEalias1 , CITY AS CITYalias0 , CITY AS CITYalias1 , FARE AS FAREalias0 , FLIGHT AS FLIGHTalias0 , FLIGHT_FARE AS FLIGHT_FAREalias0 WHERE ( ( CITYalias1.CITY_CODE = AIRPORT_SERVICEalias1.CITY_CODE AND CITYalias1.CITY_NAME = ""OAKLAND"" AND FAREalias0.ROUND_TRIP_COST IS NOT NULL AND FLIGHT_FAREalias0.FARE_ID = FAREalias0.FARE_ID AND FLIGHTalias0.FLIGHT_ID = FLIGHT_FAREalias0.FLIGHT_ID AND FLIGHTalias0.TO_AIRPORT = AIRPORT_SERVICEalias1.AIRPORT_CODE ) AND CITYalias0.CITY_CODE = AIRPORT_SERVICEalias0.CITY_CODE AND CITYalias0.CITY_NAME = ""BOSTON"" AND FLIGHTalias0.FROM_AIRPORT = AIRPORT_SERVICEalias0.AIRPORT_CODE ) AND FLIGHTalias0.FLIGHT_DAYS = ""DAILY"" ;","Table: aircraft(aircraft_code, aircraft_description, manufacturer, basic_type, engines, propulsion, wide_body, wing_span, length, weight, capacity, pay_load, cruising_speed, range_miles, pressurized)
Table: airline(airline_code, airline_name, note)
Table: airport(airport_code, airport_name, airport_location, state_code, country_name, time_zone_code, minimum_connect_time)
Table: airport_service(city_code, airport_code, miles_distant, direction, minutes_distant)
Table: city(city_code, city_name, state_code, country_name, time_zone_code)
Table: class_of_service(booking_class, rank, class_description)
Table: code_description(code, description)
Table: compartment_class(compartment, class_type)
Table: date_day(month_number, day_number, year, day_name)
Table: days(days_code, day_name)
Table: dual_carrier(main_airline, low_flight_number, high_flight_number, dual_airline, service_name)
Table: equipment_sequence(aircraft_code_sequence, aircraft_code)
Table: fare(fare_id, from_airport, to_airport, fare_basis_code, fare_airline, restriction_code, one_direction_cost, round_trip_cost, round_trip_required)
Table: fare_basis(fare_basis_code, booking_class, class_type, premium, economy, discounted, night, season, basis_days)
Table: flight(flight_id, flight_days, from_airport, to_airport, departure_time, arrival_time, airline_flight, airline_code, flight_number, aircraft_code_sequence, meal_code, stops, connections, dual_carrier, time_elapsed)
Table: flight_fare(flight_id, fare_id)
Table: flight_leg(flight_id, leg_number, leg_flight)
Table: flight_stop(flight_id, stop_number, stop_days, stop_airport, arrival_time, arrival_airline, arrival_flight_number, departure_time, departure_airline, departure_flight_number, stop_time)
Table: food_service(meal_code, meal_number, compartment, meal_description)
Table: ground_service(city_code, airport_code, transport_type, ground_fare)
Table: month(month_number, month_name)
Table: restriction(restriction_code, advance_purchase, stopovers, saturday_stay_required, minimum_stay, maximum_stay, application, no_discounts)
Table: state(state_code, state_name, country_name)
Table: time_interval(period, begin_time, end_time)
Table: time_zone(time_zone_code, time_zone_name, hours_from_gmt)

Example:
Question: which airports serve boston
SQL: SELECT DISTINCT airport_code FROM airport_service JOIN city ON airport_service.city_code = city.city_code WHERE city.city_name = 'BOSTON';"
atis,hard,find a flight on DL from PHILADELPHIA to SAN FRANCISCO,"SELECT DISTINCT FLIGHTalias0.FLIGHT_ID FROM AIRPORT_SERVICE AS AIRPORT_SERVICEalias0 , AIRPORT_SERVICE AS AIRPORT_SERVICEalias1 , CITY AS CITYalias0 , CITY AS CITYalias1 , FLIGHT AS FLIGHTalias0 WHERE ( CITYalias0.CITY_CODE = AIRPORT_SERVICEalias0.CITY_CODE AND CITYalias0.CITY_NAME = ""SAN FRANCISCO"" AND CITYalias1.CITY_CODE = AIRPORT_SERVICEalias1.CITY_CODE AND CITYalias1.CITY_NAME = ""PHILADELPHIA"" AND FLIGHTalias0.TO_AIRPORT = AIRPORT_SERVICEalias0.AIRPORT_CODE AND FLIGHTalias0.FROM_AIRPORT = AIRPORT_SERVICEalias1.AIRPORT_CODE ) AND FLIGHTalias0.AIRLINE_CODE = ""DL"" ;","Table: aircraft(aircraft_code, aircraft_description, manufacturer, basic_type, engines, propulsion, wide_body, wing_span, length, weight, capacity, pay_load, cruising_speed, range_miles, pressurized)
Table: airline(airline_code, airline_name, note)
Table: airport(airport_code, airport_name, airport_location, state_code, country_name, time_zone_code, minimum_connect_time)
Table: airport_service(city_code, airport_code, miles_distant, direction, minutes_distant)
Table: city(city_code, city_name, state_code, country_name, time_zone_code)
Table: class_of_service(booking_class, rank, class_description)
Table: code_description(code, description)
Table: compartment_class(compartment, class_type)
Table: date_day(month_number, day_number, year, day_name)
Table: days(days_code, day_name)
Table: dual_carrier(main_airline, low_flight_number, high_flight_number, dual_airline, service_name)
Table: equipment_sequence(aircraft_code_sequence, aircraft_code)
Table: fare(fare_id, from_airport, to_airport, fare_basis_code, fare_airline, restriction_code, one_direction_cost, round_trip_cost, round_trip_required)
Table: fare_basis(fare_basis_code, booking_class, class_type, premium, economy, discounted, night, season, basis_days)
Table: flight(flight_id, flight_days, from_airport, to_airport, departure_time, arrival_time, airline_flight, airline_code, flight_number, aircraft_code_sequence, meal_code, stops, connections, dual_carrier, time_elapsed)
Table: flight_fare(flight_id, fare_id)
Table: flight_leg(flight_id, leg_number, leg_flight)
Table: flight_stop(flight_id, stop_number, stop_days, stop_airport, arrival_time, arrival_airline, arrival_flight_number, departure_time, departure_airline, departure_flight_number, stop_time)
Table: food_service(meal_code, meal_number, compartment, meal_description)
Table: ground_service(city_code, airport_code, transport_type, ground_fare)
Table: month(month_number, month_name)
Table: restriction(restriction_code, advance_purchase, stopovers, saturday_stay_required, minimum_stay, maximum_stay, application, no_discounts)
Table: state(state_code, state_name, country_name)
Table: time_interval(period, begin_time, end_time)
Table: time_zone(time_zone_code, time_zone_name, hours_from_gmt)

Example:
Question: which airports serve boston
SQL: SELECT DISTINCT airport_code FROM airport_service JOIN city ON airport_service.city_code = city.city_code WHERE city.city_name = 'BOSTON';"
atis,hard,flights from ONTARIO to FLORIDA,"SELECT DISTINCT FLIGHTalias0.FLIGHT_ID FROM AIRPORT_SERVICE AS AIRPORT_SERVICEalias0 , AIRPORT_SERVICE AS AIRPORT_SERVICEalias1 , CITY AS CITYalias0 , CITY AS CITYalias1 , FLIGHT AS FLIGHTalias0 , STATE AS STATEalias0 WHERE CITYalias0.CITY_CODE = AIRPORT_SERVICEalias0.CITY_CODE AND CITYalias0.CITY_NAME = ""ONTARIO"" AND CITYalias1.CITY_CODE = AIRPORT_SERVICEalias1.CITY_CODE AND FLIGHTalias0.FROM_AIRPORT = AIRPORT_SERVICEalias0.AIRPORT_CODE AND FLIGHTalias0.TO_AIRPORT = AIRPORT_SERVICEalias1.AIRPORT_CODE AND STATEalias0.STATE_CODE = CITYalias1.STATE_CODE AND STATEalias0.STATE_NAME = ""FLORIDA"" ;","Table: aircraft(aircraft_code, aircraft_description, manufacturer, basic_type, engines, propulsion, wide_body, wing_span, length, weight, capacity, pay_load, cruising_speed, range_miles, pressurized)
Table: airline(airline_code, airline_name, note)
Table: airport(airport_code, airport_name, airport_location, state_code, country_name, time_zone_code, minimum_connect_time)
Table: airport_service(city_code, airport_code, miles_distant, direction, minutes_distant)
Table: city(city_code, city_name, state_code, country_name, time_zone_code)
Table: class_of_service(booking_class, rank, class_description)
Table: code_description(code, description)
Table: compartment_class(compartment, class_type)
Table: date_day(month_number, day_number, year, day_name)
Table: days(days_code, day_name)
Table: dual_carrier(main_airline, low_flight_number, high_flight_number, dual_airline, service_name)
Table: equipment_sequence(aircraft_code_sequence, aircraft_code)
Table: fare(fare_id, from_airport, to_airport, fare_basis_code, fare_airline, restriction_code, one_direction_cost, round_trip_cost, round_trip_required)
Table: fare_basis(fare_basis_code, booking_class, class_type, premium, economy, discounted, night, season, basis_days)
Table: flight(flight_id, flight_days, from_airport, to_airport, departure_time, arrival_time, airline_flight, airline_code, flight_number, aircraft_code_sequence, meal_code, stops, connections, dual_carrier, time_elapsed)
Table: flight_fare(flight_id, fare_id)
Table: flight_leg(flight_id, leg_number, leg_flight)
Table: flight_stop(flight_id, stop_number, stop_days, stop_airport, arrival_time, arrival_airline, arrival_flight_number, departure_time, departure_airline, departure_flight_number, stop_time)
Table: food_service(meal_code, meal_number, compartment, meal_description)
Table: ground_service(city_code, airport_code, transport_type, ground_fare)
Table: month(month_number, month_name)
Table: restriction(restriction_code, advance_purchase, stopovers, saturday_stay_required, minimum_stay, maximum_stay, application, no_discounts)
Table: state(state_code, state_name, country_name)
Table: time_interval(period, begin_time, end_time)
Table: time_zone(time_zone_code, time_zone_name, hours_from_gmt)

Example:
Question: which airports serve boston
SQL: SELECT DISTINCT airport_code FROM airport_service JOIN city ON airport_service.city_code = city.city_code WHERE city.city_name = 'BOSTON';"
atis,hard,show me the flights from NEW YORK to LOS ANGELES with stop in MILWAUKEE,"SELECT DISTINCT FLIGHTalias0.FLIGHT_ID FROM AIRPORT_SERVICE AS AIRPORT_SERVICEalias0 , AIRPORT_SERVICE AS AIRPORT_SERVICEalias1 , AIRPORT_SERVICE AS AIRPORT_SERVICEalias2 , CITY AS CITYalias0 , CITY AS CITYalias1 , CITY AS CITYalias2 , FLIGHT AS FLIGHTalias0 , FLIGHT_STOP AS FLIGHT_STOPalias0 WHERE ( CITYalias1.CITY_CODE = AIRPORT_SERVICEalias1.CITY_CODE AND CITYalias1.CITY_NAME = ""LOS ANGELES"" AND CITYalias2.CITY_CODE = AIRPORT_SERVICEalias2.CITY_CODE AND CITYalias2.CITY_NAME = ""MILWAUKEE"" AND FLIGHT_STOPalias0.STOP_AIRPORT = AIRPORT_SERVICEalias2.AIRPORT_CODE AND FLIGHTalias0.FLIGHT_ID = FLIGHT_STOPalias0.FLIGHT_ID AND FLIGHTalias0.TO_AIRPORT = AIRPORT_SERVICEalias1.AIRPORT_CODE ) AND CITYalias0.CITY_CODE = AIRPORT_SERVICEalias0.CITY_CODE AND CITYalias0.CITY_NAME = ""NEW YORK"" AND FLIGHTalias0.FROM_AIRPORT = AIRPORT_SERVICEalias0.AIRPORT_CODE ;","Table: aircraft(aircraft_code, aircraft_description, manufacturer, basic_type, engines, propulsion, wide_body, wing_span, length, weight, capacity, pay_load, cruising_speed, range_miles, pressurized)
Table: airline(airline_code, airline_name, note)
Table: airport(airport_code, airport_name, airport_location, state_code, country_name, time_zone_code, minimum_connect_time)
Table: airport_service(city_code, airport_code, miles_distant, direction, minutes_distant)
Table: city(city_code, city_name, state_code, country_name, time_zone_code)
Table: class_of_service(booking_class, rank, class_description)
Table: code_description(code, description)
Table: compartment_class(compartment, class_type)
Table: date_day(month_number, day_number, year, day_name)
Table: days(days_code, day_name)
Table: dual_carrier(main_airline, low_flight_number, high_flight_number, dual_airline, service_name)
Table: equipment_sequence(aircraft_code_sequence, aircraft_code)
Table: fare(fare_id, from_airport, to_airport, fare_basis_code, fare_airline, restriction_code, one_direction_cost, round_trip_cost, round_trip_required)
Table: fare_basis(fare_basis_code, booking_class, class_type, premium, economy, discounted, night, season, basis_days)
Table: flight(flight_id, flight_days, from_airport, to_airport, departure_time, arrival_time, airline_flight, airline_code, flight_number, aircraft_code_sequence, meal_code, stops, connections, dual_carrier, time_elapsed)
Table: flight_fare(flight_id, fare_id)
Table: flight_leg(flight_id, leg_number, leg_flight)
Table: flight_stop(flight_id, stop_number, stop_days, stop_airport, arrival_time, arrival_airline, arrival_flight_number, departure_time, departure_airline, departure_flight_number, stop_time)
Table: food_service(meal_code, meal_number, compartment, meal_description)
Table: ground_service(city_code, airport_code, transport_type, ground_fare)
Table: month(month_number, month_name)
Table: restriction(restriction_code, advance_purchase, stopovers, saturday_stay_required, minimum_stay, maximum_stay, application, no_discounts)
Table: state(state_code, state_name, country_name)
Table: time_interval(period, begin_time, end_time)
Table: time_zone(time_zone_code, time_zone_name, hours_from_gmt)

Example:
Question: which airports serve boston
SQL: SELECT DISTINCT airport_code FROM airport_service JOIN city ON airport_service.city_code = city.city_code WHERE city.city_name = 'BOSTON';"
atis,hard,i need a flight from BOSTON to PITTSBURGH that leaves early in the morning,"SELECT DISTINCT FLIGHTalias0.FLIGHT_ID FROM AIRPORT_SERVICE AS AIRPORT_SERVICEalias0 , AIRPORT_SERVICE AS AIRPORT_SERVICEalias1 , CITY AS CITYalias0 , CITY AS CITYalias1 , FLIGHT AS FLIGHTalias0 WHERE ( CITYalias0.CITY_CODE = AIRPORT_SERVICEalias0.CITY_CODE AND CITYalias0.CITY_NAME = ""BOSTON"" AND CITYalias1.CITY_CODE = AIRPORT_SERVICEalias1.CITY_CODE AND CITYalias1.CITY_NAME = ""PITTSBURGH"" AND FLIGHTalias0.FROM_AIRPORT = AIRPORT_SERVICEalias0.AIRPORT_CODE AND FLIGHTalias0.TO_AIRPORT = AIRPORT_SERVICEalias1.AIRPORT_CODE ) AND FLIGHTalias0.DEPARTURE_TIME BETWEEN 0 AND 800 ;","Table: aircraft(aircraft_code, aircraft_description, manufacturer, basic_type, engines, propulsion, wide_body, wing_span, length, weight, capacity, pay_load, cruising_speed, range_miles, pressurized)
Table: airline(airline_code, airline_name, note)
Table: airport(airport_code, airport_name, airport_location, state_code, country_name, time_zone_code, minimum_connect_time)
Table: airport_service(city_code, airport_code, miles_distant, direction, minutes_distant)
Table: city(city_code, city_name, state_code, country_name, time_zone_code)
Table: class_of_service(booking_class, rank, class_description)
Table: code_description(code, description)
Table: compartment_class(compartment, class_type)
Table: date_day(month_number, day_number, year, day_name)
Table: days(days_code, day_name)
Table: dual_carrier(main_airline, low_flight_number, high_flight_number, dual_airline, service_name)
Table: equipment_sequence(aircraft_code_sequence, aircraft_code)
Table: fare(fare_id, from_airport, to_airport, fare_basis_code, fare_airline, restriction_code, one_direction_cost, round_trip_cost, round_trip_required)
Table: fare_basis(fare_basis_code, booking_class, class_type, premium, economy, discounted, night, season, basis_days)
Table: flight(flight_id, flight_days, from_airport, to_airport, departure_time, arrival_time, airline_flight, airline_code, flight_number, aircraft_code_sequence, meal_code, stops, connections, dual_carrier, time_elapsed)
Table: flight_fare(flight_id, fare_id)
Table: flight_leg(flight_id, leg_number, leg_flight)
Table: flight_stop(flight_id, stop_number, stop_days, stop_airport, arrival_time, arrival_airline, arrival_flight_number, departure_time, departure_airline, departure_flight_number, stop_time)
Table: food_service(meal_code, meal_number, compartment, meal_description)
Table: ground_service(city_code, airport_code, transport_type, ground_fare)
Table: month(month_number, month_name)
Table: restriction(restriction_code, advance_purchase, stopovers, saturday_stay_required, minimum_stay, maximum_stay, application, no_discounts)
Table: state(state_code, state_name, country_name)
Table: time_interval(period, begin_time, end_time)
Table: time_zone(time_zone_code, time_zone_name, hours_from_gmt)

Example:
Question: which airports serve boston
SQL: SELECT DISTINCT airport_code FROM airport_service JOIN city ON airport_service.city_code = city.city_code WHERE city.city_name = 'BOSTON';"
atis,hard,show me the flights that go from ATLANTA to WASHINGTON on THURSDAY mornings,"SELECT DISTINCT FLIGHTalias0.FLIGHT_ID FROM AIRPORT_SERVICE AS AIRPORT_SERVICEalias0 , AIRPORT_SERVICE AS AIRPORT_SERVICEalias1 , CITY AS CITYalias0 , CITY AS CITYalias1 , DAYS AS DAYSalias0 , FLIGHT AS FLIGHTalias0 WHERE ( ( CITYalias0.CITY_CODE = AIRPORT_SERVICEalias0.CITY_CODE AND CITYalias0.CITY_NAME = ""ATLANTA"" AND CITYalias1.CITY_CODE = AIRPORT_SERVICEalias1.CITY_CODE AND CITYalias1.CITY_NAME = ""WASHINGTON"" AND FLIGHTalias0.FROM_AIRPORT = AIRPORT_SERVICEalias0.AIRPORT_CODE AND FLIGHTalias0.TO_AIRPORT = AIRPORT_SERVICEalias1.AIRPORT_CODE ) AND DAYSalias0.DAY_NAME = ""THURSDAY"" AND FLIGHTalias0.FLIGHT_DAYS = DAYSalias0.DAYS_CODE ) AND FLIGHTalias0.DEPARTURE_TIME BETWEEN 0 AND 1200 ;","Table: aircraft(aircraft_code, aircraft_description, manufacturer, basic_type, engines, propulsion, wide_body, wing_span, length, weight, capacity, pay_load, cruising_speed, range_miles, pressurized)
Table: airline(airline_code, airline_name, note)
Table: airport(airport_code, airport_name, airport_location, state_code, country_name, time_zone_code, minimum_connect_time)
Table: airport_service(city_code, airport_code, miles_distant, direction, minutes_distant)
Table: city(city_code, city_name, state_code, country_name, time_zone_code)
Table: class_of_service(booking_class, rank, class_description)
Table: code_description(code, description)
Table: compartment_class(compartment, class_type)
Table: date_day(month_number, day_number, year, day_name)
Table: days(days_code, day_name)
Table: dual_carrier(main_airline, low_flight_number, high_flight_number, dual_airline, service_name)
Table: equipment_sequence(aircraft_code_sequence, aircraft_code)
Table: fare(fare_id, from_airport, to_airport, fare_basis_code, fare_airline, restriction_code, one_direction_cost, round_trip_cost, round_trip_required)
Table: fare_basis(fare_basis_code, booking_class, class_type, premium, economy, discounted, night, season, basis_days)
Table: flight(flight_id, flight_days, from_airport, to_airport, departure_time, arrival_time, airline_flight, airline_code, flight_number, aircraft_code_sequence, meal_code, stops, connections, dual_carrier, time_elapsed)
Table: flight_fare(flight_id, fare_id)
Table: flight_leg(flight_id, leg_number, leg_flight)
Table: flight_stop(flight_id, stop_number, stop_days, stop_airport, arrival_time, arrival_airline, arrival_flight_number, departure_time, departure_airline, departure_flight_number, stop_time)
Table: food_service(meal_code, meal_number, compartment, meal_description)
Table: ground_service(city_code, airport_code, transport_type, ground_fare)
Table: month(month_number, month_name)
Table: restriction(restriction_code, advance_purchase, stopovers, saturday_stay_required, minimum_stay, maximum_stay, application, no_discounts)
Table: state(state_code, state_name, country_name)
Table: time_interval(period, begin_time, end_time)
Table: time_zone(time_zone_code, time_zone_name, hours_from_gmt)

Example:
Question: which airports serve boston
SQL: SELECT DISTINCT airport_code FROM airport_service JOIN city ON airport_service.city_code = city.city_code WHERE city.city_name = 'BOSTON';"
atis,hard,i need a flight from PHILADELPHIA to DALLAS next wednesday in the morning,"SELECT DISTINCT FLIGHTalias0.FLIGHT_ID FROM AIRPORT_SERVICE AS AIRPORT_SERVICEalias0 , AIRPORT_SERVICE AS AIRPORT_SERVICEalias1 , CITY AS CITYalias0 , CITY AS CITYalias1 , DATE_DAY AS DATE_DAYalias0 , DAYS AS DAYSalias0 , FLIGHT AS FLIGHTalias0 WHERE ( ( CITYalias1.CITY_CODE = AIRPORT_SERVICEalias1.CITY_CODE AND CITYalias1.CITY_NAME = ""DALLAS"" AND DATE_DAYalias0.DAY_NUMBER = 23 AND DATE_DAYalias0.MONTH_NUMBER = 4 AND DATE_DAYalias0.YEAR = 1991 AND DAYSalias0.DAY_NAME = DATE_DAYalias0.DAY_NAME AND FLIGHTalias0.FLIGHT_DAYS = DAYSalias0.DAYS_CODE AND FLIGHTalias0.TO_AIRPORT = AIRPORT_SERVICEalias1.AIRPORT_CODE ) AND CITYalias0.CITY_CODE = AIRPORT_SERVICEalias0.CITY_CODE AND CITYalias0.CITY_NAME = ""PHILADELPHIA"" AND FLIGHTalias0.FROM_AIRPORT = AIRPORT_SERVICEalias0.AIRPORT_CODE ) AND FLIGHTalias0.DEPARTURE_TIME BETWEEN 0 AND 1200 ;","Table: aircraft(aircraft_code, aircraft_description, manufacturer, basic_type, engines, propulsion, wide_body, wing_span, length, weight, capacity, pay_load, cruising_speed, range_miles, pressurized)
Table: airline(airline_code, airline_name, note)
Table: airport(airport_code, airport_name, airport_location, state_code, country_name, time_zone_code, minimum_connect_time)
Table: airport_service(city_code, airport_code, miles_distant, direction, minutes_distant)
Table: city(city_code, city_name, state_code, country_name, time_zone_code)
Table: class_of_service(booking_class, rank, class_description)
Table: code_description(code, description)
Table: compartment_class(compartment, class_type)
Table: date_day(month_number, day_number, year, day_name)
Table: days(days_code, day_name)
Table: dual_carrier(main_airline, low_flight_number, high_flight_number, dual_airline, service_name)
Table: equipment_sequence(aircraft_code_sequence, aircraft_code)
Table: fare(fare_id, from_airport, to_airport, fare_basis_code, fare_airline, restriction_code, one_direction_cost, round_trip_cost, round_trip_required)
Table: fare_basis(fare_basis_code, booking_class, class_type, premium, economy, discounted, night, season, basis_days)
Table: flight(flight_id, flight_days, from_airport, to_airport, departure_time, arrival_time, airline_flight, airline_code, flight_number, aircraft_code_sequence, meal_code, stops, connections, dual_carrier, time_elapsed)
Table: flight_fare(flight_id, fare_id)
Table: flight_leg(flight_id, leg_number, leg_flight)
Table: flight_stop(flight_id, stop_number, stop_days, stop_airport, arrival_time, arrival_airline, arrival_flight_number, departure_time, departure_airline, departure_flight_number, stop_time)
Table: food_service(meal_code, meal_number, compartment, meal_description)
Table: ground_service(city_code, airport_code, transport_type, ground_fare)
Table: month(month_number, month_name)
Table: restriction(restriction_code, advance_purchase, stopovers, saturday_stay_required, minimum_stay, maximum_stay, application, no_discounts)
Table: state(state_code, state_name, country_name)
Table: time_interval(period, begin_time, end_time)
Table: time_zone(time_zone_code, time_zone_name, hours_from_gmt)

Example:
Question: which airports serve boston
SQL: SELECT DISTINCT airport_code FROM airport_service JOIN city ON airport_service.city_code = city.city_code WHERE city.city_name = 'BOSTON';"
atis,hard,i would like a US flight from TORONTO to SAN DIEGO with a stopover in DENVER please,"SELECT DISTINCT FLIGHTalias0.FLIGHT_ID FROM AIRPORT_SERVICE AS AIRPORT_SERVICEalias0 , AIRPORT_SERVICE AS AIRPORT_SERVICEalias1 , AIRPORT_SERVICE AS AIRPORT_SERVICEalias2 , CITY AS CITYalias0 , CITY AS CITYalias1 , CITY AS CITYalias2 , FLIGHT AS FLIGHTalias0 , FLIGHT_STOP AS FLIGHT_STOPalias0 WHERE ( ( CITYalias1.CITY_CODE = AIRPORT_SERVICEalias1.CITY_CODE AND CITYalias1.CITY_NAME = ""SAN DIEGO"" AND CITYalias2.CITY_CODE = AIRPORT_SERVICEalias2.CITY_CODE AND CITYalias2.CITY_NAME = ""DENVER"" AND FLIGHT_STOPalias0.STOP_AIRPORT = AIRPORT_SERVICEalias2.AIRPORT_CODE AND FLIGHTalias0.FLIGHT_ID = FLIGHT_STOPalias0.FLIGHT_ID AND FLIGHTalias0.TO_AIRPORT = AIRPORT_SERVICEalias1.AIRPORT_CODE ) AND CITYalias0.CITY_CODE = AIRPORT_SERVICEalias0.CITY_CODE AND CITYalias0.CITY_NAME = ""TORONTO"" AND FLIGHTalias0.FROM_AIRPORT = AIRPORT_SERVICEalias0.AIRPORT_CODE ) AND FLIGHTalias0.AIRLINE_CODE = ""US"" ;","Table: aircraft(aircraft_code, aircraft_description, manufacturer, basic_type, engines, propulsion, wide_body, wing_span, length, weight, capacity, pay_load, cruising_speed, range_miles, pressurized)
Table: airline(airline_code, airline_name, note)
Table: airport(airport_code, airport_name, airport_location, state_code, country_name, time_zone_code, minimum_connect_time)
Table: airport_service(city_code, airport_code, miles_distant, direction, minutes_distant)
Table: city(city_code, city_name, state_code, country_name, time_zone_code)
Table: class_of_service(booking_class, rank, class_description)
Table: code_description(code, description)
Table: compartment_class(compartment, class_type)
Table: date_day(month_number, day_number, year, day_name)
Table: days(days_code, day_name)
Table: dual_carrier(main_airline, low_flight_number, high_flight_number, dual_airline, service_name)
Table: equipment_sequence(aircraft_code_sequence, aircraft_code)
Table: fare(fare_id, from_airport, to_airport, fare_basis_code, fare_airline, restriction_code, one_direction_cost, round_trip_cost, round_trip_required)
Table: fare_basis(fare_basis_code, booking_class, class_type, premium, economy, discounted, night, season, basis_days)
Table: flight(flight_id, flight_days, from_airport, to_airport, departure_time, arrival_time, airline_flight, airline_code, flight_number, aircraft_code_sequence, meal_code, stops, connections, dual_carrier, time_elapsed)
Table: flight_fare(flight_id, fare_id)
Table: flight_leg(flight_id, leg_number, leg_flight)
Table: flight_stop(flight_id, stop_number, stop_days, stop_airport, arrival_time, arrival_airline, arrival_flight_number, departure_time, departure_airline, departure_flight_number, stop_time)
Table: food_service(meal_code, meal_number, compartment, meal_description)
Table: ground_service(city_code, airport_code, transport_type, ground_fare)
Table: month(month_number, month_name)
Table: restriction(restriction_code, advance_purchase, stopovers, saturday_stay_required, minimum_stay, maximum_stay, application, no_discounts)
Table: state(state_code, state_name, country_name)
Table: time_interval(period, begin_time, end_time)
Table: time_zone(time_zone_code, time_zone_name, hours_from_gmt)

Example:
Question: which airports serve boston
SQL: SELECT DISTINCT airport_code FROM airport_service JOIN city ON airport_service.city_code = city.city_code WHERE city.city_name = 'BOSTON';"
atis,hard,can you show me flights from BALTIMORE to DALLAS,"SELECT DISTINCT FLIGHTalias0.FLIGHT_ID FROM AIRPORT_SERVICE AS AIRPORT_SERVICEalias0 , AIRPORT_SERVICE AS AIRPORT_SERVICEalias1 , CITY AS CITYalias0 , CITY AS CITYalias1 , FLIGHT AS FLIGHTalias0 WHERE CITYalias0.CITY_CODE = AIRPORT_SERVICEalias0.CITY_CODE AND CITYalias0.CITY_NAME = ""BALTIMORE"" AND CITYalias1.CITY_CODE = AIRPORT_SERVICEalias1.CITY_CODE AND CITYalias1.CITY_NAME = ""DALLAS"" AND FLIGHTalias0.FROM_AIRPORT = AIRPORT_SERVICEalias0.AIRPORT_CODE AND FLIGHTalias0.TO_AIRPORT = AIRPORT_SERVICEalias1.AIRPORT_CODE ;","Table: aircraft(aircraft_code, aircraft_description, manufacturer, basic_type, engines, propulsion, wide_body, wing_span, length, weight, capacity, pay_load, cruising_speed, range_miles, pressurized)
Table: airline(airline_code, airline_name, note)
Table: airport(airport_code, airport_name, airport_location, state_code, country_name, time_zone_code, minimum_connect_time)
Table: airport_service(city_code, airport_code, miles_distant, direction, minutes_distant)
Table: city(city_code, city_name, state_code, country_name, time_zone_code)
Table: class_of_service(booking_class, rank, class_description)
Table: code_description(code, description)
Table: compartment_class(compartment, class_type)
Table: date_day(month_number, day_number, year, day_name)
Table: days(days_code, day_name)
Table: dual_carrier(main_airline, low_flight_number, high_flight_number, dual_airline, service_name)
Table: equipment_sequence(aircraft_code_sequence, aircraft_code)
Table: fare(fare_id, from_airport, to_airport, fare_basis_code, fare_airline, restriction_code, one_direction_cost, round_trip_cost, round_trip_required)
Table: fare_basis(fare_basis_code, booking_class, class_type, premium, economy, discounted, night, season, basis_days)
Table: flight(flight_id, flight_days, from_airport, to_airport, departure_time, arrival_time, airline_flight, airline_code, flight_number, aircraft_code_sequence, meal_code, stops, connections, dual_carrier, time_elapsed)
Table: flight_fare(flight_id, fare_id)
Table: flight_leg(flight_id, leg_number, leg_flight)
Table: flight_stop(flight_id, stop_number, stop_days, stop_airport, arrival_time, arrival_airline, arrival_flight_number, departure_time, departure_airline, departure_flight_number, stop_time)
Table: food_service(meal_code, meal_number, compartment, meal_description)
Table: ground_service(city_code, airport_code, transport_type, ground_fare)
Table: month(month_number, month_name)
Table: restriction(restriction_code, advance_purchase, stopovers, saturday_stay_required, minimum_stay, maximum_stay, application, no_discounts)
Table: state(state_code, state_name, country_name)
Table: time_interval(period, begin_time, end_time)
Table: time_zone(time_zone_code, time_zone_name, hours_from_gmt)

Example:
Question: which airports serve boston
SQL: SELECT DISTINCT airport_code FROM airport_service JOIN city ON airport_service.city_code = city.city_code WHERE city.city_name = 'BOSTON';"
atis,hard,are there any flights from DENVER to ATLANTA to PITTSBURGH,"SELECT DISTINCT FLIGHTalias0.FLIGHT_ID FROM AIRPORT_SERVICE AS AIRPORT_SERVICEalias0 , AIRPORT_SERVICE AS AIRPORT_SERVICEalias1 , AIRPORT_SERVICE AS AIRPORT_SERVICEalias2 , CITY AS CITYalias0 , CITY AS CITYalias1 , CITY AS CITYalias2 , FLIGHT AS FLIGHTalias0 , FLIGHT_STOP AS FLIGHT_STOPalias0 WHERE ( CITYalias1.CITY_CODE = AIRPORT_SERVICEalias1.CITY_CODE AND CITYalias1.CITY_NAME = ""PITTSBURGH"" AND CITYalias2.CITY_CODE = AIRPORT_SERVICEalias2.CITY_CODE AND CITYalias2.CITY_NAME = ""ATLANTA"" AND FLIGHT_STOPalias0.STOP_AIRPORT = AIRPORT_SERVICEalias2.AIRPORT_CODE AND FLIGHTalias0.FLIGHT_ID = FLIGHT_STOPalias0.FLIGHT_ID AND FLIGHTalias0.TO_AIRPORT = AIRPORT_SERVICEalias1.AIRPORT_CODE ) AND CITYalias0.CITY_CODE = AIRPORT_SERVICEalias0.CITY_CODE AND CITYalias0.CITY_NAME = ""DENVER"" AND FLIGHTalias0.FROM_AIRPORT = AIRPORT_SERVICEalias0.AIRPORT_CODE ;","Table: aircraft(aircraft_code, aircraft_description, manufacturer, basic_type, engines, propulsion, wide_body, wing_span, length, weight, capacity, pay_load, cruising_speed, range_miles, pressurized)
Table: airline(airline_code, airline_name, note)
Table: airport(airport_code, airport_name, airport_location, state_code, country_name, time_zone_code, minimum_connect_time)
Table: airport_service(city_code, airport_code, miles_distant, direction, minutes_distant)
Table: city(city_code, city_name, state_code, country_name, time_zone_code)
Table: class_of_service(booking_class, rank, class_description)
Table: code_description(code, description)
Table: compartment_class(compartment, class_type)
Table: date_day(month_number, day_number, year, day_name)
Table: days(days_code, day_name)
Table: dual_carrier(main_airline, low_flight_number, high_flight_number, dual_airline, service_name)
Table: equipment_sequence(aircraft_code_sequence, aircraft_code)
Table: fare(fare_id, from_airport, to_airport, fare_basis_code, fare_airline, restriction_code, one_direction_cost, round_trip_cost, round_trip_required)
Table: fare_basis(fare_basis_code, booking_class, class_type, premium, economy, discounted, night, season, basis_days)
Table: flight(flight_id, flight_days, from_airport, to_airport, departure_time, arrival_time, airline_flight, airline_code, flight_number, aircraft_code_sequence, meal_code, stops, connections, dual_carrier, time_elapsed)
Table: flight_fare(flight_id, fare_id)
Table: flight_leg(flight_id, leg_number, leg_flight)
Table: flight_stop(flight_id, stop_number, stop_days, stop_airport, arrival_time, arrival_airline, arrival_flight_number, departure_time, departure_airline, departure_flight_number, stop_time)
Table: food_service(meal_code, meal_number, compartment, meal_description)
Table: ground_service(city_code, airport_code, transport_type, ground_fare)
Table: month(month_number, month_name)
Table: restriction(restriction_code, advance_purchase, stopovers, saturday_stay_required, minimum_stay, maximum_stay, application, no_discounts)
Table: state(state_code, state_name, country_name)
Table: time_interval(period, begin_time, end_time)
Table: time_zone(time_zone_code, time_zone_name, hours_from_gmt)

Example:
Question: which airports serve boston
SQL: SELECT DISTINCT airport_code FROM airport_service JOIN city ON airport_service.city_code = city.city_code WHERE city.city_name = 'BOSTON';"
atis,hard,i would like flight information from PHOENIX to DENVER,"SELECT DISTINCT FLIGHTalias0.FLIGHT_ID FROM AIRPORT_SERVICE AS AIRPORT_SERVICEalias0 , AIRPORT_SERVICE AS AIRPORT_SERVICEalias1 , CITY AS CITYalias0 , CITY AS CITYalias1 , FLIGHT AS FLIGHTalias0 WHERE CITYalias0.CITY_CODE = AIRPORT_SERVICEalias0.CITY_CODE AND CITYalias0.CITY_NAME = ""PHOENIX"" AND CITYalias1.CITY_CODE = AIRPORT_SERVICEalias1.CITY_CODE AND CITYalias1.CITY_NAME = ""DENVER"" AND FLIGHTalias0.FROM_AIRPORT = AIRPORT_SERVICEalias0.AIRPORT_CODE AND FLIGHTalias0.TO_AIRPORT = AIRPORT_SERVICEalias1.AIRPORT_CODE ;","Table: aircraft(aircraft_code, aircraft_description, manufacturer, basic_type, engines, propulsion, wide_body, wing_span, length, weight, capacity, pay_load, cruising_speed, range_miles, pressurized)
Table: airline(airline_code, airline_name, note)
Table: airport(airport_code, airport_name, airport_location, state_code, country_name, time_zone_code, minimum_connect_time)
Table: airport_service(city_code, airport_code, miles_distant, direction, minutes_distant)
Table: city(city_code, city_name, state_code, country_name, time_zone_code)
Table: class_of_service(booking_class, rank, class_description)
Table: code_description(code, description)
Table: compartment_class(compartment, class_type)
Table: date_day(month_number, day_number, year, day_name)
Table: days(days_code, day_name)
Table: dual_carrier(main_airline, low_flight_number, high_flight_number, dual_airline, service_name)
Table: equipment_sequence(aircraft_code_sequence, aircraft_code)
Table: fare(fare_id, from_airport, to_airport, fare_basis_code, fare_airline, restriction_code, one_direction_cost, round_trip_cost, round_trip_required)
Table: fare_basis(fare_basis_code, booking_class, class_type, premium, economy, discounted, night, season, basis_days)
Table: flight(flight_id, flight_days, from_airport, to_airport, departure_time, arrival_time, airline_flight, airline_code, flight_number, aircraft_code_sequence, meal_code, stops, connections, dual_carrier, time_elapsed)
Table: flight_fare(flight_id, fare_id)
Table: flight_leg(flight_id, leg_number, leg_flight)
Table: flight_stop(flight_id, stop_number, stop_days, stop_airport, arrival_time, arrival_airline, arrival_flight_number, departure_time, departure_airline, departure_flight_number, stop_time)
Table: food_service(meal_code, meal_number, compartment, meal_description)
Table: ground_service(city_code, airport_code, transport_type, ground_fare)
Table: month(month_number, month_name)
Table: restriction(restriction_code, advance_purchase, stopovers, saturday_stay_required, minimum_stay, maximum_stay, application, no_discounts)
Table: state(state_code, state_name, country_name)
Table: time_interval(period, begin_time, end_time)
Table: time_zone(time_zone_code, time_zone_name, hours_from_gmt)

Example:
Question: which airports serve boston
SQL: SELECT DISTINCT airport_code FROM airport_service JOIN city ON airport_service.city_code = city.city_code WHERE city.city_name = 'BOSTON';"
atis,hard,show me the flights from BALTIMORE to OAKLAND,"SELECT DISTINCT FLIGHTalias0.FLIGHT_ID FROM AIRPORT_SERVICE AS AIRPORT_SERVICEalias0 , AIRPORT_SERVICE AS AIRPORT_SERVICEalias1 , CITY AS CITYalias0 , CITY AS CITYalias1 , FLIGHT AS FLIGHTalias0 WHERE CITYalias0.CITY_CODE = AIRPORT_SERVICEalias0.CITY_CODE AND CITYalias0.CITY_NAME = ""BALTIMORE"" AND CITYalias1.CITY_CODE = AIRPORT_SERVICEalias1.CITY_CODE AND CITYalias1.CITY_NAME = ""OAKLAND"" AND FLIGHTalias0.FROM_AIRPORT = AIRPORT_SERVICEalias0.AIRPORT_CODE AND FLIGHTalias0.TO_AIRPORT = AIRPORT_SERVICEalias1.AIRPORT_CODE ;","Table: aircraft(aircraft_code, aircraft_description, manufacturer, basic_type, engines, propulsion, wide_body, wing_span, length, weight, capacity, pay_load, cruising_speed, range_miles, pressurized)
Table: airline(airline_code, airline_name, note)
Table: airport(airport_code, airport_name, airport_location, state_code, country_name, time_zone_code, minimum_connect_time)
Table: airport_service(city_code, airport_code, miles_distant, direction, minutes_distant)
Table: city(city_code, city_name, state_code, country_name, time_zone_code)
Table: class_of_service(booking_class, rank, class_description)
Table: code_description(code, description)
Table: compartment_class(compartment, class_type)
Table: date_day(month_number, day_number, year, day_name)
Table: days(days_code, day_name)
Table: dual_carrier(main_airline, low_flight_number, high_flight_number, dual_airline, service_name)
Table: equipment_sequence(aircraft_code_sequence, aircraft_code)
Table: fare(fare_id, from_airport, to_airport, fare_basis_code, fare_airline, restriction_code, one_direction_cost, round_trip_cost, round_trip_required)
Table: fare_basis(fare_basis_code, booking_class, class_type, premium, economy, discounted, night, season, basis_days)
Table: flight(flight_id, flight_days, from_airport, to_airport, departure_time, arrival_time, airline_flight, airline_code, flight_number, aircraft_code_sequence, meal_code, stops, connections, dual_carrier, time_elapsed)
Table: flight_fare(flight_id, fare_id)
Table: flight_leg(flight_id, leg_number, leg_flight)
Table: flight_stop(flight_id, stop_number, stop_days, stop_airport, arrival_time, arrival_airline, arrival_flight_number, departure_time, departure_airline, departure_flight_number, stop_time)
Table: food_service(meal_code, meal_number, compartment, meal_description)
Table: ground_service(city_code, airport_code, transport_type, ground_fare)
Table: month(month_number, month_name)
Table: restriction(restriction_code, advance_purchase, stopovers, saturday_stay_required, minimum_stay, maximum_stay, application, no_discounts)
Table: state(state_code, state_name, country_name)
Table: time_interval(period, begin_time, end_time)
Table: time_zone(time_zone_code, time_zone_name, hours_from_gmt)

Example:
Question: which airports serve boston
SQL: SELECT DISTINCT airport_code FROM airport_service JOIN city ON airport_service.city_code = city.city_code WHERE city.city_name = 'BOSTON';"
atis,hard,nonstop flights from NEW YORK to LAS VEGAS on sunday,"SELECT DISTINCT FLIGHTalias0.FLIGHT_ID FROM AIRPORT_SERVICE AS AIRPORT_SERVICEalias0 , AIRPORT_SERVICE AS AIRPORT_SERVICEalias1 , CITY AS CITYalias0 , CITY AS CITYalias1 , DATE_DAY AS DATE_DAYalias0 , DAYS AS DAYSalias0 , FLIGHT AS FLIGHTalias0 WHERE ( ( CITYalias1.CITY_CODE = AIRPORT_SERVICEalias1.CITY_CODE AND CITYalias1.CITY_NAME = ""LAS VEGAS"" AND DATE_DAYalias0.DAY_NUMBER = 27 AND DATE_DAYalias0.MONTH_NUMBER = 8 AND DATE_DAYalias0.YEAR = 1991 AND DAYSalias0.DAY_NAME = DATE_DAYalias0.DAY_NAME AND FLIGHTalias0.FLIGHT_DAYS = DAYSalias0.DAYS_CODE AND FLIGHTalias0.TO_AIRPORT = AIRPORT_SERVICEalias1.AIRPORT_CODE ) AND CITYalias0.CITY_CODE = AIRPORT_SERVICEalias0.CITY_CODE AND CITYalias0.CITY_NAME = ""NEW YORK"" AND FLIGHTalias0.FROM_AIRPORT = AIRPORT_SERVICEalias0.AIRPORT_CODE ) AND FLIGHTalias0.STOPS = 0 ;","Table: aircraft(aircraft_code, aircraft_description, manufacturer, basic_type, engines, propulsion, wide_body, wing_span, length, weight, capacity, pay_load, cruising_speed, range_miles, pressurized)
Table: airline(airline_code, airline_name, note)
Table: airport(airport_code, airport_name, airport_location, state_code, country_name, time_zone_code, minimum_connect_time)
Table: airport_service(city_code, airport_code, miles_distant, direction, minutes_distant)
Table: city(city_code, city_name, state_code, country_name, time_zone_code)
Table: class_of_service(booking_class, rank, class_description)
Table: code_description(code, description)
Table: compartment_class(compartment, class_type)
Table: date_day(month_number, day_number, year, day_name)
Table: days(days_code, day_name)
Table: dual_carrier(main_airline, low_flight_number, high_flight_number, dual_airline, service_name)
Table: equipment_sequence(aircraft_code_sequence, aircraft_code)
Table: fare(fare_id, from_airport, to_airport, fare_basis_code, fare_airline, restriction_code, one_direction_cost, round_trip_cost, round_trip_required)
Table: fare_basis(fare_basis_code, booking_class, class_type, premium, economy, discounted, night, season, basis_days)
Table: flight(flight_id, flight_days, from_airport, to_airport, departure_time, arrival_time, airline_flight, airline_code, flight_number, aircraft_code_sequence, meal_code, stops, connections, dual_carrier, time_elapsed)
Table: flight_fare(flight_id, fare_id)
Table: flight_leg(flight_id, leg_number, leg_flight)
Table: flight_stop(flight_id, stop_number, stop_days, stop_airport, arrival_time, arrival_airline, arrival_flight_number, departure_time, departure_airline, departure_flight_number, stop_time)
Table: food_service(meal_code, meal_number, compartment, meal_description)
Table: ground_service(city_code, airport_code, transport_type, ground_fare)
Table: month(month_number, month_name)
Table: restriction(restriction_code, advance_purchase, stopovers, saturday_stay_required, minimum_stay, maximum_stay, application, no_discounts)
Table: state(state_code, state_name, country_name)
Table: time_interval(period, begin_time, end_time)
Table: time_zone(time_zone_code, time_zone_name, hours_from_gmt)

Example:
Question: which airports serve boston
SQL: SELECT DISTINCT airport_code FROM airport_service JOIN city ON airport_service.city_code = city.city_code WHERE city.city_name = 'BOSTON';"
atis,hard,list all flights leaving SAN FRANCISCO monday afternoon arriving in PITTSBURGH,"SELECT DISTINCT FLIGHTalias0.FLIGHT_ID FROM AIRPORT_SERVICE AS AIRPORT_SERVICEalias0 , AIRPORT_SERVICE AS AIRPORT_SERVICEalias1 , CITY AS CITYalias0 , CITY AS CITYalias1 , DATE_DAY AS DATE_DAYalias0 , DAYS AS DAYSalias0 , FLIGHT AS FLIGHTalias0 WHERE ( ( ( FLIGHTalias0.DEPARTURE_TIME BETWEEN 1200 AND 1800 ) AND DATE_DAYalias0.DAY_NUMBER = 21 AND DATE_DAYalias0.MONTH_NUMBER = 2 AND DATE_DAYalias0.YEAR = 1991 AND DAYSalias0.DAY_NAME = DATE_DAYalias0.DAY_NAME AND FLIGHTalias0.FLIGHT_DAYS = DAYSalias0.DAYS_CODE ) AND CITYalias1.CITY_CODE = AIRPORT_SERVICEalias1.CITY_CODE AND CITYalias1.CITY_NAME = ""PITTSBURGH"" AND FLIGHTalias0.TO_AIRPORT = AIRPORT_SERVICEalias1.AIRPORT_CODE ) AND CITYalias0.CITY_CODE = AIRPORT_SERVICEalias0.CITY_CODE AND CITYalias0.CITY_NAME = ""SAN FRANCISCO"" AND FLIGHTalias0.FROM_AIRPORT = AIRPORT_SERVICEalias0.AIRPORT_CODE ;","Table: aircraft(aircraft_code, aircraft_description, manufacturer, basic_type, engines, propulsion, wide_body, wing_span, length, weight, capacity, pay_load, cruising_speed, range_miles, pressurized)
Table: airline(airline_code, airline_name, note)
Table: airport(airport_code, airport_name, airport_location, state_code, country_name, time_zone_code, minimum_connect_time)
Table: airport_service(city_code, airport_code, miles_distant, direction, minutes_distant)
Table: city(city_code, city_name, state_code, country_name, time_zone_code)
Table: class_of_service(booking_class, rank, class_description)
Table: code_description(code, description)
Table: compartment_class(compartment, class_type)
Table: date_day(month_number, day_number, year, day_name)
Table: days(days_code, day_name)
Table: dual_carrier(main_airline, low_flight_number, high_flight_number, dual_airline, service_name)
Table: equipment_sequence(aircraft_code_sequence, aircraft_code)
Table: fare(fare_id, from_airport, to_airport, fare_basis_code, fare_airline, restriction_code, one_direction_cost, round_trip_cost, round_trip_required)
Table: fare_basis(fare_basis_code, booking_class, class_type, premium, economy, discounted, night, season, basis_days)
Table: flight(flight_id, flight_days, from_airport, to_airport, departure_time, arrival_time, airline_flight, airline_code, flight_number, aircraft_code_sequence, meal_code, stops, connections, dual_carrier, time_elapsed)
Table: flight_fare(flight_id, fare_id)
Table: flight_leg(flight_id, leg_number, leg_flight)
Table: flight_stop(flight_id, stop_number, stop_days, stop_airport, arrival_time, arrival_airline, arrival_flight_number, departure_time, departure_airline, departure_flight_number, stop_time)
Table: food_service(meal_code, meal_number, compartment, meal_description)
Table: ground_service(city_code, airport_code, transport_type, ground_fare)
Table: month(month_number, month_name)
Table: restriction(restriction_code, advance_purchase, stopovers, saturday_stay_required, minimum_stay, maximum_stay, application, no_discounts)
Table: state(state_code, state_name, country_name)
Table: time_interval(period, begin_time, end_time)
Table: time_zone(time_zone_code, time_zone_name, hours_from_gmt)

Example:
Question: which airports serve boston
SQL: SELECT DISTINCT airport_code FROM airport_service JOIN city ON airport_service.city_code = city.city_code WHERE city.city_name = 'BOSTON';"
atis,hard,does EA fly between BOSTON and WASHINGTON,"SELECT DISTINCT AIRLINEalias0.AIRLINE_CODE FROM AIRLINE AS AIRLINEalias0 , AIRPORT_SERVICE AS AIRPORT_SERVICEalias0 , AIRPORT_SERVICE AS AIRPORT_SERVICEalias1 , CITY AS CITYalias0 , CITY AS CITYalias1 , FLIGHT AS FLIGHTalias0 WHERE ( ( FLIGHTalias0.AIRLINE_CODE = ""EA"" ) AND CITYalias1.CITY_CODE = AIRPORT_SERVICEalias1.CITY_CODE AND CITYalias1.CITY_NAME = ""WASHINGTON"" AND FLIGHTalias0.TO_AIRPORT = AIRPORT_SERVICEalias1.AIRPORT_CODE ) AND CITYalias0.CITY_CODE = AIRPORT_SERVICEalias0.CITY_CODE AND CITYalias0.CITY_NAME = ""BOSTON"" AND FLIGHTalias0.AIRLINE_CODE = AIRLINEalias0.AIRLINE_CODE AND FLIGHTalias0.FROM_AIRPORT = AIRPORT_SERVICEalias0.AIRPORT_CODE ;","Table: aircraft(aircraft_code, aircraft_description, manufacturer, basic_type, engines, propulsion, wide_body, wing_span, length, weight, capacity, pay_load, cruising_speed, range_miles, pressurized)
Table: airline(airline_code, airline_name, note)
Table: airport(airport_code, airport_name, airport_location, state_code, country_name, time_zone_code, minimum_connect_time)
Table: airport_service(city_code, airport_code, miles_distant, direction, minutes_distant)
Table: city(city_code, city_name, state_code, country_name, time_zone_code)
Table: class_of_service(booking_class, rank, class_description)
Table: code_description(code, description)
Table: compartment_class(compartment, class_type)
Table: date_day(month_number, day_number, year, day_name)
Table: days(days_code, day_name)
Table: dual_carrier(main_airline, low_flight_number, high_flight_number, dual_airline, service_name)
Table: equipment_sequence(aircraft_code_sequence, aircraft_code)
Table: fare(fare_id, from_airport, to_airport, fare_basis_code, fare_airline, restriction_code, one_direction_cost, round_trip_cost, round_trip_required)
Table: fare_basis(fare_basis_code, booking_class, class_type, premium, economy, discounted, night, season, basis_days)
Table: flight(flight_id, flight_days, from_airport, to_airport, departure_time, arrival_time, airline_flight, airline_code, flight_number, aircraft_code_sequence, meal_code, stops, connections, dual_carrier, time_elapsed)
Table: flight_fare(flight_id, fare_id)
Table: flight_leg(flight_id, leg_number, leg_flight)
Table: flight_stop(flight_id, stop_number, stop_days, stop_airport, arrival_time, arrival_airline, arrival_flight_number, departure_time, departure_airline, departure_flight_number, stop_time)
Table: food_service(meal_code, meal_number, compartment, meal_description)
Table: ground_service(city_code, airport_code, transport_type, ground_fare)
Table: month(month_number, month_name)
Table: restriction(restriction_code, advance_purchase, stopovers, saturday_stay_required, minimum_stay, maximum_stay, application, no_discounts)
Table: state(state_code, state_name, country_name)
Table: time_interval(period, begin_time, end_time)
Table: time_zone(time_zone_code, time_zone_name, hours_from_gmt)

Example:
Question: which airports serve boston
SQL: SELECT DISTINCT airport_code FROM airport_service JOIN city ON airport_service.city_code = city.city_code WHERE city.city_name = 'BOSTON';"
atis,hard,yes i'd like a flight from LONG BEACH to ST. LOUIS by way of DALLAS,"SELECT DISTINCT FLIGHTalias0.FLIGHT_ID FROM AIRPORT_SERVICE AS AIRPORT_SERVICEalias0 , AIRPORT_SERVICE AS AIRPORT_SERVICEalias1 , AIRPORT_SERVICE AS AIRPORT_SERVICEalias2 , CITY AS CITYalias0 , CITY AS CITYalias1 , CITY AS CITYalias2 , FLIGHT AS FLIGHTalias0 , FLIGHT_STOP AS FLIGHT_STOPalias0 WHERE ( CITYalias1.CITY_CODE = AIRPORT_SERVICEalias1.CITY_CODE AND CITYalias1.CITY_NAME = ""ST. LOUIS"" AND CITYalias2.CITY_CODE = AIRPORT_SERVICEalias2.CITY_CODE AND CITYalias2.CITY_NAME = ""DALLAS"" AND FLIGHT_STOPalias0.STOP_AIRPORT = AIRPORT_SERVICEalias2.AIRPORT_CODE AND FLIGHTalias0.FLIGHT_ID = FLIGHT_STOPalias0.FLIGHT_ID AND FLIGHTalias0.TO_AIRPORT = AIRPORT_SERVICEalias1.AIRPORT_CODE ) AND CITYalias0.CITY_CODE = AIRPORT_SERVICEalias0.CITY_CODE AND CITYalias0.CITY_NAME = ""LONG BEACH"" AND FLIGHTalias0.FROM_AIRPORT = AIRPORT_SERVICEalias0.AIRPORT_CODE ;","Table: aircraft(aircraft_code, aircraft_description, manufacturer, basic_type, engines, propulsion, wide_body, wing_span, length, weight, capacity, pay_load, cruising_speed, range_miles, pressurized)
Table: airline(airline_code, airline_name, note)
Table: airport(airport_code, airport_name, airport_location, state_code, country_name, time_zone_code, minimum_connect_time)
Table: airport_service(city_code, airport_code, miles_distant, direction, minutes_distant)
Table: city(city_code, city_name, state_code, country_name, time_zone_code)
Table: class_of_service(booking_class, rank, class_description)
Table: code_description(code, description)
Table: compartment_class(compartment, class_type)
Table: date_day(month_number, day_number, year, day_name)
Table: days(days_code, day_name)
Table: dual_carrier(main_airline, low_flight_number, high_flight_number, dual_airline, service_name)
Table: equipment_sequence(aircraft_code_sequence, aircraft_code)
Table: fare(fare_id, from_airport, to_airport, fare_basis_code, fare_airline, restriction_code, one_direction_cost, round_trip_cost, round_trip_required)
Table: fare_basis(fare_basis_code, booking_class, class_type, premium, economy, discounted, night, season, basis_days)
Table: flight(flight_id, flight_days, from_airport, to_airport, departure_time, arrival_time, airline_flight, airline_code, flight_number, aircraft_code_sequence, meal_code, stops, connections, dual_carrier, time_elapsed)
Table: flight_fare(flight_id, fare_id)
Table: flight_leg(flight_id, leg_number, leg_flight)
Table: flight_stop(flight_id, stop_number, stop_days, stop_airport, arrival_time, arrival_airline, arrival_flight_number, departure_time, departure_airline, departure_flight_number, stop_time)
Table: food_service(meal_code, meal_number, compartment, meal_description)
Table: ground_service(city_code, airport_code, transport_type, ground_fare)
Table: month(month_number, month_name)
Table: restriction(restriction_code, advance_purchase, stopovers, saturday_stay_required, minimum_stay, maximum_stay, application, no_discounts)
Table: state(state_code, state_name, country_name)
Table: time_interval(period, begin_time, end_time)
Table: time_zone(time_zone_code, time_zone_name, hours_from_gmt)

Example:
Question: which airports serve boston
SQL: SELECT DISTINCT airport_code FROM airport_service JOIN city ON airport_service.city_code = city.city_code WHERE city.city_name = 'BOSTON';"
atis,hard,show flights from SAN FRANCISCO to DENVER on a THURSDAY,"SELECT DISTINCT FLIGHTalias0.FLIGHT_ID FROM AIRPORT_SERVICE AS AIRPORT_SERVICEalias0 , AIRPORT_SERVICE AS AIRPORT_SERVICEalias1 , CITY AS CITYalias0 , CITY AS CITYalias1 , DAYS AS DAYSalias0 , FLIGHT AS FLIGHTalias0 WHERE ( CITYalias1.CITY_CODE = AIRPORT_SERVICEalias1.CITY_CODE AND CITYalias1.CITY_NAME = ""DENVER"" AND DAYSalias0.DAY_NAME = ""THURSDAY"" AND FLIGHTalias0.FLIGHT_DAYS = DAYSalias0.DAYS_CODE AND FLIGHTalias0.TO_AIRPORT = AIRPORT_SERVICEalias1.AIRPORT_CODE ) AND CITYalias0.CITY_CODE = AIRPORT_SERVICEalias0.CITY_CODE AND CITYalias0.CITY_NAME = ""SAN FRANCISCO"" AND FLIGHTalias0.FROM_AIRPORT = AIRPORT_SERVICEalias0.AIRPORT_CODE ;","Table: aircraft(aircraft_code, aircraft_description, manufacturer, basic_type, engines, propulsion, wide_body, wing_span, length, weight, capacity, pay_load, cruising_speed, range_miles, pressurized)
Table: airline(airline_code, airline_name, note)
Table: airport(airport_code, airport_name, airport_location, state_code, country_name, time_zone_code, minimum_connect_time)
Table: airport_service(city_code, airport_code, miles_distant, direction, minutes_distant)
Table: city(city_code, city_name, state_code, country_name, time_zone_code)
Table: class_of_service(booking_class, rank, class_description)
Table: code_description(code, description)
Table: compartment_class(compartment, class_type)
Table: date_day(month_number, day_number, year, day_name)
Table: days(days_code, day_name)
Table: dual_carrier(main_airline, low_flight_number, high_flight_number, dual_airline, service_name)
Table: equipment_sequence(aircraft_code_sequence, aircraft_code)
Table: fare(fare_id, from_airport, to_airport, fare_basis_code, fare_airline, restriction_code, one_direction_cost, round_trip_cost, round_trip_required)
Table: fare_basis(fare_basis_code, booking_class, class_type, premium, economy, discounted, night, season, basis_days)
Table: flight(flight_id, flight_days, from_airport, to_airport, departure_time, arrival_time, airline_flight, airline_code, flight_number, aircraft_code_sequence, meal_code, stops, connections, dual_carrier, time_elapsed)
Table: flight_fare(flight_id, fare_id)
Table: flight_leg(flight_id, leg_number, leg_flight)
Table: flight_stop(flight_id, stop_number, stop_days, stop_airport, arrival_time, arrival_airline, arrival_flight_number, departure_time, departure_airline, departure_flight_number, stop_time)
Table: food_service(meal_code, meal_number, compartment, meal_description)
Table: ground_service(city_code, airport_code, transport_type, ground_fare)
Table: month(month_number, month_name)
Table: restriction(restriction_code, advance_purchase, stopovers, saturday_stay_required, minimum_stay, maximum_stay, application, no_discounts)
Table: state(state_code, state_name, country_name)
Table: time_interval(period, begin_time, end_time)
Table: time_zone(time_zone_code, time_zone_name, hours_from_gmt)

Example:
Question: which airports serve boston
SQL: SELECT DISTINCT airport_code FROM airport_service JOIN city ON airport_service.city_code = city.city_code WHERE city.city_name = 'BOSTON';"
atis,hard,show me all flights out of BOSTON on 6 20 that have BUSINESS class,"SELECT DISTINCT FLIGHTalias0.FLIGHT_ID FROM AIRPORT_SERVICE AS AIRPORT_SERVICEalias0 , CITY AS CITYalias0 , DATE_DAY AS DATE_DAYalias0 , DAYS AS DAYSalias0 , FARE AS FAREalias0 , FARE_BASIS AS FARE_BASISalias0 , FLIGHT AS FLIGHTalias0 , FLIGHT_FARE AS FLIGHT_FAREalias0 WHERE ( DATE_DAYalias0.DAY_NUMBER = 20 AND DATE_DAYalias0.MONTH_NUMBER = 6 AND DATE_DAYalias0.YEAR = 1991 AND DAYSalias0.DAY_NAME = DATE_DAYalias0.DAY_NAME AND FARE_BASISalias0.CLASS_TYPE = ""BUSINESS"" AND FAREalias0.FARE_BASIS_CODE = FARE_BASISalias0.FARE_BASIS_CODE AND FLIGHT_FAREalias0.FARE_ID = FAREalias0.FARE_ID AND FLIGHTalias0.FLIGHT_DAYS = DAYSalias0.DAYS_CODE AND FLIGHTalias0.FLIGHT_ID = FLIGHT_FAREalias0.FLIGHT_ID ) AND CITYalias0.CITY_CODE = AIRPORT_SERVICEalias0.CITY_CODE AND CITYalias0.CITY_NAME = ""BOSTON"" AND FLIGHTalias0.FROM_AIRPORT = AIRPORT_SERVICEalias0.AIRPORT_CODE ;","Table: aircraft(aircraft_code, aircraft_description, manufacturer, basic_type, engines, propulsion, wide_body, wing_span, length, weight, capacity, pay_load, cruising_speed, range_miles, pressurized)
Table: airline(airline_code, airline_name, note)
Table: airport(airport_code, airport_name, airport_location, state_code, country_name, time_zone_code, minimum_connect_time)
Table: airport_service(city_code, airport_code, miles_distant, direction, minutes_distant)
Table: city(city_code, city_name, state_code, country_name, time_zone_code)
Table: class_of_service(booking_class, rank, class_description)
Table: code_description(code, description)
Table: compartment_class(compartment, class_type)
Table: date_day(month_number, day_number, year, day_name)
Table: days(days_code, day_name)
Table: dual_carrier(main_airline, low_flight_number, high_flight_number, dual_airline, service_name)
Table: equipment_sequence(aircraft_code_sequence, aircraft_code)
Table: fare(fare_id, from_airport, to_airport, fare_basis_code, fare_airline, restriction_code, one_direction_cost, round_trip_cost, round_trip_required)
Table: fare_basis(fare_basis_code, booking_class, class_type, premium, economy, discounted, night, season, basis_days)
Table: flight(flight_id, flight_days, from_airport, to_airport, departure_time, arrival_time, airline_flight, airline_code, flight_number, aircraft_code_sequence, meal_code, stops, connections, dual_carrier, time_elapsed)
Table: flight_fare(flight_id, fare_id)
Table: flight_leg(flight_id, leg_number, leg_flight)
Table: flight_stop(flight_id, stop_number, stop_days, stop_airport, arrival_time, arrival_airline, arrival_flight_number, departure_time, departure_airline, departure_flight_number, stop_time)
Table: food_service(meal_code, meal_number, compartment, meal_description)
Table: ground_service(city_code, airport_code, transport_type, ground_fare)
Table: month(month_number, month_name)
Table: restriction(restriction_code, advance_purchase, stopovers, saturday_stay_required, minimum_stay, maximum_stay, application, no_discounts)
Table: state(state_code, state_name, country_name)
Table: time_interval(period, begin_time, end_time)
Table: time_zone(time_zone_code, time_zone_name, hours_from_gmt)

Example:
Question: which airports serve boston
SQL: SELECT DISTINCT airport_code FROM airport_service JOIN city ON airport_service.city_code = city.city_code WHERE city.city_name = 'BOSTON';"
atis,hard,list flights from SAN FRANCISCO to DENVER on friday,"SELECT DISTINCT FLIGHTalias0.FLIGHT_ID FROM AIRPORT_SERVICE AS AIRPORT_SERVICEalias0 , AIRPORT_SERVICE AS AIRPORT_SERVICEalias1 , CITY AS CITYalias0 , CITY AS CITYalias1 , DATE_DAY AS DATE_DAYalias0 , DAYS AS DAYSalias0 , FLIGHT AS FLIGHTalias0 WHERE ( CITYalias1.CITY_CODE = AIRPORT_SERVICEalias1.CITY_CODE AND CITYalias1.CITY_NAME = ""DENVER"" AND DATE_DAYalias0.DAY_NUMBER = 25 AND DATE_DAYalias0.MONTH_NUMBER = 6 AND DATE_DAYalias0.YEAR = 1991 AND DAYSalias0.DAY_NAME = DATE_DAYalias0.DAY_NAME AND FLIGHTalias0.FLIGHT_DAYS = DAYSalias0.DAYS_CODE AND FLIGHTalias0.TO_AIRPORT = AIRPORT_SERVICEalias1.AIRPORT_CODE ) AND CITYalias0.CITY_CODE = AIRPORT_SERVICEalias0.CITY_CODE AND CITYalias0.CITY_NAME = ""SAN FRANCISCO"" AND FLIGHTalias0.FROM_AIRPORT = AIRPORT_SERVICEalias0.AIRPORT_CODE ;","Table: aircraft(aircraft_code, aircraft_description, manufacturer, basic_type, engines, propulsion, wide_body, wing_span, length, weight, capacity, pay_load, cruising_speed, range_miles, pressurized)
Table: airline(airline_code, airline_name, note)
Table: airport(airport_code, airport_name, airport_location, state_code, country_name, time_zone_code, minimum_connect_time)
Table: airport_service(city_code, airport_code, miles_distant, direction, minutes_distant)
Table: city(city_code, city_name, state_code, country_name, time_zone_code)
Table: class_of_service(booking_class, rank, class_description)
Table: code_description(code, description)
Table: compartment_class(compartment, class_type)
Table: date_day(month_number, day_number, year, day_name)
Table: days(days_code, day_name)
Table: dual_carrier(main_airline, low_flight_number, high_flight_number, dual_airline, service_name)
Table: equipment_sequence(aircraft_code_sequence, aircraft_code)
Table: fare(fare_id, from_airport, to_airport, fare_basis_code, fare_airline, restriction_code, one_direction_cost, round_trip_cost, round_trip_required)
Table: fare_basis(fare_basis_code, booking_class, class_type, premium, economy, discounted, night, season, basis_days)
Table: flight(flight_id, flight_days, from_airport, to_airport, departure_time, arrival_time, airline_flight, airline_code, flight_number, aircraft_code_sequence, meal_code, stops, connections, dual_carrier, time_elapsed)
Table: flight_fare(flight_id, fare_id)
Table: flight_leg(flight_id, leg_number, leg_flight)
Table: flight_stop(flight_id, stop_number, stop_days, stop_airport, arrival_time, arrival_airline, arrival_flight_number, departure_time, departure_airline, departure_flight_number, stop_time)
Table: food_service(meal_code, meal_number, compartment, meal_description)
Table: ground_service(city_code, airport_code, transport_type, ground_fare)
Table: month(month_number, month_name)
Table: restriction(restriction_code, advance_purchase, stopovers, saturday_stay_required, minimum_stay, maximum_stay, application, no_discounts)
Table: state(state_code, state_name, country_name)
Table: time_interval(period, begin_time, end_time)
Table: time_zone(time_zone_code, time_zone_name, hours_from_gmt)

Example:
Question: which airports serve boston
SQL: SELECT DISTINCT airport_code FROM airport_service JOIN city ON airport_service.city_code = city.city_code WHERE city.city_name = 'BOSTON';"
atis,hard,can you list the earliest flights from OAKLAND to SALT LAKE CITY on thursday,"SELECT DISTINCT FLIGHTalias0.FLIGHT_ID FROM AIRPORT_SERVICE AS AIRPORT_SERVICEalias0 , AIRPORT_SERVICE AS AIRPORT_SERVICEalias1 , CITY AS CITYalias0 , CITY AS CITYalias1 , DATE_DAY AS DATE_DAYalias0 , DAYS AS DAYSalias0 , FLIGHT AS FLIGHTalias0 WHERE ( ( CITYalias1.CITY_CODE = AIRPORT_SERVICEalias1.CITY_CODE AND CITYalias1.CITY_NAME = ""SALT LAKE CITY"" AND DATE_DAYalias0.DAY_NUMBER = 24 AND DATE_DAYalias0.MONTH_NUMBER = 5 AND DATE_DAYalias0.YEAR = 1991 AND DAYSalias0.DAY_NAME = DATE_DAYalias0.DAY_NAME AND FLIGHTalias0.FLIGHT_DAYS = DAYSalias0.DAYS_CODE AND FLIGHTalias0.TO_AIRPORT = AIRPORT_SERVICEalias1.AIRPORT_CODE ) AND CITYalias0.CITY_CODE = AIRPORT_SERVICEalias0.CITY_CODE AND CITYalias0.CITY_NAME = ""OAKLAND"" AND FLIGHTalias0.FROM_AIRPORT = AIRPORT_SERVICEalias0.AIRPORT_CODE ) AND FLIGHTalias0.DEPARTURE_TIME = ( SELECT MIN( FLIGHTalias1.DEPARTURE_TIME ) FROM AIRPORT_SERVICE AS AIRPORT_SERVICEalias2 , AIRPORT_SERVICE AS AIRPORT_SERVICEalias3 , CITY AS CITYalias2 , CITY AS CITYalias3 , DATE_DAY AS DATE_DAYalias1 , DAYS AS DAYSalias1 , FLIGHT AS FLIGHTalias1 WHERE ( CITYalias3.CITY_CODE = AIRPORT_SERVICEalias3.CITY_CODE AND CITYalias3.CITY_NAME = ""SALT LAKE CITY"" AND DATE_DAYalias1.DAY_NUMBER = 24 AND DATE_DAYalias1.MONTH_NUMBER = 5 AND DATE_DAYalias1.YEAR = 1991 AND DAYSalias1.DAY_NAME = DATE_DAYalias1.DAY_NAME AND FLIGHTalias1.FLIGHT_DAYS = DAYSalias1.DAYS_CODE AND FLIGHTalias1.TO_AIRPORT = AIRPORT_SERVICEalias3.AIRPORT_CODE ) AND CITYalias2.CITY_CODE = AIRPORT_SERVICEalias2.CITY_CODE AND CITYalias2.CITY_NAME = ""OAKLAND"" AND FLIGHTalias1.FROM_AIRPORT = AIRPORT_SERVICEalias2.AIRPORT_CODE ) ;","Table: aircraft(aircraft_code, aircraft_description, manufacturer, basic_type, engines, propulsion, wide_body, wing_span, length, weight, capacity, pay_load, cruising_speed, range_miles, pressurized)
Table: airline(airline_code, airline_name, note)
Table: airport(airport_code, airport_name, airport_location, state_code, country_name, time_zone_code, minimum_connect_time)
Table: airport_service(city_code, airport_code, miles_distant, direction, minutes_distant)
Table: city(city_code, city_name, state_code, country_name, time_zone_code)
Table: class_of_service(booking_class, rank, class_description)
Table: code_description(code, description)
Table: compartment_class(compartment, class_type)
Table: date_day(month_number, day_number, year, day_name)
Table: days(days_code, day_name)
Table: dual_carrier(main_airline, low_flight_number, high_flight_number, dual_airline, service_name)
Table: equipment_sequence(aircraft_code_sequence, aircraft_code)
Table: fare(fare_id, from_airport, to_airport, fare_basis_code, fare_airline, restriction_code, one_direction_cost, round_trip_cost, round_trip_required)
Table: fare_basis(fare_basis_code, booking_class, class_type, premium, economy, discounted, night, season, basis_days)
Table: flight(flight_id, flight_days, from_airport, to_airport, departure_time, arrival_time, airline_flight, airline_code, flight_number, aircraft_code_sequence, meal_code, stops, connections, dual_carrier, time_elapsed)
Table: flight_fare(flight_id, fare_id)
Table: flight_leg(flight_id, leg_number, leg_flight)
Table: flight_stop(flight_id, stop_number, stop_days, stop_airport, arrival_time, arrival_airline, arrival_flight_number, departure_time, departure_airline, departure_flight_number, stop_time)
Table: food_service(meal_code, meal_number, compartment, meal_description)
Table: ground_service(city_code, airport_code, transport_type, ground_fare)
Table: month(month_number, month_name)
Table: restriction(restriction_code, advance_purchase, stopovers, saturday_stay_required, minimum_stay, maximum_stay, application, no_discounts)
Table: state(state_code, state_name, country_name)
Table: time_interval(period, begin_time, end_time)
Table: time_zone(time_zone_code, time_zone_name, hours_from_gmt)

Example:
Question: which airports serve boston
SQL: SELECT DISTINCT airport_code FROM airport_service JOIN city ON airport_service.city_code = city.city_code WHERE city.city_name = 'BOSTON';"
atis,hard,list all flights from BOSTON to SAN FRANCISCO with the maximum number of stops,"SELECT DISTINCT FLIGHTalias0.FLIGHT_ID FROM AIRPORT_SERVICE AS AIRPORT_SERVICEalias0 , AIRPORT_SERVICE AS AIRPORT_SERVICEalias1 , CITY AS CITYalias0 , CITY AS CITYalias1 , FLIGHT AS FLIGHTalias0 WHERE ( CITYalias1.CITY_CODE = AIRPORT_SERVICEalias1.CITY_CODE AND CITYalias1.CITY_NAME = ""SAN FRANCISCO"" AND FLIGHTalias0.STOPS = ( SELECT MAX( FLIGHTalias1.STOPS ) FROM AIRPORT_SERVICE AS AIRPORT_SERVICEalias2 , AIRPORT_SERVICE AS AIRPORT_SERVICEalias3 , CITY AS CITYalias2 , CITY AS CITYalias3 , FLIGHT AS FLIGHTalias1 WHERE CITYalias2.CITY_CODE = AIRPORT_SERVICEalias2.CITY_CODE AND CITYalias2.CITY_NAME = ""BOSTON"" AND CITYalias3.CITY_CODE = AIRPORT_SERVICEalias3.CITY_CODE AND CITYalias3.CITY_NAME = ""SAN FRANCISCO"" AND FLIGHTalias1.FROM_AIRPORT = AIRPORT_SERVICEalias2.AIRPORT_CODE AND FLIGHTalias1.TO_AIRPORT = AIRPORT_SERVICEalias3.AIRPORT_CODE ) AND FLIGHTalias0.TO_AIRPORT = AIRPORT_SERVICEalias1.AIRPORT_CODE ) AND CITYalias0.CITY_CODE = AIRPORT_SERVICEalias0.CITY_CODE AND CITYalias0.CITY_NAME = ""BOSTON"" AND FLIGHTalias0.FROM_AIRPORT = AIRPORT_SERVICEalias0.AIRPORT_CODE ;","Table: aircraft(aircraft_code, aircraft_description, manufacturer, basic_type, engines, propulsion, wide_body, wing_span, length, weight, capacity, pay_load, cruising_speed, range_miles, pressurized)
Table: airline(airline_code, airline_name, note)
Table: airport(airport_code, airport_name, airport_location, state_code, country_name, time_zone_code, minimum_connect_time)
Table: airport_service(city_code, airport_code, miles_distant, direction, minutes_distant)
Table: city(city_code, city_name, state_code, country_name, time_zone_code)
Table: class_of_service(booking_class, rank, class_description)
Table: code_description(code, description)
Table: compartment_class(compartment, class_type)
Table: date_day(month_number, day_number, year, day_name)
Table: days(days_code, day_name)
Table: dual_carrier(main_airline, low_flight_number, high_flight_number, dual_airline, service_name)
Table: equipment_sequence(aircraft_code_sequence, aircraft_code)
Table: fare(fare_id, from_airport, to_airport, fare_basis_code, fare_airline, restriction_code, one_direction_cost, round_trip_cost, round_trip_required)
Table: fare_basis(fare_basis_code, booking_class, class_type, premium, economy, discounted, night, season, basis_days)
Table: flight(flight_id, flight_days, from_airport, to_airport, departure_time, arrival_time, airline_flight, airline_code, flight_number, aircraft_code_sequence, meal_code, stops, connections, dual_carrier, time_elapsed)
Table: flight_fare(flight_id, fare_id)
Table: flight_leg(flight_id, leg_number, leg_flight)
Table: flight_stop(flight_id, stop_number, stop_days, stop_airport, arrival_time, arrival_airline, arrival_flight_number, departure_time, departure_airline, departure_flight_number, stop_time)
Table: food_service(meal_code, meal_number, compartment, meal_description)
Table: ground_service(city_code, airport_code, transport_type, ground_fare)
Table: month(month_number, month_name)
Table: restriction(restriction_code, advance_purchase, stopovers, saturday_stay_required, minimum_stay, maximum_stay, application, no_discounts)
Table: state(state_code, state_name, country_name)
Table: time_interval(period, begin_time, end_time)
Table: time_zone(time_zone_code, time_zone_name, hours_from_gmt)

Example:
Question: which airports serve boston
SQL: SELECT DISTINCT airport_code FROM airport_service JOIN city ON airport_service.city_code = city.city_code WHERE city.city_name = 'BOSTON';"
atis,hard,show me the flights from BOSTON to SAN FRANCISCO stopping in DALLAS on AA,"SELECT DISTINCT FLIGHTalias0.FLIGHT_ID FROM AIRPORT_SERVICE AS AIRPORT_SERVICEalias0 , AIRPORT_SERVICE AS AIRPORT_SERVICEalias1 , AIRPORT_SERVICE AS AIRPORT_SERVICEalias2 , CITY AS CITYalias0 , CITY AS CITYalias1 , CITY AS CITYalias2 , FLIGHT AS FLIGHTalias0 , FLIGHT_STOP AS FLIGHT_STOPalias0 WHERE ( ( CITYalias1.CITY_CODE = AIRPORT_SERVICEalias1.CITY_CODE AND CITYalias1.CITY_NAME = ""SAN FRANCISCO"" AND CITYalias2.CITY_CODE = AIRPORT_SERVICEalias2.CITY_CODE AND CITYalias2.CITY_NAME = ""DALLAS"" AND FLIGHT_STOPalias0.STOP_AIRPORT = AIRPORT_SERVICEalias2.AIRPORT_CODE AND FLIGHTalias0.FLIGHT_ID = FLIGHT_STOPalias0.FLIGHT_ID AND FLIGHTalias0.TO_AIRPORT = AIRPORT_SERVICEalias1.AIRPORT_CODE ) AND CITYalias0.CITY_CODE = AIRPORT_SERVICEalias0.CITY_CODE AND CITYalias0.CITY_NAME = ""BOSTON"" AND FLIGHTalias0.FROM_AIRPORT = AIRPORT_SERVICEalias0.AIRPORT_CODE ) AND FLIGHTalias0.AIRLINE_CODE = ""AA"" ;","Table: aircraft(aircraft_code, aircraft_description, manufacturer, basic_type, engines, propulsion, wide_body, wing_span, length, weight, capacity, pay_load, cruising_speed, range_miles, pressurized)
Table: airline(airline_code, airline_name, note)
Table: airport(airport_code, airport_name, airport_location, state_code, country_name, time_zone_code, minimum_connect_time)
Table: airport_service(city_code, airport_code, miles_distant, direction, minutes_distant)
Table: city(city_code, city_name, state_code, country_name, time_zone_code)
Table: class_of_service(booking_class, rank, class_description)
Table: code_description(code, description)
Table: compartment_class(compartment, class_type)
Table: date_day(month_number, day_number, year, day_name)
Table: days(days_code, day_name)
Table: dual_carrier(main_airline, low_flight_number, high_flight_number, dual_airline, service_name)
Table: equipment_sequence(aircraft_code_sequence, aircraft_code)
Table: fare(fare_id, from_airport, to_airport, fare_basis_code, fare_airline, restriction_code, one_direction_cost, round_trip_cost, round_trip_required)
Table: fare_basis(fare_basis_code, booking_class, class_type, premium, economy, discounted, night, season, basis_days)
Table: flight(flight_id, flight_days, from_airport, to_airport, departure_time, arrival_time, airline_flight, airline_code, flight_number, aircraft_code_sequence, meal_code, stops, connections, dual_carrier, time_elapsed)
Table: flight_fare(flight_id, fare_id)
Table: flight_leg(flight_id, leg_number, leg_flight)
Table: flight_stop(flight_id, stop_number, stop_days, stop_airport, arrival_time, arrival_airline, arrival_flight_number, departure_time, departure_airline, departure_flight_number, stop_time)
Table: food_service(meal_code, meal_number, compartment, meal_description)
Table: ground_service(city_code, airport_code, transport_type, ground_fare)
Table: month(month_number, month_name)
Table: restriction(restriction_code, advance_purchase, stopovers, saturday_stay_required, minimum_stay, maximum_stay, application, no_discounts)
Table: state(state_code, state_name, country_name)
Table: time_interval(period, begin_time, end_time)
Table: time_zone(time_zone_code, time_zone_name, hours_from_gmt)

Example:
Question: which airports serve boston
SQL: SELECT DISTINCT airport_code FROM airport_service JOIN city ON airport_service.city_code = city.city_code WHERE city.city_name = 'BOSTON';"
atis,hard,show me the flights from WESTCHESTER COUNTY to CINCINNATI,"SELECT DISTINCT FLIGHTalias0.FLIGHT_ID FROM AIRPORT_SERVICE AS AIRPORT_SERVICEalias0 , AIRPORT_SERVICE AS AIRPORT_SERVICEalias1 , CITY AS CITYalias0 , CITY AS CITYalias1 , FLIGHT AS FLIGHTalias0 WHERE CITYalias0.CITY_CODE = AIRPORT_SERVICEalias0.CITY_CODE AND CITYalias0.CITY_NAME = ""WESTCHESTER COUNTY"" AND CITYalias1.CITY_CODE = AIRPORT_SERVICEalias1.CITY_CODE AND CITYalias1.CITY_NAME = ""CINCINNATI"" AND FLIGHTalias0.FROM_AIRPORT = AIRPORT_SERVICEalias0.AIRPORT_CODE AND FLIGHTalias0.TO_AIRPORT = AIRPORT_SERVICEalias1.AIRPORT_CODE ;","Table: aircraft(aircraft_code, aircraft_description, manufacturer, basic_type, engines, propulsion, wide_body, wing_span, length, weight, capacity, pay_load, cruising_speed, range_miles, pressurized)
Table: airline(airline_code, airline_name, note)
Table: airport(airport_code, airport_name, airport_location, state_code, country_name, time_zone_code, minimum_connect_time)
Table: airport_service(city_code, airport_code, miles_distant, direction, minutes_distant)
Table: city(city_code, city_name, state_code, country_name, time_zone_code)
Table: class_of_service(booking_class, rank, class_description)
Table: code_description(code, description)
Table: compartment_class(compartment, class_type)
Table: date_day(month_number, day_number, year, day_name)
Table: days(days_code, day_name)
Table: dual_carrier(main_airline, low_flight_number, high_flight_number, dual_airline, service_name)
Table: equipment_sequence(aircraft_code_sequence, aircraft_code)
Table: fare(fare_id, from_airport, to_airport, fare_basis_code, fare_airline, restriction_code, one_direction_cost, round_trip_cost, round_trip_required)
Table: fare_basis(fare_basis_code, booking_class, class_type, premium, economy, discounted, night, season, basis_days)
Table: flight(flight_id, flight_days, from_airport, to_airport, departure_time, arrival_time, airline_flight, airline_code, flight_number, aircraft_code_sequence, meal_code, stops, connections, dual_carrier, time_elapsed)
Table: flight_fare(flight_id, fare_id)
Table: flight_leg(flight_id, leg_number, leg_flight)
Table: flight_stop(flight_id, stop_number, stop_days, stop_airport, arrival_time, arrival_airline, arrival_flight_number, departure_time, departure_airline, departure_flight_number, stop_time)
Table: food_service(meal_code, meal_number, compartment, meal_description)
Table: ground_service(city_code, airport_code, transport_type, ground_fare)
Table: month(month_number, month_name)
Table: restriction(restriction_code, advance_purchase, stopovers, saturday_stay_required, minimum_stay, maximum_stay, application, no_discounts)
Table: state(state_code, state_name, country_name)
Table: time_interval(period, begin_time, end_time)
Table: time_zone(time_zone_code, time_zone_name, hours_from_gmt)

Example:
Question: which airports serve boston
SQL: SELECT DISTINCT airport_code FROM airport_service JOIN city ON airport_service.city_code = city.city_code WHERE city.city_name = 'BOSTON';"
atis,hard,i need a flight from ATLANTA to BALTIMORE and this flight should arrive at 1900 please,"SELECT DISTINCT FLIGHTalias0.FLIGHT_ID FROM AIRPORT_SERVICE AS AIRPORT_SERVICEalias0 , AIRPORT_SERVICE AS AIRPORT_SERVICEalias1 , CITY AS CITYalias0 , CITY AS CITYalias1 , FLIGHT AS FLIGHTalias0 WHERE ( CITYalias1.CITY_CODE = AIRPORT_SERVICEalias1.CITY_CODE AND CITYalias1.CITY_NAME = ""BALTIMORE"" AND FLIGHTalias0.ARRIVAL_TIME = 1900 AND FLIGHTalias0.TO_AIRPORT = AIRPORT_SERVICEalias1.AIRPORT_CODE ) AND CITYalias0.CITY_CODE = AIRPORT_SERVICEalias0.CITY_CODE AND CITYalias0.CITY_NAME = ""ATLANTA"" AND FLIGHTalias0.FROM_AIRPORT = AIRPORT_SERVICEalias0.AIRPORT_CODE ;","Table: aircraft(aircraft_code, aircraft_description, manufacturer, basic_type, engines, propulsion, wide_body, wing_span, length, weight, capacity, pay_load, cruising_speed, range_miles, pressurized)
Table: airline(airline_code, airline_name, note)
Table: airport(airport_code, airport_name, airport_location, state_code, country_name, time_zone_code, minimum_connect_time)
Table: airport_service(city_code, airport_code, miles_distant, direction, minutes_distant)
Table: city(city_code, city_name, state_code, country_name, time_zone_code)
Table: class_of_service(booking_class, rank, class_description)
Table: code_description(code, description)
Table: compartment_class(compartment, class_type)
Table: date_day(month_number, day_number, year, day_name)
Table: days(days_code, day_name)
Table: dual_carrier(main_airline, low_flight_number, high_flight_number, dual_airline, service_name)
Table: equipment_sequence(aircraft_code_sequence, aircraft_code)
Table: fare(fare_id, from_airport, to_airport, fare_basis_code, fare_airline, restriction_code, one_direction_cost, round_trip_cost, round_trip_required)
Table: fare_basis(fare_basis_code, booking_class, class_type, premium, economy, discounted, night, season, basis_days)
Table: flight(flight_id, flight_days, from_airport, to_airport, departure_time, arrival_time, airline_flight, airline_code, flight_number, aircraft_code_sequence, meal_code, stops, connections, dual_carrier, time_elapsed)
Table: flight_fare(flight_id, fare_id)
Table: flight_leg(flight_id, leg_number, leg_flight)
Table: flight_stop(flight_id, stop_number, stop_days, stop_airport, arrival_time, arrival_airline, arrival_flight_number, departure_time, departure_airline, departure_flight_number, stop_time)
Table: food_service(meal_code, meal_number, compartment, meal_description)
Table: ground_service(city_code, airport_code, transport_type, ground_fare)
Table: month(month_number, month_name)
Table: restriction(restriction_code, advance_purchase, stopovers, saturday_stay_required, minimum_stay, maximum_stay, application, no_discounts)
Table: state(state_code, state_name, country_name)
Table: time_interval(period, begin_time, end_time)
Table: time_zone(time_zone_code, time_zone_name, hours_from_gmt)

Example:
Question: which airports serve boston
SQL: SELECT DISTINCT airport_code FROM airport_service JOIN city ON airport_service.city_code = city.city_code WHERE city.city_name = 'BOSTON';"
atis,hard,flights from CINCINNATI to DENVER on AA,"SELECT DISTINCT FLIGHTalias0.FLIGHT_ID FROM AIRPORT_SERVICE AS AIRPORT_SERVICEalias0 , AIRPORT_SERVICE AS AIRPORT_SERVICEalias1 , CITY AS CITYalias0 , CITY AS CITYalias1 , FLIGHT AS FLIGHTalias0 WHERE ( CITYalias0.CITY_CODE = AIRPORT_SERVICEalias0.CITY_CODE AND CITYalias0.CITY_NAME = ""DENVER"" AND CITYalias1.CITY_CODE = AIRPORT_SERVICEalias1.CITY_CODE AND CITYalias1.CITY_NAME = ""CINCINNATI"" AND FLIGHTalias0.TO_AIRPORT = AIRPORT_SERVICEalias0.AIRPORT_CODE AND FLIGHTalias0.FROM_AIRPORT = AIRPORT_SERVICEalias1.AIRPORT_CODE ) AND FLIGHTalias0.AIRLINE_CODE = ""AA"" ;","Table: aircraft(aircraft_code, aircraft_description, manufacturer, basic_type, engines, propulsion, wide_body, wing_span, length, weight, capacity, pay_load, cruising_speed, range_miles, pressurized)
Table: airline(airline_code, airline_name, note)
Table: airport(airport_code, airport_name, airport_location, state_code, country_name, time_zone_code, minimum_connect_time)
Table: airport_service(city_code, airport_code, miles_distant, direction, minutes_distant)
Table: city(city_code, city_name, state_code, country_name, time_zone_code)
Table: class_of_service(booking_class, rank, class_description)
Table: code_description(code, description)
Table: compartment_class(compartment, class_type)
Table: date_day(month_number, day_number, year, day_name)
Table: days(days_code, day_name)
Table: dual_carrier(main_airline, low_flight_number, high_flight_number, dual_airline, service_name)
Table: equipment_sequence(aircraft_code_sequence, aircraft_code)
Table: fare(fare_id, from_airport, to_airport, fare_basis_code, fare_airline, restriction_code, one_direction_cost, round_trip_cost, round_trip_required)
Table: fare_basis(fare_basis_code, booking_class, class_type, premium, economy, discounted, night, season, basis_days)
Table: flight(flight_id, flight_days, from_airport, to_airport, departure_time, arrival_time, airline_flight, airline_code, flight_number, aircraft_code_sequence, meal_code, stops, connections, dual_carrier, time_elapsed)
Table: flight_fare(flight_id, fare_id)
Table: flight_leg(flight_id, leg_number, leg_flight)
Table: flight_stop(flight_id, stop_number, stop_days, stop_airport, arrival_time, arrival_airline, arrival_flight_number, departure_time, departure_airline, departure_flight_number, stop_time)
Table: food_service(meal_code, meal_number, compartment, meal_description)
Table: ground_service(city_code, airport_code, transport_type, ground_fare)
Table: month(month_number, month_name)
Table: restriction(restriction_code, advance_purchase, stopovers, saturday_stay_required, minimum_stay, maximum_stay, application, no_discounts)
Table: state(state_code, state_name, country_name)
Table: time_interval(period, begin_time, end_time)
Table: time_zone(time_zone_code, time_zone_name, hours_from_gmt)

Example:
Question: which airports serve boston
SQL: SELECT DISTINCT airport_code FROM airport_service JOIN city ON airport_service.city_code = city.city_code WHERE city.city_name = 'BOSTON';"
atis,hard,could i have flight information on flights from SALT LAKE CITY to PHOENIX please,"SELECT DISTINCT FLIGHTalias0.FLIGHT_ID FROM AIRPORT_SERVICE AS AIRPORT_SERVICEalias0 , AIRPORT_SERVICE AS AIRPORT_SERVICEalias1 , CITY AS CITYalias0 , CITY AS CITYalias1 , FLIGHT AS FLIGHTalias0 WHERE CITYalias0.CITY_CODE = AIRPORT_SERVICEalias0.CITY_CODE AND CITYalias0.CITY_NAME = ""SALT LAKE CITY"" AND CITYalias1.CITY_CODE = AIRPORT_SERVICEalias1.CITY_CODE AND CITYalias1.CITY_NAME = ""PHOENIX"" AND FLIGHTalias0.FROM_AIRPORT = AIRPORT_SERVICEalias0.AIRPORT_CODE AND FLIGHTalias0.TO_AIRPORT = AIRPORT_SERVICEalias1.AIRPORT_CODE ;","Table: aircraft(aircraft_code, aircraft_description, manufacturer, basic_type, engines, propulsion, wide_body, wing_span, length, weight, capacity, pay_load, cruising_speed, range_miles, pressurized)
Table: airline(airline_code, airline_name, note)
Table: airport(airport_code, airport_name, airport_location, state_code, country_name, time_zone_code, minimum_connect_time)
Table: airport_service(city_code, airport_code, miles_distant, direction, minutes_distant)
Table: city(city_code, city_name, state_code, country_name, time_zone_code)
Table: class_of_service(booking_class, rank, class_description)
Table: code_description(code, description)
Table: compartment_class(compartment, class_type)
Table: date_day(month_number, day_number, year, day_name)
Table: days(days_code, day_name)
Table: dual_carrier(main_airline, low_flight_number, high_flight_number, dual_airline, service_name)
Table: equipment_sequence(aircraft_code_sequence, aircraft_code)
Table: fare(fare_id, from_airport, to_airport, fare_basis_code, fare_airline, restriction_code, one_direction_cost, round_trip_cost, round_trip_required)
Table: fare_basis(fare_basis_code, booking_class, class_type, premium, economy, discounted, night, season, basis_days)
Table: flight(flight_id, flight_days, from_airport, to_airport, departure_time, arrival_time, airline_flight, airline_code, flight_number, aircraft_code_sequence, meal_code, stops, connections, dual_carrier, time_elapsed)
Table: flight_fare(flight_id, fare_id)
Table: flight_leg(flight_id, leg_number, leg_flight)
Table: flight_stop(flight_id, stop_number, stop_days, stop_airport, arrival_time, arrival_airline, arrival_flight_number, departure_time, departure_airline, departure_flight_number, stop_time)
Table: food_service(meal_code, meal_number, compartment, meal_description)
Table: ground_service(city_code, airport_code, transport_type, ground_fare)
Table: month(month_number, month_name)
Table: restriction(restriction_code, advance_purchase, stopovers, saturday_stay_required, minimum_stay, maximum_stay, application, no_discounts)
Table: state(state_code, state_name, country_name)
Table: time_interval(period, begin_time, end_time)
Table: time_zone(time_zone_code, time_zone_name, hours_from_gmt)

Example:
Question: which airports serve boston
SQL: SELECT DISTINCT airport_code FROM airport_service JOIN city ON airport_service.city_code = city.city_code WHERE city.city_name = 'BOSTON';"
atis,hard,what flights from SEATTLE to SALT LAKE CITY,"SELECT DISTINCT FLIGHTalias0.FLIGHT_ID FROM AIRPORT_SERVICE AS AIRPORT_SERVICEalias0 , AIRPORT_SERVICE AS AIRPORT_SERVICEalias1 , CITY AS CITYalias0 , CITY AS CITYalias1 , FLIGHT AS FLIGHTalias0 WHERE CITYalias0.CITY_CODE = AIRPORT_SERVICEalias0.CITY_CODE AND CITYalias0.CITY_NAME = ""SEATTLE"" AND CITYalias1.CITY_CODE = AIRPORT_SERVICEalias1.CITY_CODE AND CITYalias1.CITY_NAME = ""SALT LAKE CITY"" AND FLIGHTalias0.FROM_AIRPORT = AIRPORT_SERVICEalias0.AIRPORT_CODE AND FLIGHTalias0.TO_AIRPORT = AIRPORT_SERVICEalias1.AIRPORT_CODE ;","Table: aircraft(aircraft_code, aircraft_description, manufacturer, basic_type, engines, propulsion, wide_body, wing_span, length, weight, capacity, pay_load, cruising_speed, range_miles, pressurized)
Table: airline(airline_code, airline_name, note)
Table: airport(airport_code, airport_name, airport_location, state_code, country_name, time_zone_code, minimum_connect_time)
Table: airport_service(city_code, airport_code, miles_distant, direction, minutes_distant)
Table: city(city_code, city_name, state_code, country_name, time_zone_code)
Table: class_of_service(booking_class, rank, class_description)
Table: code_description(code, description)
Table: compartment_class(compartment, class_type)
Table: date_day(month_number, day_number, year, day_name)
Table: days(days_code, day_name)
Table: dual_carrier(main_airline, low_flight_number, high_flight_number, dual_airline, service_name)
Table: equipment_sequence(aircraft_code_sequence, aircraft_code)
Table: fare(fare_id, from_airport, to_airport, fare_basis_code, fare_airline, restriction_code, one_direction_cost, round_trip_cost, round_trip_required)
Table: fare_basis(fare_basis_code, booking_class, class_type, premium, economy, discounted, night, season, basis_days)
Table: flight(flight_id, flight_days, from_airport, to_airport, departure_time, arrival_time, airline_flight, airline_code, flight_number, aircraft_code_sequence, meal_code, stops, connections, dual_carrier, time_elapsed)
Table: flight_fare(flight_id, fare_id)
Table: flight_leg(flight_id, leg_number, leg_flight)
Table: flight_stop(flight_id, stop_number, stop_days, stop_airport, arrival_time, arrival_airline, arrival_flight_number, departure_time, departure_airline, departure_flight_number, stop_time)
Table: food_service(meal_code, meal_number, compartment, meal_description)
Table: ground_service(city_code, airport_code, transport_type, ground_fare)
Table: month(month_number, month_name)
Table: restriction(restriction_code, advance_purchase, stopovers, saturday_stay_required, minimum_stay, maximum_stay, application, no_discounts)
Table: state(state_code, state_name, country_name)
Table: time_interval(period, begin_time, end_time)
Table: time_zone(time_zone_code, time_zone_name, hours_from_gmt)

Example:
Question: which airports serve boston
SQL: SELECT DISTINCT airport_code FROM airport_service JOIN city ON airport_service.city_code = city.city_code WHERE city.city_name = 'BOSTON';"
atis,hard,show me the flights from ST. PETERSBURG to TORONTO that arrive before 1200,"SELECT DISTINCT FLIGHTalias0.FLIGHT_ID FROM AIRPORT_SERVICE AS AIRPORT_SERVICEalias0 , AIRPORT_SERVICE AS AIRPORT_SERVICEalias1 , CITY AS CITYalias0 , CITY AS CITYalias1 , FLIGHT AS FLIGHTalias0 WHERE ( CITYalias1.CITY_CODE = AIRPORT_SERVICEalias1.CITY_CODE AND CITYalias1.CITY_NAME = ""TORONTO"" AND FLIGHTalias0.ARRIVAL_TIME <= 1200 AND FLIGHTalias0.TO_AIRPORT = AIRPORT_SERVICEalias1.AIRPORT_CODE ) AND CITYalias0.CITY_CODE = AIRPORT_SERVICEalias0.CITY_CODE AND CITYalias0.CITY_NAME = ""ST. PETERSBURG"" AND FLIGHTalias0.FROM_AIRPORT = AIRPORT_SERVICEalias0.AIRPORT_CODE ;","Table: aircraft(aircraft_code, aircraft_description, manufacturer, basic_type, engines, propulsion, wide_body, wing_span, length, weight, capacity, pay_load, cruising_speed, range_miles, pressurized)
Table: airline(airline_code, airline_name, note)
Table: airport(airport_code, airport_name, airport_location, state_code, country_name, time_zone_code, minimum_connect_time)
Table: airport_service(city_code, airport_code, miles_distant, direction, minutes_distant)
Table: city(city_code, city_name, state_code, country_name, time_zone_code)
Table: class_of_service(booking_class, rank, class_description)
Table: code_description(code, description)
Table: compartment_class(compartment, class_type)
Table: date_day(month_number, day_number, year, day_name)
Table: days(days_code, day_name)
Table: dual_carrier(main_airline, low_flight_number, high_flight_number, dual_airline, service_name)
Table: equipment_sequence(aircraft_code_sequence, aircraft_code)
Table: fare(fare_id, from_airport, to_airport, fare_basis_code, fare_airline, restriction_code, one_direction_cost, round_trip_cost, round_trip_required)
Table: fare_basis(fare_basis_code, booking_class, class_type, premium, economy, discounted, night, season, basis_days)
Table: flight(flight_id, flight_days, from_airport, to_airport, departure_time, arrival_time, airline_flight, airline_code, flight_number, aircraft_code_sequence, meal_code, stops, connections, dual_carrier, time_elapsed)
Table: flight_fare(flight_id, fare_id)
Table: flight_leg(flight_id, leg_number, leg_flight)
Table: flight_stop(flight_id, stop_number, stop_days, stop_airport, arrival_time, arrival_airline, arrival_flight_number, departure_time, departure_airline, departure_flight_number, stop_time)
Table: food_service(meal_code, meal_number, compartment, meal_description)
Table: ground_service(city_code, airport_code, transport_type, ground_fare)
Table: month(month_number, month_name)
Table: restriction(restriction_code, advance_purchase, stopovers, saturday_stay_required, minimum_stay, maximum_stay, application, no_discounts)
Table: state(state_code, state_name, country_name)
Table: time_interval(period, begin_time, end_time)
Table: time_zone(time_zone_code, time_zone_name, hours_from_gmt)

Example:
Question: which airports serve boston
SQL: SELECT DISTINCT airport_code FROM airport_service JOIN city ON airport_service.city_code = city.city_code WHERE city.city_name = 'BOSTON';"
atis,hard,flights from DENVER to PITTSBURGH on thursday,"SELECT DISTINCT FLIGHTalias0.FLIGHT_ID FROM AIRPORT_SERVICE AS AIRPORT_SERVICEalias0 , AIRPORT_SERVICE AS AIRPORT_SERVICEalias1 , CITY AS CITYalias0 , CITY AS CITYalias1 , DATE_DAY AS DATE_DAYalias0 , DAYS AS DAYSalias0 , FLIGHT AS FLIGHTalias0 WHERE ( CITYalias1.CITY_CODE = AIRPORT_SERVICEalias1.CITY_CODE AND CITYalias1.CITY_NAME = ""PITTSBURGH"" AND DATE_DAYalias0.DAY_NUMBER = 24 AND DATE_DAYalias0.MONTH_NUMBER = 5 AND DATE_DAYalias0.YEAR = 1991 AND DAYSalias0.DAY_NAME = DATE_DAYalias0.DAY_NAME AND FLIGHTalias0.FLIGHT_DAYS = DAYSalias0.DAYS_CODE AND FLIGHTalias0.TO_AIRPORT = AIRPORT_SERVICEalias1.AIRPORT_CODE ) AND CITYalias0.CITY_CODE = AIRPORT_SERVICEalias0.CITY_CODE AND CITYalias0.CITY_NAME = ""DENVER"" AND FLIGHTalias0.FROM_AIRPORT = AIRPORT_SERVICEalias0.AIRPORT_CODE ;","Table: aircraft(aircraft_code, aircraft_description, manufacturer, basic_type, engines, propulsion, wide_body, wing_span, length, weight, capacity, pay_load, cruising_speed, range_miles, pressurized)
Table: airline(airline_code, airline_name, note)
Table: airport(airport_code, airport_name, airport_location, state_code, country_name, time_zone_code, minimum_connect_time)
Table: airport_service(city_code, airport_code, miles_distant, direction, minutes_distant)
Table: city(city_code, city_name, state_code, country_name, time_zone_code)
Table: class_of_service(booking_class, rank, class_description)
Table: code_description(code, description)
Table: compartment_class(compartment, class_type)
Table: date_day(month_number, day_number, year, day_name)
Table: days(days_code, day_name)
Table: dual_carrier(main_airline, low_flight_number, high_flight_number, dual_airline, service_name)
Table: equipment_sequence(aircraft_code_sequence, aircraft_code)
Table: fare(fare_id, from_airport, to_airport, fare_basis_code, fare_airline, restriction_code, one_direction_cost, round_trip_cost, round_trip_required)
Table: fare_basis(fare_basis_code, booking_class, class_type, premium, economy, discounted, night, season, basis_days)
Table: flight(flight_id, flight_days, from_airport, to_airport, departure_time, arrival_time, airline_flight, airline_code, flight_number, aircraft_code_sequence, meal_code, stops, connections, dual_carrier, time_elapsed)
Table: flight_fare(flight_id, fare_id)
Table: flight_leg(flight_id, leg_number, leg_flight)
Table: flight_stop(flight_id, stop_number, stop_days, stop_airport, arrival_time, arrival_airline, arrival_flight_number, departure_time, departure_airline, departure_flight_number, stop_time)
Table: food_service(meal_code, meal_number, compartment, meal_description)
Table: ground_service(city_code, airport_code, transport_type, ground_fare)
Table: month(month_number, month_name)
Table: restriction(restriction_code, advance_purchase, stopovers, saturday_stay_required, minimum_stay, maximum_stay, application, no_discounts)
Table: state(state_code, state_name, country_name)
Table: time_interval(period, begin_time, end_time)
Table: time_zone(time_zone_code, time_zone_name, hours_from_gmt)

Example:
Question: which airports serve boston
SQL: SELECT DISTINCT airport_code FROM airport_service JOIN city ON airport_service.city_code = city.city_code WHERE city.city_name = 'BOSTON';"
atis,hard,what is the first flight that travels from ATLANTA to BALTIMORE that serves LUNCH,"SELECT DISTINCT FLIGHTalias0.FLIGHT_ID FROM AIRPORT_SERVICE AS AIRPORT_SERVICEalias0 , AIRPORT_SERVICE AS AIRPORT_SERVICEalias1 , CITY AS CITYalias0 , CITY AS CITYalias1 , FLIGHT AS FLIGHTalias0 , FOOD_SERVICE AS FOOD_SERVICEalias0 WHERE ( ( CITYalias1.CITY_CODE = AIRPORT_SERVICEalias1.CITY_CODE AND CITYalias1.CITY_NAME = ""BALTIMORE"" AND FLIGHTalias0.TO_AIRPORT = AIRPORT_SERVICEalias1.AIRPORT_CODE AND FOOD_SERVICEalias0.MEAL_CODE = FLIGHTalias0.MEAL_CODE AND FOOD_SERVICEalias0.MEAL_DESCRIPTION = ""LUNCH"" ) AND CITYalias0.CITY_CODE = AIRPORT_SERVICEalias0.CITY_CODE AND CITYalias0.CITY_NAME = ""ATLANTA"" AND FLIGHTalias0.FROM_AIRPORT = AIRPORT_SERVICEalias0.AIRPORT_CODE ) AND FLIGHTalias0.DEPARTURE_TIME = ( SELECT MIN( FLIGHTalias1.DEPARTURE_TIME ) FROM AIRPORT_SERVICE AS AIRPORT_SERVICEalias2 , AIRPORT_SERVICE AS AIRPORT_SERVICEalias3 , CITY AS CITYalias2 , CITY AS CITYalias3 , FLIGHT AS FLIGHTalias1 , FOOD_SERVICE AS FOOD_SERVICEalias1 WHERE ( CITYalias3.CITY_CODE = AIRPORT_SERVICEalias3.CITY_CODE AND CITYalias3.CITY_NAME = ""BALTIMORE"" AND FLIGHTalias1.TO_AIRPORT = AIRPORT_SERVICEalias3.AIRPORT_CODE AND FOOD_SERVICEalias1.MEAL_CODE = FLIGHTalias1.MEAL_CODE AND FOOD_SERVICEalias1.MEAL_DESCRIPTION = ""LUNCH"" ) AND CITYalias2.CITY_CODE = AIRPORT_SERVICEalias2.CITY_CODE AND CITYalias2.CITY_NAME = ""ATLANTA"" AND FLIGHTalias1.FROM_AIRPORT = AIRPORT_SERVICEalias2.AIRPORT_CODE ) ;","Table: aircraft(aircraft_code, aircraft_description, manufacturer, basic_type, engines, propulsion, wide_body, wing_span, length, weight, capacity, pay_load, cruising_speed, range_miles, pressurized)
Table: airline(airline_code, airline_name, note)
Table: airport(airport_code, airport_name, airport_location, state_code, country_name, time_zone_code, minimum_connect_time)
Table: airport_service(city_code, airport_code, miles_distant, direction, minutes_distant)
Table: city(city_code, city_name, state_code, country_name, time_zone_code)
Table: class_of_service(booking_class, rank, class_description)
Table: code_description(code, description)
Table: compartment_class(compartment, class_type)
Table: date_day(month_number, day_number, year, day_name)
Table: days(days_code, day_name)
Table: dual_carrier(main_airline, low_flight_number, high_flight_number, dual_airline, service_name)
Table: equipment_sequence(aircraft_code_sequence, aircraft_code)
Table: fare(fare_id, from_airport, to_airport, fare_basis_code, fare_airline, restriction_code, one_direction_cost, round_trip_cost, round_trip_required)
Table: fare_basis(fare_basis_code, booking_class, class_type, premium, economy, discounted, night, season, basis_days)
Table: flight(flight_id, flight_days, from_airport, to_airport, departure_time, arrival_time, airline_flight, airline_code, flight_number, aircraft_code_sequence, meal_code, stops, connections, dual_carrier, time_elapsed)
Table: flight_fare(flight_id, fare_id)
Table: flight_leg(flight_id, leg_number, leg_flight)
Table: flight_stop(flight_id, stop_number, stop_days, stop_airport, arrival_time, arrival_airline, arrival_flight_number, departure_time, departure_airline, departure_flight_number, stop_time)
Table: food_service(meal_code, meal_number, compartment, meal_description)
Table: ground_service(city_code, airport_code, transport_type, ground_fare)
Table: month(month_number, month_name)
Table: restriction(restriction_code, advance_purchase, stopovers, saturday_stay_required, minimum_stay, maximum_stay, application, no_discounts)
Table: state(state_code, state_name, country_name)
Table: time_interval(period, begin_time, end_time)
Table: time_zone(time_zone_code, time_zone_name, hours_from_gmt)

Example:
Question: which airports serve boston
SQL: SELECT DISTINCT airport_code FROM airport_service JOIN city ON airport_service.city_code = city.city_code WHERE city.city_name = 'BOSTON';"
atis,hard,please find the earliest possible flight from BOSTON to DENVER,"SELECT DISTINCT FLIGHTalias0.FLIGHT_ID FROM AIRPORT_SERVICE AS AIRPORT_SERVICEalias0 , AIRPORT_SERVICE AS AIRPORT_SERVICEalias1 , CITY AS CITYalias0 , CITY AS CITYalias1 , FLIGHT AS FLIGHTalias0 WHERE ( CITYalias0.CITY_CODE = AIRPORT_SERVICEalias0.CITY_CODE AND CITYalias0.CITY_NAME = ""BOSTON"" AND CITYalias1.CITY_CODE = AIRPORT_SERVICEalias1.CITY_CODE AND CITYalias1.CITY_NAME = ""DENVER"" AND FLIGHTalias0.FROM_AIRPORT = AIRPORT_SERVICEalias0.AIRPORT_CODE AND FLIGHTalias0.TO_AIRPORT = AIRPORT_SERVICEalias1.AIRPORT_CODE ) AND FLIGHTalias0.DEPARTURE_TIME = ( SELECT MIN( FLIGHTalias1.DEPARTURE_TIME ) FROM AIRPORT_SERVICE AS AIRPORT_SERVICEalias2 , AIRPORT_SERVICE AS AIRPORT_SERVICEalias3 , CITY AS CITYalias2 , CITY AS CITYalias3 , FLIGHT AS FLIGHTalias1 WHERE CITYalias2.CITY_CODE = AIRPORT_SERVICEalias2.CITY_CODE AND CITYalias2.CITY_NAME = ""BOSTON"" AND CITYalias3.CITY_CODE = AIRPORT_SERVICEalias3.CITY_CODE AND CITYalias3.CITY_NAME = ""DENVER"" AND FLIGHTalias1.FROM_AIRPORT = AIRPORT_SERVICEalias2.AIRPORT_CODE AND FLIGHTalias1.TO_AIRPORT = AIRPORT_SERVICEalias3.AIRPORT_CODE ) ;","Table: aircraft(aircraft_code, aircraft_description, manufacturer, basic_type, engines, propulsion, wide_body, wing_span, length, weight, capacity, pay_load, cruising_speed, range_miles, pressurized)
Table: airline(airline_code, airline_name, note)
Table: airport(airport_code, airport_name, airport_location, state_code, country_name, time_zone_code, minimum_connect_time)
Table: airport_service(city_code, airport_code, miles_distant, direction, minutes_distant)
Table: city(city_code, city_name, state_code, country_name, time_zone_code)
Table: class_of_service(booking_class, rank, class_description)
Table: code_description(code, description)
Table: compartment_class(compartment, class_type)
Table: date_day(month_number, day_number, year, day_name)
Table: days(days_code, day_name)
Table: dual_carrier(main_airline, low_flight_number, high_flight_number, dual_airline, service_name)
Table: equipment_sequence(aircraft_code_sequence, aircraft_code)
Table: fare(fare_id, from_airport, to_airport, fare_basis_code, fare_airline, restriction_code, one_direction_cost, round_trip_cost, round_trip_required)
Table: fare_basis(fare_basis_code, booking_class, class_type, premium, economy, discounted, night, season, basis_days)
Table: flight(flight_id, flight_days, from_airport, to_airport, departure_time, arrival_time, airline_flight, airline_code, flight_number, aircraft_code_sequence, meal_code, stops, connections, dual_carrier, time_elapsed)
Table: flight_fare(flight_id, fare_id)
Table: flight_leg(flight_id, leg_number, leg_flight)
Table: flight_stop(flight_id, stop_number, stop_days, stop_airport, arrival_time, arrival_airline, arrival_flight_number, departure_time, departure_airline, departure_flight_number, stop_time)
Table: food_service(meal_code, meal_number, compartment, meal_description)
Table: ground_service(city_code, airport_code, transport_type, ground_fare)
Table: month(month_number, month_name)
Table: restriction(restriction_code, advance_purchase, stopovers, saturday_stay_required, minimum_stay, maximum_stay, application, no_discounts)
Table: state(state_code, state_name, country_name)
Table: time_interval(period, begin_time, end_time)
Table: time_zone(time_zone_code, time_zone_name, hours_from_gmt)

Example:
Question: which airports serve boston
SQL: SELECT DISTINCT airport_code FROM airport_service JOIN city ON airport_service.city_code = city.city_code WHERE city.city_name = 'BOSTON';"
atis,hard,i need the fares on flights from WASHINGTON to TORONTO on a SATURDAY,"SELECT DISTINCT FAREalias0.FARE_ID FROM AIRPORT_SERVICE AS AIRPORT_SERVICEalias0 , AIRPORT_SERVICE AS AIRPORT_SERVICEalias1 , CITY AS CITYalias0 , CITY AS CITYalias1 , DAYS AS DAYSalias0 , DAYS AS DAYSalias1 , FARE AS FAREalias0 , FARE_BASIS AS FARE_BASISalias0 , FLIGHT AS FLIGHTalias0 , FLIGHT_FARE AS FLIGHT_FAREalias0 WHERE ( CITYalias1.CITY_CODE = AIRPORT_SERVICEalias1.CITY_CODE AND CITYalias1.CITY_NAME = ""TORONTO"" AND DAYSalias1.DAY_NAME = ""SATURDAY"" AND FLIGHTalias0.FLIGHT_DAYS = DAYSalias1.DAYS_CODE AND FLIGHTalias0.TO_AIRPORT = AIRPORT_SERVICEalias1.AIRPORT_CODE ) AND CITYalias0.CITY_CODE = AIRPORT_SERVICEalias0.CITY_CODE AND CITYalias0.CITY_NAME = ""WASHINGTON"" AND DAYSalias0.DAY_NAME = ""SATURDAY"" AND FARE_BASISalias0.BASIS_DAYS = DAYSalias0.DAYS_CODE AND FAREalias0.FARE_BASIS_CODE = FARE_BASISalias0.FARE_BASIS_CODE AND FLIGHT_FAREalias0.FARE_ID = FAREalias0.FARE_ID AND FLIGHTalias0.FLIGHT_ID = FLIGHT_FAREalias0.FLIGHT_ID AND FLIGHTalias0.FROM_AIRPORT = AIRPORT_SERVICEalias0.AIRPORT_CODE ;","Table: aircraft(aircraft_code, aircraft_description, manufacturer, basic_type, engines, propulsion, wide_body, wing_span, length, weight, capacity, pay_load, cruising_speed, range_miles, pressurized)
Table: airline(airline_code, airline_name, note)
Table: airport(airport_code, airport_name, airport_location, state_code, country_name, time_zone_code, minimum_connect_time)
Table: airport_service(city_code, airport_code, miles_distant, direction, minutes_distant)
Table: city(city_code, city_name, state_code, country_name, time_zone_code)
Table: class_of_service(booking_class, rank, class_description)
Table: code_description(code, description)
Table: compartment_class(compartment, class_type)
Table: date_day(month_number, day_number, year, day_name)
Table: days(days_code, day_name)
Table: dual_carrier(main_airline, low_flight_number, high_flight_number, dual_airline, service_name)
Table: equipment_sequence(aircraft_code_sequence, aircraft_code)
Table: fare(fare_id, from_airport, to_airport, fare_basis_code, fare_airline, restriction_code, one_direction_cost, round_trip_cost, round_trip_required)
Table: fare_basis(fare_basis_code, booking_class, class_type, premium, economy, discounted, night, season, basis_days)
Table: flight(flight_id, flight_days, from_airport, to_airport, departure_time, arrival_time, airline_flight, airline_code, flight_number, aircraft_code_sequence, meal_code, stops, connections, dual_carrier, time_elapsed)
Table: flight_fare(flight_id, fare_id)
Table: flight_leg(flight_id, leg_number, leg_flight)
Table: flight_stop(flight_id, stop_number, stop_days, stop_airport, arrival_time, arrival_airline, arrival_flight_number, departure_time, departure_airline, departure_flight_number, stop_time)
Table: food_service(meal_code, meal_number, compartment, meal_description)
Table: ground_service(city_code, airport_code, transport_type, ground_fare)
Table: month(month_number, month_name)
Table: restriction(restriction_code, advance_purchase, stopovers, saturday_stay_required, minimum_stay, maximum_stay, application, no_discounts)
Table: state(state_code, state_name, country_name)
Table: time_interval(period, begin_time, end_time)
Table: time_zone(time_zone_code, time_zone_name, hours_from_gmt)

Example:
Question: which airports serve boston
SQL: SELECT DISTINCT airport_code FROM airport_service JOIN city ON airport_service.city_code = city.city_code WHERE city.city_name = 'BOSTON';"
atis,hard,show me the flights from BOSTON to SAN FRANCISCO leaving after 1600 on friday,"SELECT DISTINCT FLIGHTalias0.FLIGHT_ID FROM AIRPORT_SERVICE AS AIRPORT_SERVICEalias0 , AIRPORT_SERVICE AS AIRPORT_SERVICEalias1 , CITY AS CITYalias0 , CITY AS CITYalias1 , DATE_DAY AS DATE_DAYalias0 , DAYS AS DAYSalias0 , FLIGHT AS FLIGHTalias0 WHERE ( ( DATE_DAYalias0.DAY_NUMBER = 25 AND DATE_DAYalias0.MONTH_NUMBER = 6 AND DATE_DAYalias0.YEAR = 1991 AND DAYSalias0.DAY_NAME = DATE_DAYalias0.DAY_NAME AND FLIGHTalias0.DEPARTURE_TIME > 1600 AND FLIGHTalias0.FLIGHT_DAYS = DAYSalias0.DAYS_CODE ) AND CITYalias1.CITY_CODE = AIRPORT_SERVICEalias1.CITY_CODE AND CITYalias1.CITY_NAME = ""SAN FRANCISCO"" AND FLIGHTalias0.TO_AIRPORT = AIRPORT_SERVICEalias1.AIRPORT_CODE ) AND CITYalias0.CITY_CODE = AIRPORT_SERVICEalias0.CITY_CODE AND CITYalias0.CITY_NAME = ""BOSTON"" AND FLIGHTalias0.FROM_AIRPORT = AIRPORT_SERVICEalias0.AIRPORT_CODE ;","Table: aircraft(aircraft_code, aircraft_description, manufacturer, basic_type, engines, propulsion, wide_body, wing_span, length, weight, capacity, pay_load, cruising_speed, range_miles, pressurized)
Table: airline(airline_code, airline_name, note)
Table: airport(airport_code, airport_name, airport_location, state_code, country_name, time_zone_code, minimum_connect_time)
Table: airport_service(city_code, airport_code, miles_distant, direction, minutes_distant)
Table: city(city_code, city_name, state_code, country_name, time_zone_code)
Table: class_of_service(booking_class, rank, class_description)
Table: code_description(code, description)
Table: compartment_class(compartment, class_type)
Table: date_day(month_number, day_number, year, day_name)
Table: days(days_code, day_name)
Table: dual_carrier(main_airline, low_flight_number, high_flight_number, dual_airline, service_name)
Table: equipment_sequence(aircraft_code_sequence, aircraft_code)
Table: fare(fare_id, from_airport, to_airport, fare_basis_code, fare_airline, restriction_code, one_direction_cost, round_trip_cost, round_trip_required)
Table: fare_basis(fare_basis_code, booking_class, class_type, premium, economy, discounted, night, season, basis_days)
Table: flight(flight_id, flight_days, from_airport, to_airport, departure_time, arrival_time, airline_flight, airline_code, flight_number, aircraft_code_sequence, meal_code, stops, connections, dual_carrier, time_elapsed)
Table: flight_fare(flight_id, fare_id)
Table: flight_leg(flight_id, leg_number, leg_flight)
Table: flight_stop(flight_id, stop_number, stop_days, stop_airport, arrival_time, arrival_airline, arrival_flight_number, departure_time, departure_airline, departure_flight_number, stop_time)
Table: food_service(meal_code, meal_number, compartment, meal_description)
Table: ground_service(city_code, airport_code, transport_type, ground_fare)
Table: month(month_number, month_name)
Table: restriction(restriction_code, advance_purchase, stopovers, saturday_stay_required, minimum_stay, maximum_stay, application, no_discounts)
Table: state(state_code, state_name, country_name)
Table: time_interval(period, begin_time, end_time)
Table: time_zone(time_zone_code, time_zone_name, hours_from_gmt)

Example:
Question: which airports serve boston
SQL: SELECT DISTINCT airport_code FROM airport_service JOIN city ON airport_service.city_code = city.city_code WHERE city.city_name = 'BOSTON';"
atis,hard,what is the round trip fare on CO 1291 from DENVER to SAN FRANCISCO and return,"SELECT DISTINCT FAREalias0.FARE_ID FROM AIRPORT_SERVICE AS AIRPORT_SERVICEalias0 , AIRPORT_SERVICE AS AIRPORT_SERVICEalias1 , CITY AS CITYalias0 , CITY AS CITYalias1 , FARE AS FAREalias0 , FLIGHT AS FLIGHTalias0 , FLIGHT_FARE AS FLIGHT_FAREalias0 WHERE ( ( CITYalias0.CITY_CODE = AIRPORT_SERVICEalias0.CITY_CODE AND CITYalias0.CITY_NAME = ""DENVER"" AND CITYalias1.CITY_CODE = AIRPORT_SERVICEalias1.CITY_CODE AND CITYalias1.CITY_NAME = ""SAN FRANCISCO"" AND FLIGHTalias0.FROM_AIRPORT = AIRPORT_SERVICEalias0.AIRPORT_CODE AND FLIGHTalias0.TO_AIRPORT = AIRPORT_SERVICEalias1.AIRPORT_CODE ) AND FLIGHTalias0.FLIGHT_NUMBER = 1291 ) AND FAREalias0.ROUND_TRIP_COST IS NOT NULL AND FLIGHT_FAREalias0.FARE_ID = FAREalias0.FARE_ID AND FLIGHTalias0.AIRLINE_CODE = ""CO"" AND FLIGHTalias0.FLIGHT_ID = FLIGHT_FAREalias0.FLIGHT_ID ;","Table: aircraft(aircraft_code, aircraft_description, manufacturer, basic_type, engines, propulsion, wide_body, wing_span, length, weight, capacity, pay_load, cruising_speed, range_miles, pressurized)
Table: airline(airline_code, airline_name, note)
Table: airport(airport_code, airport_name, airport_location, state_code, country_name, time_zone_code, minimum_connect_time)
Table: airport_service(city_code, airport_code, miles_distant, direction, minutes_distant)
Table: city(city_code, city_name, state_code, country_name, time_zone_code)
Table: class_of_service(booking_class, rank, class_description)
Table: code_description(code, description)
Table: compartment_class(compartment, class_type)
Table: date_day(month_number, day_number, year, day_name)
Table: days(days_code, day_name)
Table: dual_carrier(main_airline, low_flight_number, high_flight_number, dual_airline, service_name)
Table: equipment_sequence(aircraft_code_sequence, aircraft_code)
Table: fare(fare_id, from_airport, to_airport, fare_basis_code, fare_airline, restriction_code, one_direction_cost, round_trip_cost, round_trip_required)
Table: fare_basis(fare_basis_code, booking_class, class_type, premium, economy, discounted, night, season, basis_days)
Table: flight(flight_id, flight_days, from_airport, to_airport, departure_time, arrival_time, airline_flight, airline_code, flight_number, aircraft_code_sequence, meal_code, stops, connections, dual_carrier, time_elapsed)
Table: flight_fare(flight_id, fare_id)
Table: flight_leg(flight_id, leg_number, leg_flight)
Table: flight_stop(flight_id, stop_number, stop_days, stop_airport, arrival_time, arrival_airline, arrival_flight_number, departure_time, departure_airline, departure_flight_number, stop_time)
Table: food_service(meal_code, meal_number, compartment, meal_description)
Table: ground_service(city_code, airport_code, transport_type, ground_fare)
Table: month(month_number, month_name)
Table: restriction(restriction_code, advance_purchase, stopovers, saturday_stay_required, minimum_stay, maximum_stay, application, no_discounts)
Table: state(state_code, state_name, country_name)
Table: time_interval(period, begin_time, end_time)
Table: time_zone(time_zone_code, time_zone_name, hours_from_gmt)

Example:
Question: which airports serve boston
SQL: SELECT DISTINCT airport_code FROM airport_service JOIN city ON airport_service.city_code = city.city_code WHERE city.city_name = 'BOSTON';"
atis,hard,what 's the cheapest round trip fare between DALLAS and BALTIMORE,"SELECT DISTINCT FAREalias0.FARE_ID FROM AIRPORT_SERVICE AS AIRPORT_SERVICEalias0 , AIRPORT_SERVICE AS AIRPORT_SERVICEalias1 , CITY AS CITYalias0 , CITY AS CITYalias1 , FARE AS FAREalias0 , FLIGHT AS FLIGHTalias0 , FLIGHT_FARE AS FLIGHT_FAREalias0 WHERE CITYalias0.CITY_CODE = AIRPORT_SERVICEalias0.CITY_CODE AND CITYalias0.CITY_NAME = ""DALLAS"" AND CITYalias1.CITY_CODE = AIRPORT_SERVICEalias1.CITY_CODE AND CITYalias1.CITY_NAME = ""BALTIMORE"" AND FAREalias0.ROUND_TRIP_COST = ( SELECT MIN( FAREalias1.ROUND_TRIP_COST ) FROM AIRPORT_SERVICE AS AIRPORT_SERVICEalias2 , AIRPORT_SERVICE AS AIRPORT_SERVICEalias3 , CITY AS CITYalias2 , CITY AS CITYalias3 , FARE AS FAREalias1 , FLIGHT AS FLIGHTalias1 , FLIGHT_FARE AS FLIGHT_FAREalias1 WHERE CITYalias2.CITY_CODE = AIRPORT_SERVICEalias2.CITY_CODE AND CITYalias2.CITY_NAME = ""DALLAS"" AND CITYalias3.CITY_CODE = AIRPORT_SERVICEalias3.CITY_CODE AND CITYalias3.CITY_NAME = ""BALTIMORE"" AND FLIGHT_FAREalias1.FARE_ID = FAREalias1.FARE_ID AND FLIGHTalias1.FLIGHT_ID = FLIGHT_FAREalias1.FLIGHT_ID AND FLIGHTalias1.FROM_AIRPORT = AIRPORT_SERVICEalias2.AIRPORT_CODE AND FLIGHTalias1.TO_AIRPORT = AIRPORT_SERVICEalias3.AIRPORT_CODE ) AND FLIGHT_FAREalias0.FARE_ID = FAREalias0.FARE_ID AND FLIGHTalias0.FLIGHT_ID = FLIGHT_FAREalias0.FLIGHT_ID AND FLIGHTalias0.FROM_AIRPORT = AIRPORT_SERVICEalias0.AIRPORT_CODE AND FLIGHTalias0.TO_AIRPORT = AIRPORT_SERVICEalias1.AIRPORT_CODE ;","Table: aircraft(aircraft_code, aircraft_description, manufacturer, basic_type, engines, propulsion, wide_body, wing_span, length, weight, capacity, pay_load, cruising_speed, range_miles, pressurized)
Table: airline(airline_code, airline_name, note)
Table: airport(airport_code, airport_name, airport_location, state_code, country_name, time_zone_code, minimum_connect_time)
Table: airport_service(city_code, airport_code, miles_distant, direction, minutes_distant)
Table: city(city_code, city_name, state_code, country_name, time_zone_code)
Table: class_of_service(booking_class, rank, class_description)
Table: code_description(code, description)
Table: compartment_class(compartment, class_type)
Table: date_day(month_number, day_number, year, day_name)
Table: days(days_code, day_name)
Table: dual_carrier(main_airline, low_flight_number, high_flight_number, dual_airline, service_name)
Table: equipment_sequence(aircraft_code_sequence, aircraft_code)
Table: fare(fare_id, from_airport, to_airport, fare_basis_code, fare_airline, restriction_code, one_direction_cost, round_trip_cost, round_trip_required)
Table: fare_basis(fare_basis_code, booking_class, class_type, premium, economy, discounted, night, season, basis_days)
Table: flight(flight_id, flight_days, from_airport, to_airport, departure_time, arrival_time, airline_flight, airline_code, flight_number, aircraft_code_sequence, meal_code, stops, connections, dual_carrier, time_elapsed)
Table: flight_fare(flight_id, fare_id)
Table: flight_leg(flight_id, leg_number, leg_flight)
Table: flight_stop(flight_id, stop_number, stop_days, stop_airport, arrival_time, arrival_airline, arrival_flight_number, departure_time, departure_airline, departure_flight_number, stop_time)
Table: food_service(meal_code, meal_number, compartment, meal_description)
Table: ground_service(city_code, airport_code, transport_type, ground_fare)
Table: month(month_number, month_name)
Table: restriction(restriction_code, advance_purchase, stopovers, saturday_stay_required, minimum_stay, maximum_stay, application, no_discounts)
Table: state(state_code, state_name, country_name)
Table: time_interval(period, begin_time, end_time)
Table: time_zone(time_zone_code, time_zone_name, hours_from_gmt)

Example:
Question: which airports serve boston
SQL: SELECT DISTINCT airport_code FROM airport_service JOIN city ON airport_service.city_code = city.city_code WHERE city.city_name = 'BOSTON';"
atis,hard,i'd like to book a flight from SAN DIEGO to TORONTO,"SELECT DISTINCT FLIGHTalias0.FLIGHT_ID FROM AIRPORT_SERVICE AS AIRPORT_SERVICEalias0 , AIRPORT_SERVICE AS AIRPORT_SERVICEalias1 , CITY AS CITYalias0 , CITY AS CITYalias1 , FLIGHT AS FLIGHTalias0 WHERE CITYalias0.CITY_CODE = AIRPORT_SERVICEalias0.CITY_CODE AND CITYalias0.CITY_NAME = ""SAN DIEGO"" AND CITYalias1.CITY_CODE = AIRPORT_SERVICEalias1.CITY_CODE AND CITYalias1.CITY_NAME = ""TORONTO"" AND FLIGHTalias0.FROM_AIRPORT = AIRPORT_SERVICEalias0.AIRPORT_CODE AND FLIGHTalias0.TO_AIRPORT = AIRPORT_SERVICEalias1.AIRPORT_CODE ;","Table: aircraft(aircraft_code, aircraft_description, manufacturer, basic_type, engines, propulsion, wide_body, wing_span, length, weight, capacity, pay_load, cruising_speed, range_miles, pressurized)
Table: airline(airline_code, airline_name, note)
Table: airport(airport_code, airport_name, airport_location, state_code, country_name, time_zone_code, minimum_connect_time)
Table: airport_service(city_code, airport_code, miles_distant, direction, minutes_distant)
Table: city(city_code, city_name, state_code, country_name, time_zone_code)
Table: class_of_service(booking_class, rank, class_description)
Table: code_description(code, description)
Table: compartment_class(compartment, class_type)
Table: date_day(month_number, day_number, year, day_name)
Table: days(days_code, day_name)
Table: dual_carrier(main_airline, low_flight_number, high_flight_number, dual_airline, service_name)
Table: equipment_sequence(aircraft_code_sequence, aircraft_code)
Table: fare(fare_id, from_airport, to_airport, fare_basis_code, fare_airline, restriction_code, one_direction_cost, round_trip_cost, round_trip_required)
Table: fare_basis(fare_basis_code, booking_class, class_type, premium, economy, discounted, night, season, basis_days)
Table: flight(flight_id, flight_days, from_airport, to_airport, departure_time, arrival_time, airline_flight, airline_code, flight_number, aircraft_code_sequence, meal_code, stops, connections, dual_carrier, time_elapsed)
Table: flight_fare(flight_id, fare_id)
Table: flight_leg(flight_id, leg_number, leg_flight)
Table: flight_stop(flight_id, stop_number, stop_days, stop_airport, arrival_time, arrival_airline, arrival_flight_number, departure_time, departure_airline, departure_flight_number, stop_time)
Table: food_service(meal_code, meal_number, compartment, meal_description)
Table: ground_service(city_code, airport_code, transport_type, ground_fare)
Table: month(month_number, month_name)
Table: restriction(restriction_code, advance_purchase, stopovers, saturday_stay_required, minimum_stay, maximum_stay, application, no_discounts)
Table: state(state_code, state_name, country_name)
Table: time_interval(period, begin_time, end_time)
Table: time_zone(time_zone_code, time_zone_name, hours_from_gmt)

Example:
Question: which airports serve boston
SQL: SELECT DISTINCT airport_code FROM airport_service JOIN city ON airport_service.city_code = city.city_code WHERE city.city_name = 'BOSTON';"
atis,hard,show me the flights from SAN DIEGO to NEWARK,"SELECT DISTINCT FLIGHTalias0.FLIGHT_ID FROM AIRPORT_SERVICE AS AIRPORT_SERVICEalias0 , AIRPORT_SERVICE AS AIRPORT_SERVICEalias1 , CITY AS CITYalias0 , CITY AS CITYalias1 , FLIGHT AS FLIGHTalias0 WHERE CITYalias0.CITY_CODE = AIRPORT_SERVICEalias0.CITY_CODE AND CITYalias0.CITY_NAME = ""SAN DIEGO"" AND CITYalias1.CITY_CODE = AIRPORT_SERVICEalias1.CITY_CODE AND CITYalias1.CITY_NAME = ""NEWARK"" AND FLIGHTalias0.FROM_AIRPORT = AIRPORT_SERVICEalias0.AIRPORT_CODE AND FLIGHTalias0.TO_AIRPORT = AIRPORT_SERVICEalias1.AIRPORT_CODE ;","Table: aircraft(aircraft_code, aircraft_description, manufacturer, basic_type, engines, propulsion, wide_body, wing_span, length, weight, capacity, pay_load, cruising_speed, range_miles, pressurized)
Table: airline(airline_code, airline_name, note)
Table: airport(airport_code, airport_name, airport_location, state_code, country_name, time_zone_code, minimum_connect_time)
Table: airport_service(city_code, airport_code, miles_distant, direction, minutes_distant)
Table: city(city_code, city_name, state_code, country_name, time_zone_code)
Table: class_of_service(booking_class, rank, class_description)
Table: code_description(code, description)
Table: compartment_class(compartment, class_type)
Table: date_day(month_number, day_number, year, day_name)
Table: days(days_code, day_name)
Table: dual_carrier(main_airline, low_flight_number, high_flight_number, dual_airline, service_name)
Table: equipment_sequence(aircraft_code_sequence, aircraft_code)
Table: fare(fare_id, from_airport, to_airport, fare_basis_code, fare_airline, restriction_code, one_direction_cost, round_trip_cost, round_trip_required)
Table: fare_basis(fare_basis_code, booking_class, class_type, premium, economy, discounted, night, season, basis_days)
Table: flight(flight_id, flight_days, from_airport, to_airport, departure_time, arrival_time, airline_flight, airline_code, flight_number, aircraft_code_sequence, meal_code, stops, connections, dual_carrier, time_elapsed)
Table: flight_fare(flight_id, fare_id)
Table: flight_leg(flight_id, leg_number, leg_flight)
Table: flight_stop(flight_id, stop_number, stop_days, stop_airport, arrival_time, arrival_airline, arrival_flight_number, departure_time, departure_airline, departure_flight_number, stop_time)
Table: food_service(meal_code, meal_number, compartment, meal_description)
Table: ground_service(city_code, airport_code, transport_type, ground_fare)
Table: month(month_number, month_name)
Table: restriction(restriction_code, advance_purchase, stopovers, saturday_stay_required, minimum_stay, maximum_stay, application, no_discounts)
Table: state(state_code, state_name, country_name)
Table: time_interval(period, begin_time, end_time)
Table: time_zone(time_zone_code, time_zone_name, hours_from_gmt)

Example:
Question: which airports serve boston
SQL: SELECT DISTINCT airport_code FROM airport_service JOIN city ON airport_service.city_code = city.city_code WHERE city.city_name = 'BOSTON';"
atis,hard,show me which flights from SAN FRANCISCO to PITTSBURGH on a MONDAY are FIRST class,"SELECT DISTINCT FLIGHTalias0.FLIGHT_ID FROM AIRPORT_SERVICE AS AIRPORT_SERVICEalias0 , AIRPORT_SERVICE AS AIRPORT_SERVICEalias1 , CITY AS CITYalias0 , CITY AS CITYalias1 , DAYS AS DAYSalias0 , DAYS AS DAYSalias1 , FARE AS FAREalias0 , FARE_BASIS AS FARE_BASISalias0 , FARE_BASIS AS FARE_BASISalias1 , FLIGHT AS FLIGHTalias0 , FLIGHT_FARE AS FLIGHT_FAREalias0 WHERE ( ( DAYSalias0.DAY_NAME = ""MONDAY"" AND DAYSalias1.DAY_NAME = ""MONDAY"" AND FARE_BASISalias0.CLASS_TYPE = ""FIRST"" AND FARE_BASISalias1.BASIS_DAYS = DAYSalias1.DAYS_CODE AND FAREalias0.FARE_BASIS_CODE = FARE_BASISalias0.FARE_BASIS_CODE AND FAREalias0.FARE_BASIS_CODE = FARE_BASISalias1.FARE_BASIS_CODE AND FLIGHT_FAREalias0.FARE_ID = FAREalias0.FARE_ID AND FLIGHTalias0.FLIGHT_DAYS = DAYSalias0.DAYS_CODE AND FLIGHTalias0.FLIGHT_ID = FLIGHT_FAREalias0.FLIGHT_ID ) AND CITYalias1.CITY_CODE = AIRPORT_SERVICEalias1.CITY_CODE AND CITYalias1.CITY_NAME = ""PITTSBURGH"" AND FLIGHTalias0.TO_AIRPORT = AIRPORT_SERVICEalias1.AIRPORT_CODE ) AND CITYalias0.CITY_CODE = AIRPORT_SERVICEalias0.CITY_CODE AND CITYalias0.CITY_NAME = ""SAN FRANCISCO"" AND FLIGHTalias0.FROM_AIRPORT = AIRPORT_SERVICEalias0.AIRPORT_CODE ;","Table: aircraft(aircraft_code, aircraft_description, manufacturer, basic_type, engines, propulsion, wide_body, wing_span, length, weight, capacity, pay_load, cruising_speed, range_miles, pressurized)
Table: airline(airline_code, airline_name, note)
Table: airport(airport_code, airport_name, airport_location, state_code, country_name, time_zone_code, minimum_connect_time)
Table: airport_service(city_code, airport_code, miles_distant, direction, minutes_distant)
Table: city(city_code, city_name, state_code, country_name, time_zone_code)
Table: class_of_service(booking_class, rank, class_description)
Table: code_description(code, description)
Table: compartment_class(compartment, class_type)
Table: date_day(month_number, day_number, year, day_name)
Table: days(days_code, day_name)
Table: dual_carrier(main_airline, low_flight_number, high_flight_number, dual_airline, service_name)
Table: equipment_sequence(aircraft_code_sequence, aircraft_code)
Table: fare(fare_id, from_airport, to_airport, fare_basis_code, fare_airline, restriction_code, one_direction_cost, round_trip_cost, round_trip_required)
Table: fare_basis(fare_basis_code, booking_class, class_type, premium, economy, discounted, night, season, basis_days)
Table: flight(flight_id, flight_days, from_airport, to_airport, departure_time, arrival_time, airline_flight, airline_code, flight_number, aircraft_code_sequence, meal_code, stops, connections, dual_carrier, time_elapsed)
Table: flight_fare(flight_id, fare_id)
Table: flight_leg(flight_id, leg_number, leg_flight)
Table: flight_stop(flight_id, stop_number, stop_days, stop_airport, arrival_time, arrival_airline, arrival_flight_number, departure_time, departure_airline, departure_flight_number, stop_time)
Table: food_service(meal_code, meal_number, compartment, meal_description)
Table: ground_service(city_code, airport_code, transport_type, ground_fare)
Table: month(month_number, month_name)
Table: restriction(restriction_code, advance_purchase, stopovers, saturday_stay_required, minimum_stay, maximum_stay, application, no_discounts)
Table: state(state_code, state_name, country_name)
Table: time_interval(period, begin_time, end_time)
Table: time_zone(time_zone_code, time_zone_name, hours_from_gmt)

Example:
Question: which airports serve boston
SQL: SELECT DISTINCT airport_code FROM airport_service JOIN city ON airport_service.city_code = city.city_code WHERE city.city_name = 'BOSTON';"
atis,hard,show me wednesday afternoon flights from DENVER to SAN FRANCISCO,"SELECT DISTINCT FLIGHTalias0.FLIGHT_ID FROM AIRPORT_SERVICE AS AIRPORT_SERVICEalias0 , AIRPORT_SERVICE AS AIRPORT_SERVICEalias1 , CITY AS CITYalias0 , CITY AS CITYalias1 , DATE_DAY AS DATE_DAYalias0 , DAYS AS DAYSalias0 , FLIGHT AS FLIGHTalias0 WHERE ( ( CITYalias1.CITY_CODE = AIRPORT_SERVICEalias1.CITY_CODE AND CITYalias1.CITY_NAME = ""SAN FRANCISCO"" AND DATE_DAYalias0.DAY_NUMBER = 23 AND DATE_DAYalias0.MONTH_NUMBER = 4 AND DATE_DAYalias0.YEAR = 1991 AND DAYSalias0.DAY_NAME = DATE_DAYalias0.DAY_NAME AND FLIGHTalias0.FLIGHT_DAYS = DAYSalias0.DAYS_CODE AND FLIGHTalias0.TO_AIRPORT = AIRPORT_SERVICEalias1.AIRPORT_CODE ) AND CITYalias0.CITY_CODE = AIRPORT_SERVICEalias0.CITY_CODE AND CITYalias0.CITY_NAME = ""DENVER"" AND FLIGHTalias0.FROM_AIRPORT = AIRPORT_SERVICEalias0.AIRPORT_CODE ) AND FLIGHTalias0.DEPARTURE_TIME BETWEEN 1200 AND 1800 ;","Table: aircraft(aircraft_code, aircraft_description, manufacturer, basic_type, engines, propulsion, wide_body, wing_span, length, weight, capacity, pay_load, cruising_speed, range_miles, pressurized)
Table: airline(airline_code, airline_name, note)
Table: airport(airport_code, airport_name, airport_location, state_code, country_name, time_zone_code, minimum_connect_time)
Table: airport_service(city_code, airport_code, miles_distant, direction, minutes_distant)
Table: city(city_code, city_name, state_code, country_name, time_zone_code)
Table: class_of_service(booking_class, rank, class_description)
Table: code_description(code, description)
Table: compartment_class(compartment, class_type)
Table: date_day(month_number, day_number, year, day_name)
Table: days(days_code, day_name)
Table: dual_carrier(main_airline, low_flight_number, high_flight_number, dual_airline, service_name)
Table: equipment_sequence(aircraft_code_sequence, aircraft_code)
Table: fare(fare_id, from_airport, to_airport, fare_basis_code, fare_airline, restriction_code, one_direction_cost, round_trip_cost, round_trip_required)
Table: fare_basis(fare_basis_code, booking_class, class_type, premium, economy, discounted, night, season, basis_days)
Table: flight(flight_id, flight_days, from_airport, to_airport, departure_time, arrival_time, airline_flight, airline_code, flight_number, aircraft_code_sequence, meal_code, stops, connections, dual_carrier, time_elapsed)
Table: flight_fare(flight_id, fare_id)
Table: flight_leg(flight_id, leg_number, leg_flight)
Table: flight_stop(flight_id, stop_number, stop_days, stop_airport, arrival_time, arrival_airline, arrival_flight_number, departure_time, departure_airline, departure_flight_number, stop_time)
Table: food_service(meal_code, meal_number, compartment, meal_description)
Table: ground_service(city_code, airport_code, transport_type, ground_fare)
Table: month(month_number, month_name)
Table: restriction(restriction_code, advance_purchase, stopovers, saturday_stay_required, minimum_stay, maximum_stay, application, no_discounts)
Table: state(state_code, state_name, country_name)
Table: time_interval(period, begin_time, end_time)
Table: time_zone(time_zone_code, time_zone_name, hours_from_gmt)

Example:
Question: which airports serve boston
SQL: SELECT DISTINCT airport_code FROM airport_service JOIN city ON airport_service.city_code = city.city_code WHERE city.city_name = 'BOSTON';"
atis,hard,show me cheap flights from BALTIMORE to DALLAS,"SELECT DISTINCT FLIGHTalias0.FLIGHT_ID FROM AIRPORT_SERVICE AS AIRPORT_SERVICEalias0 , AIRPORT_SERVICE AS AIRPORT_SERVICEalias1 , AIRPORT_SERVICE AS AIRPORT_SERVICEalias2 , CITY AS CITYalias0 , CITY AS CITYalias1 , CITY AS CITYalias2 , FARE AS FAREalias0 , FLIGHT AS FLIGHTalias0 , FLIGHT_FARE AS FLIGHT_FAREalias0 WHERE ( ( CITYalias0.CITY_CODE = AIRPORT_SERVICEalias0.CITY_CODE AND CITYalias0.CITY_NAME = ""BALTIMORE"" AND FLIGHTalias0.FROM_AIRPORT = AIRPORT_SERVICEalias0.AIRPORT_CODE ) AND CITYalias2.CITY_CODE = AIRPORT_SERVICEalias2.CITY_CODE AND CITYalias2.CITY_NAME = ""DALLAS"" AND FLIGHTalias0.TO_AIRPORT = AIRPORT_SERVICEalias2.AIRPORT_CODE ) AND FAREalias0.ONE_DIRECTION_COST = ( SELECT MIN( FAREalias1.ONE_DIRECTION_COST ) FROM AIRPORT_SERVICE AS AIRPORT_SERVICEalias3 , AIRPORT_SERVICE AS AIRPORT_SERVICEalias4 , AIRPORT_SERVICE AS AIRPORT_SERVICEalias5 , CITY AS CITYalias3 , CITY AS CITYalias4 , CITY AS CITYalias5 , FARE AS FAREalias1 , FLIGHT AS FLIGHTalias1 , FLIGHT_FARE AS FLIGHT_FAREalias1 WHERE CITYalias3.CITY_CODE = AIRPORT_SERVICEalias3.CITY_CODE AND CITYalias3.CITY_NAME = ""BALTIMORE"" AND CITYalias5.CITY_CODE = AIRPORT_SERVICEalias5.CITY_CODE AND CITYalias5.CITY_NAME = ""DALLAS"" AND FLIGHT_FAREalias1.FARE_ID = FAREalias1.FARE_ID AND FLIGHTalias1.FLIGHT_ID = FLIGHT_FAREalias1.FLIGHT_ID AND FLIGHTalias1.FROM_AIRPORT = AIRPORT_SERVICEalias3.AIRPORT_CODE AND FLIGHTalias1.TO_AIRPORT = AIRPORT_SERVICEalias5.AIRPORT_CODE ) AND FLIGHT_FAREalias0.FARE_ID = FAREalias0.FARE_ID AND FLIGHTalias0.FLIGHT_ID = FLIGHT_FAREalias0.FLIGHT_ID ;","Table: aircraft(aircraft_code, aircraft_description, manufacturer, basic_type, engines, propulsion, wide_body, wing_span, length, weight, capacity, pay_load, cruising_speed, range_miles, pressurized)
Table: airline(airline_code, airline_name, note)
Table: airport(airport_code, airport_name, airport_location, state_code, country_name, time_zone_code, minimum_connect_time)
Table: airport_service(city_code, airport_code, miles_distant, direction, minutes_distant)
Table: city(city_code, city_name, state_code, country_name, time_zone_code)
Table: class_of_service(booking_class, rank, class_description)
Table: code_description(code, description)
Table: compartment_class(compartment, class_type)
Table: date_day(month_number, day_number, year, day_name)
Table: days(days_code, day_name)
Table: dual_carrier(main_airline, low_flight_number, high_flight_number, dual_airline, service_name)
Table: equipment_sequence(aircraft_code_sequence, aircraft_code)
Table: fare(fare_id, from_airport, to_airport, fare_basis_code, fare_airline, restriction_code, one_direction_cost, round_trip_cost, round_trip_required)
Table: fare_basis(fare_basis_code, booking_class, class_type, premium, economy, discounted, night, season, basis_days)
Table: flight(flight_id, flight_days, from_airport, to_airport, departure_time, arrival_time, airline_flight, airline_code, flight_number, aircraft_code_sequence, meal_code, stops, connections, dual_carrier, time_elapsed)
Table: flight_fare(flight_id, fare_id)
Table: flight_leg(flight_id, leg_number, leg_flight)
Table: flight_stop(flight_id, stop_number, stop_days, stop_airport, arrival_time, arrival_airline, arrival_flight_number, departure_time, departure_airline, departure_flight_number, stop_time)
Table: food_service(meal_code, meal_number, compartment, meal_description)
Table: ground_service(city_code, airport_code, transport_type, ground_fare)
Table: month(month_number, month_name)
Table: restriction(restriction_code, advance_purchase, stopovers, saturday_stay_required, minimum_stay, maximum_stay, application, no_discounts)
Table: state(state_code, state_name, country_name)
Table: time_interval(period, begin_time, end_time)
Table: time_zone(time_zone_code, time_zone_name, hours_from_gmt)

Example:
Question: which airports serve boston
SQL: SELECT DISTINCT airport_code FROM airport_service JOIN city ON airport_service.city_code = city.city_code WHERE city.city_name = 'BOSTON';"
atis,hard,what are the flights from PITTSBURGH to DENVER,"SELECT DISTINCT FLIGHTalias0.FLIGHT_ID FROM AIRPORT_SERVICE AS AIRPORT_SERVICEalias0 , AIRPORT_SERVICE AS AIRPORT_SERVICEalias1 , CITY AS CITYalias0 , CITY AS CITYalias1 , FLIGHT AS FLIGHTalias0 WHERE CITYalias0.CITY_CODE = AIRPORT_SERVICEalias0.CITY_CODE AND CITYalias0.CITY_NAME = ""PITTSBURGH"" AND CITYalias1.CITY_CODE = AIRPORT_SERVICEalias1.CITY_CODE AND CITYalias1.CITY_NAME = ""DENVER"" AND FLIGHTalias0.FROM_AIRPORT = AIRPORT_SERVICEalias0.AIRPORT_CODE AND FLIGHTalias0.TO_AIRPORT = AIRPORT_SERVICEalias1.AIRPORT_CODE ;","Table: aircraft(aircraft_code, aircraft_description, manufacturer, basic_type, engines, propulsion, wide_body, wing_span, length, weight, capacity, pay_load, cruising_speed, range_miles, pressurized)
Table: airline(airline_code, airline_name, note)
Table: airport(airport_code, airport_name, airport_location, state_code, country_name, time_zone_code, minimum_connect_time)
Table: airport_service(city_code, airport_code, miles_distant, direction, minutes_distant)
Table: city(city_code, city_name, state_code, country_name, time_zone_code)
Table: class_of_service(booking_class, rank, class_description)
Table: code_description(code, description)
Table: compartment_class(compartment, class_type)
Table: date_day(month_number, day_number, year, day_name)
Table: days(days_code, day_name)
Table: dual_carrier(main_airline, low_flight_number, high_flight_number, dual_airline, service_name)
Table: equipment_sequence(aircraft_code_sequence, aircraft_code)
Table: fare(fare_id, from_airport, to_airport, fare_basis_code, fare_airline, restriction_code, one_direction_cost, round_trip_cost, round_trip_required)
Table: fare_basis(fare_basis_code, booking_class, class_type, premium, economy, discounted, night, season, basis_days)
Table: flight(flight_id, flight_days, from_airport, to_airport, departure_time, arrival_time, airline_flight, airline_code, flight_number, aircraft_code_sequence, meal_code, stops, connections, dual_carrier, time_elapsed)
Table: flight_fare(flight_id, fare_id)
Table: flight_leg(flight_id, leg_number, leg_flight)
Table: flight_stop(flight_id, stop_number, stop_days, stop_airport, arrival_time, arrival_airline, arrival_flight_number, departure_time, departure_airline, departure_flight_number, stop_time)
Table: food_service(meal_code, meal_number, compartment, meal_description)
Table: ground_service(city_code, airport_code, transport_type, ground_fare)
Table: month(month_number, month_name)
Table: restriction(restriction_code, advance_purchase, stopovers, saturday_stay_required, minimum_stay, maximum_stay, application, no_discounts)
Table: state(state_code, state_name, country_name)
Table: time_interval(period, begin_time, end_time)
Table: time_zone(time_zone_code, time_zone_name, hours_from_gmt)

Example:
Question: which airports serve boston
SQL: SELECT DISTINCT airport_code FROM airport_service JOIN city ON airport_service.city_code = city.city_code WHERE city.city_name = 'BOSTON';"
atis,hard,list all flights from BALTIMORE to SAN FRANCISCO on friday,"SELECT DISTINCT FLIGHTalias0.FLIGHT_ID FROM AIRPORT_SERVICE AS AIRPORT_SERVICEalias0 , AIRPORT_SERVICE AS AIRPORT_SERVICEalias1 , CITY AS CITYalias0 , CITY AS CITYalias1 , DATE_DAY AS DATE_DAYalias0 , DAYS AS DAYSalias0 , FLIGHT AS FLIGHTalias0 WHERE ( CITYalias1.CITY_CODE = AIRPORT_SERVICEalias1.CITY_CODE AND CITYalias1.CITY_NAME = ""SAN FRANCISCO"" AND DATE_DAYalias0.DAY_NUMBER = 25 AND DATE_DAYalias0.MONTH_NUMBER = 6 AND DATE_DAYalias0.YEAR = 1991 AND DAYSalias0.DAY_NAME = DATE_DAYalias0.DAY_NAME AND FLIGHTalias0.FLIGHT_DAYS = DAYSalias0.DAYS_CODE AND FLIGHTalias0.TO_AIRPORT = AIRPORT_SERVICEalias1.AIRPORT_CODE ) AND CITYalias0.CITY_CODE = AIRPORT_SERVICEalias0.CITY_CODE AND CITYalias0.CITY_NAME = ""BALTIMORE"" AND FLIGHTalias0.FROM_AIRPORT = AIRPORT_SERVICEalias0.AIRPORT_CODE ;","Table: aircraft(aircraft_code, aircraft_description, manufacturer, basic_type, engines, propulsion, wide_body, wing_span, length, weight, capacity, pay_load, cruising_speed, range_miles, pressurized)
Table: airline(airline_code, airline_name, note)
Table: airport(airport_code, airport_name, airport_location, state_code, country_name, time_zone_code, minimum_connect_time)
Table: airport_service(city_code, airport_code, miles_distant, direction, minutes_distant)
Table: city(city_code, city_name, state_code, country_name, time_zone_code)
Table: class_of_service(booking_class, rank, class_description)
Table: code_description(code, description)
Table: compartment_class(compartment, class_type)
Table: date_day(month_number, day_number, year, day_name)
Table: days(days_code, day_name)
Table: dual_carrier(main_airline, low_flight_number, high_flight_number, dual_airline, service_name)
Table: equipment_sequence(aircraft_code_sequence, aircraft_code)
Table: fare(fare_id, from_airport, to_airport, fare_basis_code, fare_airline, restriction_code, one_direction_cost, round_trip_cost, round_trip_required)
Table: fare_basis(fare_basis_code, booking_class, class_type, premium, economy, discounted, night, season, basis_days)
Table: flight(flight_id, flight_days, from_airport, to_airport, departure_time, arrival_time, airline_flight, airline_code, flight_number, aircraft_code_sequence, meal_code, stops, connections, dual_carrier, time_elapsed)
Table: flight_fare(flight_id, fare_id)
Table: flight_leg(flight_id, leg_number, leg_flight)
Table: flight_stop(flight_id, stop_number, stop_days, stop_airport, arrival_time, arrival_airline, arrival_flight_number, departure_time, departure_airline, departure_flight_number, stop_time)
Table: food_service(meal_code, meal_number, compartment, meal_description)
Table: ground_service(city_code, airport_code, transport_type, ground_fare)
Table: month(month_number, month_name)
Table: restriction(restriction_code, advance_purchase, stopovers, saturday_stay_required, minimum_stay, maximum_stay, application, no_discounts)
Table: state(state_code, state_name, country_name)
Table: time_interval(period, begin_time, end_time)
Table: time_zone(time_zone_code, time_zone_name, hours_from_gmt)

Example:
Question: which airports serve boston
SQL: SELECT DISTINCT airport_code FROM airport_service JOIN city ON airport_service.city_code = city.city_code WHERE city.city_name = 'BOSTON';"
atis,hard,can i get from DALLAS to SAN FRANCISCO leaving in the morning and arriving in the morning,"SELECT DISTINCT FLIGHTalias0.FLIGHT_ID FROM AIRPORT_SERVICE AS AIRPORT_SERVICEalias0 , AIRPORT_SERVICE AS AIRPORT_SERVICEalias1 , CITY AS CITYalias0 , CITY AS CITYalias1 , FLIGHT AS FLIGHTalias0 WHERE ( ( ( FLIGHTalias0.ARRIVAL_TIME <= 1200 AND FLIGHTalias0.ARRIVAL_TIME >= 0 ) AND CITYalias1.CITY_CODE = AIRPORT_SERVICEalias1.CITY_CODE AND CITYalias1.CITY_NAME = ""SAN FRANCISCO"" AND FLIGHTalias0.TO_AIRPORT = AIRPORT_SERVICEalias1.AIRPORT_CODE ) AND CITYalias0.CITY_CODE = AIRPORT_SERVICEalias0.CITY_CODE AND CITYalias0.CITY_NAME = ""DALLAS"" AND FLIGHTalias0.FROM_AIRPORT = AIRPORT_SERVICEalias0.AIRPORT_CODE ) AND FLIGHTalias0.DEPARTURE_TIME BETWEEN 0 AND 1200 ;","Table: aircraft(aircraft_code, aircraft_description, manufacturer, basic_type, engines, propulsion, wide_body, wing_span, length, weight, capacity, pay_load, cruising_speed, range_miles, pressurized)
Table: airline(airline_code, airline_name, note)
Table: airport(airport_code, airport_name, airport_location, state_code, country_name, time_zone_code, minimum_connect_time)
Table: airport_service(city_code, airport_code, miles_distant, direction, minutes_distant)
Table: city(city_code, city_name, state_code, country_name, time_zone_code)
Table: class_of_service(booking_class, rank, class_description)
Table: code_description(code, description)
Table: compartment_class(compartment, class_type)
Table: date_day(month_number, day_number, year, day_name)
Table: days(days_code, day_name)
Table: dual_carrier(main_airline, low_flight_number, high_flight_number, dual_airline, service_name)
Table: equipment_sequence(aircraft_code_sequence, aircraft_code)
Table: fare(fare_id, from_airport, to_airport, fare_basis_code, fare_airline, restriction_code, one_direction_cost, round_trip_cost, round_trip_required)
Table: fare_basis(fare_basis_code, booking_class, class_type, premium, economy, discounted, night, season, basis_days)
Table: flight(flight_id, flight_days, from_airport, to_airport, departure_time, arrival_time, airline_flight, airline_code, flight_number, aircraft_code_sequence, meal_code, stops, connections, dual_carrier, time_elapsed)
Table: flight_fare(flight_id, fare_id)
Table: flight_leg(flight_id, leg_number, leg_flight)
Table: flight_stop(flight_id, stop_number, stop_days, stop_airport, arrival_time, arrival_airline, arrival_flight_number, departure_time, departure_airline, departure_flight_number, stop_time)
Table: food_service(meal_code, meal_number, compartment, meal_description)
Table: ground_service(city_code, airport_code, transport_type, ground_fare)
Table: month(month_number, month_name)
Table: restriction(restriction_code, advance_purchase, stopovers, saturday_stay_required, minimum_stay, maximum_stay, application, no_discounts)
Table: state(state_code, state_name, country_name)
Table: time_interval(period, begin_time, end_time)
Table: time_zone(time_zone_code, time_zone_name, hours_from_gmt)

Example:
Question: which airports serve boston
SQL: SELECT DISTINCT airport_code FROM airport_service JOIN city ON airport_service.city_code = city.city_code WHERE city.city_name = 'BOSTON';"
atis,hard,what are the flights from BOSTON to BALTIMORE,"SELECT DISTINCT FLIGHTalias0.FLIGHT_ID FROM AIRPORT_SERVICE AS AIRPORT_SERVICEalias0 , AIRPORT_SERVICE AS AIRPORT_SERVICEalias1 , CITY AS CITYalias0 , CITY AS CITYalias1 , FLIGHT AS FLIGHTalias0 WHERE CITYalias0.CITY_CODE = AIRPORT_SERVICEalias0.CITY_CODE AND CITYalias0.CITY_NAME = ""BOSTON"" AND CITYalias1.CITY_CODE = AIRPORT_SERVICEalias1.CITY_CODE AND CITYalias1.CITY_NAME = ""BALTIMORE"" AND FLIGHTalias0.FROM_AIRPORT = AIRPORT_SERVICEalias0.AIRPORT_CODE AND FLIGHTalias0.TO_AIRPORT = AIRPORT_SERVICEalias1.AIRPORT_CODE ;","Table: aircraft(aircraft_code, aircraft_description, manufacturer, basic_type, engines, propulsion, wide_body, wing_span, length, weight, capacity, pay_load, cruising_speed, range_miles, pressurized)
Table: airline(airline_code, airline_name, note)
Table: airport(airport_code, airport_name, airport_location, state_code, country_name, time_zone_code, minimum_connect_time)
Table: airport_service(city_code, airport_code, miles_distant, direction, minutes_distant)
Table: city(city_code, city_name, state_code, country_name, time_zone_code)
Table: class_of_service(booking_class, rank, class_description)
Table: code_description(code, description)
Table: compartment_class(compartment, class_type)
Table: date_day(month_number, day_number, year, day_name)
Table: days(days_code, day_name)
Table: dual_carrier(main_airline, low_flight_number, high_flight_number, dual_airline, service_name)
Table: equipment_sequence(aircraft_code_sequence, aircraft_code)
Table: fare(fare_id, from_airport, to_airport, fare_basis_code, fare_airline, restriction_code, one_direction_cost, round_trip_cost, round_trip_required)
Table: fare_basis(fare_basis_code, booking_class, class_type, premium, economy, discounted, night, season, basis_days)
Table: flight(flight_id, flight_days, from_airport, to_airport, departure_time, arrival_time, airline_flight, airline_code, flight_number, aircraft_code_sequence, meal_code, stops, connections, dual_carrier, time_elapsed)
Table: flight_fare(flight_id, fare_id)
Table: flight_leg(flight_id, leg_number, leg_flight)
Table: flight_stop(flight_id, stop_number, stop_days, stop_airport, arrival_time, arrival_airline, arrival_flight_number, departure_time, departure_airline, departure_flight_number, stop_time)
Table: food_service(meal_code, meal_number, compartment, meal_description)
Table: ground_service(city_code, airport_code, transport_type, ground_fare)
Table: month(month_number, month_name)
Table: restriction(restriction_code, advance_purchase, stopovers, saturday_stay_required, minimum_stay, maximum_stay, application, no_discounts)
Table: state(state_code, state_name, country_name)
Table: time_interval(period, begin_time, end_time)
Table: time_zone(time_zone_code, time_zone_name, hours_from_gmt)

Example:
Question: which airports serve boston
SQL: SELECT DISTINCT airport_code FROM airport_service JOIN city ON airport_service.city_code = city.city_code WHERE city.city_name = 'BOSTON';"
atis,hard,do any US flights leave from SAN FRANCISCO,"SELECT DISTINCT FLIGHTalias0.FLIGHT_ID FROM AIRPORT_SERVICE AS AIRPORT_SERVICEalias0 , AIRPORT_SERVICE AS AIRPORT_SERVICEalias1 , CITY AS CITYalias0 , CITY AS CITYalias1 , FLIGHT AS FLIGHTalias0 WHERE ( CITYalias0.CITY_CODE = AIRPORT_SERVICEalias0.CITY_CODE AND CITYalias0.CITY_NAME = ""SAN FRANCISCO"" AND CITYalias1.CITY_CODE = AIRPORT_SERVICEalias1.CITY_CODE AND FLIGHTalias0.FROM_AIRPORT = AIRPORT_SERVICEalias0.AIRPORT_CODE AND FLIGHTalias0.TO_AIRPORT = AIRPORT_SERVICEalias1.AIRPORT_CODE ) AND FLIGHTalias0.AIRLINE_CODE = ""US"" ;","Table: aircraft(aircraft_code, aircraft_description, manufacturer, basic_type, engines, propulsion, wide_body, wing_span, length, weight, capacity, pay_load, cruising_speed, range_miles, pressurized)
Table: airline(airline_code, airline_name, note)
Table: airport(airport_code, airport_name, airport_location, state_code, country_name, time_zone_code, minimum_connect_time)
Table: airport_service(city_code, airport_code, miles_distant, direction, minutes_distant)
Table: city(city_code, city_name, state_code, country_name, time_zone_code)
Table: class_of_service(booking_class, rank, class_description)
Table: code_description(code, description)
Table: compartment_class(compartment, class_type)
Table: date_day(month_number, day_number, year, day_name)
Table: days(days_code, day_name)
Table: dual_carrier(main_airline, low_flight_number, high_flight_number, dual_airline, service_name)
Table: equipment_sequence(aircraft_code_sequence, aircraft_code)
Table: fare(fare_id, from_airport, to_airport, fare_basis_code, fare_airline, restriction_code, one_direction_cost, round_trip_cost, round_trip_required)
Table: fare_basis(fare_basis_code, booking_class, class_type, premium, economy, discounted, night, season, basis_days)
Table: flight(flight_id, flight_days, from_airport, to_airport, departure_time, arrival_time, airline_flight, airline_code, flight_number, aircraft_code_sequence, meal_code, stops, connections, dual_carrier, time_elapsed)
Table: flight_fare(flight_id, fare_id)
Table: flight_leg(flight_id, leg_number, leg_flight)
Table: flight_stop(flight_id, stop_number, stop_days, stop_airport, arrival_time, arrival_airline, arrival_flight_number, departure_time, departure_airline, departure_flight_number, stop_time)
Table: food_service(meal_code, meal_number, compartment, meal_description)
Table: ground_service(city_code, airport_code, transport_type, ground_fare)
Table: month(month_number, month_name)
Table: restriction(restriction_code, advance_purchase, stopovers, saturday_stay_required, minimum_stay, maximum_stay, application, no_discounts)
Table: state(state_code, state_name, country_name)
Table: time_interval(period, begin_time, end_time)
Table: time_zone(time_zone_code, time_zone_name, hours_from_gmt)

Example:
Question: which airports serve boston
SQL: SELECT DISTINCT airport_code FROM airport_service JOIN city ON airport_service.city_code = city.city_code WHERE city.city_name = 'BOSTON';"
atis,hard,what flights leave BALTIMORE for BOSTON after 600 o'clock on friday,"SELECT DISTINCT FLIGHTalias0.FLIGHT_ID FROM AIRPORT_SERVICE AS AIRPORT_SERVICEalias0 , AIRPORT_SERVICE AS AIRPORT_SERVICEalias1 , CITY AS CITYalias0 , CITY AS CITYalias1 , DATE_DAY AS DATE_DAYalias0 , DAYS AS DAYSalias0 , FLIGHT AS FLIGHTalias0 WHERE ( ( DATE_DAYalias0.DAY_NUMBER = 25 AND DATE_DAYalias0.MONTH_NUMBER = 6 AND DATE_DAYalias0.YEAR = 1991 AND DAYSalias0.DAY_NAME = DATE_DAYalias0.DAY_NAME AND FLIGHTalias0.DEPARTURE_TIME > 600 AND FLIGHTalias0.FLIGHT_DAYS = DAYSalias0.DAYS_CODE ) AND CITYalias1.CITY_CODE = AIRPORT_SERVICEalias1.CITY_CODE AND CITYalias1.CITY_NAME = ""BOSTON"" AND FLIGHTalias0.TO_AIRPORT = AIRPORT_SERVICEalias1.AIRPORT_CODE ) AND CITYalias0.CITY_CODE = AIRPORT_SERVICEalias0.CITY_CODE AND CITYalias0.CITY_NAME = ""BALTIMORE"" AND FLIGHTalias0.FROM_AIRPORT = AIRPORT_SERVICEalias0.AIRPORT_CODE ;","Table: aircraft(aircraft_code, aircraft_description, manufacturer, basic_type, engines, propulsion, wide_body, wing_span, length, weight, capacity, pay_load, cruising_speed, range_miles, pressurized)
Table: airline(airline_code, airline_name, note)
Table: airport(airport_code, airport_name, airport_location, state_code, country_name, time_zone_code, minimum_connect_time)
Table: airport_service(city_code, airport_code, miles_distant, direction, minutes_distant)
Table: city(city_code, city_name, state_code, country_name, time_zone_code)
Table: class_of_service(booking_class, rank, class_description)
Table: code_description(code, description)
Table: compartment_class(compartment, class_type)
Table: date_day(month_number, day_number, year, day_name)
Table: days(days_code, day_name)
Table: dual_carrier(main_airline, low_flight_number, high_flight_number, dual_airline, service_name)
Table: equipment_sequence(aircraft_code_sequence, aircraft_code)
Table: fare(fare_id, from_airport, to_airport, fare_basis_code, fare_airline, restriction_code, one_direction_cost, round_trip_cost, round_trip_required)
Table: fare_basis(fare_basis_code, booking_class, class_type, premium, economy, discounted, night, season, basis_days)
Table: flight(flight_id, flight_days, from_airport, to_airport, departure_time, arrival_time, airline_flight, airline_code, flight_number, aircraft_code_sequence, meal_code, stops, connections, dual_carrier, time_elapsed)
Table: flight_fare(flight_id, fare_id)
Table: flight_leg(flight_id, leg_number, leg_flight)
Table: flight_stop(flight_id, stop_number, stop_days, stop_airport, arrival_time, arrival_airline, arrival_flight_number, departure_time, departure_airline, departure_flight_number, stop_time)
Table: food_service(meal_code, meal_number, compartment, meal_description)
Table: ground_service(city_code, airport_code, transport_type, ground_fare)
Table: month(month_number, month_name)
Table: restriction(restriction_code, advance_purchase, stopovers, saturday_stay_required, minimum_stay, maximum_stay, application, no_discounts)
Table: state(state_code, state_name, country_name)
Table: time_interval(period, begin_time, end_time)
Table: time_zone(time_zone_code, time_zone_name, hours_from_gmt)

Example:
Question: which airports serve boston
SQL: SELECT DISTINCT airport_code FROM airport_service JOIN city ON airport_service.city_code = city.city_code WHERE city.city_name = 'BOSTON';"
atis,hard,may i have a listing of flights from MILWAUKEE to TACOMA WASHINGTON departing in the evening,"SELECT DISTINCT FLIGHTalias0.FLIGHT_ID FROM AIRPORT_SERVICE AS AIRPORT_SERVICEalias0 , AIRPORT_SERVICE AS AIRPORT_SERVICEalias1 , CITY AS CITYalias0 , CITY AS CITYalias1 , FLIGHT AS FLIGHTalias0 , STATE AS STATEalias0 WHERE ( CITYalias0.CITY_CODE = AIRPORT_SERVICEalias0.CITY_CODE AND CITYalias0.CITY_NAME = ""MILWAUKEE"" AND CITYalias1.CITY_CODE = AIRPORT_SERVICEalias1.CITY_CODE AND CITYalias1.CITY_NAME = ""TACOMA"" AND FLIGHTalias0.FROM_AIRPORT = AIRPORT_SERVICEalias0.AIRPORT_CODE AND FLIGHTalias0.TO_AIRPORT = AIRPORT_SERVICEalias1.AIRPORT_CODE AND STATEalias0.STATE_CODE = CITYalias1.STATE_CODE AND STATEalias0.STATE_NAME = ""WASHINGTON"" ) AND FLIGHTalias0.DEPARTURE_TIME BETWEEN 1800 AND 2200 ;","Table: aircraft(aircraft_code, aircraft_description, manufacturer, basic_type, engines, propulsion, wide_body, wing_span, length, weight, capacity, pay_load, cruising_speed, range_miles, pressurized)
Table: airline(airline_code, airline_name, note)
Table: airport(airport_code, airport_name, airport_location, state_code, country_name, time_zone_code, minimum_connect_time)
Table: airport_service(city_code, airport_code, miles_distant, direction, minutes_distant)
Table: city(city_code, city_name, state_code, country_name, time_zone_code)
Table: class_of_service(booking_class, rank, class_description)
Table: code_description(code, description)
Table: compartment_class(compartment, class_type)
Table: date_day(month_number, day_number, year, day_name)
Table: days(days_code, day_name)
Table: dual_carrier(main_airline, low_flight_number, high_flight_number, dual_airline, service_name)
Table: equipment_sequence(aircraft_code_sequence, aircraft_code)
Table: fare(fare_id, from_airport, to_airport, fare_basis_code, fare_airline, restriction_code, one_direction_cost, round_trip_cost, round_trip_required)
Table: fare_basis(fare_basis_code, booking_class, class_type, premium, economy, discounted, night, season, basis_days)
Table: flight(flight_id, flight_days, from_airport, to_airport, departure_time, arrival_time, airline_flight, airline_code, flight_number, aircraft_code_sequence, meal_code, stops, connections, dual_carrier, time_elapsed)
Table: flight_fare(flight_id, fare_id)
Table: flight_leg(flight_id, leg_number, leg_flight)
Table: flight_stop(flight_id, stop_number, stop_days, stop_airport, arrival_time, arrival_airline, arrival_flight_number, departure_time, departure_airline, departure_flight_number, stop_time)
Table: food_service(meal_code, meal_number, compartment, meal_description)
Table: ground_service(city_code, airport_code, transport_type, ground_fare)
Table: month(month_number, month_name)
Table: restriction(restriction_code, advance_purchase, stopovers, saturday_stay_required, minimum_stay, maximum_stay, application, no_discounts)
Table: state(state_code, state_name, country_name)
Table: time_interval(period, begin_time, end_time)
Table: time_zone(time_zone_code, time_zone_name, hours_from_gmt)

Example:
Question: which airports serve boston
SQL: SELECT DISTINCT airport_code FROM airport_service JOIN city ON airport_service.city_code = city.city_code WHERE city.city_name = 'BOSTON';"
atis,hard,please tell me how many nonstop flights there are from BOSTON to ATLANTA,"SELECT COUNT( DISTINCT FLIGHTalias0.FLIGHT_ID ) FROM AIRPORT_SERVICE AS AIRPORT_SERVICEalias0 , AIRPORT_SERVICE AS AIRPORT_SERVICEalias1 , CITY AS CITYalias0 , CITY AS CITYalias1 , FLIGHT AS FLIGHTalias0 WHERE ( CITYalias0.CITY_CODE = AIRPORT_SERVICEalias0.CITY_CODE AND CITYalias0.CITY_NAME = ""BOSTON"" AND CITYalias1.CITY_CODE = AIRPORT_SERVICEalias1.CITY_CODE AND CITYalias1.CITY_NAME = ""ATLANTA"" AND FLIGHTalias0.FROM_AIRPORT = AIRPORT_SERVICEalias0.AIRPORT_CODE AND FLIGHTalias0.TO_AIRPORT = AIRPORT_SERVICEalias1.AIRPORT_CODE ) AND FLIGHTalias0.STOPS = 0 ;","Table: aircraft(aircraft_code, aircraft_description, manufacturer, basic_type, engines, propulsion, wide_body, wing_span, length, weight, capacity, pay_load, cruising_speed, range_miles, pressurized)
Table: airline(airline_code, airline_name, note)
Table: airport(airport_code, airport_name, airport_location, state_code, country_name, time_zone_code, minimum_connect_time)
Table: airport_service(city_code, airport_code, miles_distant, direction, minutes_distant)
Table: city(city_code, city_name, state_code, country_name, time_zone_code)
Table: class_of_service(booking_class, rank, class_description)
Table: code_description(code, description)
Table: compartment_class(compartment, class_type)
Table: date_day(month_number, day_number, year, day_name)
Table: days(days_code, day_name)
Table: dual_carrier(main_airline, low_flight_number, high_flight_number, dual_airline, service_name)
Table: equipment_sequence(aircraft_code_sequence, aircraft_code)
Table: fare(fare_id, from_airport, to_airport, fare_basis_code, fare_airline, restriction_code, one_direction_cost, round_trip_cost, round_trip_required)
Table: fare_basis(fare_basis_code, booking_class, class_type, premium, economy, discounted, night, season, basis_days)
Table: flight(flight_id, flight_days, from_airport, to_airport, departure_time, arrival_time, airline_flight, airline_code, flight_number, aircraft_code_sequence, meal_code, stops, connections, dual_carrier, time_elapsed)
Table: flight_fare(flight_id, fare_id)
Table: flight_leg(flight_id, leg_number, leg_flight)
Table: flight_stop(flight_id, stop_number, stop_days, stop_airport, arrival_time, arrival_airline, arrival_flight_number, departure_time, departure_airline, departure_flight_number, stop_time)
Table: food_service(meal_code, meal_number, compartment, meal_description)
Table: ground_service(city_code, airport_code, transport_type, ground_fare)
Table: month(month_number, month_name)
Table: restriction(restriction_code, advance_purchase, stopovers, saturday_stay_required, minimum_stay, maximum_stay, application, no_discounts)
Table: state(state_code, state_name, country_name)
Table: time_interval(period, begin_time, end_time)
Table: time_zone(time_zone_code, time_zone_name, hours_from_gmt)

Example:
Question: which airports serve boston
SQL: SELECT DISTINCT airport_code FROM airport_service JOIN city ON airport_service.city_code = city.city_code WHERE city.city_name = 'BOSTON';"
atis,hard,show me the earliest flights from BOSTON to DENVER on wednesday,"SELECT DISTINCT FLIGHTalias0.FLIGHT_ID FROM AIRPORT_SERVICE AS AIRPORT_SERVICEalias0 , AIRPORT_SERVICE AS AIRPORT_SERVICEalias1 , CITY AS CITYalias0 , CITY AS CITYalias1 , FLIGHT AS FLIGHTalias0 WHERE ( CITYalias0.CITY_CODE = AIRPORT_SERVICEalias0.CITY_CODE AND CITYalias0.CITY_NAME = ""BOSTON"" AND CITYalias1.CITY_CODE = AIRPORT_SERVICEalias1.CITY_CODE AND CITYalias1.CITY_NAME = ""DENVER"" AND FLIGHTalias0.FROM_AIRPORT = AIRPORT_SERVICEalias0.AIRPORT_CODE AND FLIGHTalias0.TO_AIRPORT = AIRPORT_SERVICEalias1.AIRPORT_CODE ) AND FLIGHTalias0.DEPARTURE_TIME = ( SELECT MIN( FLIGHTalias1.DEPARTURE_TIME ) FROM AIRPORT_SERVICE AS AIRPORT_SERVICEalias2 , AIRPORT_SERVICE AS AIRPORT_SERVICEalias3 , CITY AS CITYalias2 , CITY AS CITYalias3 , FLIGHT AS FLIGHTalias1 WHERE CITYalias2.CITY_CODE = AIRPORT_SERVICEalias2.CITY_CODE AND CITYalias2.CITY_NAME = ""BOSTON"" AND CITYalias3.CITY_CODE = AIRPORT_SERVICEalias3.CITY_CODE AND CITYalias3.CITY_NAME = ""DENVER"" AND FLIGHTalias1.FROM_AIRPORT = AIRPORT_SERVICEalias2.AIRPORT_CODE AND FLIGHTalias1.TO_AIRPORT = AIRPORT_SERVICEalias3.AIRPORT_CODE ) ;","Table: aircraft(aircraft_code, aircraft_description, manufacturer, basic_type, engines, propulsion, wide_body, wing_span, length, weight, capacity, pay_load, cruising_speed, range_miles, pressurized)
Table: airline(airline_code, airline_name, note)
Table: airport(airport_code, airport_name, airport_location, state_code, country_name, time_zone_code, minimum_connect_time)
Table: airport_service(city_code, airport_code, miles_distant, direction, minutes_distant)
Table: city(city_code, city_name, state_code, country_name, time_zone_code)
Table: class_of_service(booking_class, rank, class_description)
Table: code_description(code, description)
Table: compartment_class(compartment, class_type)
Table: date_day(month_number, day_number, year, day_name)
Table: days(days_code, day_name)
Table: dual_carrier(main_airline, low_flight_number, high_flight_number, dual_airline, service_name)
Table: equipment_sequence(aircraft_code_sequence, aircraft_code)
Table: fare(fare_id, from_airport, to_airport, fare_basis_code, fare_airline, restriction_code, one_direction_cost, round_trip_cost, round_trip_required)
Table: fare_basis(fare_basis_code, booking_class, class_type, premium, economy, discounted, night, season, basis_days)
Table: flight(flight_id, flight_days, from_airport, to_airport, departure_time, arrival_time, airline_flight, airline_code, flight_number, aircraft_code_sequence, meal_code, stops, connections, dual_carrier, time_elapsed)
Table: flight_fare(flight_id, fare_id)
Table: flight_leg(flight_id, leg_number, leg_flight)
Table: flight_stop(flight_id, stop_number, stop_days, stop_airport, arrival_time, arrival_airline, arrival_flight_number, departure_time, departure_airline, departure_flight_number, stop_time)
Table: food_service(meal_code, meal_number, compartment, meal_description)
Table: ground_service(city_code, airport_code, transport_type, ground_fare)
Table: month(month_number, month_name)
Table: restriction(restriction_code, advance_purchase, stopovers, saturday_stay_required, minimum_stay, maximum_stay, application, no_discounts)
Table: state(state_code, state_name, country_name)
Table: time_interval(period, begin_time, end_time)
Table: time_zone(time_zone_code, time_zone_name, hours_from_gmt)

Example:
Question: which airports serve boston
SQL: SELECT DISTINCT airport_code FROM airport_service JOIN city ON airport_service.city_code = city.city_code WHERE city.city_name = 'BOSTON';"
atis,hard,is there a nonstop flight from DENVER to SAN FRANCISCO,"SELECT DISTINCT FLIGHTalias0.FLIGHT_ID FROM AIRPORT_SERVICE AS AIRPORT_SERVICEalias0 , AIRPORT_SERVICE AS AIRPORT_SERVICEalias1 , CITY AS CITYalias0 , CITY AS CITYalias1 , FLIGHT AS FLIGHTalias0 WHERE ( CITYalias0.CITY_CODE = AIRPORT_SERVICEalias0.CITY_CODE AND CITYalias0.CITY_NAME = ""DENVER"" AND CITYalias1.CITY_CODE = AIRPORT_SERVICEalias1.CITY_CODE AND CITYalias1.CITY_NAME = ""SAN FRANCISCO"" AND FLIGHTalias0.FROM_AIRPORT = AIRPORT_SERVICEalias0.AIRPORT_CODE AND FLIGHTalias0.TO_AIRPORT = AIRPORT_SERVICEalias1.AIRPORT_CODE ) AND FLIGHTalias0.STOPS = 0 ;","Table: aircraft(aircraft_code, aircraft_description, manufacturer, basic_type, engines, propulsion, wide_body, wing_span, length, weight, capacity, pay_load, cruising_speed, range_miles, pressurized)
Table: airline(airline_code, airline_name, note)
Table: airport(airport_code, airport_name, airport_location, state_code, country_name, time_zone_code, minimum_connect_time)
Table: airport_service(city_code, airport_code, miles_distant, direction, minutes_distant)
Table: city(city_code, city_name, state_code, country_name, time_zone_code)
Table: class_of_service(booking_class, rank, class_description)
Table: code_description(code, description)
Table: compartment_class(compartment, class_type)
Table: date_day(month_number, day_number, year, day_name)
Table: days(days_code, day_name)
Table: dual_carrier(main_airline, low_flight_number, high_flight_number, dual_airline, service_name)
Table: equipment_sequence(aircraft_code_sequence, aircraft_code)
Table: fare(fare_id, from_airport, to_airport, fare_basis_code, fare_airline, restriction_code, one_direction_cost, round_trip_cost, round_trip_required)
Table: fare_basis(fare_basis_code, booking_class, class_type, premium, economy, discounted, night, season, basis_days)
Table: flight(flight_id, flight_days, from_airport, to_airport, departure_time, arrival_time, airline_flight, airline_code, flight_number, aircraft_code_sequence, meal_code, stops, connections, dual_carrier, time_elapsed)
Table: flight_fare(flight_id, fare_id)
Table: flight_leg(flight_id, leg_number, leg_flight)
Table: flight_stop(flight_id, stop_number, stop_days, stop_airport, arrival_time, arrival_airline, arrival_flight_number, departure_time, departure_airline, departure_flight_number, stop_time)
Table: food_service(meal_code, meal_number, compartment, meal_description)
Table: ground_service(city_code, airport_code, transport_type, ground_fare)
Table: month(month_number, month_name)
Table: restriction(restriction_code, advance_purchase, stopovers, saturday_stay_required, minimum_stay, maximum_stay, application, no_discounts)
Table: state(state_code, state_name, country_name)
Table: time_interval(period, begin_time, end_time)
Table: time_zone(time_zone_code, time_zone_name, hours_from_gmt)

Example:
Question: which airports serve boston
SQL: SELECT DISTINCT airport_code FROM airport_service JOIN city ON airport_service.city_code = city.city_code WHERE city.city_name = 'BOSTON';"
atis,hard,what is the latest flight leaving LAS VEGAS for ONTARIO,"SELECT DISTINCT FLIGHTalias0.FLIGHT_ID FROM AIRPORT_SERVICE AS AIRPORT_SERVICEalias0 , AIRPORT_SERVICE AS AIRPORT_SERVICEalias1 , CITY AS CITYalias0 , CITY AS CITYalias1 , FLIGHT AS FLIGHTalias0 WHERE ( CITYalias0.CITY_CODE = AIRPORT_SERVICEalias0.CITY_CODE AND CITYalias0.CITY_NAME = ""LAS VEGAS"" AND CITYalias1.CITY_CODE = AIRPORT_SERVICEalias1.CITY_CODE AND CITYalias1.CITY_NAME = ""ONTARIO"" AND FLIGHTalias0.FROM_AIRPORT = AIRPORT_SERVICEalias0.AIRPORT_CODE AND FLIGHTalias0.TO_AIRPORT = AIRPORT_SERVICEalias1.AIRPORT_CODE ) AND FLIGHTalias0.DEPARTURE_TIME = ( SELECT MAX( FLIGHTalias1.DEPARTURE_TIME ) FROM AIRPORT_SERVICE AS AIRPORT_SERVICEalias2 , AIRPORT_SERVICE AS AIRPORT_SERVICEalias3 , CITY AS CITYalias2 , CITY AS CITYalias3 , FLIGHT AS FLIGHTalias1 WHERE CITYalias2.CITY_CODE = AIRPORT_SERVICEalias2.CITY_CODE AND CITYalias2.CITY_NAME = ""LAS VEGAS"" AND CITYalias3.CITY_CODE = AIRPORT_SERVICEalias3.CITY_CODE AND CITYalias3.CITY_NAME = ""ONTARIO"" AND FLIGHTalias1.FROM_AIRPORT = AIRPORT_SERVICEalias2.AIRPORT_CODE AND FLIGHTalias1.TO_AIRPORT = AIRPORT_SERVICEalias3.AIRPORT_CODE ) ;","Table: aircraft(aircraft_code, aircraft_description, manufacturer, basic_type, engines, propulsion, wide_body, wing_span, length, weight, capacity, pay_load, cruising_speed, range_miles, pressurized)
Table: airline(airline_code, airline_name, note)
Table: airport(airport_code, airport_name, airport_location, state_code, country_name, time_zone_code, minimum_connect_time)
Table: airport_service(city_code, airport_code, miles_distant, direction, minutes_distant)
Table: city(city_code, city_name, state_code, country_name, time_zone_code)
Table: class_of_service(booking_class, rank, class_description)
Table: code_description(code, description)
Table: compartment_class(compartment, class_type)
Table: date_day(month_number, day_number, year, day_name)
Table: days(days_code, day_name)
Table: dual_carrier(main_airline, low_flight_number, high_flight_number, dual_airline, service_name)
Table: equipment_sequence(aircraft_code_sequence, aircraft_code)
Table: fare(fare_id, from_airport, to_airport, fare_basis_code, fare_airline, restriction_code, one_direction_cost, round_trip_cost, round_trip_required)
Table: fare_basis(fare_basis_code, booking_class, class_type, premium, economy, discounted, night, season, basis_days)
Table: flight(flight_id, flight_days, from_airport, to_airport, departure_time, arrival_time, airline_flight, airline_code, flight_number, aircraft_code_sequence, meal_code, stops, connections, dual_carrier, time_elapsed)
Table: flight_fare(flight_id, fare_id)
Table: flight_leg(flight_id, leg_number, leg_flight)
Table: flight_stop(flight_id, stop_number, stop_days, stop_airport, arrival_time, arrival_airline, arrival_flight_number, departure_time, departure_airline, departure_flight_number, stop_time)
Table: food_service(meal_code, meal_number, compartment, meal_description)
Table: ground_service(city_code, airport_code, transport_type, ground_fare)
Table: month(month_number, month_name)
Table: restriction(restriction_code, advance_purchase, stopovers, saturday_stay_required, minimum_stay, maximum_stay, application, no_discounts)
Table: state(state_code, state_name, country_name)
Table: time_interval(period, begin_time, end_time)
Table: time_zone(time_zone_code, time_zone_name, hours_from_gmt)

Example:
Question: which airports serve boston
SQL: SELECT DISTINCT airport_code FROM airport_service JOIN city ON airport_service.city_code = city.city_code WHERE city.city_name = 'BOSTON';"
atis,hard,what are the flights from MILWAUKEE to ORLANDO on wednesday,"SELECT DISTINCT FLIGHTalias0.FLIGHT_ID FROM AIRPORT_SERVICE AS AIRPORT_SERVICEalias0 , AIRPORT_SERVICE AS AIRPORT_SERVICEalias1 , CITY AS CITYalias0 , CITY AS CITYalias1 , DATE_DAY AS DATE_DAYalias0 , DAYS AS DAYSalias0 , FLIGHT AS FLIGHTalias0 WHERE ( CITYalias1.CITY_CODE = AIRPORT_SERVICEalias1.CITY_CODE AND CITYalias1.CITY_NAME = ""ORLANDO"" AND DATE_DAYalias0.DAY_NUMBER = 23 AND DATE_DAYalias0.MONTH_NUMBER = 4 AND DATE_DAYalias0.YEAR = 1991 AND DAYSalias0.DAY_NAME = DATE_DAYalias0.DAY_NAME AND FLIGHTalias0.FLIGHT_DAYS = DAYSalias0.DAYS_CODE AND FLIGHTalias0.TO_AIRPORT = AIRPORT_SERVICEalias1.AIRPORT_CODE ) AND CITYalias0.CITY_CODE = AIRPORT_SERVICEalias0.CITY_CODE AND CITYalias0.CITY_NAME = ""MILWAUKEE"" AND FLIGHTalias0.FROM_AIRPORT = AIRPORT_SERVICEalias0.AIRPORT_CODE ;","Table: aircraft(aircraft_code, aircraft_description, manufacturer, basic_type, engines, propulsion, wide_body, wing_span, length, weight, capacity, pay_load, cruising_speed, range_miles, pressurized)
Table: airline(airline_code, airline_name, note)
Table: airport(airport_code, airport_name, airport_location, state_code, country_name, time_zone_code, minimum_connect_time)
Table: airport_service(city_code, airport_code, miles_distant, direction, minutes_distant)
Table: city(city_code, city_name, state_code, country_name, time_zone_code)
Table: class_of_service(booking_class, rank, class_description)
Table: code_description(code, description)
Table: compartment_class(compartment, class_type)
Table: date_day(month_number, day_number, year, day_name)
Table: days(days_code, day_name)
Table: dual_carrier(main_airline, low_flight_number, high_flight_number, dual_airline, service_name)
Table: equipment_sequence(aircraft_code_sequence, aircraft_code)
Table: fare(fare_id, from_airport, to_airport, fare_basis_code, fare_airline, restriction_code, one_direction_cost, round_trip_cost, round_trip_required)
Table: fare_basis(fare_basis_code, booking_class, class_type, premium, economy, discounted, night, season, basis_days)
Table: flight(flight_id, flight_days, from_airport, to_airport, departure_time, arrival_time, airline_flight, airline_code, flight_number, aircraft_code_sequence, meal_code, stops, connections, dual_carrier, time_elapsed)
Table: flight_fare(flight_id, fare_id)
Table: flight_leg(flight_id, leg_number, leg_flight)
Table: flight_stop(flight_id, stop_number, stop_days, stop_airport, arrival_time, arrival_airline, arrival_flight_number, departure_time, departure_airline, departure_flight_number, stop_time)
Table: food_service(meal_code, meal_number, compartment, meal_description)
Table: ground_service(city_code, airport_code, transport_type, ground_fare)
Table: month(month_number, month_name)
Table: restriction(restriction_code, advance_purchase, stopovers, saturday_stay_required, minimum_stay, maximum_stay, application, no_discounts)
Table: state(state_code, state_name, country_name)
Table: time_interval(period, begin_time, end_time)
Table: time_zone(time_zone_code, time_zone_name, hours_from_gmt)

Example:
Question: which airports serve boston
SQL: SELECT DISTINCT airport_code FROM airport_service JOIN city ON airport_service.city_code = city.city_code WHERE city.city_name = 'BOSTON';"
atis,hard,show me the flights from BOSTON to PITTSBURGH on WEDNESDAY and THURSDAY,"SELECT DISTINCT FLIGHTalias0.FLIGHT_ID FROM AIRPORT_SERVICE AS AIRPORT_SERVICEalias0 , AIRPORT_SERVICE AS AIRPORT_SERVICEalias1 , CITY AS CITYalias0 , CITY AS CITYalias1 , DAYS AS DAYSalias0 , DAYS AS DAYSalias1 , FLIGHT AS FLIGHTalias0 WHERE ( ( DAYSalias0.DAY_NAME = ""WEDNESDAY"" AND DAYSalias1.DAY_NAME = ""THURSDAY"" AND FLIGHTalias0.FLIGHT_DAYS = DAYSalias0.DAYS_CODE AND FLIGHTalias0.FLIGHT_DAYS = DAYSalias1.DAYS_CODE ) AND CITYalias1.CITY_CODE = AIRPORT_SERVICEalias1.CITY_CODE AND CITYalias1.CITY_NAME = ""PITTSBURGH"" AND FLIGHTalias0.TO_AIRPORT = AIRPORT_SERVICEalias1.AIRPORT_CODE ) AND CITYalias0.CITY_CODE = AIRPORT_SERVICEalias0.CITY_CODE AND CITYalias0.CITY_NAME = ""BOSTON"" AND FLIGHTalias0.FROM_AIRPORT = AIRPORT_SERVICEalias0.AIRPORT_CODE ;","Table: aircraft(aircraft_code, aircraft_description, manufacturer, basic_type, engines, propulsion, wide_body, wing_span, length, weight, capacity, pay_load, cruising_speed, range_miles, pressurized)
Table: airline(airline_code, airline_name, note)
Table: airport(airport_code, airport_name, airport_location, state_code, country_name, time_zone_code, minimum_connect_time)
Table: airport_service(city_code, airport_code, miles_distant, direction, minutes_distant)
Table: city(city_code, city_name, state_code, country_name, time_zone_code)
Table: class_of_service(booking_class, rank, class_description)
Table: code_description(code, description)
Table: compartment_class(compartment, class_type)
Table: date_day(month_number, day_number, year, day_name)
Table: days(days_code, day_name)
Table: dual_carrier(main_airline, low_flight_number, high_flight_number, dual_airline, service_name)
Table: equipment_sequence(aircraft_code_sequence, aircraft_code)
Table: fare(fare_id, from_airport, to_airport, fare_basis_code, fare_airline, restriction_code, one_direction_cost, round_trip_cost, round_trip_required)
Table: fare_basis(fare_basis_code, booking_class, class_type, premium, economy, discounted, night, season, basis_days)
Table: flight(flight_id, flight_days, from_airport, to_airport, departure_time, arrival_time, airline_flight, airline_code, flight_number, aircraft_code_sequence, meal_code, stops, connections, dual_carrier, time_elapsed)
Table: flight_fare(flight_id, fare_id)
Table: flight_leg(flight_id, leg_number, leg_flight)
Table: flight_stop(flight_id, stop_number, stop_days, stop_airport, arrival_time, arrival_airline, arrival_flight_number, departure_time, departure_airline, departure_flight_number, stop_time)
Table: food_service(meal_code, meal_number, compartment, meal_description)
Table: ground_service(city_code, airport_code, transport_type, ground_fare)
Table: month(month_number, month_name)
Table: restriction(restriction_code, advance_purchase, stopovers, saturday_stay_required, minimum_stay, maximum_stay, application, no_discounts)
Table: state(state_code, state_name, country_name)
Table: time_interval(period, begin_time, end_time)
Table: time_zone(time_zone_code, time_zone_name, hours_from_gmt)

Example:
Question: which airports serve boston
SQL: SELECT DISTINCT airport_code FROM airport_service JOIN city ON airport_service.city_code = city.city_code WHERE city.city_name = 'BOSTON';"
atis,hard,requesting flight information from BOSTON to DENVER on wednesday,"SELECT DISTINCT FLIGHTalias0.FLIGHT_ID FROM AIRPORT_SERVICE AS AIRPORT_SERVICEalias0 , AIRPORT_SERVICE AS AIRPORT_SERVICEalias1 , CITY AS CITYalias0 , CITY AS CITYalias1 , DATE_DAY AS DATE_DAYalias0 , DAYS AS DAYSalias0 , FLIGHT AS FLIGHTalias0 WHERE ( CITYalias1.CITY_CODE = AIRPORT_SERVICEalias1.CITY_CODE AND CITYalias1.CITY_NAME = ""DENVER"" AND DATE_DAYalias0.DAY_NUMBER = 23 AND DATE_DAYalias0.MONTH_NUMBER = 4 AND DATE_DAYalias0.YEAR = 1991 AND DAYSalias0.DAY_NAME = DATE_DAYalias0.DAY_NAME AND FLIGHTalias0.FLIGHT_DAYS = DAYSalias0.DAYS_CODE AND FLIGHTalias0.TO_AIRPORT = AIRPORT_SERVICEalias1.AIRPORT_CODE ) AND CITYalias0.CITY_CODE = AIRPORT_SERVICEalias0.CITY_CODE AND CITYalias0.CITY_NAME = ""BOSTON"" AND FLIGHTalias0.FROM_AIRPORT = AIRPORT_SERVICEalias0.AIRPORT_CODE ;","Table: aircraft(aircraft_code, aircraft_description, manufacturer, basic_type, engines, propulsion, wide_body, wing_span, length, weight, capacity, pay_load, cruising_speed, range_miles, pressurized)
Table: airline(airline_code, airline_name, note)
Table: airport(airport_code, airport_name, airport_location, state_code, country_name, time_zone_code, minimum_connect_time)
Table: airport_service(city_code, airport_code, miles_distant, direction, minutes_distant)
Table: city(city_code, city_name, state_code, country_name, time_zone_code)
Table: class_of_service(booking_class, rank, class_description)
Table: code_description(code, description)
Table: compartment_class(compartment, class_type)
Table: date_day(month_number, day_number, year, day_name)
Table: days(days_code, day_name)
Table: dual_carrier(main_airline, low_flight_number, high_flight_number, dual_airline, service_name)
Table: equipment_sequence(aircraft_code_sequence, aircraft_code)
Table: fare(fare_id, from_airport, to_airport, fare_basis_code, fare_airline, restriction_code, one_direction_cost, round_trip_cost, round_trip_required)
Table: fare_basis(fare_basis_code, booking_class, class_type, premium, economy, discounted, night, season, basis_days)
Table: flight(flight_id, flight_days, from_airport, to_airport, departure_time, arrival_time, airline_flight, airline_code, flight_number, aircraft_code_sequence, meal_code, stops, connections, dual_carrier, time_elapsed)
Table: flight_fare(flight_id, fare_id)
Table: flight_leg(flight_id, leg_number, leg_flight)
Table: flight_stop(flight_id, stop_number, stop_days, stop_airport, arrival_time, arrival_airline, arrival_flight_number, departure_time, departure_airline, departure_flight_number, stop_time)
Table: food_service(meal_code, meal_number, compartment, meal_description)
Table: ground_service(city_code, airport_code, transport_type, ground_fare)
Table: month(month_number, month_name)
Table: restriction(restriction_code, advance_purchase, stopovers, saturday_stay_required, minimum_stay, maximum_stay, application, no_discounts)
Table: state(state_code, state_name, country_name)
Table: time_interval(period, begin_time, end_time)
Table: time_zone(time_zone_code, time_zone_name, hours_from_gmt)

Example:
Question: which airports serve boston
SQL: SELECT DISTINCT airport_code FROM airport_service JOIN city ON airport_service.city_code = city.city_code WHERE city.city_name = 'BOSTON';"
atis,hard,please show me the flights from BOSTON to SAN FRANCISCO,"SELECT DISTINCT FLIGHTalias0.FLIGHT_ID FROM AIRPORT_SERVICE AS AIRPORT_SERVICEalias0 , AIRPORT_SERVICE AS AIRPORT_SERVICEalias1 , CITY AS CITYalias0 , CITY AS CITYalias1 , FLIGHT AS FLIGHTalias0 WHERE CITYalias0.CITY_CODE = AIRPORT_SERVICEalias0.CITY_CODE AND CITYalias0.CITY_NAME = ""BOSTON"" AND CITYalias1.CITY_CODE = AIRPORT_SERVICEalias1.CITY_CODE AND CITYalias1.CITY_NAME = ""SAN FRANCISCO"" AND FLIGHTalias0.FROM_AIRPORT = AIRPORT_SERVICEalias0.AIRPORT_CODE AND FLIGHTalias0.TO_AIRPORT = AIRPORT_SERVICEalias1.AIRPORT_CODE ;","Table: aircraft(aircraft_code, aircraft_description, manufacturer, basic_type, engines, propulsion, wide_body, wing_span, length, weight, capacity, pay_load, cruising_speed, range_miles, pressurized)
Table: airline(airline_code, airline_name, note)
Table: airport(airport_code, airport_name, airport_location, state_code, country_name, time_zone_code, minimum_connect_time)
Table: airport_service(city_code, airport_code, miles_distant, direction, minutes_distant)
Table: city(city_code, city_name, state_code, country_name, time_zone_code)
Table: class_of_service(booking_class, rank, class_description)
Table: code_description(code, description)
Table: compartment_class(compartment, class_type)
Table: date_day(month_number, day_number, year, day_name)
Table: days(days_code, day_name)
Table: dual_carrier(main_airline, low_flight_number, high_flight_number, dual_airline, service_name)
Table: equipment_sequence(aircraft_code_sequence, aircraft_code)
Table: fare(fare_id, from_airport, to_airport, fare_basis_code, fare_airline, restriction_code, one_direction_cost, round_trip_cost, round_trip_required)
Table: fare_basis(fare_basis_code, booking_class, class_type, premium, economy, discounted, night, season, basis_days)
Table: flight(flight_id, flight_days, from_airport, to_airport, departure_time, arrival_time, airline_flight, airline_code, flight_number, aircraft_code_sequence, meal_code, stops, connections, dual_carrier, time_elapsed)
Table: flight_fare(flight_id, fare_id)
Table: flight_leg(flight_id, leg_number, leg_flight)
Table: flight_stop(flight_id, stop_number, stop_days, stop_airport, arrival_time, arrival_airline, arrival_flight_number, departure_time, departure_airline, departure_flight_number, stop_time)
Table: food_service(meal_code, meal_number, compartment, meal_description)
Table: ground_service(city_code, airport_code, transport_type, ground_fare)
Table: month(month_number, month_name)
Table: restriction(restriction_code, advance_purchase, stopovers, saturday_stay_required, minimum_stay, maximum_stay, application, no_discounts)
Table: state(state_code, state_name, country_name)
Table: time_interval(period, begin_time, end_time)
Table: time_zone(time_zone_code, time_zone_name, hours_from_gmt)

Example:
Question: which airports serve boston
SQL: SELECT DISTINCT airport_code FROM airport_service JOIN city ON airport_service.city_code = city.city_code WHERE city.city_name = 'BOSTON';"
atis,hard,do you have any airlines that would stop at DENVER on the way from BALTIMORE to SAN FRANCISCO,"SELECT DISTINCT AIRLINEalias0.AIRLINE_CODE FROM AIRLINE AS AIRLINEalias0 , AIRPORT_SERVICE AS AIRPORT_SERVICEalias0 , AIRPORT_SERVICE AS AIRPORT_SERVICEalias1 , AIRPORT_SERVICE AS AIRPORT_SERVICEalias2 , CITY AS CITYalias0 , CITY AS CITYalias1 , CITY AS CITYalias2 , FLIGHT AS FLIGHTalias0 , FLIGHT_STOP AS FLIGHT_STOPalias0 WHERE ( CITYalias1.CITY_CODE = AIRPORT_SERVICEalias1.CITY_CODE AND CITYalias1.CITY_NAME = ""SAN FRANCISCO"" AND CITYalias2.CITY_CODE = AIRPORT_SERVICEalias2.CITY_CODE AND CITYalias2.CITY_NAME = ""DENVER"" AND FLIGHT_STOPalias0.STOP_AIRPORT = AIRPORT_SERVICEalias2.AIRPORT_CODE AND FLIGHTalias0.FLIGHT_ID = FLIGHT_STOPalias0.FLIGHT_ID AND FLIGHTalias0.TO_AIRPORT = AIRPORT_SERVICEalias1.AIRPORT_CODE ) AND CITYalias0.CITY_CODE = AIRPORT_SERVICEalias0.CITY_CODE AND CITYalias0.CITY_NAME = ""BALTIMORE"" AND FLIGHTalias0.AIRLINE_CODE = AIRLINEalias0.AIRLINE_CODE AND FLIGHTalias0.FROM_AIRPORT = AIRPORT_SERVICEalias0.AIRPORT_CODE ;","Table: aircraft(aircraft_code, aircraft_description, manufacturer, basic_type, engines, propulsion, wide_body, wing_span, length, weight, capacity, pay_load, cruising_speed, range_miles, pressurized)
Table: airline(airline_code, airline_name, note)
Table: airport(airport_code, airport_name, airport_location, state_code, country_name, time_zone_code, minimum_connect_time)
Table: airport_service(city_code, airport_code, miles_distant, direction, minutes_distant)
Table: city(city_code, city_name, state_code, country_name, time_zone_code)
Table: class_of_service(booking_class, rank, class_description)
Table: code_description(code, description)
Table: compartment_class(compartment, class_type)
Table: date_day(month_number, day_number, year, day_name)
Table: days(days_code, day_name)
Table: dual_carrier(main_airline, low_flight_number, high_flight_number, dual_airline, service_name)
Table: equipment_sequence(aircraft_code_sequence, aircraft_code)
Table: fare(fare_id, from_airport, to_airport, fare_basis_code, fare_airline, restriction_code, one_direction_cost, round_trip_cost, round_trip_required)
Table: fare_basis(fare_basis_code, booking_class, class_type, premium, economy, discounted, night, season, basis_days)
Table: flight(flight_id, flight_days, from_airport, to_airport, departure_time, arrival_time, airline_flight, airline_code, flight_number, aircraft_code_sequence, meal_code, stops, connections, dual_carrier, time_elapsed)
Table: flight_fare(flight_id, fare_id)
Table: flight_leg(flight_id, leg_number, leg_flight)
Table: flight_stop(flight_id, stop_number, stop_days, stop_airport, arrival_time, arrival_airline, arrival_flight_number, departure_time, departure_airline, departure_flight_number, stop_time)
Table: food_service(meal_code, meal_number, compartment, meal_description)
Table: ground_service(city_code, airport_code, transport_type, ground_fare)
Table: month(month_number, month_name)
Table: restriction(restriction_code, advance_purchase, stopovers, saturday_stay_required, minimum_stay, maximum_stay, application, no_discounts)
Table: state(state_code, state_name, country_name)
Table: time_interval(period, begin_time, end_time)
Table: time_zone(time_zone_code, time_zone_name, hours_from_gmt)

Example:
Question: which airports serve boston
SQL: SELECT DISTINCT airport_code FROM airport_service JOIN city ON airport_service.city_code = city.city_code WHERE city.city_name = 'BOSTON';"
atis,hard,find travel arrangements for a round trip flight from DALLAS to PITTSBURGH arriving after 2000,"SELECT DISTINCT FLIGHTalias0.FLIGHT_ID FROM AIRPORT_SERVICE AS AIRPORT_SERVICEalias0 , AIRPORT_SERVICE AS AIRPORT_SERVICEalias1 , CITY AS CITYalias0 , CITY AS CITYalias1 , FARE AS FAREalias0 , FLIGHT AS FLIGHTalias0 , FLIGHT_FARE AS FLIGHT_FAREalias0 WHERE ( ( FAREalias0.ROUND_TRIP_COST IS NOT NULL AND FLIGHT_FAREalias0.FARE_ID = FAREalias0.FARE_ID AND FLIGHTalias0.ARRIVAL_TIME > 2000 AND FLIGHTalias0.FLIGHT_ID = FLIGHT_FAREalias0.FLIGHT_ID ) AND CITYalias1.CITY_CODE = AIRPORT_SERVICEalias1.CITY_CODE AND CITYalias1.CITY_NAME = ""PITTSBURGH"" AND FLIGHTalias0.TO_AIRPORT = AIRPORT_SERVICEalias1.AIRPORT_CODE ) AND CITYalias0.CITY_CODE = AIRPORT_SERVICEalias0.CITY_CODE AND CITYalias0.CITY_NAME = ""DALLAS"" AND FLIGHTalias0.FROM_AIRPORT = AIRPORT_SERVICEalias0.AIRPORT_CODE ;","Table: aircraft(aircraft_code, aircraft_description, manufacturer, basic_type, engines, propulsion, wide_body, wing_span, length, weight, capacity, pay_load, cruising_speed, range_miles, pressurized)
Table: airline(airline_code, airline_name, note)
Table: airport(airport_code, airport_name, airport_location, state_code, country_name, time_zone_code, minimum_connect_time)
Table: airport_service(city_code, airport_code, miles_distant, direction, minutes_distant)
Table: city(city_code, city_name, state_code, country_name, time_zone_code)
Table: class_of_service(booking_class, rank, class_description)
Table: code_description(code, description)
Table: compartment_class(compartment, class_type)
Table: date_day(month_number, day_number, year, day_name)
Table: days(days_code, day_name)
Table: dual_carrier(main_airline, low_flight_number, high_flight_number, dual_airline, service_name)
Table: equipment_sequence(aircraft_code_sequence, aircraft_code)
Table: fare(fare_id, from_airport, to_airport, fare_basis_code, fare_airline, restriction_code, one_direction_cost, round_trip_cost, round_trip_required)
Table: fare_basis(fare_basis_code, booking_class, class_type, premium, economy, discounted, night, season, basis_days)
Table: flight(flight_id, flight_days, from_airport, to_airport, departure_time, arrival_time, airline_flight, airline_code, flight_number, aircraft_code_sequence, meal_code, stops, connections, dual_carrier, time_elapsed)
Table: flight_fare(flight_id, fare_id)
Table: flight_leg(flight_id, leg_number, leg_flight)
Table: flight_stop(flight_id, stop_number, stop_days, stop_airport, arrival_time, arrival_airline, arrival_flight_number, departure_time, departure_airline, departure_flight_number, stop_time)
Table: food_service(meal_code, meal_number, compartment, meal_description)
Table: ground_service(city_code, airport_code, transport_type, ground_fare)
Table: month(month_number, month_name)
Table: restriction(restriction_code, advance_purchase, stopovers, saturday_stay_required, minimum_stay, maximum_stay, application, no_discounts)
Table: state(state_code, state_name, country_name)
Table: time_interval(period, begin_time, end_time)
Table: time_zone(time_zone_code, time_zone_name, hours_from_gmt)

Example:
Question: which airports serve boston
SQL: SELECT DISTINCT airport_code FROM airport_service JOIN city ON airport_service.city_code = city.city_code WHERE city.city_name = 'BOSTON';"
atis,hard,what flights are there from DENVER to ATLANTA,"SELECT DISTINCT FLIGHTalias0.FLIGHT_ID FROM AIRPORT_SERVICE AS AIRPORT_SERVICEalias0 , AIRPORT_SERVICE AS AIRPORT_SERVICEalias1 , CITY AS CITYalias0 , CITY AS CITYalias1 , FLIGHT AS FLIGHTalias0 WHERE CITYalias0.CITY_CODE = AIRPORT_SERVICEalias0.CITY_CODE AND CITYalias0.CITY_NAME = ""DENVER"" AND CITYalias1.CITY_CODE = AIRPORT_SERVICEalias1.CITY_CODE AND CITYalias1.CITY_NAME = ""ATLANTA"" AND FLIGHTalias0.FROM_AIRPORT = AIRPORT_SERVICEalias0.AIRPORT_CODE AND FLIGHTalias0.TO_AIRPORT = AIRPORT_SERVICEalias1.AIRPORT_CODE ;","Table: aircraft(aircraft_code, aircraft_description, manufacturer, basic_type, engines, propulsion, wide_body, wing_span, length, weight, capacity, pay_load, cruising_speed, range_miles, pressurized)
Table: airline(airline_code, airline_name, note)
Table: airport(airport_code, airport_name, airport_location, state_code, country_name, time_zone_code, minimum_connect_time)
Table: airport_service(city_code, airport_code, miles_distant, direction, minutes_distant)
Table: city(city_code, city_name, state_code, country_name, time_zone_code)
Table: class_of_service(booking_class, rank, class_description)
Table: code_description(code, description)
Table: compartment_class(compartment, class_type)
Table: date_day(month_number, day_number, year, day_name)
Table: days(days_code, day_name)
Table: dual_carrier(main_airline, low_flight_number, high_flight_number, dual_airline, service_name)
Table: equipment_sequence(aircraft_code_sequence, aircraft_code)
Table: fare(fare_id, from_airport, to_airport, fare_basis_code, fare_airline, restriction_code, one_direction_cost, round_trip_cost, round_trip_required)
Table: fare_basis(fare_basis_code, booking_class, class_type, premium, economy, discounted, night, season, basis_days)
Table: flight(flight_id, flight_days, from_airport, to_airport, departure_time, arrival_time, airline_flight, airline_code, flight_number, aircraft_code_sequence, meal_code, stops, connections, dual_carrier, time_elapsed)
Table: flight_fare(flight_id, fare_id)
Table: flight_leg(flight_id, leg_number, leg_flight)
Table: flight_stop(flight_id, stop_number, stop_days, stop_airport, arrival_time, arrival_airline, arrival_flight_number, departure_time, departure_airline, departure_flight_number, stop_time)
Table: food_service(meal_code, meal_number, compartment, meal_description)
Table: ground_service(city_code, airport_code, transport_type, ground_fare)
Table: month(month_number, month_name)
Table: restriction(restriction_code, advance_purchase, stopovers, saturday_stay_required, minimum_stay, maximum_stay, application, no_discounts)
Table: state(state_code, state_name, country_name)
Table: time_interval(period, begin_time, end_time)
Table: time_zone(time_zone_code, time_zone_name, hours_from_gmt)

Example:
Question: which airports serve boston
SQL: SELECT DISTINCT airport_code FROM airport_service JOIN city ON airport_service.city_code = city.city_code WHERE city.city_name = 'BOSTON';"
atis,hard,list flights between OAKLAND and SAN FRANCISCO,"SELECT DISTINCT FLIGHTalias0.FLIGHT_ID FROM AIRPORT_SERVICE AS AIRPORT_SERVICEalias0 , AIRPORT_SERVICE AS AIRPORT_SERVICEalias1 , CITY AS CITYalias0 , CITY AS CITYalias1 , FLIGHT AS FLIGHTalias0 WHERE CITYalias0.CITY_CODE = AIRPORT_SERVICEalias0.CITY_CODE AND CITYalias0.CITY_NAME = ""OAKLAND"" AND CITYalias1.CITY_CODE = AIRPORT_SERVICEalias1.CITY_CODE AND CITYalias1.CITY_NAME = ""SAN FRANCISCO"" AND FLIGHTalias0.FROM_AIRPORT = AIRPORT_SERVICEalias0.AIRPORT_CODE AND FLIGHTalias0.TO_AIRPORT = AIRPORT_SERVICEalias1.AIRPORT_CODE ;","Table: aircraft(aircraft_code, aircraft_description, manufacturer, basic_type, engines, propulsion, wide_body, wing_span, length, weight, capacity, pay_load, cruising_speed, range_miles, pressurized)
Table: airline(airline_code, airline_name, note)
Table: airport(airport_code, airport_name, airport_location, state_code, country_name, time_zone_code, minimum_connect_time)
Table: airport_service(city_code, airport_code, miles_distant, direction, minutes_distant)
Table: city(city_code, city_name, state_code, country_name, time_zone_code)
Table: class_of_service(booking_class, rank, class_description)
Table: code_description(code, description)
Table: compartment_class(compartment, class_type)
Table: date_day(month_number, day_number, year, day_name)
Table: days(days_code, day_name)
Table: dual_carrier(main_airline, low_flight_number, high_flight_number, dual_airline, service_name)
Table: equipment_sequence(aircraft_code_sequence, aircraft_code)
Table: fare(fare_id, from_airport, to_airport, fare_basis_code, fare_airline, restriction_code, one_direction_cost, round_trip_cost, round_trip_required)
Table: fare_basis(fare_basis_code, booking_class, class_type, premium, economy, discounted, night, season, basis_days)
Table: flight(flight_id, flight_days, from_airport, to_airport, departure_time, arrival_time, airline_flight, airline_code, flight_number, aircraft_code_sequence, meal_code, stops, connections, dual_carrier, time_elapsed)
Table: flight_fare(flight_id, fare_id)
Table: flight_leg(flight_id, leg_number, leg_flight)
Table: flight_stop(flight_id, stop_number, stop_days, stop_airport, arrival_time, arrival_airline, arrival_flight_number, departure_time, departure_airline, departure_flight_number, stop_time)
Table: food_service(meal_code, meal_number, compartment, meal_description)
Table: ground_service(city_code, airport_code, transport_type, ground_fare)
Table: month(month_number, month_name)
Table: restriction(restriction_code, advance_purchase, stopovers, saturday_stay_required, minimum_stay, maximum_stay, application, no_discounts)
Table: state(state_code, state_name, country_name)
Table: time_interval(period, begin_time, end_time)
Table: time_zone(time_zone_code, time_zone_name, hours_from_gmt)

Example:
Question: which airports serve boston
SQL: SELECT DISTINCT airport_code FROM airport_service JOIN city ON airport_service.city_code = city.city_code WHERE city.city_name = 'BOSTON';"
atis,hard,give me morning flights from ATLANTA to BALTIMORE,"SELECT DISTINCT FLIGHTalias0.FLIGHT_ID FROM AIRPORT_SERVICE AS AIRPORT_SERVICEalias0 , AIRPORT_SERVICE AS AIRPORT_SERVICEalias1 , CITY AS CITYalias0 , CITY AS CITYalias1 , FLIGHT AS FLIGHTalias0 WHERE ( CITYalias0.CITY_CODE = AIRPORT_SERVICEalias0.CITY_CODE AND CITYalias0.CITY_NAME = ""ATLANTA"" AND CITYalias1.CITY_CODE = AIRPORT_SERVICEalias1.CITY_CODE AND CITYalias1.CITY_NAME = ""BALTIMORE"" AND FLIGHTalias0.FROM_AIRPORT = AIRPORT_SERVICEalias0.AIRPORT_CODE AND FLIGHTalias0.TO_AIRPORT = AIRPORT_SERVICEalias1.AIRPORT_CODE ) AND FLIGHTalias0.DEPARTURE_TIME BETWEEN 0 AND 1200 ;","Table: aircraft(aircraft_code, aircraft_description, manufacturer, basic_type, engines, propulsion, wide_body, wing_span, length, weight, capacity, pay_load, cruising_speed, range_miles, pressurized)
Table: airline(airline_code, airline_name, note)
Table: airport(airport_code, airport_name, airport_location, state_code, country_name, time_zone_code, minimum_connect_time)
Table: airport_service(city_code, airport_code, miles_distant, direction, minutes_distant)
Table: city(city_code, city_name, state_code, country_name, time_zone_code)
Table: class_of_service(booking_class, rank, class_description)
Table: code_description(code, description)
Table: compartment_class(compartment, class_type)
Table: date_day(month_number, day_number, year, day_name)
Table: days(days_code, day_name)
Table: dual_carrier(main_airline, low_flight_number, high_flight_number, dual_airline, service_name)
Table: equipment_sequence(aircraft_code_sequence, aircraft_code)
Table: fare(fare_id, from_airport, to_airport, fare_basis_code, fare_airline, restriction_code, one_direction_cost, round_trip_cost, round_trip_required)
Table: fare_basis(fare_basis_code, booking_class, class_type, premium, economy, discounted, night, season, basis_days)
Table: flight(flight_id, flight_days, from_airport, to_airport, departure_time, arrival_time, airline_flight, airline_code, flight_number, aircraft_code_sequence, meal_code, stops, connections, dual_carrier, time_elapsed)
Table: flight_fare(flight_id, fare_id)
Table: flight_leg(flight_id, leg_number, leg_flight)
Table: flight_stop(flight_id, stop_number, stop_days, stop_airport, arrival_time, arrival_airline, arrival_flight_number, departure_time, departure_airline, departure_flight_number, stop_time)
Table: food_service(meal_code, meal_number, compartment, meal_description)
Table: ground_service(city_code, airport_code, transport_type, ground_fare)
Table: month(month_number, month_name)
Table: restriction(restriction_code, advance_purchase, stopovers, saturday_stay_required, minimum_stay, maximum_stay, application, no_discounts)
Table: state(state_code, state_name, country_name)
Table: time_interval(period, begin_time, end_time)
Table: time_zone(time_zone_code, time_zone_name, hours_from_gmt)

Example:
Question: which airports serve boston
SQL: SELECT DISTINCT airport_code FROM airport_service JOIN city ON airport_service.city_code = city.city_code WHERE city.city_name = 'BOSTON';"
atis,hard,what are the flights available after 1500 between DENVER and SAN FRANCISCO,"SELECT DISTINCT FLIGHTalias0.FLIGHT_ID FROM AIRPORT_SERVICE AS AIRPORT_SERVICEalias0 , AIRPORT_SERVICE AS AIRPORT_SERVICEalias1 , CITY AS CITYalias0 , CITY AS CITYalias1 , FLIGHT AS FLIGHTalias0 WHERE ( CITYalias1.CITY_CODE = AIRPORT_SERVICEalias1.CITY_CODE AND CITYalias1.CITY_NAME = ""SAN FRANCISCO"" AND FLIGHTalias0.DEPARTURE_TIME > 1500 AND FLIGHTalias0.TO_AIRPORT = AIRPORT_SERVICEalias1.AIRPORT_CODE ) AND CITYalias0.CITY_CODE = AIRPORT_SERVICEalias0.CITY_CODE AND CITYalias0.CITY_NAME = ""DENVER"" AND FLIGHTalias0.FROM_AIRPORT = AIRPORT_SERVICEalias0.AIRPORT_CODE ;","Table: aircraft(aircraft_code, aircraft_description, manufacturer, basic_type, engines, propulsion, wide_body, wing_span, length, weight, capacity, pay_load, cruising_speed, range_miles, pressurized)
Table: airline(airline_code, airline_name, note)
Table: airport(airport_code, airport_name, airport_location, state_code, country_name, time_zone_code, minimum_connect_time)
Table: airport_service(city_code, airport_code, miles_distant, direction, minutes_distant)
Table: city(city_code, city_name, state_code, country_name, time_zone_code)
Table: class_of_service(booking_class, rank, class_description)
Table: code_description(code, description)
Table: compartment_class(compartment, class_type)
Table: date_day(month_number, day_number, year, day_name)
Table: days(days_code, day_name)
Table: dual_carrier(main_airline, low_flight_number, high_flight_number, dual_airline, service_name)
Table: equipment_sequence(aircraft_code_sequence, aircraft_code)
Table: fare(fare_id, from_airport, to_airport, fare_basis_code, fare_airline, restriction_code, one_direction_cost, round_trip_cost, round_trip_required)
Table: fare_basis(fare_basis_code, booking_class, class_type, premium, economy, discounted, night, season, basis_days)
Table: flight(flight_id, flight_days, from_airport, to_airport, departure_time, arrival_time, airline_flight, airline_code, flight_number, aircraft_code_sequence, meal_code, stops, connections, dual_carrier, time_elapsed)
Table: flight_fare(flight_id, fare_id)
Table: flight_leg(flight_id, leg_number, leg_flight)
Table: flight_stop(flight_id, stop_number, stop_days, stop_airport, arrival_time, arrival_airline, arrival_flight_number, departure_time, departure_airline, departure_flight_number, stop_time)
Table: food_service(meal_code, meal_number, compartment, meal_description)
Table: ground_service(city_code, airport_code, transport_type, ground_fare)
Table: month(month_number, month_name)
Table: restriction(restriction_code, advance_purchase, stopovers, saturday_stay_required, minimum_stay, maximum_stay, application, no_discounts)
Table: state(state_code, state_name, country_name)
Table: time_interval(period, begin_time, end_time)
Table: time_zone(time_zone_code, time_zone_name, hours_from_gmt)

Example:
Question: which airports serve boston
SQL: SELECT DISTINCT airport_code FROM airport_service JOIN city ON airport_service.city_code = city.city_code WHERE city.city_name = 'BOSTON';"
atis,hard,i want to fly from ATLANTA to PHILADELPHIA nonstop,"SELECT DISTINCT FLIGHTalias0.FLIGHT_ID FROM AIRPORT_SERVICE AS AIRPORT_SERVICEalias0 , AIRPORT_SERVICE AS AIRPORT_SERVICEalias1 , CITY AS CITYalias0 , CITY AS CITYalias1 , FLIGHT AS FLIGHTalias0 WHERE ( CITYalias0.CITY_CODE = AIRPORT_SERVICEalias0.CITY_CODE AND CITYalias0.CITY_NAME = ""ATLANTA"" AND CITYalias1.CITY_CODE = AIRPORT_SERVICEalias1.CITY_CODE AND CITYalias1.CITY_NAME = ""PHILADELPHIA"" AND FLIGHTalias0.FROM_AIRPORT = AIRPORT_SERVICEalias0.AIRPORT_CODE AND FLIGHTalias0.TO_AIRPORT = AIRPORT_SERVICEalias1.AIRPORT_CODE ) AND FLIGHTalias0.STOPS = 0 ;","Table: aircraft(aircraft_code, aircraft_description, manufacturer, basic_type, engines, propulsion, wide_body, wing_span, length, weight, capacity, pay_load, cruising_speed, range_miles, pressurized)
Table: airline(airline_code, airline_name, note)
Table: airport(airport_code, airport_name, airport_location, state_code, country_name, time_zone_code, minimum_connect_time)
Table: airport_service(city_code, airport_code, miles_distant, direction, minutes_distant)
Table: city(city_code, city_name, state_code, country_name, time_zone_code)
Table: class_of_service(booking_class, rank, class_description)
Table: code_description(code, description)
Table: compartment_class(compartment, class_type)
Table: date_day(month_number, day_number, year, day_name)
Table: days(days_code, day_name)
Table: dual_carrier(main_airline, low_flight_number, high_flight_number, dual_airline, service_name)
Table: equipment_sequence(aircraft_code_sequence, aircraft_code)
Table: fare(fare_id, from_airport, to_airport, fare_basis_code, fare_airline, restriction_code, one_direction_cost, round_trip_cost, round_trip_required)
Table: fare_basis(fare_basis_code, booking_class, class_type, premium, economy, discounted, night, season, basis_days)
Table: flight(flight_id, flight_days, from_airport, to_airport, departure_time, arrival_time, airline_flight, airline_code, flight_number, aircraft_code_sequence, meal_code, stops, connections, dual_carrier, time_elapsed)
Table: flight_fare(flight_id, fare_id)
Table: flight_leg(flight_id, leg_number, leg_flight)
Table: flight_stop(flight_id, stop_number, stop_days, stop_airport, arrival_time, arrival_airline, arrival_flight_number, departure_time, departure_airline, departure_flight_number, stop_time)
Table: food_service(meal_code, meal_number, compartment, meal_description)
Table: ground_service(city_code, airport_code, transport_type, ground_fare)
Table: month(month_number, month_name)
Table: restriction(restriction_code, advance_purchase, stopovers, saturday_stay_required, minimum_stay, maximum_stay, application, no_discounts)
Table: state(state_code, state_name, country_name)
Table: time_interval(period, begin_time, end_time)
Table: time_zone(time_zone_code, time_zone_name, hours_from_gmt)

Example:
Question: which airports serve boston
SQL: SELECT DISTINCT airport_code FROM airport_service JOIN city ON airport_service.city_code = city.city_code WHERE city.city_name = 'BOSTON';"
atis,hard,show me flights from NEW YORK to MIAMI,"SELECT DISTINCT FLIGHTalias0.FLIGHT_ID FROM AIRPORT_SERVICE AS AIRPORT_SERVICEalias0 , AIRPORT_SERVICE AS AIRPORT_SERVICEalias1 , CITY AS CITYalias0 , CITY AS CITYalias1 , FLIGHT AS FLIGHTalias0 WHERE CITYalias0.CITY_CODE = AIRPORT_SERVICEalias0.CITY_CODE AND CITYalias0.CITY_NAME = ""NEW YORK"" AND CITYalias1.CITY_CODE = AIRPORT_SERVICEalias1.CITY_CODE AND CITYalias1.CITY_NAME = ""MIAMI"" AND FLIGHTalias0.FROM_AIRPORT = AIRPORT_SERVICEalias0.AIRPORT_CODE AND FLIGHTalias0.TO_AIRPORT = AIRPORT_SERVICEalias1.AIRPORT_CODE ;","Table: aircraft(aircraft_code, aircraft_description, manufacturer, basic_type, engines, propulsion, wide_body, wing_span, length, weight, capacity, pay_load, cruising_speed, range_miles, pressurized)
Table: airline(airline_code, airline_name, note)
Table: airport(airport_code, airport_name, airport_location, state_code, country_name, time_zone_code, minimum_connect_time)
Table: airport_service(city_code, airport_code, miles_distant, direction, minutes_distant)
Table: city(city_code, city_name, state_code, country_name, time_zone_code)
Table: class_of_service(booking_class, rank, class_description)
Table: code_description(code, description)
Table: compartment_class(compartment, class_type)
Table: date_day(month_number, day_number, year, day_name)
Table: days(days_code, day_name)
Table: dual_carrier(main_airline, low_flight_number, high_flight_number, dual_airline, service_name)
Table: equipment_sequence(aircraft_code_sequence, aircraft_code)
Table: fare(fare_id, from_airport, to_airport, fare_basis_code, fare_airline, restriction_code, one_direction_cost, round_trip_cost, round_trip_required)
Table: fare_basis(fare_basis_code, booking_class, class_type, premium, economy, discounted, night, season, basis_days)
Table: flight(flight_id, flight_days, from_airport, to_airport, departure_time, arrival_time, airline_flight, airline_code, flight_number, aircraft_code_sequence, meal_code, stops, connections, dual_carrier, time_elapsed)
Table: flight_fare(flight_id, fare_id)
Table: flight_leg(flight_id, leg_number, leg_flight)
Table: flight_stop(flight_id, stop_number, stop_days, stop_airport, arrival_time, arrival_airline, arrival_flight_number, departure_time, departure_airline, departure_flight_number, stop_time)
Table: food_service(meal_code, meal_number, compartment, meal_description)
Table: ground_service(city_code, airport_code, transport_type, ground_fare)
Table: month(month_number, month_name)
Table: restriction(restriction_code, advance_purchase, stopovers, saturday_stay_required, minimum_stay, maximum_stay, application, no_discounts)
Table: state(state_code, state_name, country_name)
Table: time_interval(period, begin_time, end_time)
Table: time_zone(time_zone_code, time_zone_name, hours_from_gmt)

Example:
Question: which airports serve boston
SQL: SELECT DISTINCT airport_code FROM airport_service JOIN city ON airport_service.city_code = city.city_code WHERE city.city_name = 'BOSTON';"
atis,hard,i want to see the cheapest flights from DENVER to ATLANTA,"SELECT DISTINCT FLIGHTalias0.FLIGHT_ID FROM AIRPORT_SERVICE AS AIRPORT_SERVICEalias0 , AIRPORT_SERVICE AS AIRPORT_SERVICEalias1 , CITY AS CITYalias0 , CITY AS CITYalias1 , FARE AS FAREalias0 , FLIGHT AS FLIGHTalias0 , FLIGHT_FARE AS FLIGHT_FAREalias0 WHERE ( CITYalias0.CITY_CODE = AIRPORT_SERVICEalias0.CITY_CODE AND CITYalias0.CITY_NAME = ""DENVER"" AND CITYalias1.CITY_CODE = AIRPORT_SERVICEalias1.CITY_CODE AND CITYalias1.CITY_NAME = ""ATLANTA"" AND FLIGHTalias0.FROM_AIRPORT = AIRPORT_SERVICEalias0.AIRPORT_CODE AND FLIGHTalias0.TO_AIRPORT = AIRPORT_SERVICEalias1.AIRPORT_CODE ) AND FAREalias0.ONE_DIRECTION_COST = ( SELECT MIN( FAREalias1.ONE_DIRECTION_COST ) FROM AIRPORT_SERVICE AS AIRPORT_SERVICEalias2 , AIRPORT_SERVICE AS AIRPORT_SERVICEalias3 , CITY AS CITYalias2 , CITY AS CITYalias3 , FARE AS FAREalias1 , FLIGHT AS FLIGHTalias1 , FLIGHT_FARE AS FLIGHT_FAREalias1 WHERE CITYalias2.CITY_CODE = AIRPORT_SERVICEalias2.CITY_CODE AND CITYalias2.CITY_NAME = ""DENVER"" AND CITYalias3.CITY_CODE = AIRPORT_SERVICEalias3.CITY_CODE AND CITYalias3.CITY_NAME = ""ATLANTA"" AND FLIGHT_FAREalias1.FARE_ID = FAREalias1.FARE_ID AND FLIGHTalias1.FLIGHT_ID = FLIGHT_FAREalias1.FLIGHT_ID AND FLIGHTalias1.FROM_AIRPORT = AIRPORT_SERVICEalias2.AIRPORT_CODE AND FLIGHTalias1.TO_AIRPORT = AIRPORT_SERVICEalias3.AIRPORT_CODE ) AND FLIGHT_FAREalias0.FARE_ID = FAREalias0.FARE_ID AND FLIGHTalias0.FLIGHT_ID = FLIGHT_FAREalias0.FLIGHT_ID ;","Table: aircraft(aircraft_code, aircraft_description, manufacturer, basic_type, engines, propulsion, wide_body, wing_span, length, weight, capacity, pay_load, cruising_speed, range_miles, pressurized)
Table: airline(airline_code, airline_name, note)
Table: airport(airport_code, airport_name, airport_location, state_code, country_name, time_zone_code, minimum_connect_time)
Table: airport_service(city_code, airport_code, miles_distant, direction, minutes_distant)
Table: city(city_code, city_name, state_code, country_name, time_zone_code)
Table: class_of_service(booking_class, rank, class_description)
Table: code_description(code, description)
Table: compartment_class(compartment, class_type)
Table: date_day(month_number, day_number, year, day_name)
Table: days(days_code, day_name)
Table: dual_carrier(main_airline, low_flight_number, high_flight_number, dual_airline, service_name)
Table: equipment_sequence(aircraft_code_sequence, aircraft_code)
Table: fare(fare_id, from_airport, to_airport, fare_basis_code, fare_airline, restriction_code, one_direction_cost, round_trip_cost, round_trip_required)
Table: fare_basis(fare_basis_code, booking_class, class_type, premium, economy, discounted, night, season, basis_days)
Table: flight(flight_id, flight_days, from_airport, to_airport, departure_time, arrival_time, airline_flight, airline_code, flight_number, aircraft_code_sequence, meal_code, stops, connections, dual_carrier, time_elapsed)
Table: flight_fare(flight_id, fare_id)
Table: flight_leg(flight_id, leg_number, leg_flight)
Table: flight_stop(flight_id, stop_number, stop_days, stop_airport, arrival_time, arrival_airline, arrival_flight_number, departure_time, departure_airline, departure_flight_number, stop_time)
Table: food_service(meal_code, meal_number, compartment, meal_description)
Table: ground_service(city_code, airport_code, transport_type, ground_fare)
Table: month(month_number, month_name)
Table: restriction(restriction_code, advance_purchase, stopovers, saturday_stay_required, minimum_stay, maximum_stay, application, no_discounts)
Table: state(state_code, state_name, country_name)
Table: time_interval(period, begin_time, end_time)
Table: time_zone(time_zone_code, time_zone_name, hours_from_gmt)

Example:
Question: which airports serve boston
SQL: SELECT DISTINCT airport_code FROM airport_service JOIN city ON airport_service.city_code = city.city_code WHERE city.city_name = 'BOSTON';"
atis,hard,display all flights from DALLAS to BOSTON on 7 30,"SELECT DISTINCT FLIGHTalias0.FLIGHT_ID FROM AIRPORT_SERVICE AS AIRPORT_SERVICEalias0 , AIRPORT_SERVICE AS AIRPORT_SERVICEalias1 , CITY AS CITYalias0 , CITY AS CITYalias1 , DATE_DAY AS DATE_DAYalias0 , DAYS AS DAYSalias0 , FLIGHT AS FLIGHTalias0 WHERE ( CITYalias1.CITY_CODE = AIRPORT_SERVICEalias1.CITY_CODE AND CITYalias1.CITY_NAME = ""BOSTON"" AND DATE_DAYalias0.DAY_NUMBER = 30 AND DATE_DAYalias0.MONTH_NUMBER = 7 AND DATE_DAYalias0.YEAR = 1991 AND DAYSalias0.DAY_NAME = DATE_DAYalias0.DAY_NAME AND FLIGHTalias0.FLIGHT_DAYS = DAYSalias0.DAYS_CODE AND FLIGHTalias0.TO_AIRPORT = AIRPORT_SERVICEalias1.AIRPORT_CODE ) AND CITYalias0.CITY_CODE = AIRPORT_SERVICEalias0.CITY_CODE AND CITYalias0.CITY_NAME = ""DALLAS"" AND FLIGHTalias0.FROM_AIRPORT = AIRPORT_SERVICEalias0.AIRPORT_CODE ;","Table: aircraft(aircraft_code, aircraft_description, manufacturer, basic_type, engines, propulsion, wide_body, wing_span, length, weight, capacity, pay_load, cruising_speed, range_miles, pressurized)
Table: airline(airline_code, airline_name, note)
Table: airport(airport_code, airport_name, airport_location, state_code, country_name, time_zone_code, minimum_connect_time)
Table: airport_service(city_code, airport_code, miles_distant, direction, minutes_distant)
Table: city(city_code, city_name, state_code, country_name, time_zone_code)
Table: class_of_service(booking_class, rank, class_description)
Table: code_description(code, description)
Table: compartment_class(compartment, class_type)
Table: date_day(month_number, day_number, year, day_name)
Table: days(days_code, day_name)
Table: dual_carrier(main_airline, low_flight_number, high_flight_number, dual_airline, service_name)
Table: equipment_sequence(aircraft_code_sequence, aircraft_code)
Table: fare(fare_id, from_airport, to_airport, fare_basis_code, fare_airline, restriction_code, one_direction_cost, round_trip_cost, round_trip_required)
Table: fare_basis(fare_basis_code, booking_class, class_type, premium, economy, discounted, night, season, basis_days)
Table: flight(flight_id, flight_days, from_airport, to_airport, departure_time, arrival_time, airline_flight, airline_code, flight_number, aircraft_code_sequence, meal_code, stops, connections, dual_carrier, time_elapsed)
Table: flight_fare(flight_id, fare_id)
Table: flight_leg(flight_id, leg_number, leg_flight)
Table: flight_stop(flight_id, stop_number, stop_days, stop_airport, arrival_time, arrival_airline, arrival_flight_number, departure_time, departure_airline, departure_flight_number, stop_time)
Table: food_service(meal_code, meal_number, compartment, meal_description)
Table: ground_service(city_code, airport_code, transport_type, ground_fare)
Table: month(month_number, month_name)
Table: restriction(restriction_code, advance_purchase, stopovers, saturday_stay_required, minimum_stay, maximum_stay, application, no_discounts)
Table: state(state_code, state_name, country_name)
Table: time_interval(period, begin_time, end_time)
Table: time_zone(time_zone_code, time_zone_name, hours_from_gmt)

Example:
Question: which airports serve boston
SQL: SELECT DISTINCT airport_code FROM airport_service JOIN city ON airport_service.city_code = city.city_code WHERE city.city_name = 'BOSTON';"
atis,hard,i would like to fly on TW from BALTIMORE to SAN FRANCISCO,"SELECT DISTINCT FLIGHTalias0.FLIGHT_ID FROM AIRPORT_SERVICE AS AIRPORT_SERVICEalias0 , AIRPORT_SERVICE AS AIRPORT_SERVICEalias1 , CITY AS CITYalias0 , CITY AS CITYalias1 , FLIGHT AS FLIGHTalias0 WHERE ( CITYalias0.CITY_CODE = AIRPORT_SERVICEalias0.CITY_CODE AND CITYalias0.CITY_NAME = ""SAN FRANCISCO"" AND CITYalias1.CITY_CODE = AIRPORT_SERVICEalias1.CITY_CODE AND CITYalias1.CITY_NAME = ""BALTIMORE"" AND FLIGHTalias0.TO_AIRPORT = AIRPORT_SERVICEalias0.AIRPORT_CODE AND FLIGHTalias0.FROM_AIRPORT = AIRPORT_SERVICEalias1.AIRPORT_CODE ) AND FLIGHTalias0.AIRLINE_CODE = ""TW"" ;","Table: aircraft(aircraft_code, aircraft_description, manufacturer, basic_type, engines, propulsion, wide_body, wing_span, length, weight, capacity, pay_load, cruising_speed, range_miles, pressurized)
Table: airline(airline_code, airline_name, note)
Table: airport(airport_code, airport_name, airport_location, state_code, country_name, time_zone_code, minimum_connect_time)
Table: airport_service(city_code, airport_code, miles_distant, direction, minutes_distant)
Table: city(city_code, city_name, state_code, country_name, time_zone_code)
Table: class_of_service(booking_class, rank, class_description)
Table: code_description(code, description)
Table: compartment_class(compartment, class_type)
Table: date_day(month_number, day_number, year, day_name)
Table: days(days_code, day_name)
Table: dual_carrier(main_airline, low_flight_number, high_flight_number, dual_airline, service_name)
Table: equipment_sequence(aircraft_code_sequence, aircraft_code)
Table: fare(fare_id, from_airport, to_airport, fare_basis_code, fare_airline, restriction_code, one_direction_cost, round_trip_cost, round_trip_required)
Table: fare_basis(fare_basis_code, booking_class, class_type, premium, economy, discounted, night, season, basis_days)
Table: flight(flight_id, flight_days, from_airport, to_airport, departure_time, arrival_time, airline_flight, airline_code, flight_number, aircraft_code_sequence, meal_code, stops, connections, dual_carrier, time_elapsed)
Table: flight_fare(flight_id, fare_id)
Table: flight_leg(flight_id, leg_number, leg_flight)
Table: flight_stop(flight_id, stop_number, stop_days, stop_airport, arrival_time, arrival_airline, arrival_flight_number, departure_time, departure_airline, departure_flight_number, stop_time)
Table: food_service(meal_code, meal_number, compartment, meal_description)
Table: ground_service(city_code, airport_code, transport_type, ground_fare)
Table: month(month_number, month_name)
Table: restriction(restriction_code, advance_purchase, stopovers, saturday_stay_required, minimum_stay, maximum_stay, application, no_discounts)
Table: state(state_code, state_name, country_name)
Table: time_interval(period, begin_time, end_time)
Table: time_zone(time_zone_code, time_zone_name, hours_from_gmt)

Example:
Question: which airports serve boston
SQL: SELECT DISTINCT airport_code FROM airport_service JOIN city ON airport_service.city_code = city.city_code WHERE city.city_name = 'BOSTON';"
atis,hard,list all flights from MEMPHIS to SEATTLE,"SELECT DISTINCT FLIGHTalias0.FLIGHT_ID FROM AIRPORT_SERVICE AS AIRPORT_SERVICEalias0 , AIRPORT_SERVICE AS AIRPORT_SERVICEalias1 , CITY AS CITYalias0 , CITY AS CITYalias1 , FLIGHT AS FLIGHTalias0 WHERE CITYalias0.CITY_CODE = AIRPORT_SERVICEalias0.CITY_CODE AND CITYalias0.CITY_NAME = ""MEMPHIS"" AND CITYalias1.CITY_CODE = AIRPORT_SERVICEalias1.CITY_CODE AND CITYalias1.CITY_NAME = ""SEATTLE"" AND FLIGHTalias0.FROM_AIRPORT = AIRPORT_SERVICEalias0.AIRPORT_CODE AND FLIGHTalias0.TO_AIRPORT = AIRPORT_SERVICEalias1.AIRPORT_CODE ;","Table: aircraft(aircraft_code, aircraft_description, manufacturer, basic_type, engines, propulsion, wide_body, wing_span, length, weight, capacity, pay_load, cruising_speed, range_miles, pressurized)
Table: airline(airline_code, airline_name, note)
Table: airport(airport_code, airport_name, airport_location, state_code, country_name, time_zone_code, minimum_connect_time)
Table: airport_service(city_code, airport_code, miles_distant, direction, minutes_distant)
Table: city(city_code, city_name, state_code, country_name, time_zone_code)
Table: class_of_service(booking_class, rank, class_description)
Table: code_description(code, description)
Table: compartment_class(compartment, class_type)
Table: date_day(month_number, day_number, year, day_name)
Table: days(days_code, day_name)
Table: dual_carrier(main_airline, low_flight_number, high_flight_number, dual_airline, service_name)
Table: equipment_sequence(aircraft_code_sequence, aircraft_code)
Table: fare(fare_id, from_airport, to_airport, fare_basis_code, fare_airline, restriction_code, one_direction_cost, round_trip_cost, round_trip_required)
Table: fare_basis(fare_basis_code, booking_class, class_type, premium, economy, discounted, night, season, basis_days)
Table: flight(flight_id, flight_days, from_airport, to_airport, departure_time, arrival_time, airline_flight, airline_code, flight_number, aircraft_code_sequence, meal_code, stops, connections, dual_carrier, time_elapsed)
Table: flight_fare(flight_id, fare_id)
Table: flight_leg(flight_id, leg_number, leg_flight)
Table: flight_stop(flight_id, stop_number, stop_days, stop_airport, arrival_time, arrival_airline, arrival_flight_number, departure_time, departure_airline, departure_flight_number, stop_time)
Table: food_service(meal_code, meal_number, compartment, meal_description)
Table: ground_service(city_code, airport_code, transport_type, ground_fare)
Table: month(month_number, month_name)
Table: restriction(restriction_code, advance_purchase, stopovers, saturday_stay_required, minimum_stay, maximum_stay, application, no_discounts)
Table: state(state_code, state_name, country_name)
Table: time_interval(period, begin_time, end_time)
Table: time_zone(time_zone_code, time_zone_name, hours_from_gmt)

Example:
Question: which airports serve boston
SQL: SELECT DISTINCT airport_code FROM airport_service JOIN city ON airport_service.city_code = city.city_code WHERE city.city_name = 'BOSTON';"
atis,hard,hi i need to go from NEWARK to NASHVILLE on AA leaving around 630pm,"SELECT DISTINCT FLIGHTalias0.FLIGHT_ID FROM AIRPORT_SERVICE AS AIRPORT_SERVICEalias0 , AIRPORT_SERVICE AS AIRPORT_SERVICEalias1 , CITY AS CITYalias0 , CITY AS CITYalias1 , FLIGHT AS FLIGHTalias0 WHERE ( ( ( FLIGHTalias0.DEPARTURE_TIME <= 1900 AND FLIGHTalias0.DEPARTURE_TIME >= 1800 ) AND CITYalias1.CITY_CODE = AIRPORT_SERVICEalias1.CITY_CODE AND CITYalias1.CITY_NAME = ""NASHVILLE"" AND FLIGHTalias0.TO_AIRPORT = AIRPORT_SERVICEalias1.AIRPORT_CODE ) AND CITYalias0.CITY_CODE = AIRPORT_SERVICEalias0.CITY_CODE AND CITYalias0.CITY_NAME = ""NEWARK"" AND FLIGHTalias0.FROM_AIRPORT = AIRPORT_SERVICEalias0.AIRPORT_CODE ) AND FLIGHTalias0.AIRLINE_CODE = ""AA"" ;","Table: aircraft(aircraft_code, aircraft_description, manufacturer, basic_type, engines, propulsion, wide_body, wing_span, length, weight, capacity, pay_load, cruising_speed, range_miles, pressurized)
Table: airline(airline_code, airline_name, note)
Table: airport(airport_code, airport_name, airport_location, state_code, country_name, time_zone_code, minimum_connect_time)
Table: airport_service(city_code, airport_code, miles_distant, direction, minutes_distant)
Table: city(city_code, city_name, state_code, country_name, time_zone_code)
Table: class_of_service(booking_class, rank, class_description)
Table: code_description(code, description)
Table: compartment_class(compartment, class_type)
Table: date_day(month_number, day_number, year, day_name)
Table: days(days_code, day_name)
Table: dual_carrier(main_airline, low_flight_number, high_flight_number, dual_airline, service_name)
Table: equipment_sequence(aircraft_code_sequence, aircraft_code)
Table: fare(fare_id, from_airport, to_airport, fare_basis_code, fare_airline, restriction_code, one_direction_cost, round_trip_cost, round_trip_required)
Table: fare_basis(fare_basis_code, booking_class, class_type, premium, economy, discounted, night, season, basis_days)
Table: flight(flight_id, flight_days, from_airport, to_airport, departure_time, arrival_time, airline_flight, airline_code, flight_number, aircraft_code_sequence, meal_code, stops, connections, dual_carrier, time_elapsed)
Table: flight_fare(flight_id, fare_id)
Table: flight_leg(flight_id, leg_number, leg_flight)
Table: flight_stop(flight_id, stop_number, stop_days, stop_airport, arrival_time, arrival_airline, arrival_flight_number, departure_time, departure_airline, departure_flight_number, stop_time)
Table: food_service(meal_code, meal_number, compartment, meal_description)
Table: ground_service(city_code, airport_code, transport_type, ground_fare)
Table: month(month_number, month_name)
Table: restriction(restriction_code, advance_purchase, stopovers, saturday_stay_required, minimum_stay, maximum_stay, application, no_discounts)
Table: state(state_code, state_name, country_name)
Table: time_interval(period, begin_time, end_time)
Table: time_zone(time_zone_code, time_zone_name, hours_from_gmt)

Example:
Question: which airports serve boston
SQL: SELECT DISTINCT airport_code FROM airport_service JOIN city ON airport_service.city_code = city.city_code WHERE city.city_name = 'BOSTON';"
atis,hard,what type of aircraft is used for the AA flight leaving at 1619,"SELECT DISTINCT AIRCRAFTalias0.AIRCRAFT_CODE FROM AIRCRAFT AS AIRCRAFTalias0 WHERE AIRCRAFTalias0.AIRCRAFT_CODE IN ( SELECT EQUIPMENT_SEQUENCEalias0.AIRCRAFT_CODE FROM EQUIPMENT_SEQUENCE AS EQUIPMENT_SEQUENCEalias0 WHERE EQUIPMENT_SEQUENCEalias0.AIRCRAFT_CODE_SEQUENCE IN ( SELECT FLIGHTalias0.AIRCRAFT_CODE_SEQUENCE FROM FLIGHT AS FLIGHTalias0 WHERE ( ( ( FLIGHTalias0.DEPARTURE_TIME = 1619 AND FLIGHTalias0.TO_AIRPORT IN ( SELECT AIRPORT_SERVICEalias1.AIRPORT_CODE FROM AIRPORT_SERVICE AS AIRPORT_SERVICEalias1 WHERE AIRPORT_SERVICEalias1.CITY_CODE IN ( SELECT CITYalias1.CITY_CODE FROM CITY AS CITYalias1 WHERE CITYalias1.CITY_NAME = ""BURBANK"" ) ) ) AND FLIGHTalias0.FROM_AIRPORT IN ( SELECT AIRPORT_SERVICEalias0.AIRPORT_CODE FROM AIRPORT_SERVICE AS AIRPORT_SERVICEalias0 WHERE AIRPORT_SERVICEalias0.CITY_CODE IN ( SELECT CITYalias0.CITY_CODE FROM CITY AS CITYalias0 WHERE CITYalias0.CITY_NAME = ""CINCINNATI"" ) ) ) AND FLIGHTalias0.AIRLINE_CODE = ""AA"" ) ) ) ;","Table: aircraft(aircraft_code, aircraft_description, manufacturer, basic_type, engines, propulsion, wide_body, wing_span, length, weight, capacity, pay_load, cruising_speed, range_miles, pressurized)
Table: airline(airline_code, airline_name, note)
Table: airport(airport_code, airport_name, airport_location, state_code, country_name, time_zone_code, minimum_connect_time)
Table: airport_service(city_code, airport_code, miles_distant, direction, minutes_distant)
Table: city(city_code, city_name, state_code, country_name, time_zone_code)
Table: class_of_service(booking_class, rank, class_description)
Table: code_description(code, description)
Table: compartment_class(compartment, class_type)
Table: date_day(month_number, day_number, year, day_name)
Table: days(days_code, day_name)
Table: dual_carrier(main_airline, low_flight_number, high_flight_number, dual_airline, service_name)
Table: equipment_sequence(aircraft_code_sequence, aircraft_code)
Table: fare(fare_id, from_airport, to_airport, fare_basis_code, fare_airline, restriction_code, one_direction_cost, round_trip_cost, round_trip_required)
Table: fare_basis(fare_basis_code, booking_class, class_type, premium, economy, discounted, night, season, basis_days)
Table: flight(flight_id, flight_days, from_airport, to_airport, departure_time, arrival_time, airline_flight, airline_code, flight_number, aircraft_code_sequence, meal_code, stops, connections, dual_carrier, time_elapsed)
Table: flight_fare(flight_id, fare_id)
Table: flight_leg(flight_id, leg_number, leg_flight)
Table: flight_stop(flight_id, stop_number, stop_days, stop_airport, arrival_time, arrival_airline, arrival_flight_number, departure_time, departure_airline, departure_flight_number, stop_time)
Table: food_service(meal_code, meal_number, compartment, meal_description)
Table: ground_service(city_code, airport_code, transport_type, ground_fare)
Table: month(month_number, month_name)
Table: restriction(restriction_code, advance_purchase, stopovers, saturday_stay_required, minimum_stay, maximum_stay, application, no_discounts)
Table: state(state_code, state_name, country_name)
Table: time_interval(period, begin_time, end_time)
Table: time_zone(time_zone_code, time_zone_name, hours_from_gmt)

Example:
Question: which airports serve boston
SQL: SELECT DISTINCT airport_code FROM airport_service JOIN city ON airport_service.city_code = city.city_code WHERE city.city_name = 'BOSTON';"
atis,hard,show me the flights from TORONTO to CINCINNATI,"SELECT DISTINCT FLIGHTalias0.FLIGHT_ID FROM AIRPORT_SERVICE AS AIRPORT_SERVICEalias0 , AIRPORT_SERVICE AS AIRPORT_SERVICEalias1 , CITY AS CITYalias0 , CITY AS CITYalias1 , FLIGHT AS FLIGHTalias0 WHERE CITYalias0.CITY_CODE = AIRPORT_SERVICEalias0.CITY_CODE AND CITYalias0.CITY_NAME = ""TORONTO"" AND CITYalias1.CITY_CODE = AIRPORT_SERVICEalias1.CITY_CODE AND CITYalias1.CITY_NAME = ""CINCINNATI"" AND FLIGHTalias0.FROM_AIRPORT = AIRPORT_SERVICEalias0.AIRPORT_CODE AND FLIGHTalias0.TO_AIRPORT = AIRPORT_SERVICEalias1.AIRPORT_CODE ;","Table: aircraft(aircraft_code, aircraft_description, manufacturer, basic_type, engines, propulsion, wide_body, wing_span, length, weight, capacity, pay_load, cruising_speed, range_miles, pressurized)
Table: airline(airline_code, airline_name, note)
Table: airport(airport_code, airport_name, airport_location, state_code, country_name, time_zone_code, minimum_connect_time)
Table: airport_service(city_code, airport_code, miles_distant, direction, minutes_distant)
Table: city(city_code, city_name, state_code, country_name, time_zone_code)
Table: class_of_service(booking_class, rank, class_description)
Table: code_description(code, description)
Table: compartment_class(compartment, class_type)
Table: date_day(month_number, day_number, year, day_name)
Table: days(days_code, day_name)
Table: dual_carrier(main_airline, low_flight_number, high_flight_number, dual_airline, service_name)
Table: equipment_sequence(aircraft_code_sequence, aircraft_code)
Table: fare(fare_id, from_airport, to_airport, fare_basis_code, fare_airline, restriction_code, one_direction_cost, round_trip_cost, round_trip_required)
Table: fare_basis(fare_basis_code, booking_class, class_type, premium, economy, discounted, night, season, basis_days)
Table: flight(flight_id, flight_days, from_airport, to_airport, departure_time, arrival_time, airline_flight, airline_code, flight_number, aircraft_code_sequence, meal_code, stops, connections, dual_carrier, time_elapsed)
Table: flight_fare(flight_id, fare_id)
Table: flight_leg(flight_id, leg_number, leg_flight)
Table: flight_stop(flight_id, stop_number, stop_days, stop_airport, arrival_time, arrival_airline, arrival_flight_number, departure_time, departure_airline, departure_flight_number, stop_time)
Table: food_service(meal_code, meal_number, compartment, meal_description)
Table: ground_service(city_code, airport_code, transport_type, ground_fare)
Table: month(month_number, month_name)
Table: restriction(restriction_code, advance_purchase, stopovers, saturday_stay_required, minimum_stay, maximum_stay, application, no_discounts)
Table: state(state_code, state_name, country_name)
Table: time_interval(period, begin_time, end_time)
Table: time_zone(time_zone_code, time_zone_name, hours_from_gmt)

Example:
Question: which airports serve boston
SQL: SELECT DISTINCT airport_code FROM airport_service JOIN city ON airport_service.city_code = city.city_code WHERE city.city_name = 'BOSTON';"
atis,hard,which airlines have connections between PITTSBURGH and BALTIMORE,"SELECT DISTINCT AIRLINEalias0.AIRLINE_CODE FROM AIRLINE AS AIRLINEalias0 , AIRPORT_SERVICE AS AIRPORT_SERVICEalias0 , AIRPORT_SERVICE AS AIRPORT_SERVICEalias1 , CITY AS CITYalias0 , CITY AS CITYalias1 , FLIGHT AS FLIGHTalias0 WHERE CITYalias0.CITY_CODE = AIRPORT_SERVICEalias0.CITY_CODE AND CITYalias0.CITY_NAME = ""PITTSBURGH"" AND CITYalias1.CITY_CODE = AIRPORT_SERVICEalias1.CITY_CODE AND CITYalias1.CITY_NAME = ""BALTIMORE"" AND FLIGHTalias0.AIRLINE_CODE = AIRLINEalias0.AIRLINE_CODE AND FLIGHTalias0.FROM_AIRPORT = AIRPORT_SERVICEalias0.AIRPORT_CODE AND FLIGHTalias0.TO_AIRPORT = AIRPORT_SERVICEalias1.AIRPORT_CODE ;","Table: aircraft(aircraft_code, aircraft_description, manufacturer, basic_type, engines, propulsion, wide_body, wing_span, length, weight, capacity, pay_load, cruising_speed, range_miles, pressurized)
Table: airline(airline_code, airline_name, note)
Table: airport(airport_code, airport_name, airport_location, state_code, country_name, time_zone_code, minimum_connect_time)
Table: airport_service(city_code, airport_code, miles_distant, direction, minutes_distant)
Table: city(city_code, city_name, state_code, country_name, time_zone_code)
Table: class_of_service(booking_class, rank, class_description)
Table: code_description(code, description)
Table: compartment_class(compartment, class_type)
Table: date_day(month_number, day_number, year, day_name)
Table: days(days_code, day_name)
Table: dual_carrier(main_airline, low_flight_number, high_flight_number, dual_airline, service_name)
Table: equipment_sequence(aircraft_code_sequence, aircraft_code)
Table: fare(fare_id, from_airport, to_airport, fare_basis_code, fare_airline, restriction_code, one_direction_cost, round_trip_cost, round_trip_required)
Table: fare_basis(fare_basis_code, booking_class, class_type, premium, economy, discounted, night, season, basis_days)
Table: flight(flight_id, flight_days, from_airport, to_airport, departure_time, arrival_time, airline_flight, airline_code, flight_number, aircraft_code_sequence, meal_code, stops, connections, dual_carrier, time_elapsed)
Table: flight_fare(flight_id, fare_id)
Table: flight_leg(flight_id, leg_number, leg_flight)
Table: flight_stop(flight_id, stop_number, stop_days, stop_airport, arrival_time, arrival_airline, arrival_flight_number, departure_time, departure_airline, departure_flight_number, stop_time)
Table: food_service(meal_code, meal_number, compartment, meal_description)
Table: ground_service(city_code, airport_code, transport_type, ground_fare)
Table: month(month_number, month_name)
Table: restriction(restriction_code, advance_purchase, stopovers, saturday_stay_required, minimum_stay, maximum_stay, application, no_discounts)
Table: state(state_code, state_name, country_name)
Table: time_interval(period, begin_time, end_time)
Table: time_zone(time_zone_code, time_zone_name, hours_from_gmt)

Example:
Question: which airports serve boston
SQL: SELECT DISTINCT airport_code FROM airport_service JOIN city ON airport_service.city_code = city.city_code WHERE city.city_name = 'BOSTON';"
atis,hard,show me all the flights that arrive in BALTIMORE from anywhere between 1850 and 2400,"SELECT DISTINCT FLIGHTalias0.FLIGHT_ID FROM AIRPORT_SERVICE AS AIRPORT_SERVICEalias0 , AIRPORT_SERVICE AS AIRPORT_SERVICEalias1 , CITY AS CITYalias0 , CITY AS CITYalias1 , FLIGHT AS FLIGHTalias0 WHERE ( ( ( FLIGHTalias0.ARRIVAL_TIME <= 2400 AND FLIGHTalias0.ARRIVAL_TIME >= 1850 ) OR FLIGHTalias0.ARRIVAL_TIME = 0 ) AND CITYalias1.CITY_CODE = AIRPORT_SERVICEalias1.CITY_CODE AND FLIGHTalias0.FROM_AIRPORT = AIRPORT_SERVICEalias1.AIRPORT_CODE ) AND CITYalias0.CITY_CODE = AIRPORT_SERVICEalias0.CITY_CODE AND CITYalias0.CITY_NAME = ""BALTIMORE"" AND FLIGHTalias0.TO_AIRPORT = AIRPORT_SERVICEalias0.AIRPORT_CODE ;","Table: aircraft(aircraft_code, aircraft_description, manufacturer, basic_type, engines, propulsion, wide_body, wing_span, length, weight, capacity, pay_load, cruising_speed, range_miles, pressurized)
Table: airline(airline_code, airline_name, note)
Table: airport(airport_code, airport_name, airport_location, state_code, country_name, time_zone_code, minimum_connect_time)
Table: airport_service(city_code, airport_code, miles_distant, direction, minutes_distant)
Table: city(city_code, city_name, state_code, country_name, time_zone_code)
Table: class_of_service(booking_class, rank, class_description)
Table: code_description(code, description)
Table: compartment_class(compartment, class_type)
Table: date_day(month_number, day_number, year, day_name)
Table: days(days_code, day_name)
Table: dual_carrier(main_airline, low_flight_number, high_flight_number, dual_airline, service_name)
Table: equipment_sequence(aircraft_code_sequence, aircraft_code)
Table: fare(fare_id, from_airport, to_airport, fare_basis_code, fare_airline, restriction_code, one_direction_cost, round_trip_cost, round_trip_required)
Table: fare_basis(fare_basis_code, booking_class, class_type, premium, economy, discounted, night, season, basis_days)
Table: flight(flight_id, flight_days, from_airport, to_airport, departure_time, arrival_time, airline_flight, airline_code, flight_number, aircraft_code_sequence, meal_code, stops, connections, dual_carrier, time_elapsed)
Table: flight_fare(flight_id, fare_id)
Table: flight_leg(flight_id, leg_number, leg_flight)
Table: flight_stop(flight_id, stop_number, stop_days, stop_airport, arrival_time, arrival_airline, arrival_flight_number, departure_time, departure_airline, departure_flight_number, stop_time)
Table: food_service(meal_code, meal_number, compartment, meal_description)
Table: ground_service(city_code, airport_code, transport_type, ground_fare)
Table: month(month_number, month_name)
Table: restriction(restriction_code, advance_purchase, stopovers, saturday_stay_required, minimum_stay, maximum_stay, application, no_discounts)
Table: state(state_code, state_name, country_name)
Table: time_interval(period, begin_time, end_time)
Table: time_zone(time_zone_code, time_zone_name, hours_from_gmt)

Example:
Question: which airports serve boston
SQL: SELECT DISTINCT airport_code FROM airport_service JOIN city ON airport_service.city_code = city.city_code WHERE city.city_name = 'BOSTON';"
atis,hard,i'd like to know the information from BOSTON to PHILADELPHIA nonstop,"SELECT DISTINCT FLIGHTalias0.FLIGHT_ID FROM AIRPORT_SERVICE AS AIRPORT_SERVICEalias0 , AIRPORT_SERVICE AS AIRPORT_SERVICEalias1 , CITY AS CITYalias0 , CITY AS CITYalias1 , FLIGHT AS FLIGHTalias0 WHERE ( CITYalias0.CITY_CODE = AIRPORT_SERVICEalias0.CITY_CODE AND CITYalias0.CITY_NAME = ""BOSTON"" AND CITYalias1.CITY_CODE = AIRPORT_SERVICEalias1.CITY_CODE AND CITYalias1.CITY_NAME = ""PHILADELPHIA"" AND FLIGHTalias0.FROM_AIRPORT = AIRPORT_SERVICEalias0.AIRPORT_CODE AND FLIGHTalias0.TO_AIRPORT = AIRPORT_SERVICEalias1.AIRPORT_CODE ) AND FLIGHTalias0.STOPS = 0 ;","Table: aircraft(aircraft_code, aircraft_description, manufacturer, basic_type, engines, propulsion, wide_body, wing_span, length, weight, capacity, pay_load, cruising_speed, range_miles, pressurized)
Table: airline(airline_code, airline_name, note)
Table: airport(airport_code, airport_name, airport_location, state_code, country_name, time_zone_code, minimum_connect_time)
Table: airport_service(city_code, airport_code, miles_distant, direction, minutes_distant)
Table: city(city_code, city_name, state_code, country_name, time_zone_code)
Table: class_of_service(booking_class, rank, class_description)
Table: code_description(code, description)
Table: compartment_class(compartment, class_type)
Table: date_day(month_number, day_number, year, day_name)
Table: days(days_code, day_name)
Table: dual_carrier(main_airline, low_flight_number, high_flight_number, dual_airline, service_name)
Table: equipment_sequence(aircraft_code_sequence, aircraft_code)
Table: fare(fare_id, from_airport, to_airport, fare_basis_code, fare_airline, restriction_code, one_direction_cost, round_trip_cost, round_trip_required)
Table: fare_basis(fare_basis_code, booking_class, class_type, premium, economy, discounted, night, season, basis_days)
Table: flight(flight_id, flight_days, from_airport, to_airport, departure_time, arrival_time, airline_flight, airline_code, flight_number, aircraft_code_sequence, meal_code, stops, connections, dual_carrier, time_elapsed)
Table: flight_fare(flight_id, fare_id)
Table: flight_leg(flight_id, leg_number, leg_flight)
Table: flight_stop(flight_id, stop_number, stop_days, stop_airport, arrival_time, arrival_airline, arrival_flight_number, departure_time, departure_airline, departure_flight_number, stop_time)
Table: food_service(meal_code, meal_number, compartment, meal_description)
Table: ground_service(city_code, airport_code, transport_type, ground_fare)
Table: month(month_number, month_name)
Table: restriction(restriction_code, advance_purchase, stopovers, saturday_stay_required, minimum_stay, maximum_stay, application, no_discounts)
Table: state(state_code, state_name, country_name)
Table: time_interval(period, begin_time, end_time)
Table: time_zone(time_zone_code, time_zone_name, hours_from_gmt)

Example:
Question: which airports serve boston
SQL: SELECT DISTINCT airport_code FROM airport_service JOIN city ON airport_service.city_code = city.city_code WHERE city.city_name = 'BOSTON';"
atis,hard,could you please show me all flights from MILWAUKEE to MONTREAL,"SELECT DISTINCT FLIGHTalias0.FLIGHT_ID FROM AIRPORT_SERVICE AS AIRPORT_SERVICEalias0 , AIRPORT_SERVICE AS AIRPORT_SERVICEalias1 , CITY AS CITYalias0 , CITY AS CITYalias1 , FLIGHT AS FLIGHTalias0 WHERE CITYalias0.CITY_CODE = AIRPORT_SERVICEalias0.CITY_CODE AND CITYalias0.CITY_NAME = ""MILWAUKEE"" AND CITYalias1.CITY_CODE = AIRPORT_SERVICEalias1.CITY_CODE AND CITYalias1.CITY_NAME = ""MONTREAL"" AND FLIGHTalias0.FROM_AIRPORT = AIRPORT_SERVICEalias0.AIRPORT_CODE AND FLIGHTalias0.TO_AIRPORT = AIRPORT_SERVICEalias1.AIRPORT_CODE ;","Table: aircraft(aircraft_code, aircraft_description, manufacturer, basic_type, engines, propulsion, wide_body, wing_span, length, weight, capacity, pay_load, cruising_speed, range_miles, pressurized)
Table: airline(airline_code, airline_name, note)
Table: airport(airport_code, airport_name, airport_location, state_code, country_name, time_zone_code, minimum_connect_time)
Table: airport_service(city_code, airport_code, miles_distant, direction, minutes_distant)
Table: city(city_code, city_name, state_code, country_name, time_zone_code)
Table: class_of_service(booking_class, rank, class_description)
Table: code_description(code, description)
Table: compartment_class(compartment, class_type)
Table: date_day(month_number, day_number, year, day_name)
Table: days(days_code, day_name)
Table: dual_carrier(main_airline, low_flight_number, high_flight_number, dual_airline, service_name)
Table: equipment_sequence(aircraft_code_sequence, aircraft_code)
Table: fare(fare_id, from_airport, to_airport, fare_basis_code, fare_airline, restriction_code, one_direction_cost, round_trip_cost, round_trip_required)
Table: fare_basis(fare_basis_code, booking_class, class_type, premium, economy, discounted, night, season, basis_days)
Table: flight(flight_id, flight_days, from_airport, to_airport, departure_time, arrival_time, airline_flight, airline_code, flight_number, aircraft_code_sequence, meal_code, stops, connections, dual_carrier, time_elapsed)
Table: flight_fare(flight_id, fare_id)
Table: flight_leg(flight_id, leg_number, leg_flight)
Table: flight_stop(flight_id, stop_number, stop_days, stop_airport, arrival_time, arrival_airline, arrival_flight_number, departure_time, departure_airline, departure_flight_number, stop_time)
Table: food_service(meal_code, meal_number, compartment, meal_description)
Table: ground_service(city_code, airport_code, transport_type, ground_fare)
Table: month(month_number, month_name)
Table: restriction(restriction_code, advance_purchase, stopovers, saturday_stay_required, minimum_stay, maximum_stay, application, no_discounts)
Table: state(state_code, state_name, country_name)
Table: time_interval(period, begin_time, end_time)
Table: time_zone(time_zone_code, time_zone_name, hours_from_gmt)

Example:
Question: which airports serve boston
SQL: SELECT DISTINCT airport_code FROM airport_service JOIN city ON airport_service.city_code = city.city_code WHERE city.city_name = 'BOSTON';"
atis,hard,show me flights from BALTIMORE to DALLAS,"SELECT DISTINCT FLIGHTalias0.FLIGHT_ID FROM AIRPORT_SERVICE AS AIRPORT_SERVICEalias0 , AIRPORT_SERVICE AS AIRPORT_SERVICEalias1 , CITY AS CITYalias0 , CITY AS CITYalias1 , FLIGHT AS FLIGHTalias0 WHERE CITYalias0.CITY_CODE = AIRPORT_SERVICEalias0.CITY_CODE AND CITYalias0.CITY_NAME = ""BALTIMORE"" AND CITYalias1.CITY_CODE = AIRPORT_SERVICEalias1.CITY_CODE AND CITYalias1.CITY_NAME = ""DALLAS"" AND FLIGHTalias0.FROM_AIRPORT = AIRPORT_SERVICEalias0.AIRPORT_CODE AND FLIGHTalias0.TO_AIRPORT = AIRPORT_SERVICEalias1.AIRPORT_CODE ;","Table: aircraft(aircraft_code, aircraft_description, manufacturer, basic_type, engines, propulsion, wide_body, wing_span, length, weight, capacity, pay_load, cruising_speed, range_miles, pressurized)
Table: airline(airline_code, airline_name, note)
Table: airport(airport_code, airport_name, airport_location, state_code, country_name, time_zone_code, minimum_connect_time)
Table: airport_service(city_code, airport_code, miles_distant, direction, minutes_distant)
Table: city(city_code, city_name, state_code, country_name, time_zone_code)
Table: class_of_service(booking_class, rank, class_description)
Table: code_description(code, description)
Table: compartment_class(compartment, class_type)
Table: date_day(month_number, day_number, year, day_name)
Table: days(days_code, day_name)
Table: dual_carrier(main_airline, low_flight_number, high_flight_number, dual_airline, service_name)
Table: equipment_sequence(aircraft_code_sequence, aircraft_code)
Table: fare(fare_id, from_airport, to_airport, fare_basis_code, fare_airline, restriction_code, one_direction_cost, round_trip_cost, round_trip_required)
Table: fare_basis(fare_basis_code, booking_class, class_type, premium, economy, discounted, night, season, basis_days)
Table: flight(flight_id, flight_days, from_airport, to_airport, departure_time, arrival_time, airline_flight, airline_code, flight_number, aircraft_code_sequence, meal_code, stops, connections, dual_carrier, time_elapsed)
Table: flight_fare(flight_id, fare_id)
Table: flight_leg(flight_id, leg_number, leg_flight)
Table: flight_stop(flight_id, stop_number, stop_days, stop_airport, arrival_time, arrival_airline, arrival_flight_number, departure_time, departure_airline, departure_flight_number, stop_time)
Table: food_service(meal_code, meal_number, compartment, meal_description)
Table: ground_service(city_code, airport_code, transport_type, ground_fare)
Table: month(month_number, month_name)
Table: restriction(restriction_code, advance_purchase, stopovers, saturday_stay_required, minimum_stay, maximum_stay, application, no_discounts)
Table: state(state_code, state_name, country_name)
Table: time_interval(period, begin_time, end_time)
Table: time_zone(time_zone_code, time_zone_name, hours_from_gmt)

Example:
Question: which airports serve boston
SQL: SELECT DISTINCT airport_code FROM airport_service JOIN city ON airport_service.city_code = city.city_code WHERE city.city_name = 'BOSTON';"
atis,medium,show me the flights into DAL,"SELECT DISTINCT FLIGHTalias0.FLIGHT_ID FROM AIRPORT AS AIRPORTalias0 , AIRPORT_SERVICE AS AIRPORT_SERVICEalias0 , CITY AS CITYalias0 , FLIGHT AS FLIGHTalias0 WHERE AIRPORTalias0.AIRPORT_CODE = ""DAL"" AND CITYalias0.CITY_CODE = AIRPORT_SERVICEalias0.CITY_CODE AND FLIGHTalias0.FROM_AIRPORT = AIRPORT_SERVICEalias0.AIRPORT_CODE AND FLIGHTalias0.TO_AIRPORT = AIRPORTalias0.AIRPORT_CODE ;","Table: aircraft(aircraft_code, aircraft_description, manufacturer, basic_type, engines, propulsion, wide_body, wing_span, length, weight, capacity, pay_load, cruising_speed, range_miles, pressurized)
Table: airline(airline_code, airline_name, note)
Table: airport(airport_code, airport_name, airport_location, state_code, country_name, time_zone_code, minimum_connect_time)
Table: airport_service(city_code, airport_code, miles_distant, direction, minutes_distant)
Table: city(city_code, city_name, state_code, country_name, time_zone_code)
Table: class_of_service(booking_class, rank, class_description)
Table: code_description(code, description)
Table: compartment_class(compartment, class_type)
Table: date_day(month_number, day_number, year, day_name)
Table: days(days_code, day_name)
Table: dual_carrier(main_airline, low_flight_number, high_flight_number, dual_airline, service_name)
Table: equipment_sequence(aircraft_code_sequence, aircraft_code)
Table: fare(fare_id, from_airport, to_airport, fare_basis_code, fare_airline, restriction_code, one_direction_cost, round_trip_cost, round_trip_required)
Table: fare_basis(fare_basis_code, booking_class, class_type, premium, economy, discounted, night, season, basis_days)
Table: flight(flight_id, flight_days, from_airport, to_airport, departure_time, arrival_time, airline_flight, airline_code, flight_number, aircraft_code_sequence, meal_code, stops, connections, dual_carrier, time_elapsed)
Table: flight_fare(flight_id, fare_id)
Table: flight_leg(flight_id, leg_number, leg_flight)
Table: flight_stop(flight_id, stop_number, stop_days, stop_airport, arrival_time, arrival_airline, arrival_flight_number, departure_time, departure_airline, departure_flight_number, stop_time)
Table: food_service(meal_code, meal_number, compartment, meal_description)
Table: ground_service(city_code, airport_code, transport_type, ground_fare)
Table: month(month_number, month_name)
Table: restriction(restriction_code, advance_purchase, stopovers, saturday_stay_required, minimum_stay, maximum_stay, application, no_discounts)
Table: state(state_code, state_name, country_name)
Table: time_interval(period, begin_time, end_time)
Table: time_zone(time_zone_code, time_zone_name, hours_from_gmt)

Example:
Question: which airports serve boston
SQL: SELECT DISTINCT airport_code FROM airport_service JOIN city ON airport_service.city_code = city.city_code WHERE city.city_name = 'BOSTON';"
atis,medium,show me flights from anywhere to PHILADELPHIA arriving after 2100,"SELECT DISTINCT FLIGHTalias0.FLIGHT_ID FROM AIRPORT_SERVICE AS AIRPORT_SERVICEalias0 , CITY AS CITYalias0 , FLIGHT AS FLIGHTalias0 WHERE CITYalias0.CITY_CODE = AIRPORT_SERVICEalias0.CITY_CODE AND CITYalias0.CITY_NAME = ""PHILADELPHIA"" AND FLIGHTalias0.ARRIVAL_TIME > 2100 AND FLIGHTalias0.TO_AIRPORT = AIRPORT_SERVICEalias0.AIRPORT_CODE ;","Table: aircraft(aircraft_code, aircraft_description, manufacturer, basic_type, engines, propulsion, wide_body, wing_span, length, weight, capacity, pay_load, cruising_speed, range_miles, pressurized)
Table: airline(airline_code, airline_name, note)
Table: airport(airport_code, airport_name, airport_location, state_code, country_name, time_zone_code, minimum_connect_time)
Table: airport_service(city_code, airport_code, miles_distant, direction, minutes_distant)
Table: city(city_code, city_name, state_code, country_name, time_zone_code)
Table: class_of_service(booking_class, rank, class_description)
Table: code_description(code, description)
Table: compartment_class(compartment, class_type)
Table: date_day(month_number, day_number, year, day_name)
Table: days(days_code, day_name)
Table: dual_carrier(main_airline, low_flight_number, high_flight_number, dual_airline, service_name)
Table: equipment_sequence(aircraft_code_sequence, aircraft_code)
Table: fare(fare_id, from_airport, to_airport, fare_basis_code, fare_airline, restriction_code, one_direction_cost, round_trip_cost, round_trip_required)
Table: fare_basis(fare_basis_code, booking_class, class_type, premium, economy, discounted, night, season, basis_days)
Table: flight(flight_id, flight_days, from_airport, to_airport, departure_time, arrival_time, airline_flight, airline_code, flight_number, aircraft_code_sequence, meal_code, stops, connections, dual_carrier, time_elapsed)
Table: flight_fare(flight_id, fare_id)
Table: flight_leg(flight_id, leg_number, leg_flight)
Table: flight_stop(flight_id, stop_number, stop_days, stop_airport, arrival_time, arrival_airline, arrival_flight_number, departure_time, departure_airline, departure_flight_number, stop_time)
Table: food_service(meal_code, meal_number, compartment, meal_description)
Table: ground_service(city_code, airport_code, transport_type, ground_fare)
Table: month(month_number, month_name)
Table: restriction(restriction_code, advance_purchase, stopovers, saturday_stay_required, minimum_stay, maximum_stay, application, no_discounts)
Table: state(state_code, state_name, country_name)
Table: time_interval(period, begin_time, end_time)
Table: time_zone(time_zone_code, time_zone_name, hours_from_gmt)

Example:
Question: which airports serve boston
SQL: SELECT DISTINCT airport_code FROM airport_service JOIN city ON airport_service.city_code = city.city_code WHERE city.city_name = 'BOSTON';"
atis,medium,list the airlines with flights to or from DENVER,"SELECT DISTINCT AIRLINEalias0.AIRLINE_CODE FROM AIRLINE AS AIRLINEalias0 , AIRPORT_SERVICE AS AIRPORT_SERVICEalias0 , CITY AS CITYalias0 , FLIGHT AS FLIGHTalias0 WHERE CITYalias0.CITY_CODE = AIRPORT_SERVICEalias0.CITY_CODE AND CITYalias0.CITY_NAME = ""DENVER"" AND FLIGHTalias0.AIRLINE_CODE = AIRLINEalias0.AIRLINE_CODE AND FLIGHTalias0.FROM_AIRPORT = AIRPORT_SERVICEalias0.AIRPORT_CODE ;","Table: aircraft(aircraft_code, aircraft_description, manufacturer, basic_type, engines, propulsion, wide_body, wing_span, length, weight, capacity, pay_load, cruising_speed, range_miles, pressurized)
Table: airline(airline_code, airline_name, note)
Table: airport(airport_code, airport_name, airport_location, state_code, country_name, time_zone_code, minimum_connect_time)
Table: airport_service(city_code, airport_code, miles_distant, direction, minutes_distant)
Table: city(city_code, city_name, state_code, country_name, time_zone_code)
Table: class_of_service(booking_class, rank, class_description)
Table: code_description(code, description)
Table: compartment_class(compartment, class_type)
Table: date_day(month_number, day_number, year, day_name)
Table: days(days_code, day_name)
Table: dual_carrier(main_airline, low_flight_number, high_flight_number, dual_airline, service_name)
Table: equipment_sequence(aircraft_code_sequence, aircraft_code)
Table: fare(fare_id, from_airport, to_airport, fare_basis_code, fare_airline, restriction_code, one_direction_cost, round_trip_cost, round_trip_required)
Table: fare_basis(fare_basis_code, booking_class, class_type, premium, economy, discounted, night, season, basis_days)
Table: flight(flight_id, flight_days, from_airport, to_airport, departure_time, arrival_time, airline_flight, airline_code, flight_number, aircraft_code_sequence, meal_code, stops, connections, dual_carrier, time_elapsed)
Table: flight_fare(flight_id, fare_id)
Table: flight_leg(flight_id, leg_number, leg_flight)
Table: flight_stop(flight_id, stop_number, stop_days, stop_airport, arrival_time, arrival_airline, arrival_flight_number, departure_time, departure_airline, departure_flight_number, stop_time)
Table: food_service(meal_code, meal_number, compartment, meal_description)
Table: ground_service(city_code, airport_code, transport_type, ground_fare)
Table: month(month_number, month_name)
Table: restriction(restriction_code, advance_purchase, stopovers, saturday_stay_required, minimum_stay, maximum_stay, application, no_discounts)
Table: state(state_code, state_name, country_name)
Table: time_interval(period, begin_time, end_time)
Table: time_zone(time_zone_code, time_zone_name, hours_from_gmt)

Example:
Question: which airports serve boston
SQL: SELECT DISTINCT airport_code FROM airport_service JOIN city ON airport_service.city_code = city.city_code WHERE city.city_name = 'BOSTON';"
atis,medium,what price is a LIMOUSINE service in BOSTON,"SELECT DISTINCT GROUND_SERVICEalias0.GROUND_FARE FROM CITY AS CITYalias0 , GROUND_SERVICE AS GROUND_SERVICEalias0 WHERE CITYalias0.CITY_NAME = ""BOSTON"" AND GROUND_SERVICEalias0.CITY_CODE = CITYalias0.CITY_CODE AND GROUND_SERVICEalias0.TRANSPORT_TYPE = ""LIMOUSINE"" ;","Table: aircraft(aircraft_code, aircraft_description, manufacturer, basic_type, engines, propulsion, wide_body, wing_span, length, weight, capacity, pay_load, cruising_speed, range_miles, pressurized)
Table: airline(airline_code, airline_name, note)
Table: airport(airport_code, airport_name, airport_location, state_code, country_name, time_zone_code, minimum_connect_time)
Table: airport_service(city_code, airport_code, miles_distant, direction, minutes_distant)
Table: city(city_code, city_name, state_code, country_name, time_zone_code)
Table: class_of_service(booking_class, rank, class_description)
Table: code_description(code, description)
Table: compartment_class(compartment, class_type)
Table: date_day(month_number, day_number, year, day_name)
Table: days(days_code, day_name)
Table: dual_carrier(main_airline, low_flight_number, high_flight_number, dual_airline, service_name)
Table: equipment_sequence(aircraft_code_sequence, aircraft_code)
Table: fare(fare_id, from_airport, to_airport, fare_basis_code, fare_airline, restriction_code, one_direction_cost, round_trip_cost, round_trip_required)
Table: fare_basis(fare_basis_code, booking_class, class_type, premium, economy, discounted, night, season, basis_days)
Table: flight(flight_id, flight_days, from_airport, to_airport, departure_time, arrival_time, airline_flight, airline_code, flight_number, aircraft_code_sequence, meal_code, stops, connections, dual_carrier, time_elapsed)
Table: flight_fare(flight_id, fare_id)
Table: flight_leg(flight_id, leg_number, leg_flight)
Table: flight_stop(flight_id, stop_number, stop_days, stop_airport, arrival_time, arrival_airline, arrival_flight_number, departure_time, departure_airline, departure_flight_number, stop_time)
Table: food_service(meal_code, meal_number, compartment, meal_description)
Table: ground_service(city_code, airport_code, transport_type, ground_fare)
Table: month(month_number, month_name)
Table: restriction(restriction_code, advance_purchase, stopovers, saturday_stay_required, minimum_stay, maximum_stay, application, no_discounts)
Table: state(state_code, state_name, country_name)
Table: time_interval(period, begin_time, end_time)
Table: time_zone(time_zone_code, time_zone_name, hours_from_gmt)

Example:
Question: which airports serve boston
SQL: SELECT DISTINCT airport_code FROM airport_service JOIN city ON airport_service.city_code = city.city_code WHERE city.city_name = 'BOSTON';"
atis,medium,find me a flight leaving BOSTON at 0 o'clock,"SELECT DISTINCT FLIGHTalias0.FLIGHT_ID FROM AIRPORT_SERVICE AS AIRPORT_SERVICEalias0 , CITY AS CITYalias0 , FLIGHT AS FLIGHTalias0 WHERE CITYalias0.CITY_CODE = AIRPORT_SERVICEalias0.CITY_CODE AND CITYalias0.CITY_NAME = ""BOSTON"" AND FLIGHTalias0.DEPARTURE_TIME = 0 AND FLIGHTalias0.FROM_AIRPORT = AIRPORT_SERVICEalias0.AIRPORT_CODE ;","Table: aircraft(aircraft_code, aircraft_description, manufacturer, basic_type, engines, propulsion, wide_body, wing_span, length, weight, capacity, pay_load, cruising_speed, range_miles, pressurized)
Table: airline(airline_code, airline_name, note)
Table: airport(airport_code, airport_name, airport_location, state_code, country_name, time_zone_code, minimum_connect_time)
Table: airport_service(city_code, airport_code, miles_distant, direction, minutes_distant)
Table: city(city_code, city_name, state_code, country_name, time_zone_code)
Table: class_of_service(booking_class, rank, class_description)
Table: code_description(code, description)
Table: compartment_class(compartment, class_type)
Table: date_day(month_number, day_number, year, day_name)
Table: days(days_code, day_name)
Table: dual_carrier(main_airline, low_flight_number, high_flight_number, dual_airline, service_name)
Table: equipment_sequence(aircraft_code_sequence, aircraft_code)
Table: fare(fare_id, from_airport, to_airport, fare_basis_code, fare_airline, restriction_code, one_direction_cost, round_trip_cost, round_trip_required)
Table: fare_basis(fare_basis_code, booking_class, class_type, premium, economy, discounted, night, season, basis_days)
Table: flight(flight_id, flight_days, from_airport, to_airport, departure_time, arrival_time, airline_flight, airline_code, flight_number, aircraft_code_sequence, meal_code, stops, connections, dual_carrier, time_elapsed)
Table: flight_fare(flight_id, fare_id)
Table: flight_leg(flight_id, leg_number, leg_flight)
Table: flight_stop(flight_id, stop_number, stop_days, stop_airport, arrival_time, arrival_airline, arrival_flight_number, departure_time, departure_airline, departure_flight_number, stop_time)
Table: food_service(meal_code, meal_number, compartment, meal_description)
Table: ground_service(city_code, airport_code, transport_type, ground_fare)
Table: month(month_number, month_name)
Table: restriction(restriction_code, advance_purchase, stopovers, saturday_stay_required, minimum_stay, maximum_stay, application, no_discounts)
Table: state(state_code, state_name, country_name)
Table: time_interval(period, begin_time, end_time)
Table: time_zone(time_zone_code, time_zone_name, hours_from_gmt)

Example:
Question: which airports serve boston
SQL: SELECT DISTINCT airport_code FROM airport_service JOIN city ON airport_service.city_code = city.city_code WHERE city.city_name = 'BOSTON';"
atis,medium,i'd like a LIMOUSINE in DENVER on august seventh,"SELECT DISTINCT GROUND_SERVICEalias0.TRANSPORT_TYPE FROM CITY AS CITYalias0 , GROUND_SERVICE AS GROUND_SERVICEalias0 WHERE CITYalias0.CITY_NAME = ""DENVER"" AND GROUND_SERVICEalias0.CITY_CODE = CITYalias0.CITY_CODE AND GROUND_SERVICEalias0.TRANSPORT_TYPE = ""LIMOUSINE"" ;","Table: aircraft(aircraft_code, aircraft_description, manufacturer, basic_type, engines, propulsion, wide_body, wing_span, length, weight, capacity, pay_load, cruising_speed, range_miles, pressurized)
Table: airline(airline_code, airline_name, note)
Table: airport(airport_code, airport_name, airport_location, state_code, country_name, time_zone_code, minimum_connect_time)
Table: airport_service(city_code, airport_code, miles_distant, direction, minutes_distant)
Table: city(city_code, city_name, state_code, country_name, time_zone_code)
Table: class_of_service(booking_class, rank, class_description)
Table: code_description(code, description)
Table: compartment_class(compartment, class_type)
Table: date_day(month_number, day_number, year, day_name)
Table: days(days_code, day_name)
Table: dual_carrier(main_airline, low_flight_number, high_flight_number, dual_airline, service_name)
Table: equipment_sequence(aircraft_code_sequence, aircraft_code)
Table: fare(fare_id, from_airport, to_airport, fare_basis_code, fare_airline, restriction_code, one_direction_cost, round_trip_cost, round_trip_required)
Table: fare_basis(fare_basis_code, booking_class, class_type, premium, economy, discounted, night, season, basis_days)
Table: flight(flight_id, flight_days, from_airport, to_airport, departure_time, arrival_time, airline_flight, airline_code, flight_number, aircraft_code_sequence, meal_code, stops, connections, dual_carrier, time_elapsed)
Table: flight_fare(flight_id, fare_id)
Table: flight_leg(flight_id, leg_number, leg_flight)
Table: flight_stop(flight_id, stop_number, stop_days, stop_airport, arrival_time, arrival_airline, arrival_flight_number, departure_time, departure_airline, departure_flight_number, stop_time)
Table: food_service(meal_code, meal_number, compartment, meal_description)
Table: ground_service(city_code, airport_code, transport_type, ground_fare)
Table: month(month_number, month_name)
Table: restriction(restriction_code, advance_purchase, stopovers, saturday_stay_required, minimum_stay, maximum_stay, application, no_discounts)
Table: state(state_code, state_name, country_name)
Table: time_interval(period, begin_time, end_time)
Table: time_zone(time_zone_code, time_zone_name, hours_from_gmt)

Example:
Question: which airports serve boston
SQL: SELECT DISTINCT airport_code FROM airport_service JOIN city ON airport_service.city_code = city.city_code WHERE city.city_name = 'BOSTON';"
atis,medium,please list the ground transportation from LGA into NEW YORK,"SELECT DISTINCT GROUND_SERVICEalias0.TRANSPORT_TYPE FROM GROUND_SERVICE AS GROUND_SERVICEalias0 WHERE ( GROUND_SERVICEalias0.AIRPORT_CODE IN ( SELECT AIRPORTalias0.AIRPORT_CODE FROM AIRPORT AS AIRPORTalias0 WHERE AIRPORTalias0.AIRPORT_CODE = ""LGA"" ) AND GROUND_SERVICEalias0.CITY_CODE IN ( SELECT CITYalias0.CITY_CODE FROM CITY AS CITYalias0 WHERE CITYalias0.CITY_NAME = ""NEW YORK"" ) ) ;","Table: aircraft(aircraft_code, aircraft_description, manufacturer, basic_type, engines, propulsion, wide_body, wing_span, length, weight, capacity, pay_load, cruising_speed, range_miles, pressurized)
Table: airline(airline_code, airline_name, note)
Table: airport(airport_code, airport_name, airport_location, state_code, country_name, time_zone_code, minimum_connect_time)
Table: airport_service(city_code, airport_code, miles_distant, direction, minutes_distant)
Table: city(city_code, city_name, state_code, country_name, time_zone_code)
Table: class_of_service(booking_class, rank, class_description)
Table: code_description(code, description)
Table: compartment_class(compartment, class_type)
Table: date_day(month_number, day_number, year, day_name)
Table: days(days_code, day_name)
Table: dual_carrier(main_airline, low_flight_number, high_flight_number, dual_airline, service_name)
Table: equipment_sequence(aircraft_code_sequence, aircraft_code)
Table: fare(fare_id, from_airport, to_airport, fare_basis_code, fare_airline, restriction_code, one_direction_cost, round_trip_cost, round_trip_required)
Table: fare_basis(fare_basis_code, booking_class, class_type, premium, economy, discounted, night, season, basis_days)
Table: flight(flight_id, flight_days, from_airport, to_airport, departure_time, arrival_time, airline_flight, airline_code, flight_number, aircraft_code_sequence, meal_code, stops, connections, dual_carrier, time_elapsed)
Table: flight_fare(flight_id, fare_id)
Table: flight_leg(flight_id, leg_number, leg_flight)
Table: flight_stop(flight_id, stop_number, stop_days, stop_airport, arrival_time, arrival_airline, arrival_flight_number, departure_time, departure_airline, departure_flight_number, stop_time)
Table: food_service(meal_code, meal_number, compartment, meal_description)
Table: ground_service(city_code, airport_code, transport_type, ground_fare)
Table: month(month_number, month_name)
Table: restriction(restriction_code, advance_purchase, stopovers, saturday_stay_required, minimum_stay, maximum_stay, application, no_discounts)
Table: state(state_code, state_name, country_name)
Table: time_interval(period, begin_time, end_time)
Table: time_zone(time_zone_code, time_zone_name, hours_from_gmt)

Example:
Question: which airports serve boston
SQL: SELECT DISTINCT airport_code FROM airport_service JOIN city ON airport_service.city_code = city.city_code WHERE city.city_name = 'BOSTON';"
atis,medium,what NW flights leave DENVER before 1200,"SELECT DISTINCT FLIGHTalias0.FLIGHT_ID FROM AIRPORT_SERVICE AS AIRPORT_SERVICEalias0 , CITY AS CITYalias0 , FLIGHT AS FLIGHTalias0 WHERE ( CITYalias0.CITY_CODE = AIRPORT_SERVICEalias0.CITY_CODE AND CITYalias0.CITY_NAME = ""DENVER"" AND FLIGHTalias0.DEPARTURE_TIME < 1200 AND FLIGHTalias0.FROM_AIRPORT = AIRPORT_SERVICEalias0.AIRPORT_CODE ) AND FLIGHTalias0.AIRLINE_CODE = ""NW"" ;","Table: aircraft(aircraft_code, aircraft_description, manufacturer, basic_type, engines, propulsion, wide_body, wing_span, length, weight, capacity, pay_load, cruising_speed, range_miles, pressurized)
Table: airline(airline_code, airline_name, note)
Table: airport(airport_code, airport_name, airport_location, state_code, country_name, time_zone_code, minimum_connect_time)
Table: airport_service(city_code, airport_code, miles_distant, direction, minutes_distant)
Table: city(city_code, city_name, state_code, country_name, time_zone_code)
Table: class_of_service(booking_class, rank, class_description)
Table: code_description(code, description)
Table: compartment_class(compartment, class_type)
Table: date_day(month_number, day_number, year, day_name)
Table: days(days_code, day_name)
Table: dual_carrier(main_airline, low_flight_number, high_flight_number, dual_airline, service_name)
Table: equipment_sequence(aircraft_code_sequence, aircraft_code)
Table: fare(fare_id, from_airport, to_airport, fare_basis_code, fare_airline, restriction_code, one_direction_cost, round_trip_cost, round_trip_required)
Table: fare_basis(fare_basis_code, booking_class, class_type, premium, economy, discounted, night, season, basis_days)
Table: flight(flight_id, flight_days, from_airport, to_airport, departure_time, arrival_time, airline_flight, airline_code, flight_number, aircraft_code_sequence, meal_code, stops, connections, dual_carrier, time_elapsed)
Table: flight_fare(flight_id, fare_id)
Table: flight_leg(flight_id, leg_number, leg_flight)
Table: flight_stop(flight_id, stop_number, stop_days, stop_airport, arrival_time, arrival_airline, arrival_flight_number, departure_time, departure_airline, departure_flight_number, stop_time)
Table: food_service(meal_code, meal_number, compartment, meal_description)
Table: ground_service(city_code, airport_code, transport_type, ground_fare)
Table: month(month_number, month_name)
Table: restriction(restriction_code, advance_purchase, stopovers, saturday_stay_required, minimum_stay, maximum_stay, application, no_discounts)
Table: state(state_code, state_name, country_name)
Table: time_interval(period, begin_time, end_time)
Table: time_zone(time_zone_code, time_zone_name, hours_from_gmt)

Example:
Question: which airports serve boston
SQL: SELECT DISTINCT airport_code FROM airport_service JOIN city ON airport_service.city_code = city.city_code WHERE city.city_name = 'BOSTON';"
custom_advising,hard,Which instructors have taught more course offerings than the average number of offerings per instructor?,"SELECT oi.INSTRUCTOR_ID, COUNT(*) AS offering_count FROM OFFERING_INSTRUCTOR oi GROUP BY oi.INSTRUCTOR_ID HAVING COUNT(*) > ( SELECT AVG(cnt) FROM ( SELECT COUNT(*) AS cnt FROM OFFERING_INSTRUCTOR GROUP BY INSTRUCTOR_ID ) AS counts ) ;","Table: AREA(course_id, area)
Table: COMMENT_INSTRUCTOR(instructor_id, student_id, score, comment_text)
Table: COURSE(COURSE_ID, NAME, DEPARTMENT, NUMBER, CREDITS, ADVISORY_REQUIREMENT, ENFORCED_REQUIREMENT, DESCRIPTION, NUM_SEMESTERS, NUM_ENROLLED, HAS_DISCUSSION, HAS_LAB, HAS_PROJECTS, HAS_EXAMS, NUM_REVIEWS, CLARITY_SCORE, EASINESS_SCORE, HELPFULNESS_SCORE)
Table: COURSE_OFFERING(OFFERING_ID, COURSE_ID, SEMESTER, SECTION_NUMBER, START_TIME, END_TIME, MONDAY, TUESDAY, WEDNESDAY, THURSDAY, FRIDAY, SATURDAY, SUNDAY, HAS_FINAL_PROJECT, HAS_FINAL_EXAM, TEXTBOOK, CLASS_ADDRESS, ALLOW_AUDIT)
Table: COURSE_PREREQUISITE(pre_course_id, course_id)
Table: COURSE_TAGS_COUNT(COURSE_ID, CLEAR_GRADING, POP_QUIZ, GROUP_PROJECTS, INSPIRATIONAL, LONG_LECTURES, EXTRA_CREDIT, FEW_TESTS, GOOD_FEEDBACK, TOUGH_TESTS, HEAVY_PAPERS, CARES_FOR_STUDENTS, HEAVY_ASSIGNMENTS, RESPECTED, PARTICIPATION, HEAVY_READING, TOUGH_GRADER, HILARIOUS, WOULD_TAKE_AGAIN, GOOD_LECTURE, NO_SKIP)
Table: GSI(course_offering_id, student_id)
Table: INSTRUCTOR(INSTRUCTOR_ID, NAME, UNIQNAME)
Table: OFFERING_INSTRUCTOR(OFFERING_INSTRUCTOR_ID, OFFERING_ID, INSTRUCTOR_ID)
Table: PROGRAM(program_id, name, college, introduction)
Table: PROGRAM_COURSE(program_id, course_id, workload, category)
Table: PROGRAM_REQUIREMENT(program_id, category, min_credit, additional_req)
Table: SEMESTER(semester_id, semester, year)
Table: STUDENT(student_id, lastname, firstname, program_id, declare_major, total_credit, total_gpa, entered_as, admit_term, predicted_graduation_semester, degree, minor, internship)
Table: STUDENT_RECORD(student_id, course_id, semester, grade, how, transfer_source, earn_credit, repeat_term, test_id, offering_id)

Example:
Question: what courses are related to artificial intelligence
SQL: SELECT DISTINCT c.NAME FROM COURSE c JOIN AREA a ON c.COURSE_ID = a.COURSE_ID WHERE a.AREA LIKE '%artificial intelligence%';"
custom_advising,medium,Find students whose total GPA is higher than the average GPA of students in the same program.,"SELECT s.student_id, s.firstname, s.lastname, s.total_gpa FROM STUDENT s WHERE s.total_gpa > ( SELECT AVG(s2.total_gpa) FROM STUDENT s2 WHERE s2.program_id = s.program_id ) ;","Table: AREA(course_id, area)
Table: COMMENT_INSTRUCTOR(instructor_id, student_id, score, comment_text)
Table: COURSE(COURSE_ID, NAME, DEPARTMENT, NUMBER, CREDITS, ADVISORY_REQUIREMENT, ENFORCED_REQUIREMENT, DESCRIPTION, NUM_SEMESTERS, NUM_ENROLLED, HAS_DISCUSSION, HAS_LAB, HAS_PROJECTS, HAS_EXAMS, NUM_REVIEWS, CLARITY_SCORE, EASINESS_SCORE, HELPFULNESS_SCORE)
Table: COURSE_OFFERING(OFFERING_ID, COURSE_ID, SEMESTER, SECTION_NUMBER, START_TIME, END_TIME, MONDAY, TUESDAY, WEDNESDAY, THURSDAY, FRIDAY, SATURDAY, SUNDAY, HAS_FINAL_PROJECT, HAS_FINAL_EXAM, TEXTBOOK, CLASS_ADDRESS, ALLOW_AUDIT)
Table: COURSE_PREREQUISITE(pre_course_id, course_id)
Table: COURSE_TAGS_COUNT(COURSE_ID, CLEAR_GRADING, POP_QUIZ, GROUP_PROJECTS, INSPIRATIONAL, LONG_LECTURES, EXTRA_CREDIT, FEW_TESTS, GOOD_FEEDBACK, TOUGH_TESTS, HEAVY_PAPERS, CARES_FOR_STUDENTS, HEAVY_ASSIGNMENTS, RESPECTED, PARTICIPATION, HEAVY_READING, TOUGH_GRADER, HILARIOUS, WOULD_TAKE_AGAIN, GOOD_LECTURE, NO_SKIP)
Table: GSI(course_offering_id, student_id)
Table: INSTRUCTOR(INSTRUCTOR_ID, NAME, UNIQNAME)
Table: OFFERING_INSTRUCTOR(OFFERING_INSTRUCTOR_ID, OFFERING_ID, INSTRUCTOR_ID)
Table: PROGRAM(program_id, name, college, introduction)
Table: PROGRAM_COURSE(program_id, course_id, workload, category)
Table: PROGRAM_REQUIREMENT(program_id, category, min_credit, additional_req)
Table: SEMESTER(semester_id, semester, year)
Table: STUDENT(student_id, lastname, firstname, program_id, declare_major, total_credit, total_gpa, entered_as, admit_term, predicted_graduation_semester, degree, minor, internship)
Table: STUDENT_RECORD(student_id, course_id, semester, grade, how, transfer_source, earn_credit, repeat_term, test_id, offering_id)

Example:
Question: what courses are related to artificial intelligence
SQL: SELECT DISTINCT c.NAME FROM COURSE c JOIN AREA a ON c.COURSE_ID = a.COURSE_ID WHERE a.AREA LIKE '%artificial intelligence%';"
custom_atis,hard,Which airlines operate more flights than the average number of flights per airline?,"SELECT airline_code, COUNT(*) AS flight_count FROM flight GROUP BY airline_code HAVING COUNT(*) > ( SELECT AVG(cnt) FROM ( SELECT COUNT(*) AS cnt FROM flight GROUP BY airline_code ) AS airline_counts ) ;","Table: aircraft(aircraft_code, aircraft_description, manufacturer, basic_type, engines, propulsion, wide_body, wing_span, length, weight, capacity, pay_load, cruising_speed, range_miles, pressurized)
Table: airline(airline_code, airline_name, note)
Table: airport(airport_code, airport_name, airport_location, state_code, country_name, time_zone_code, minimum_connect_time)
Table: airport_service(city_code, airport_code, miles_distant, direction, minutes_distant)
Table: city(city_code, city_name, state_code, country_name, time_zone_code)
Table: class_of_service(booking_class, rank, class_description)
Table: code_description(code, description)
Table: compartment_class(compartment, class_type)
Table: date_day(month_number, day_number, year, day_name)
Table: days(days_code, day_name)
Table: dual_carrier(main_airline, low_flight_number, high_flight_number, dual_airline, service_name)
Table: equipment_sequence(aircraft_code_sequence, aircraft_code)
Table: fare(fare_id, from_airport, to_airport, fare_basis_code, fare_airline, restriction_code, one_direction_cost, round_trip_cost, round_trip_required)
Table: fare_basis(fare_basis_code, booking_class, class_type, premium, economy, discounted, night, season, basis_days)
Table: flight(flight_id, flight_days, from_airport, to_airport, departure_time, arrival_time, airline_flight, airline_code, flight_number, aircraft_code_sequence, meal_code, stops, connections, dual_carrier, time_elapsed)
Table: flight_fare(flight_id, fare_id)
Table: flight_leg(flight_id, leg_number, leg_flight)
Table: flight_stop(flight_id, stop_number, stop_days, stop_airport, arrival_time, arrival_airline, arrival_flight_number, departure_time, departure_airline, departure_flight_number, stop_time)
Table: food_service(meal_code, meal_number, compartment, meal_description)
Table: ground_service(city_code, airport_code, transport_type, ground_fare)
Table: month(month_number, month_name)
Table: restriction(restriction_code, advance_purchase, stopovers, saturday_stay_required, minimum_stay, maximum_stay, application, no_discounts)
Table: state(state_code, state_name, country_name)
Table: time_interval(period, begin_time, end_time)
Table: time_zone(time_zone_code, time_zone_name, hours_from_gmt)

Example:
Question: which airports serve boston
SQL: SELECT DISTINCT airport_code FROM airport_service JOIN city ON airport_service.city_code = city.city_code WHERE city.city_name = 'BOSTON';"
custom_atis,medium,"For each route (from airport to airport) that has more than one airline offering a fare, show the cheapest one-direction cost.","SELECT from_airport, to_airport, MIN(one_direction_cost) AS cheapest_fare FROM fare GROUP BY from_airport, to_airport HAVING COUNT(DISTINCT fare_airline) > 1 ;","Table: aircraft(aircraft_code, aircraft_description, manufacturer, basic_type, engines, propulsion, wide_body, wing_span, length, weight, capacity, pay_load, cruising_speed, range_miles, pressurized)
Table: airline(airline_code, airline_name, note)
Table: airport(airport_code, airport_name, airport_location, state_code, country_name, time_zone_code, minimum_connect_time)
Table: airport_service(city_code, airport_code, miles_distant, direction, minutes_distant)
Table: city(city_code, city_name, state_code, country_name, time_zone_code)
Table: class_of_service(booking_class, rank, class_description)
Table: code_description(code, description)
Table: compartment_class(compartment, class_type)
Table: date_day(month_number, day_number, year, day_name)
Table: days(days_code, day_name)
Table: dual_carrier(main_airline, low_flight_number, high_flight_number, dual_airline, service_name)
Table: equipment_sequence(aircraft_code_sequence, aircraft_code)
Table: fare(fare_id, from_airport, to_airport, fare_basis_code, fare_airline, restriction_code, one_direction_cost, round_trip_cost, round_trip_required)
Table: fare_basis(fare_basis_code, booking_class, class_type, premium, economy, discounted, night, season, basis_days)
Table: flight(flight_id, flight_days, from_airport, to_airport, departure_time, arrival_time, airline_flight, airline_code, flight_number, aircraft_code_sequence, meal_code, stops, connections, dual_carrier, time_elapsed)
Table: flight_fare(flight_id, fare_id)
Table: flight_leg(flight_id, leg_number, leg_flight)
Table: flight_stop(flight_id, stop_number, stop_days, stop_airport, arrival_time, arrival_airline, arrival_flight_number, departure_time, departure_airline, departure_flight_number, stop_time)
Table: food_service(meal_code, meal_number, compartment, meal_description)
Table: ground_service(city_code, airport_code, transport_type, ground_fare)
Table: month(month_number, month_name)
Table: restriction(restriction_code, advance_purchase, stopovers, saturday_stay_required, minimum_stay, maximum_stay, application, no_discounts)
Table: state(state_code, state_name, country_name)
Table: time_interval(period, begin_time, end_time)
Table: time_zone(time_zone_code, time_zone_name, hours_from_gmt)

Example:
Question: which airports serve boston
SQL: SELECT DISTINCT airport_code FROM airport_service JOIN city ON airport_service.city_code = city.city_code WHERE city.city_name = 'BOSTON';"
custom_geography,easy,Which pairs of neighboring states both have a population density (population/area) above 100?,"SELECT b.STATE_NAME, b.BORDER FROM border_info b JOIN state s1 ON b.STATE_NAME = s1.STATE_NAME JOIN state s2 ON b.BORDER = s2.STATE_NAME WHERE (s1.POPULATION / s1.AREA) > 100 AND (s2.POPULATION / s2.AREA) > 100 ;","Table: border_info(state_name, border)
Table: city(city_name, population, country_name, state_name)
Table: highlow(state_name, highest_elevation, lowest_point, highest_point, lowest_elevation)
Table: lake(lake_name, area, country_name, state_name)
Table: mountain(mountain_name, mountain_altitude, country_name, state_name)
Table: river(river_name, length, country_name, traverse)
Table: state(state_name, population, area, country_name, capital, density)

Example:
Question: how big is texas
SQL: SELECT area FROM state WHERE state_name = 'texas';"
custom_geography,hard,"Which states have both a lake and a mountain, and border at least 3 other states?",SELECT DISTINCT s.STATE_NAME FROM state s WHERE s.STATE_NAME IN (SELECT STATE_NAME FROM lake) AND s.STATE_NAME IN (SELECT STATE_NAME FROM mountain) AND ( SELECT COUNT(*) FROM border_info b WHERE b.STATE_NAME = s.STATE_NAME ) >= 3 ;,"Table: border_info(state_name, border)
Table: city(city_name, population, country_name, state_name)
Table: highlow(state_name, highest_elevation, lowest_point, highest_point, lowest_elevation)
Table: lake(lake_name, area, country_name, state_name)
Table: mountain(mountain_name, mountain_altitude, country_name, state_name)
Table: river(river_name, length, country_name, traverse)
Table: state(state_name, population, area, country_name, capital, density)

Example:
Question: how big is texas
SQL: SELECT area FROM state WHERE state_name = 'texas';"
custom_geography,medium,List states where the capital is NOT the most populous city in that state.,SELECT s.STATE_NAME FROM state s WHERE s.CAPITAL != ( SELECT c.CITY_NAME FROM city c WHERE c.STATE_NAME = s.STATE_NAME ORDER BY c.POPULATION DESC LIMIT 1 ) ;,"Table: border_info(state_name, border)
Table: city(city_name, population, country_name, state_name)
Table: highlow(state_name, highest_elevation, lowest_point, highest_point, lowest_elevation)
Table: lake(lake_name, area, country_name, state_name)
Table: mountain(mountain_name, mountain_altitude, country_name, state_name)
Table: river(river_name, length, country_name, traverse)
Table: state(state_name, population, area, country_name, capital, density)

Example:
Question: how big is texas
SQL: SELECT area FROM state WHERE state_name = 'texas';"
geography,easy,what states does the colorado river run through,"SELECT RIVERalias0.TRAVERSE FROM RIVER AS RIVERalias0 WHERE RIVERalias0.RIVER_NAME = ""colorado"" ;","Table: border_info(state_name, border)
Table: city(city_name, population, country_name, state_name)
Table: highlow(state_name, highest_elevation, lowest_point, highest_point, lowest_elevation)
Table: lake(lake_name, area, country_name, state_name)
Table: mountain(mountain_name, mountain_altitude, country_name, state_name)
Table: river(river_name, length, country_name, traverse)
Table: state(state_name, population, area, country_name, capital, density)

Example:
Question: how big is texas
SQL: SELECT area FROM state WHERE state_name = 'texas';"
geography,easy,how many people live in new york,"SELECT STATEalias0.POPULATION FROM STATE AS STATEalias0 WHERE STATEalias0.STATE_NAME = ""new york"" ;","Table: border_info(state_name, border)
Table: city(city_name, population, country_name, state_name)
Table: highlow(state_name, highest_elevation, lowest_point, highest_point, lowest_elevation)
Table: lake(lake_name, area, country_name, state_name)
Table: mountain(mountain_name, mountain_altitude, country_name, state_name)
Table: river(river_name, length, country_name, traverse)
Table: state(state_name, population, area, country_name, capital, density)

Example:
Question: how big is texas
SQL: SELECT area FROM state WHERE state_name = 'texas';"
geography,easy,what is the highest point in rhode island,"SELECT HIGHLOWalias0.HIGHEST_POINT FROM HIGHLOW AS HIGHLOWalias0 WHERE HIGHLOWalias0.STATE_NAME = ""rhode island"" ;","Table: border_info(state_name, border)
Table: city(city_name, population, country_name, state_name)
Table: highlow(state_name, highest_elevation, lowest_point, highest_point, lowest_elevation)
Table: lake(lake_name, area, country_name, state_name)
Table: mountain(mountain_name, mountain_altitude, country_name, state_name)
Table: river(river_name, length, country_name, traverse)
Table: state(state_name, population, area, country_name, capital, density)

Example:
Question: how big is texas
SQL: SELECT area FROM state WHERE state_name = 'texas';"
geography,easy,how long is the colorado river,"SELECT DISTINCT RIVERalias0.LENGTH FROM RIVER AS RIVERalias0 WHERE RIVERalias0.RIVER_NAME = ""colorado"" ;","Table: border_info(state_name, border)
Table: city(city_name, population, country_name, state_name)
Table: highlow(state_name, highest_elevation, lowest_point, highest_point, lowest_elevation)
Table: lake(lake_name, area, country_name, state_name)
Table: mountain(mountain_name, mountain_altitude, country_name, state_name)
Table: river(river_name, length, country_name, traverse)
Table: state(state_name, population, area, country_name, capital, density)

Example:
Question: how big is texas
SQL: SELECT area FROM state WHERE state_name = 'texas';"
geography,easy,how many citizens live in california,"SELECT STATEalias0.POPULATION FROM STATE AS STATEalias0 WHERE STATEalias0.STATE_NAME = ""california"" ;","Table: border_info(state_name, border)
Table: city(city_name, population, country_name, state_name)
Table: highlow(state_name, highest_elevation, lowest_point, highest_point, lowest_elevation)
Table: lake(lake_name, area, country_name, state_name)
Table: mountain(mountain_name, mountain_altitude, country_name, state_name)
Table: river(river_name, length, country_name, traverse)
Table: state(state_name, population, area, country_name, capital, density)

Example:
Question: how big is texas
SQL: SELECT area FROM state WHERE state_name = 'texas';"
geography,easy,what is the river that cross over ohio,"SELECT RIVERalias0.RIVER_NAME FROM RIVER AS RIVERalias0 WHERE RIVERalias0.TRAVERSE = ""ohio"" ;","Table: border_info(state_name, border)
Table: city(city_name, population, country_name, state_name)
Table: highlow(state_name, highest_elevation, lowest_point, highest_point, lowest_elevation)
Table: lake(lake_name, area, country_name, state_name)
Table: mountain(mountain_name, mountain_altitude, country_name, state_name)
Table: river(river_name, length, country_name, traverse)
Table: state(state_name, population, area, country_name, capital, density)

Example:
Question: how big is texas
SQL: SELECT area FROM state WHERE state_name = 'texas';"
geography,easy,what is the population of alaska,"SELECT STATEalias0.POPULATION FROM STATE AS STATEalias0 WHERE STATEalias0.STATE_NAME = ""alaska"" ;","Table: border_info(state_name, border)
Table: city(city_name, population, country_name, state_name)
Table: highlow(state_name, highest_elevation, lowest_point, highest_point, lowest_elevation)
Table: lake(lake_name, area, country_name, state_name)
Table: mountain(mountain_name, mountain_altitude, country_name, state_name)
Table: river(river_name, length, country_name, traverse)
Table: state(state_name, population, area, country_name, capital, density)

Example:
Question: how big is texas
SQL: SELECT area FROM state WHERE state_name = 'texas';"
geography,easy,what states border delaware,"SELECT BORDER_INFOalias0.BORDER FROM BORDER_INFO AS BORDER_INFOalias0 WHERE BORDER_INFOalias0.STATE_NAME = ""delaware"" ;","Table: border_info(state_name, border)
Table: city(city_name, population, country_name, state_name)
Table: highlow(state_name, highest_elevation, lowest_point, highest_point, lowest_elevation)
Table: lake(lake_name, area, country_name, state_name)
Table: mountain(mountain_name, mountain_altitude, country_name, state_name)
Table: river(river_name, length, country_name, traverse)
Table: state(state_name, population, area, country_name, capital, density)

Example:
Question: how big is texas
SQL: SELECT area FROM state WHERE state_name = 'texas';"
geography,easy,how many states border at least one other state,SELECT COUNT( DISTINCT BORDER_INFOalias0.STATE_NAME ) FROM BORDER_INFO AS BORDER_INFOalias0 ;,"Table: border_info(state_name, border)
Table: city(city_name, population, country_name, state_name)
Table: highlow(state_name, highest_elevation, lowest_point, highest_point, lowest_elevation)
Table: lake(lake_name, area, country_name, state_name)
Table: mountain(mountain_name, mountain_altitude, country_name, state_name)
Table: river(river_name, length, country_name, traverse)
Table: state(state_name, population, area, country_name, capital, density)

Example:
Question: how big is texas
SQL: SELECT area FROM state WHERE state_name = 'texas';"
geography,easy,how many states does iowa border,"SELECT COUNT( BORDER_INFOalias0.BORDER ) FROM BORDER_INFO AS BORDER_INFOalias0 WHERE BORDER_INFOalias0.STATE_NAME = ""iowa"" ;","Table: border_info(state_name, border)
Table: city(city_name, population, country_name, state_name)
Table: highlow(state_name, highest_elevation, lowest_point, highest_point, lowest_elevation)
Table: lake(lake_name, area, country_name, state_name)
Table: mountain(mountain_name, mountain_altitude, country_name, state_name)
Table: river(river_name, length, country_name, traverse)
Table: state(state_name, population, area, country_name, capital, density)

Example:
Question: how big is texas
SQL: SELECT area FROM state WHERE state_name = 'texas';"
geography,easy,what is the size of texas,"SELECT STATEalias0.AREA FROM STATE AS STATEalias0 WHERE STATEalias0.STATE_NAME = ""texas"" ;","Table: border_info(state_name, border)
Table: city(city_name, population, country_name, state_name)
Table: highlow(state_name, highest_elevation, lowest_point, highest_point, lowest_elevation)
Table: lake(lake_name, area, country_name, state_name)
Table: mountain(mountain_name, mountain_altitude, country_name, state_name)
Table: river(river_name, length, country_name, traverse)
Table: state(state_name, population, area, country_name, capital, density)

Example:
Question: how big is texas
SQL: SELECT area FROM state WHERE state_name = 'texas';"
geography,easy,what is the highest point in kansas,"SELECT HIGHLOWalias0.HIGHEST_POINT FROM HIGHLOW AS HIGHLOWalias0 WHERE HIGHLOWalias0.STATE_NAME = ""kansas"" ;","Table: border_info(state_name, border)
Table: city(city_name, population, country_name, state_name)
Table: highlow(state_name, highest_elevation, lowest_point, highest_point, lowest_elevation)
Table: lake(lake_name, area, country_name, state_name)
Table: mountain(mountain_name, mountain_altitude, country_name, state_name)
Table: river(river_name, length, country_name, traverse)
Table: state(state_name, population, area, country_name, capital, density)

Example:
Question: how big is texas
SQL: SELECT area FROM state WHERE state_name = 'texas';"
geography,easy,what states border the mississippi river,"SELECT RIVERalias0.TRAVERSE FROM RIVER AS RIVERalias0 WHERE RIVERalias0.RIVER_NAME = ""mississippi"" ;","Table: border_info(state_name, border)
Table: city(city_name, population, country_name, state_name)
Table: highlow(state_name, highest_elevation, lowest_point, highest_point, lowest_elevation)
Table: lake(lake_name, area, country_name, state_name)
Table: mountain(mountain_name, mountain_altitude, country_name, state_name)
Table: river(river_name, length, country_name, traverse)
Table: state(state_name, population, area, country_name, capital, density)

Example:
Question: how big is texas
SQL: SELECT area FROM state WHERE state_name = 'texas';"
geography,easy,what states border ohio,"SELECT BORDER_INFOalias0.BORDER FROM BORDER_INFO AS BORDER_INFOalias0 WHERE BORDER_INFOalias0.STATE_NAME = ""ohio"" ;","Table: border_info(state_name, border)
Table: city(city_name, population, country_name, state_name)
Table: highlow(state_name, highest_elevation, lowest_point, highest_point, lowest_elevation)
Table: lake(lake_name, area, country_name, state_name)
Table: mountain(mountain_name, mountain_altitude, country_name, state_name)
Table: river(river_name, length, country_name, traverse)
Table: state(state_name, population, area, country_name, capital, density)

Example:
Question: how big is texas
SQL: SELECT area FROM state WHERE state_name = 'texas';"
geography,hard,what is the longest river in the united states,SELECT RIVERalias0.RIVER_NAME FROM RIVER AS RIVERalias0 WHERE RIVERalias0.LENGTH = ( SELECT MAX( RIVERalias1.LENGTH ) FROM RIVER AS RIVERalias1 ) ;,"Table: border_info(state_name, border)
Table: city(city_name, population, country_name, state_name)
Table: highlow(state_name, highest_elevation, lowest_point, highest_point, lowest_elevation)
Table: lake(lake_name, area, country_name, state_name)
Table: mountain(mountain_name, mountain_altitude, country_name, state_name)
Table: river(river_name, length, country_name, traverse)
Table: state(state_name, population, area, country_name, capital, density)

Example:
Question: how big is texas
SQL: SELECT area FROM state WHERE state_name = 'texas';"
geography,hard,what state borders the least states excluding alaska and excluding hawaii,"SELECT STATEalias0.STATE_NAME FROM STATE AS STATEalias0 LEFT OUTER JOIN BORDER_INFO AS BORDER_INFOalias0 ON STATEalias0.STATE_NAME = BORDER_INFOalias0.STATE_NAME WHERE STATEalias0.STATE_NAME <> ""alaska"" AND STATEalias0.STATE_NAME <> ""hawaii"" GROUP BY STATEalias0.STATE_NAME HAVING COUNT( BORDER_INFOalias0.BORDER ) = ( SELECT MIN( DERIVED_TABLEalias0.DERIVED_FIELDalias0 ) FROM ( SELECT COUNT( BORDER_INFOalias1.BORDER ) AS DERIVED_FIELDalias0 , STATEalias1.STATE_NAME FROM STATE AS STATEalias1 LEFT OUTER JOIN BORDER_INFO AS BORDER_INFOalias1 ON STATEalias1.STATE_NAME = BORDER_INFOalias1.STATE_NAME WHERE STATEalias1.STATE_NAME <> ""alaska"" AND STATEalias1.STATE_NAME <> ""hawaii"" GROUP BY STATEalias1.STATE_NAME ) AS DERIVED_TABLEalias0 ) ;","Table: border_info(state_name, border)
Table: city(city_name, population, country_name, state_name)
Table: highlow(state_name, highest_elevation, lowest_point, highest_point, lowest_elevation)
Table: lake(lake_name, area, country_name, state_name)
Table: mountain(mountain_name, mountain_altitude, country_name, state_name)
Table: river(river_name, length, country_name, traverse)
Table: state(state_name, population, area, country_name, capital, density)

Example:
Question: how big is texas
SQL: SELECT area FROM state WHERE state_name = 'texas';"
geography,hard,which rivers run through the state with the largest city in the us,SELECT RIVERalias0.RIVER_NAME FROM RIVER AS RIVERalias0 WHERE RIVERalias0.TRAVERSE IN ( SELECT CITYalias0.STATE_NAME FROM CITY AS CITYalias0 WHERE CITYalias0.POPULATION = ( SELECT MAX( CITYalias1.POPULATION ) FROM CITY AS CITYalias1 ) ) ;,"Table: border_info(state_name, border)
Table: city(city_name, population, country_name, state_name)
Table: highlow(state_name, highest_elevation, lowest_point, highest_point, lowest_elevation)
Table: lake(lake_name, area, country_name, state_name)
Table: mountain(mountain_name, mountain_altitude, country_name, state_name)
Table: river(river_name, length, country_name, traverse)
Table: state(state_name, population, area, country_name, capital, density)

Example:
Question: how big is texas
SQL: SELECT area FROM state WHERE state_name = 'texas';"
geography,hard,what is the population of the capital of the largest state through which the mississippi runs,"SELECT CITYalias0.POPULATION FROM CITY AS CITYalias0 WHERE CITYalias0.CITY_NAME = ( SELECT STATEalias0.CAPITAL FROM STATE AS STATEalias0 WHERE STATEalias0.AREA = ( SELECT MAX( STATEalias1.AREA ) FROM RIVER AS RIVERalias0 , STATE AS STATEalias1 WHERE RIVERalias0.RIVER_NAME = ""mississippi"" AND STATEalias1.STATE_NAME = RIVERalias0.TRAVERSE ) ) ;","Table: border_info(state_name, border)
Table: city(city_name, population, country_name, state_name)
Table: highlow(state_name, highest_elevation, lowest_point, highest_point, lowest_elevation)
Table: lake(lake_name, area, country_name, state_name)
Table: mountain(mountain_name, mountain_altitude, country_name, state_name)
Table: river(river_name, length, country_name, traverse)
Table: state(state_name, population, area, country_name, capital, density)

Example:
Question: how big is texas
SQL: SELECT area FROM state WHERE state_name = 'texas';"
geography,hard,what is the biggest city in nebraska,"SELECT CITYalias0.CITY_NAME FROM CITY AS CITYalias0 WHERE CITYalias0.POPULATION = ( SELECT MAX( CITYalias1.POPULATION ) FROM CITY AS CITYalias1 WHERE CITYalias1.STATE_NAME = ""nebraska"" ) AND CITYalias0.STATE_NAME = ""nebraska"" ;","Table: border_info(state_name, border)
Table: city(city_name, population, country_name, state_name)
Table: highlow(state_name, highest_elevation, lowest_point, highest_point, lowest_elevation)
Table: lake(lake_name, area, country_name, state_name)
Table: mountain(mountain_name, mountain_altitude, country_name, state_name)
Table: river(river_name, length, country_name, traverse)
Table: state(state_name, population, area, country_name, capital, density)

Example:
Question: how big is texas
SQL: SELECT area FROM state WHERE state_name = 'texas';"
geography,hard,what is the longest river that passes the states that border the state that borders the most states,"SELECT DISTINCT RIVERalias0.RIVER_NAME FROM RIVER AS RIVERalias0 WHERE RIVERalias0.LENGTH IN ( SELECT MAX( DERIVED_TABLEalias1.DERIVED_FIELDalias0 ) FROM ( SELECT MAX( RIVERalias1.LENGTH ) AS DERIVED_FIELDalias0 , RIVERalias1.TRAVERSE FROM RIVER AS RIVERalias1 WHERE RIVERalias1.TRAVERSE IN ( SELECT BORDER_INFOalias0.STATE_NAME FROM BORDER_INFO AS BORDER_INFOalias0 WHERE BORDER_INFOalias0.BORDER IN ( SELECT BORDER_INFOalias1.BORDER FROM BORDER_INFO AS BORDER_INFOalias1 GROUP BY BORDER_INFOalias1.BORDER HAVING COUNT( 1 ) = ( SELECT MAX( DERIVED_TABLEalias0.DERIVED_FIELDalias1 ) FROM ( SELECT BORDER_INFOalias2.BORDER , COUNT( 1 ) AS DERIVED_FIELDalias1 FROM BORDER_INFO AS BORDER_INFOalias2 GROUP BY BORDER_INFOalias2.BORDER ) AS DERIVED_TABLEalias0 ) ) ) GROUP BY RIVERalias1.TRAVERSE ) AS DERIVED_TABLEalias1 ) ;","Table: border_info(state_name, border)
Table: city(city_name, population, country_name, state_name)
Table: highlow(state_name, highest_elevation, lowest_point, highest_point, lowest_elevation)
Table: lake(lake_name, area, country_name, state_name)
Table: mountain(mountain_name, mountain_altitude, country_name, state_name)
Table: river(river_name, length, country_name, traverse)
Table: state(state_name, population, area, country_name, capital, density)

Example:
Question: how big is texas
SQL: SELECT area FROM state WHERE state_name = 'texas';"
geography,hard,what is the most dense state in the usa,SELECT STATEalias0.STATE_NAME FROM STATE AS STATEalias0 WHERE STATEalias0.DENSITY = ( SELECT MAX( STATEalias1.DENSITY ) FROM STATE AS STATEalias1 ) ;,"Table: border_info(state_name, border)
Table: city(city_name, population, country_name, state_name)
Table: highlow(state_name, highest_elevation, lowest_point, highest_point, lowest_elevation)
Table: lake(lake_name, area, country_name, state_name)
Table: mountain(mountain_name, mountain_altitude, country_name, state_name)
Table: river(river_name, length, country_name, traverse)
Table: state(state_name, population, area, country_name, capital, density)

Example:
Question: how big is texas
SQL: SELECT area FROM state WHERE state_name = 'texas';"
geography,hard,what state which the mississippi runs through has the largest population,"SELECT STATEalias0.STATE_NAME FROM STATE AS STATEalias0 WHERE STATEalias0.POPULATION = ( SELECT MAX( STATEalias1.POPULATION ) FROM STATE AS STATEalias1 WHERE STATEalias1.STATE_NAME IN ( SELECT RIVERalias0.TRAVERSE FROM RIVER AS RIVERalias0 WHERE RIVERalias0.RIVER_NAME = ""mississippi"" ) ) AND STATEalias0.STATE_NAME IN ( SELECT RIVERalias1.TRAVERSE FROM RIVER AS RIVERalias1 WHERE RIVERalias1.RIVER_NAME = ""mississippi"" ) ;","Table: border_info(state_name, border)
Table: city(city_name, population, country_name, state_name)
Table: highlow(state_name, highest_elevation, lowest_point, highest_point, lowest_elevation)
Table: lake(lake_name, area, country_name, state_name)
Table: mountain(mountain_name, mountain_altitude, country_name, state_name)
Table: river(river_name, length, country_name, traverse)
Table: state(state_name, population, area, country_name, capital, density)

Example:
Question: how big is texas
SQL: SELECT area FROM state WHERE state_name = 'texas';"
geography,hard,which states does the longest river cross,SELECT RIVERalias0.TRAVERSE FROM RIVER AS RIVERalias0 WHERE RIVERalias0.LENGTH = ( SELECT MAX( RIVERalias1.LENGTH ) FROM RIVER AS RIVERalias1 ) ;,"Table: border_info(state_name, border)
Table: city(city_name, population, country_name, state_name)
Table: highlow(state_name, highest_elevation, lowest_point, highest_point, lowest_elevation)
Table: lake(lake_name, area, country_name, state_name)
Table: mountain(mountain_name, mountain_altitude, country_name, state_name)
Table: river(river_name, length, country_name, traverse)
Table: state(state_name, population, area, country_name, capital, density)

Example:
Question: how big is texas
SQL: SELECT area FROM state WHERE state_name = 'texas';"
geography,medium,what state has the smallest urban population,SELECT CITYalias0.STATE_NAME FROM CITY AS CITYalias0 GROUP BY CITYalias0.STATE_NAME ORDER BY SUM( CITYalias0.POPULATION ) LIMIT 1 ;,"Table: border_info(state_name, border)
Table: city(city_name, population, country_name, state_name)
Table: highlow(state_name, highest_elevation, lowest_point, highest_point, lowest_elevation)
Table: lake(lake_name, area, country_name, state_name)
Table: mountain(mountain_name, mountain_altitude, country_name, state_name)
Table: river(river_name, length, country_name, traverse)
Table: state(state_name, population, area, country_name, capital, density)

Example:
Question: how big is texas
SQL: SELECT area FROM state WHERE state_name = 'texas';"
geography,medium,what are the populations of states through which the mississippi river runs,"SELECT STATEalias0.POPULATION FROM STATE AS STATEalias0 WHERE STATEalias0.STATE_NAME IN ( SELECT RIVERalias0.TRAVERSE FROM RIVER AS RIVERalias0 WHERE RIVERalias0.RIVER_NAME = ""mississippi"" ) ;","Table: border_info(state_name, border)
Table: city(city_name, population, country_name, state_name)
Table: highlow(state_name, highest_elevation, lowest_point, highest_point, lowest_elevation)
Table: lake(lake_name, area, country_name, state_name)
Table: mountain(mountain_name, mountain_altitude, country_name, state_name)
Table: river(river_name, length, country_name, traverse)
Table: state(state_name, population, area, country_name, capital, density)

Example:
Question: how big is texas
SQL: SELECT area FROM state WHERE state_name = 'texas';"
